{
	"credit": "Made with Blockbench",
    "gui_light": "front",
	"textures": {
		"0": "block/redstone_block",
		"1": "block/ice",
		"2": "block/iron_block",
		"particle": "block/redstone_block"
	},
	"elements": [
		{
			"name": "hexadecagon",
			"from": [6.4087, 0, 7.75],
			"to": [9.5913, 16, 8.25],
			"rotation": {"angle": -45, "axis": "z", "origin": [8, 8, 8]},
			"faces": {
				"north": {"uv": [2, 0, 3, 1], "texture": "#2"},
				"east": {"uv": [2, 0, 3, 1], "texture": "#2"},
				"south": {"uv": [2, 0, 3, 1], "texture": "#2"},
				"west": {"uv": [2, 0, 3, 1], "texture": "#2"},
				"up": {"uv": [2, 0, 3, 1], "texture": "#2"},
				"down": {"uv": [2, 0, 3, 1], "texture": "#2"}
			}
		},
		{
			"name": "hexadecagon",
			"from": [6.4087, 0, 7.75],
			"to": [9.5913, 16, 8.25],
			"rotation": {"angle": -22.5, "axis": "z", "origin": [8, 8, 8]},
			"faces": {
				"north": {"uv": [2, 0, 3, 1], "texture": "#2"},
				"east": {"uv": [2, 0, 3, 1], "texture": "#2"},
				"south": {"uv": [2, 0, 3, 1], "texture": "#2"},
				"west": {"uv": [2, 0, 3, 1], "texture": "#2"},
				"up": {"uv": [2, 0, 3, 1], "texture": "#2"},
				"down": {"uv": [2, 0, 3, 1], "texture": "#2"}
			}
		},
		{
			"name": "hexadecagon",
			"from": [6.4087, 0, 7.75],
			"to": [9.5913, 16, 8.25],
			"rotation": {"angle": 0, "axis": "z", "origin": [8, 8, 8]},
			"faces": {
				"north": {"uv": [2, 0, 3, 1], "texture": "#2"},
				"east": {"uv": [2, 0, 3, 1], "texture": "#2"},
				"south": {"uv": [2, 0, 3, 1], "texture": "#2"},
				"west": {"uv": [2, 0, 3, 1], "texture": "#2"},
				"up": {"uv": [2, 0, 3, 1], "texture": "#2"},
				"down": {"uv": [2, 0, 3, 1], "texture": "#2"}
			}
		},
		{
			"name": "hexadecagon",
			"from": [6.4087, 0, 7.75],
			"to": [9.5913, 16, 8.25],
			"rotation": {"angle": 22.5, "axis": "z", "origin": [8, 8, 8]},
			"faces": {
				"north": {"uv": [2, 0, 3, 1], "texture": "#2"},
				"east": {"uv": [2, 0, 3, 1], "texture": "#2"},
				"south": {"uv": [2, 0, 3, 1], "texture": "#2"},
				"west": {"uv": [2, 0, 3, 1], "texture": "#2"},
				"up": {"uv": [2, 0, 3, 1], "texture": "#2"},
				"down": {"uv": [2, 0, 3, 1], "texture": "#2"}
			}
		},
		{
			"name": "hexadecagon",
			"from": [6.4087, 0, 7.75],
			"to": [9.5913, 16, 8.25],
			"rotation": {"angle": 45, "axis": "z", "origin": [8, 8, 8]},
			"faces": {
				"north": {"uv": [2, 0, 3, 1], "texture": "#2"},
				"east": {"uv": [2, 0, 3, 1], "texture": "#2"},
				"south": {"uv": [2, 0, 3, 1], "texture": "#2"},
				"west": {"uv": [2, 0, 3, 1], "texture": "#2"},
				"up": {"uv": [2, 0, 3, 1], "texture": "#2"},
				"down": {"uv": [2, 0, 3, 1], "texture": "#2"}
			}
		},
		{
			"name": "hexadecagon",
			"from": [0, 6.4087, 7.75],
			"to": [16, 9.5913, 8.25],
			"rotation": {"angle": -22.5, "axis": "z", "origin": [8, 8, 8]},
			"faces": {
				"north": {"uv": [2, 0, 3, 1], "texture": "#2"},
				"east": {"uv": [2, 0, 3, 1], "texture": "#2"},
				"south": {"uv": [2, 0, 3, 1], "texture": "#2"},
				"west": {"uv": [2, 0, 3, 1], "texture": "#2"},
				"up": {"uv": [2, 0, 3, 1], "texture": "#2"},
				"down": {"uv": [2, 0, 3, 1], "texture": "#2"}
			}
		},
		{
			"name": "hexadecagon",
			"from": [0, 6.4087, 7.75],
			"to": [16, 9.5913, 8.25],
			"rotation": {"angle": 0, "axis": "z", "origin": [8, 8, 8]},
			"faces": {
				"north": {"uv": [2, 0, 3, 1], "texture": "#2"},
				"east": {"uv": [2, 0, 3, 1], "texture": "#2"},
				"south": {"uv": [2, 0, 3, 1], "texture": "#2"},
				"west": {"uv": [2, 0, 3, 1], "texture": "#2"},
				"up": {"uv": [2, 0, 3, 1], "texture": "#2"},
				"down": {"uv": [2, 0, 3, 1], "texture": "#2"}
			}
		},
		{
			"name": "hexadecagon",
			"from": [0, 6.4087, 7.75],
			"to": [16, 9.5913, 8.25],
			"rotation": {"angle": 22.5, "axis": "z", "origin": [8, 8, 8]},
			"faces": {
				"north": {"uv": [2, 0, 3, 1], "texture": "#2"},
				"east": {"uv": [2, 0, 3, 1], "texture": "#2"},
				"south": {"uv": [2, 0, 3, 1], "texture": "#2"},
				"west": {"uv": [2, 0, 3, 1], "texture": "#2"},
				"up": {"uv": [2, 0, 3, 1], "texture": "#2"},
				"down": {"uv": [2, 0, 3, 1], "texture": "#2"}
			}
		},
		{
			"name": "hexadecagon",
			"from": [6.4087, 0, 7.7],
			"to": [9.5913, 16, 7.8],
			"rotation": {"angle": -45, "axis": "z", "origin": [8, 8, 7.75]},
			"faces": {
				"north": {"uv": [1, 0, 2, 16], "rotation": 270, "texture": "#0"},
				"east": {"uv": [1, 0, 2, 16], "rotation": 270, "texture": "#0"},
				"south": {"uv": [1, 0, 2, 16], "rotation": 270, "texture": "#0"},
				"west": {"uv": [1, 0, 2, 16], "rotation": 270, "texture": "#0"},
				"up": {"uv": [1, 0, 2, 16], "rotation": 270, "texture": "#0"},
				"down": {"uv": [1, 0, 2, 16], "rotation": 270, "texture": "#0"}
			}
		},
		{
			"name": "hexadecagon",
			"from": [6.4087, 0, 7.7],
			"to": [9.5913, 16, 7.8],
			"rotation": {"angle": -22.5, "axis": "z", "origin": [8, 8, 7.75]},
			"faces": {
				"north": {"uv": [1, 0, 2, 16], "rotation": 270, "texture": "#0"},
				"east": {"uv": [1, 0, 2, 16], "rotation": 270, "texture": "#0"},
				"south": {"uv": [1, 0, 2, 16], "rotation": 270, "texture": "#0"},
				"west": {"uv": [1, 0, 2, 16], "rotation": 270, "texture": "#0"},
				"up": {"uv": [1, 0, 2, 16], "rotation": 270, "texture": "#0"},
				"down": {"uv": [1, 0, 2, 16], "rotation": 270, "texture": "#0"}
			}
		},
		{
			"name": "hexadecagon",
			"from": [6.4087, 0, 7.7],
			"to": [9.5913, 16, 7.8],
			"rotation": {"angle": 0, "axis": "z", "origin": [8, 8, 7.75]},
			"faces": {
				"north": {"uv": [1, 0, 2, 16], "rotation": 90, "texture": "#0"},
				"east": {"uv": [1, 0, 2, 16], "rotation": 90, "texture": "#0"},
				"south": {"uv": [1, 0, 2, 16], "rotation": 90, "texture": "#0"},
				"west": {"uv": [1, 0, 2, 16], "rotation": 90, "texture": "#0"},
				"up": {"uv": [1, 0, 2, 16], "rotation": 90, "texture": "#0"},
				"down": {"uv": [1, 0, 2, 16], "rotation": 90, "texture": "#0"}
			}
		},
		{
			"name": "hexadecagon",
			"from": [6.4087, 0, 7.7],
			"to": [9.5913, 16, 7.8],
			"rotation": {"angle": 22.5, "axis": "z", "origin": [8, 8, 7.75]},
			"faces": {
				"north": {"uv": [1, 0, 2, 16], "rotation": 90, "texture": "#0"},
				"east": {"uv": [1, 0, 2, 16], "rotation": 90, "texture": "#0"},
				"south": {"uv": [1, 0, 2, 16], "rotation": 90, "texture": "#0"},
				"west": {"uv": [1, 0, 2, 16], "rotation": 90, "texture": "#0"},
				"up": {"uv": [1, 0, 2, 16], "rotation": 90, "texture": "#0"},
				"down": {"uv": [1, 0, 2, 16], "rotation": 90, "texture": "#0"}
			}
		},
		{
			"name": "hexadecagon",
			"from": [6.4087, 0, 7.7],
			"to": [9.5913, 16, 7.8],
			"rotation": {"angle": 45, "axis": "z", "origin": [8, 8, 7.75]},
			"faces": {
				"north": {"uv": [1, 0, 2, 16], "rotation": 90, "texture": "#0"},
				"east": {"uv": [1, 0, 2, 16], "rotation": 90, "texture": "#0"},
				"south": {"uv": [1, 0, 2, 16], "rotation": 90, "texture": "#0"},
				"west": {"uv": [1, 0, 2, 16], "rotation": 90, "texture": "#0"},
				"up": {"uv": [1, 0, 2, 16], "rotation": 90, "texture": "#0"},
				"down": {"uv": [1, 0, 2, 16], "rotation": 90, "texture": "#0"}
			}
		},
		{
			"name": "hexadecagon",
			"from": [0, 6.4087, 7.7],
			"to": [16, 9.5913, 7.8],
			"rotation": {"angle": -22.5, "axis": "z", "origin": [8, 8, 7.75]},
			"faces": {
				"north": {"uv": [1, 0, 2, 16], "texture": "#0"},
				"east": {"uv": [1, 0, 2, 16], "texture": "#0"},
				"south": {"uv": [1, 0, 2, 16], "texture": "#0"},
				"west": {"uv": [1, 0, 2, 16], "texture": "#0"},
				"up": {"uv": [1, 0, 2, 16], "texture": "#0"},
				"down": {"uv": [1, 0, 2, 16], "texture": "#0"}
			}
		},
		{
			"name": "hexadecagon",
			"from": [0, 6.4087, 7.7],
			"to": [16, 9.5913, 7.8],
			"rotation": {"angle": 0, "axis": "z", "origin": [8, 8, 7.75]},
			"faces": {
				"north": {"uv": [1, 0, 2, 16], "texture": "#0"},
				"east": {"uv": [1, 0, 2, 16], "texture": "#0"},
				"south": {"uv": [1, 0, 2, 16], "texture": "#0"},
				"west": {"uv": [1, 0, 2, 16], "texture": "#0"},
				"up": {"uv": [1, 0, 2, 16], "texture": "#0"},
				"down": {"uv": [1, 0, 2, 16], "texture": "#0"}
			}
		},
		{
			"name": "hexadecagon",
			"from": [0, 6.4087, 7.7],
			"to": [16, 9.5913, 7.8],
			"rotation": {"angle": 22.5, "axis": "z", "origin": [8, 8, 7.75]},
			"faces": {
				"north": {"uv": [1, 0, 2, 16], "texture": "#0"},
				"east": {"uv": [1, 0, 2, 16], "texture": "#0"},
				"south": {"uv": [1, 0, 2, 16], "texture": "#0"},
				"west": {"uv": [1, 0, 2, 16], "texture": "#0"},
				"up": {"uv": [1, 0, 2, 16], "texture": "#0"},
				"down": {"uv": [1, 0, 2, 16], "texture": "#0"}
			}
		},
		{
			"name": "hexadecagon",
			"from": [6.50816, 0.5, 7.45],
			"to": [9.49184, 15.5, 7.95],
			"rotation": {"angle": -45, "axis": "z", "origin": [8, 8, 7.7]},
			"faces": {
				"north": {"uv": [0, 0, 16, 16], "texture": "#1"},
				"east": {"uv": [0, 0, 16, 16], "texture": "#1"},
				"south": {"uv": [0, 0, 16, 16], "texture": "#1"},
				"west": {"uv": [0, 0, 16, 16], "texture": "#1"},
				"up": {"uv": [0, 0, 16, 16], "texture": "#1"},
				"down": {"uv": [0, 0, 16, 16], "texture": "#1"}
			}
		},
		{
			"name": "hexadecagon",
			"from": [6.50816, 0.5, 7.45],
			"to": [9.49184, 15.5, 7.95],
			"rotation": {"angle": -22.5, "axis": "z", "origin": [8, 8, 7.7]},
			"faces": {
				"north": {"uv": [0, 0, 16, 16], "texture": "#1"},
				"east": {"uv": [0, 0, 16, 16], "texture": "#1"},
				"south": {"uv": [0, 0, 16, 16], "texture": "#1"},
				"west": {"uv": [0, 0, 16, 16], "texture": "#1"},
				"up": {"uv": [0, 0, 16, 16], "texture": "#1"},
				"down": {"uv": [0, 0, 16, 16], "texture": "#1"}
			}
		},
		{
			"name": "hexadecagon",
			"from": [6.50816, 0.5, 7.45],
			"to": [9.49184, 15.5, 7.95],
			"rotation": {"angle": 0, "axis": "z", "origin": [8, 8, 7.7]},
			"faces": {
				"north": {"uv": [0, 0, 16, 16], "texture": "#1"},
				"east": {"uv": [0, 0, 16, 16], "texture": "#1"},
				"south": {"uv": [0, 0, 16, 16], "texture": "#1"},
				"west": {"uv": [0, 0, 16, 16], "texture": "#1"},
				"up": {"uv": [0, 0, 16, 16], "texture": "#1"},
				"down": {"uv": [0, 0, 16, 16], "texture": "#1"}
			}
		},
		{
			"name": "hexadecagon",
			"from": [6.50816, 0.5, 7.45],
			"to": [9.49184, 15.5, 7.95],
			"rotation": {"angle": 22.5, "axis": "z", "origin": [8, 8, 7.7]},
			"faces": {
				"north": {"uv": [0, 0, 16, 16], "texture": "#1"},
				"east": {"uv": [0, 0, 16, 16], "texture": "#1"},
				"south": {"uv": [0, 0, 16, 16], "texture": "#1"},
				"west": {"uv": [0, 0, 16, 16], "texture": "#1"},
				"up": {"uv": [0, 0, 16, 16], "texture": "#1"},
				"down": {"uv": [0, 0, 16, 16], "texture": "#1"}
			}
		},
		{
			"name": "hexadecagon",
			"from": [6.50816, 0.5, 7.45],
			"to": [9.49184, 15.5, 7.95],
			"rotation": {"angle": 45, "axis": "z", "origin": [8, 8, 7.7]},
			"faces": {
				"north": {"uv": [0, 0, 16, 16], "texture": "#1"},
				"east": {"uv": [0, 0, 16, 16], "texture": "#1"},
				"south": {"uv": [0, 0, 16, 16], "texture": "#1"},
				"west": {"uv": [0, 0, 16, 16], "texture": "#1"},
				"up": {"uv": [0, 0, 16, 16], "texture": "#1"},
				"down": {"uv": [0, 0, 16, 16], "texture": "#1"}
			}
		},
		{
			"name": "hexadecagon",
			"from": [0.5, 6.50816, 7.45],
			"to": [15.5, 9.49184, 7.95],
			"rotation": {"angle": -22.5, "axis": "z", "origin": [8, 8, 7.7]},
			"faces": {
				"north": {"uv": [0, 0, 16, 16], "texture": "#1"},
				"east": {"uv": [0, 0, 16, 16], "texture": "#1"},
				"south": {"uv": [0, 0, 16, 16], "texture": "#1"},
				"west": {"uv": [0, 0, 16, 16], "texture": "#1"},
				"up": {"uv": [0, 0, 16, 16], "texture": "#1"},
				"down": {"uv": [0, 0, 16, 16], "texture": "#1"}
			}
		},
		{
			"name": "hexadecagon",
			"from": [0.5, 6.50816, 7.45],
			"to": [15.5, 9.49184, 7.95],
			"rotation": {"angle": 0, "axis": "z", "origin": [8, 8, 7.7]},
			"faces": {
				"north": {"uv": [0, 0, 16, 16], "texture": "#1"},
				"east": {"uv": [0, 0, 16, 16], "texture": "#1"},
				"south": {"uv": [0, 0, 16, 16], "texture": "#1"},
				"west": {"uv": [0, 0, 16, 16], "texture": "#1"},
				"up": {"uv": [0, 0, 16, 16], "texture": "#1"},
				"down": {"uv": [0, 0, 16, 16], "texture": "#1"}
			}
		},
		{
			"name": "hexadecagon",
			"from": [0.5, 6.50816, 7.45],
			"to": [15.5, 9.49184, 7.95],
			"rotation": {"angle": 22.5, "axis": "z", "origin": [8, 8, 7.7]},
			"faces": {
				"north": {"uv": [0, 0, 16, 16], "texture": "#1"},
				"east": {"uv": [0, 0, 16, 16], "texture": "#1"},
				"south": {"uv": [0, 0, 16, 16], "texture": "#1"},
				"west": {"uv": [0, 0, 16, 16], "texture": "#1"},
				"up": {"uv": [0, 0, 16, 16], "texture": "#1"},
				"down": {"uv": [0, 0, 16, 16], "texture": "#1"}
			}
		},
		{
			"from": [7.5, 5.5, 11.25],
			"to": [8.5, 10.5, 12.25],
			"faces": {
				"north": {"uv": [2, 0, 3, 1], "texture": "#2"},
				"east": {"uv": [2, 0, 3, 1], "texture": "#2"},
				"south": {"uv": [2, 0, 3, 1], "texture": "#2"},
				"west": {"uv": [2, 0, 3, 1], "texture": "#2"},
				"up": {"uv": [2, 0, 3, 1], "texture": "#2"},
				"down": {"uv": [2, 0, 3, 1], "texture": "#2"}
			}
		},
		{
			"from": [7.5, 9.5, 8.25],
			"to": [8.5, 10.5, 11.25],
			"faces": {
				"north": {"uv": [2, 0, 3, 1], "rotation": 180, "texture": "#2"},
				"east": {"uv": [2, 0, 3, 1], "rotation": 270, "texture": "#2"},
				"south": {"uv": [2, 0, 3, 1], "texture": "#2"},
				"west": {"uv": [2, 0, 3, 1], "rotation": 90, "texture": "#2"},
				"up": {"uv": [2, 0, 3, 1], "rotation": 180, "texture": "#2"},
				"down": {"uv": [2, 0, 3, 1], "texture": "#2"}
			}
		},
		{
			"from": [7.5, 5.5, 8.25],
			"to": [8.5, 6.5, 11.25],
			"faces": {
				"north": {"uv": [2, 0, 3, 1], "rotation": 180, "texture": "#2"},
				"east": {"uv": [2, 0, 3, 1], "rotation": 270, "texture": "#2"},
				"south": {"uv": [2, 0, 3, 1], "texture": "#2"},
				"west": {"uv": [2, 0, 3, 1], "rotation": 90, "texture": "#2"},
				"up": {"uv": [2, 0, 3, 1], "rotation": 180, "texture": "#2"},
				"down": {"uv": [2, 0, 3, 1], "texture": "#2"}
			}
		}
	],
	"display": {
		"thirdperson_righthand": {
			"rotation": [0, -90, 0],
			"translation": [2.3, -2, 2.5],
			"scale": [1.333, 1.333, 1.333]
		},
		"thirdperson_lefthand": {
			"rotation": [0, -90, 0],
			"translation": [2.3, -2, 2.5],
			"scale": [1.333, 1.333, 1.333]
		},
		"firstperson_righthand": {
			"rotation": [0, -30, 0],
			"translation": [0, -2, 0]
		},
		"firstperson_lefthand": {
			"rotation": [0, -30, 0],
			"translation": [0, -2, 0]
		},
		"ground": {
			"translation": [0, 4.25, 0]
		},
		"gui": {
			"rotation": [0, 180, 0]
		}
	},
	"groups": [
		{
			"name": "targe_backplate",
			"origin": [8, 8, 8],
			"color": 0,
			"children": [0, 1, 2, 3, 4, 5, 6, 7]
		},
		{
			"name": "targe_banding",
			"origin": [8, 8, 8],
			"color": 0,
			"children": [8, 9, 10, 11, 12, 13, 14, 15]
		},
		{
			"name": "targe_frontplate",
			"origin": [8, 8, 8],
			"color": 0,
			"children": [16, 17, 18, 19, 20, 21, 22, 23]
		},
		{
			"name": "targe_handle",
			"origin": [8, 8, 8],
			"color": 0,
			"children": [24, 25, 26]
		}
	]
}