{
	"credit": "MadewithBlockbench",
	"texture_size": [32, 32],
	"textures": {
		"1": "abyss_pack:item/abyss/abyss_bow",
		"2": "abyss_pack:item/abyss/abyss_bow_1",
		"3": "abyss_pack:item/abyss/abyss_eff_01",
		"4": "abyss_pack:item/abyss/abyss_eff_02",
		"particle": "abyss_pack:item/abyss/abyss_bow_1"
	},
	"elements": [
		{
			"from": [8, -5.66581, 11.20742],
			"to": [8, -0.66581, 16.20742],
			"rotation": { "angle": 22.5, "axis": "x", "origin": [8, 8, 8] },
			"faces": {
				"north": { "uv": [0, 0, 4.88889, 0], "rotation": 270, "texture": "#4" },
				"east": { "uv": [16, 16, 0, 0], "rotation": 90, "texture": "#4" },
				"south": { "uv": [0, 0, 4.88889, 0], "rotation": 270, "texture": "#4" },
				"west": { "uv": [0, 16, 16, 0], "rotation": 270, "texture": "#4" },
				"up": { "uv": [0, 2.66667, 0, 0], "texture": "#4" },
				"down": { "uv": [0, 2.66667, 0, 0], "rotation": 180, "texture": "#4" }
			}
		},
		{
			"from": [8, -7.5, 2.08715],
			"to": [8, 23.5, 14.08715],
			"rotation": { "angle": 0, "axis": "y", "origin": [8, 8, 8] },
			"faces": {
				"north": { "uv": [0, 0, 0, 15.5], "texture": "#2" },
				"east": { "uv": [0, 0, 6, 15.5], "texture": "#2" },
				"south": { "uv": [0, 0, 0, 15.5], "texture": "#2" },
				"west": { "uv": [6, 0, 12, 15.5], "texture": "#2" },
				"up": { "uv": [6, 0, 0, 0], "rotation": 90, "texture": "#2" },
				"down": { "uv": [6, 0, 0, 0], "rotation": 270, "texture": "#2" }
			}
		},
		{
			"from": [7.95, 8, 10.98715],
			"to": [8.05, 22, 11.08715],
			"rotation": { "angle": 0, "axis": "y", "origin": [8, 8, 8] },
			"faces": {
				"north": { "uv": [9.6, 0.2, 11.6, 0.4], "rotation": 90, "texture": "#1" },
				"east": { "uv": [9.6, 0.4, 11.6, 0.2], "rotation": 90, "texture": "#1" },
				"south": { "uv": [9.6, 0.4, 11.6, 0.2], "rotation": 90, "texture": "#1" },
				"west": { "uv": [9.6, 0.2, 11.6, 0.4], "rotation": 90, "texture": "#1" },
				"up": { "uv": [0, 0, 0.1, 0.1], "rotation": 90, "texture": "#1" },
				"down": { "uv": [0, 0, 0.1, 0.1], "rotation": 270, "texture": "#1" }
			}
		},
		{
			"from": [7.95, -6, 10.98715],
			"to": [8.05, 8, 11.08715],
			"rotation": { "angle": 0, "axis": "y", "origin": [8, 8, 8] },
			"faces": {
				"north": { "uv": [11.6, 0.2, 9.6, 0.4], "rotation": 90, "texture": "#1" },
				"east": { "uv": [11.6, 0.4, 9.6, 0.2], "rotation": 90, "texture": "#1" },
				"south": { "uv": [11.6, 0.4, 9.6, 0.2], "rotation": 90, "texture": "#1" },
				"west": { "uv": [11.6, 0.2, 9.6, 0.4], "rotation": 90, "texture": "#1" },
				"up": { "uv": [0, 0.1, 0.1, 0], "rotation": 90, "texture": "#1" },
				"down": { "uv": [0, 0.1, 0.1, 0], "rotation": 270, "texture": "#1" }
			}
		},
		{
			"from": [8, 16.66581, 11.20742],
			"to": [8, 21.66581, 16.20742],
			"rotation": { "angle": -22.5, "axis": "x", "origin": [8, 8, 8] },
			"faces": {
				"north": { "uv": [4.88889, 0, 0, 0], "rotation": 270, "texture": "#4" },
				"east": { "uv": [0, 16, 16, 0], "rotation": 90, "texture": "#4" },
				"south": { "uv": [4.88889, 0, 0, 0], "rotation": 270, "texture": "#4" },
				"west": { "uv": [16, 16, 0, 0], "rotation": 270, "texture": "#4" },
				"up": { "uv": [0, 2.66667, 0, 0], "texture": "#4" },
				"down": { "uv": [0, 2.66667, 0, 0], "rotation": 180, "texture": "#4" }
			}
		},
		{
			"from": [8, 13.19133, 6.02446],
			"to": [8, 16.19133, 9.02446],
			"rotation": { "angle": -22.5, "axis": "x", "origin": [8, 8, 8] },
			"faces": {
				"north": { "uv": [0, 0, 4.88889, 0], "rotation": 270, "texture": "#3" },
				"east": { "uv": [16, 16, 0, 0], "rotation": 90, "texture": "#3" },
				"south": { "uv": [0, 0, 4.88889, 0], "rotation": 270, "texture": "#3" },
				"west": { "uv": [0, 16, 16, 0], "rotation": 270, "texture": "#3" },
				"up": { "uv": [0, 2.66667, 0, 0], "texture": "#3" },
				"down": { "uv": [0, 2.66667, 0, 0], "rotation": 180, "texture": "#3" }
			}
		},
		{
			"from": [8, -0.19133, 6.02446],
			"to": [8, 2.80867, 9.02446],
			"rotation": { "angle": 22.5, "axis": "x", "origin": [8, 8, 8] },
			"faces": {
				"north": { "uv": [4.88889, 0, 0, 0], "rotation": 270, "texture": "#3" },
				"east": { "uv": [0, 16, 16, 0], "rotation": 90, "texture": "#3" },
				"south": { "uv": [4.88889, 0, 0, 0], "rotation": 270, "texture": "#3" },
				"west": { "uv": [16, 16, 0, 0], "rotation": 270, "texture": "#3" },
				"up": { "uv": [0, 2.66667, 0, 0], "texture": "#3" },
				"down": { "uv": [0, 2.66667, 0, 0], "rotation": 180, "texture": "#3" }
			}
		},
		{
			"from": [7.2, 2.36159, 10.37142],
			"to": [8.8, 3.96159, 11.97142],
			"rotation": { "angle": 45, "axis": "x", "origin": [8, 8, 8] },
			"faces": {
				"north": { "uv": [3.2, 2.8, 4.4, 1.6], "texture": "#1" },
				"east": { "uv": [0, 4.4, 1.2, 3.2], "texture": "#1" },
				"south": { "uv": [3.2, 1.2, 4.4, 0], "texture": "#1" },
				"west": { "uv": [1.6, 4.4, 2.8, 3.2], "texture": "#1" },
				"up": { "uv": [1.2, 6, 0, 4.8], "rotation": 90, "texture": "#1" },
				"down": { "uv": [4.4, 3.2, 3.2, 4.4], "rotation": 270, "texture": "#1" }
			}
		},
		{
			"from": [7.4, 0.33619, 6.26126],
			"to": [8.6, 1.93619, 7.46126],
			"rotation": { "angle": 0, "axis": "y", "origin": [8, 8, 8] },
			"faces": {
				"north": { "uv": [4.8, 9.2, 5.8, 8], "texture": "#1" },
				"east": { "uv": [8, 2.8, 9, 1.6], "texture": "#1" },
				"south": { "uv": [3.2, 9.2, 4.2, 8], "texture": "#1" },
				"west": { "uv": [8, 4.4, 9, 3.2], "texture": "#1" },
				"up": { "uv": [10.6, 8.2, 9.6, 7.2], "rotation": 90, "texture": "#1" },
				"down": { "uv": [8.2, 9.6, 7.2, 10.6], "rotation": 270, "texture": "#1" }
			}
		},
		{
			"from": [7.56, 1.38608, 1.33566],
			"to": [8.44, 4.58608, 2.21566],
			"rotation": { "angle": -45, "axis": "x", "origin": [8, 8, 8] },
			"faces": {
				"north": { "uv": [2.4, 2.6, 3.2, 0], "texture": "#1" },
				"east": { "uv": [0, 2.6, 0.8, 0], "texture": "#1" },
				"south": { "uv": [0.8, 2.6, 1.6, 0], "texture": "#1" },
				"west": { "uv": [1.6, 2.6, 2.4, 0], "texture": "#1" },
				"up": { "uv": [8.8, 12, 8, 11.2], "rotation": 90, "texture": "#1" },
				"down": { "uv": [12, 7.2, 11.2, 8], "rotation": 270, "texture": "#1" }
			}
		},
		{
			"from": [7.64, -1.45041, 4.47457],
			"to": [8.36, -0.25041, 5.11457],
			"rotation": { "angle": -22.5, "axis": "x", "origin": [8, 8, 8] },
			"faces": {
				"north": { "uv": [12, 1, 12.6, 0], "texture": "#1" },
				"east": { "uv": [10.4, 12.2, 11, 11.2], "texture": "#1" },
				"south": { "uv": [11.2, 12.2, 11.8, 11.2], "texture": "#1" },
				"west": { "uv": [0, 13, 0.6, 12], "texture": "#1" },
				"up": { "uv": [2.2, 12.6, 1.6, 12], "rotation": 90, "texture": "#1" },
				"down": { "uv": [1.4, 12, 0.8, 12.6], "rotation": 270, "texture": "#1" }
			}
		},
		{
			"from": [7.2, 0.09885, 12.63417],
			"to": [8.8, 1.69885, 14.23417],
			"rotation": { "angle": 45, "axis": "x", "origin": [8, 8, 8] },
			"faces": {
				"north": { "uv": [3.2, 6, 4.4, 4.8], "texture": "#1" },
				"east": { "uv": [4.8, 1.2, 6, 0], "texture": "#1" },
				"south": { "uv": [1.6, 6, 2.8, 4.8], "texture": "#1" },
				"west": { "uv": [4.8, 2.8, 6, 1.6], "texture": "#1" },
				"up": { "uv": [6, 6, 4.8, 4.8], "rotation": 90, "texture": "#1" },
				"down": { "uv": [6, 3.2, 4.8, 4.4], "rotation": 270, "texture": "#1" }
			}
		},
		{
			"from": [7.56, -1.56993, 13.08304],
			"to": [8.44, 0.19007, 13.96304],
			"rotation": { "angle": 45, "axis": "x", "origin": [8, 8, 8] },
			"faces": {
				"north": { "uv": [4, 11, 4.8, 9.6], "texture": "#1" },
				"east": { "uv": [2.4, 11, 3.2, 9.6], "texture": "#1" },
				"south": { "uv": [9.6, 3.8, 10.4, 2.4], "texture": "#1" },
				"west": { "uv": [3.2, 11, 4, 9.6], "texture": "#1" },
				"up": { "uv": [9.6, 12, 8.8, 11.2], "rotation": 90, "texture": "#1" },
				"down": { "uv": [12, 8, 11.2, 8.8], "rotation": 270, "texture": "#1" }
			}
		},
		{
			"from": [7.64, -4.40338, 4.90547],
			"to": [8.36, -2.40338, 5.54547],
			"rotation": { "angle": 0, "axis": "y", "origin": [8, 8, 8] },
			"faces": {
				"north": { "uv": [10.4, 7.2, 11, 5.6], "texture": "#1" },
				"east": { "uv": [1.6, 12, 2.2, 10.4], "texture": "#1" },
				"south": { "uv": [10.4, 4, 11, 2.4], "texture": "#1" },
				"west": { "uv": [10.4, 5.6, 11, 4], "texture": "#1" },
				"up": { "uv": [3, 12.6, 2.4, 12], "rotation": 90, "texture": "#1" },
				"down": { "uv": [12.6, 1.6, 12, 2.2], "rotation": 270, "texture": "#1" }
			}
		},
		{
			"from": [7.72, -1.39367, -2.91351],
			"to": [8.28, 1.40633, -2.43351],
			"rotation": { "angle": -45, "axis": "x", "origin": [8, 8, 8] },
			"faces": {
				"north": { "uv": [7.2, 13.4, 7.6, 11.2], "texture": "#1" },
				"east": { "uv": [11.2, 4.6, 11.6, 2.4], "texture": "#1" },
				"south": { "uv": [4, 13.4, 4.4, 11.2], "texture": "#1" },
				"west": { "uv": [11.2, 7, 11.6, 4.8], "texture": "#1" },
				"up": { "uv": [13.2, 2.8, 12.8, 2.4], "rotation": 90, "texture": "#1" },
				"down": { "uv": [2.8, 12.8, 2.4, 13.2], "rotation": 270, "texture": "#1" }
			}
		},
		{
			"from": [7.56, 3.65689, 5.87525],
			"to": [8.44, 5.41689, 6.75525],
			"rotation": { "angle": 22.5, "axis": "x", "origin": [8, 8, 8] },
			"faces": {
				"north": { "uv": [4, 9.6, 4.8, 11], "texture": "#1" },
				"east": { "uv": [2.4, 9.6, 3.2, 11], "texture": "#1" },
				"south": { "uv": [9.6, 2.4, 10.4, 3.8], "texture": "#1" },
				"west": { "uv": [3.2, 9.6, 4, 11], "texture": "#1" },
				"up": { "uv": [12, 8.8, 11.2, 8], "rotation": 90, "texture": "#1" },
				"down": { "uv": [9.6, 11.2, 8.8, 12], "rotation": 270, "texture": "#1" }
			}
		},
		{
			"from": [7.64, 6.0306, 5.12671],
			"to": [8.36, 8.0306, 5.76671],
			"rotation": { "angle": 0, "axis": "z", "origin": [8, 8, 8] },
			"faces": {
				"north": { "uv": [10.4, 5.6, 11, 7.2], "texture": "#1" },
				"east": { "uv": [1.6, 10.4, 2.2, 12], "texture": "#1" },
				"south": { "uv": [10.4, 2.4, 11, 4], "texture": "#1" },
				"west": { "uv": [10.4, 4, 11, 5.6], "texture": "#1" },
				"up": { "uv": [12.6, 2.2, 12, 1.6], "rotation": 90, "texture": "#1" },
				"down": { "uv": [3, 12, 2.4, 12.6], "rotation": 270, "texture": "#1" }
			}
		},
		{
			"from": [7.2, -1.43821, 15.46259],
			"to": [8.8, 0.16179, 17.06259],
			"rotation": { "angle": 45, "axis": "x", "origin": [8, 8, 8] },
			"faces": {
				"north": { "uv": [6.4, 2.8, 7.6, 1.6], "texture": "#1" },
				"east": { "uv": [0, 7.6, 1.2, 6.4], "texture": "#1" },
				"south": { "uv": [6.4, 1.2, 7.6, 0], "texture": "#1" },
				"west": { "uv": [1.6, 7.6, 2.8, 6.4], "texture": "#1" },
				"up": { "uv": [7.6, 4.4, 6.4, 3.2], "rotation": 90, "texture": "#1" },
				"down": { "uv": [4.4, 6.4, 3.2, 7.6], "rotation": 270, "texture": "#1" }
			}
		},
		{
			"from": [7.2, 3.34631, 4.16285],
			"to": [8.8, 4.94631, 5.76285],
			"rotation": { "angle": 0, "axis": "y", "origin": [8, 8, 8] },
			"faces": {
				"north": { "uv": [0, 9.2, 1.2, 8], "texture": "#1" },
				"east": { "uv": [4.8, 7.6, 6, 6.4], "texture": "#1" },
				"south": { "uv": [6.4, 6, 7.6, 4.8], "texture": "#1" },
				"west": { "uv": [6.4, 7.6, 7.6, 6.4], "texture": "#1" },
				"up": { "uv": [2.8, 9.2, 1.6, 8], "rotation": 90, "texture": "#1" },
				"down": { "uv": [9.2, 0, 8, 1.2], "rotation": 270, "texture": "#1" }
			}
		},
		{
			"from": [7.4, 5.42262, 2.56745],
			"to": [8.6, 7.02262, 3.76745],
			"rotation": { "angle": -45, "axis": "x", "origin": [8, 8, 8] },
			"faces": {
				"north": { "uv": [8, 9.2, 9, 8], "texture": "#1" },
				"east": { "uv": [8, 6, 9, 4.8], "texture": "#1" },
				"south": { "uv": [6.4, 9.2, 7.4, 8], "texture": "#1" },
				"west": { "uv": [8, 7.6, 9, 6.4], "texture": "#1" },
				"up": { "uv": [1, 11.4, 0, 10.4], "rotation": 90, "texture": "#1" },
				"down": { "uv": [9.8, 9.6, 8.8, 10.6], "rotation": 270, "texture": "#1" }
			}
		},
		{
			"from": [7.52, -1.11821, 17.06259],
			"to": [8.48, -0.15821, 18.66259],
			"rotation": { "angle": 45, "axis": "x", "origin": [8, 8, 8] },
			"faces": {
				"north": { "uv": [9.6, 12, 10.4, 11.2], "texture": "#1" },
				"east": { "uv": [9.6, 9.6, 10.8, 8.8], "texture": "#1" },
				"south": { "uv": [11.2, 9.6, 12, 8.8], "texture": "#1" },
				"west": { "uv": [10.4, 10.4, 11.6, 9.6], "texture": "#1" },
				"up": { "uv": [3.6, 12, 2.4, 11.2], "rotation": 90, "texture": "#1" },
				"down": { "uv": [11.6, 10.4, 10.4, 11.2], "rotation": 270, "texture": "#1" }
			}
		},
		{
			"from": [7.68, -4.12721, 14.08436],
			"to": [8.32, -3.48721, 16.48436],
			"rotation": { "angle": 22.5, "axis": "x", "origin": [8, 8, 8] },
			"faces": {
				"north": { "uv": [3.2, 12.6, 3.8, 12], "texture": "#1" },
				"east": { "uv": [0, 10.2, 2, 9.6], "texture": "#1" },
				"south": { "uv": [12, 3, 12.6, 2.4], "texture": "#1" },
				"west": { "uv": [9.6, 0.6, 11.6, 0], "texture": "#1" },
				"up": { "uv": [11.6, 2.2, 9.6, 1.6], "rotation": 90, "texture": "#1" },
				"down": { "uv": [11.6, 0.8, 9.6, 1.4], "rotation": 270, "texture": "#1" }
			}
		},
		{
			"from": [7.2, 12.03841, 10.37142],
			"to": [8.8, 13.63841, 11.97142],
			"rotation": { "angle": -45, "axis": "x", "origin": [8, 8, 8] },
			"faces": {
				"north": { "uv": [3.2, 1.6, 4.4, 2.8], "texture": "#1" },
				"east": { "uv": [0, 3.2, 1.2, 4.4], "texture": "#1" },
				"south": { "uv": [3.2, 0, 4.4, 1.2], "texture": "#1" },
				"west": { "uv": [1.6, 3.2, 2.8, 4.4], "texture": "#1" },
				"up": { "uv": [4.4, 4.4, 3.2, 3.2], "rotation": 90, "texture": "#1" },
				"down": { "uv": [1.2, 4.8, 0, 6], "rotation": 270, "texture": "#1" }
			}
		},
		{
			"from": [7.4, 14.06381, 6.26126],
			"to": [8.6, 15.66381, 7.46126],
			"rotation": { "angle": 0, "axis": "y", "origin": [8, 8, 8] },
			"faces": {
				"north": { "uv": [4.8, 8, 5.8, 9.2], "texture": "#1" },
				"east": { "uv": [8, 1.6, 9, 2.8], "texture": "#1" },
				"south": { "uv": [3.2, 8, 4.2, 9.2], "texture": "#1" },
				"west": { "uv": [8, 3.2, 9, 4.4], "texture": "#1" },
				"up": { "uv": [8.2, 10.6, 7.2, 9.6], "rotation": 90, "texture": "#1" },
				"down": { "uv": [10.6, 7.2, 9.6, 8.2], "rotation": 270, "texture": "#1" }
			}
		},
		{
			"from": [7.56, 11.41392, 1.33566],
			"to": [8.44, 14.61392, 2.21566],
			"rotation": { "angle": 45, "axis": "x", "origin": [8, 8, 8] },
			"faces": {
				"north": { "uv": [2.4, 0, 3.2, 2.6], "texture": "#1" },
				"east": { "uv": [0, 0, 0.8, 2.6], "texture": "#1" },
				"south": { "uv": [0.8, 0, 1.6, 2.6], "texture": "#1" },
				"west": { "uv": [1.6, 0, 2.4, 2.6], "texture": "#1" },
				"up": { "uv": [12, 8, 11.2, 7.2], "rotation": 90, "texture": "#1" },
				"down": { "uv": [8.8, 11.2, 8, 12], "rotation": 270, "texture": "#1" }
			}
		},
		{
			"from": [7.64, 16.25041, 4.47457],
			"to": [8.36, 17.45041, 5.11457],
			"rotation": { "angle": 22.5, "axis": "x", "origin": [8, 8, 8] },
			"faces": {
				"north": { "uv": [12, 0, 12.6, 1], "texture": "#1" },
				"east": { "uv": [10.4, 11.2, 11, 12.2], "texture": "#1" },
				"south": { "uv": [11.2, 11.2, 11.8, 12.2], "texture": "#1" },
				"west": { "uv": [0, 12, 0.6, 13], "texture": "#1" },
				"up": { "uv": [1.4, 12.6, 0.8, 12], "rotation": 90, "texture": "#1" },
				"down": { "uv": [2.2, 12, 1.6, 12.6], "rotation": 270, "texture": "#1" }
			}
		},
		{
			"from": [7.2, 14.30115, 12.63417],
			"to": [8.8, 15.90115, 14.23417],
			"rotation": { "angle": -45, "axis": "x", "origin": [8, 8, 8] },
			"faces": {
				"north": { "uv": [3.2, 4.8, 4.4, 6], "texture": "#1" },
				"east": { "uv": [4.8, 0, 6, 1.2], "texture": "#1" },
				"south": { "uv": [1.6, 4.8, 2.8, 6], "texture": "#1" },
				"west": { "uv": [4.8, 1.6, 6, 2.8], "texture": "#1" },
				"up": { "uv": [6, 4.4, 4.8, 3.2], "rotation": 90, "texture": "#1" },
				"down": { "uv": [6, 4.8, 4.8, 6], "rotation": 270, "texture": "#1" }
			}
		},
		{
			"from": [7.56, 15.80993, 13.08304],
			"to": [8.44, 17.56993, 13.96304],
			"rotation": { "angle": -45, "axis": "x", "origin": [8, 8, 8] },
			"faces": {
				"north": { "uv": [4, 9.6, 4.8, 11], "texture": "#1" },
				"east": { "uv": [2.4, 9.6, 3.2, 11], "texture": "#1" },
				"south": { "uv": [9.6, 2.4, 10.4, 3.8], "texture": "#1" },
				"west": { "uv": [3.2, 9.6, 4, 11], "texture": "#1" },
				"up": { "uv": [12, 8.8, 11.2, 8], "rotation": 90, "texture": "#1" },
				"down": { "uv": [9.6, 11.2, 8.8, 12], "rotation": 270, "texture": "#1" }
			}
		},
		{
			"from": [7.64, 18.40338, 4.90547],
			"to": [8.36, 20.40338, 5.54547],
			"rotation": { "angle": 0, "axis": "y", "origin": [8, 8, 8] },
			"faces": {
				"north": { "uv": [10.4, 5.6, 11, 7.2], "texture": "#1" },
				"east": { "uv": [1.6, 10.4, 2.2, 12], "texture": "#1" },
				"south": { "uv": [10.4, 2.4, 11, 4], "texture": "#1" },
				"west": { "uv": [10.4, 4, 11, 5.6], "texture": "#1" },
				"up": { "uv": [12.6, 2.2, 12, 1.6], "rotation": 90, "texture": "#1" },
				"down": { "uv": [3, 12, 2.4, 12.6], "rotation": 270, "texture": "#1" }
			}
		},
		{
			"from": [7.72, 14.59367, -2.91351],
			"to": [8.28, 17.39367, -2.43351],
			"rotation": { "angle": 45, "axis": "x", "origin": [8, 8, 8] },
			"faces": {
				"north": { "uv": [7.2, 11.2, 7.6, 13.4], "texture": "#1" },
				"east": { "uv": [11.2, 2.4, 11.6, 4.6], "texture": "#1" },
				"south": { "uv": [4, 11.2, 4.4, 13.4], "texture": "#1" },
				"west": { "uv": [11.2, 4.8, 11.6, 7], "texture": "#1" },
				"up": { "uv": [2.8, 13.2, 2.4, 12.8], "rotation": 90, "texture": "#1" },
				"down": { "uv": [13.2, 2.4, 12.8, 2.8], "rotation": 270, "texture": "#1" }
			}
		},
		{
			"from": [7.56, 10.58311, 5.87525],
			"to": [8.44, 12.34311, 6.75525],
			"rotation": { "angle": -22.5, "axis": "x", "origin": [8, 8, 8] },
			"faces": {
				"north": { "uv": [4, 11, 4.8, 9.6], "texture": "#1" },
				"east": { "uv": [2.4, 11, 3.2, 9.6], "texture": "#1" },
				"south": { "uv": [9.6, 3.8, 10.4, 2.4], "texture": "#1" },
				"west": { "uv": [3.2, 11, 4, 9.6], "texture": "#1" },
				"up": { "uv": [9.6, 12, 8.8, 11.2], "rotation": 90, "texture": "#1" },
				"down": { "uv": [12, 8, 11.2, 8.8], "rotation": 270, "texture": "#1" }
			}
		},
		{
			"from": [7.64, 7.9694, 5.12671],
			"to": [8.36, 9.9694, 5.76671],
			"rotation": { "angle": 0, "axis": "z", "origin": [8, 8, 8] },
			"faces": {
				"north": { "uv": [10.4, 7.2, 11, 5.6], "texture": "#1" },
				"east": { "uv": [1.6, 12, 2.2, 10.4], "texture": "#1" },
				"south": { "uv": [10.4, 4, 11, 2.4], "texture": "#1" },
				"west": { "uv": [10.4, 5.6, 11, 4], "texture": "#1" },
				"up": { "uv": [3, 12.6, 2.4, 12], "rotation": 90, "texture": "#1" },
				"down": { "uv": [12.6, 1.6, 12, 2.2], "rotation": 270, "texture": "#1" }
			}
		},
		{
			"from": [7.2, 15.83821, 15.46259],
			"to": [8.8, 17.43821, 17.06259],
			"rotation": { "angle": -45, "axis": "x", "origin": [8, 8, 8] },
			"faces": {
				"north": { "uv": [6.4, 1.6, 7.6, 2.8], "texture": "#1" },
				"east": { "uv": [0, 6.4, 1.2, 7.6], "texture": "#1" },
				"south": { "uv": [6.4, 0, 7.6, 1.2], "texture": "#1" },
				"west": { "uv": [1.6, 6.4, 2.8, 7.6], "texture": "#1" },
				"up": { "uv": [4.4, 7.6, 3.2, 6.4], "rotation": 90, "texture": "#1" },
				"down": { "uv": [7.6, 3.2, 6.4, 4.4], "rotation": 270, "texture": "#1" }
			}
		},
		{
			"from": [7.2, 11.05369, 4.16285],
			"to": [8.8, 12.65369, 5.76285],
			"rotation": { "angle": 0, "axis": "y", "origin": [8, 8, 8] },
			"faces": {
				"north": { "uv": [0, 8, 1.2, 9.2], "texture": "#1" },
				"east": { "uv": [4.8, 6.4, 6, 7.6], "texture": "#1" },
				"south": { "uv": [6.4, 4.8, 7.6, 6], "texture": "#1" },
				"west": { "uv": [6.4, 6.4, 7.6, 7.6], "texture": "#1" },
				"up": { "uv": [9.2, 1.2, 8, 0], "rotation": 90, "texture": "#1" },
				"down": { "uv": [2.8, 8, 1.6, 9.2], "rotation": 270, "texture": "#1" }
			}
		},
		{
			"from": [7.4, 8.97738, 2.56745],
			"to": [8.6, 10.57738, 3.76745],
			"rotation": { "angle": 45, "axis": "x", "origin": [8, 8, 8] },
			"faces": {
				"north": { "uv": [8, 8, 9, 9.2], "texture": "#1" },
				"east": { "uv": [8, 4.8, 9, 6], "texture": "#1" },
				"south": { "uv": [6.4, 8, 7.4, 9.2], "texture": "#1" },
				"west": { "uv": [8, 6.4, 9, 7.6], "texture": "#1" },
				"up": { "uv": [9.8, 10.6, 8.8, 9.6], "rotation": 90, "texture": "#1" },
				"down": { "uv": [1, 10.4, 0, 11.4], "rotation": 270, "texture": "#1" }
			}
		},
		{
			"from": [7.52, 16.15821, 17.06259],
			"to": [8.48, 17.11821, 18.66259],
			"rotation": { "angle": -45, "axis": "x", "origin": [8, 8, 8] },
			"faces": {
				"north": { "uv": [9.6, 11.2, 10.4, 12], "texture": "#1" },
				"east": { "uv": [9.6, 8.8, 10.8, 9.6], "texture": "#1" },
				"south": { "uv": [11.2, 8.8, 12, 9.6], "texture": "#1" },
				"west": { "uv": [10.4, 9.6, 11.6, 10.4], "texture": "#1" },
				"up": { "uv": [11.6, 11.2, 10.4, 10.4], "rotation": 90, "texture": "#1" },
				"down": { "uv": [3.6, 11.2, 2.4, 12], "rotation": 270, "texture": "#1" }
			}
		},
		{
			"from": [7.68, 19.48721, 14.08436],
			"to": [8.32, 20.12721, 16.48436],
			"rotation": { "angle": -22.5, "axis": "x", "origin": [8, 8, 8] },
			"faces": {
				"north": { "uv": [3.2, 12, 3.8, 12.6], "texture": "#1" },
				"east": { "uv": [0, 9.6, 2, 10.2], "texture": "#1" },
				"south": { "uv": [12, 2.4, 12.6, 3], "texture": "#1" },
				"west": { "uv": [9.6, 0, 11.6, 0.6], "texture": "#1" },
				"up": { "uv": [11.6, 1.4, 9.6, 0.8], "rotation": 90, "texture": "#1" },
				"down": { "uv": [11.6, 1.6, 9.6, 2.2], "rotation": 270, "texture": "#1" }
			}
		}
	],
	"gui_light": "front",
	"display": {
		"thirdperson_righthand": { "translation": [0, -1.75, 2], "scale": [0.92773, 0.92773, 0.92773] },
		"thirdperson_lefthand": { "translation": [0, -1.75, 2], "scale": [0.92773, 0.92773, 0.92773] },
		"firstperson_righthand": { "rotation": [9.25, 0, 0], "translation": [2.75, 5, 0], "scale": [0.63008, 0.63008, 0.63008] },
		"firstperson_lefthand": { "rotation": [9.25, 0, 0], "translation": [2.75, 5, 0], "scale": [0.63008, 0.63008, 0.63008] },
		"ground": { "rotation": [64.6, 2.42, 3.82], "translation": [0, 3.25, 0], "scale": [0.6, 0.6, 0.6] },
		"gui": { "rotation": [90, 55.5, -90], "translation": [-0.25, 0.25, 0], "scale": [0.56797, 0.56797, 0.56797] },
		"head": { "translation": [0, 22, 0] },
		"fixed": { "rotation": [0, -90, 0], "translation": [0, 0.25, -2], "scale": [1.75, 1.75, 1.75] }
	},
	"groups": [
		{
			"name": "bow",
			"origin": [8, 8, 8],
			"color": 0,
			"boneType": "",
			"children": [
				0,
				1,
				2,
				3,
				4,
				5,
				6,
				{
					"name": "group",
					"origin": [15.313, 13.33842, 8],
					"color": 0,
					"boneType": "",
					"children": [7, 8, 9, 10, 11, 12, 13, 14, 15, 16, 17, 18, 19, 20, 21]
				},
				{
					"name": "group",
					"origin": [15.313, 13.33842, 8],
					"color": 0,
					"boneType": "",
					"children": [22, 23, 24, 25, 26, 27, 28, 29, 30, 31, 32, 33, 34, 35, 36]
				}
			]
		}
	]
}
