{
    "ambient.cave.cave": {
        "category": "ambient",
        "replace": true,
        "sounds": [
            "blank"
        ]
    },
    "ambient.weather.rain": {
        "category": "weather",
        "replace": true,
        "sounds": [
            "blank"
        ]
    },
    "game.neutral.hurt": {
        "category": "weather",
        "replace": true,
        "sounds": [
            "blank"
        ]
    },
    "game.hostile.hurt": {
        "category": "weather",
        "replace": true,
        "sounds": [
            "blank"
        ]
    },
    "game.player.die": {
        "category": "weather",
        "replace": true,
        "sounds": [
            "blank"
        ]
    },
    "game.neutral.die": {
        "category": "weather",
        "replace": true,
        "sounds": [
            "blank"
        ]
    },
    "game.hostile.die": {
        "category": "weather",
        "replace": true,
        "sounds": [
            "blank"
        ]
    },
    "mob.villager.idle": {
        "category": "neutral",
        "replace": true,
        "sounds": [
            "blank"
        ]
    },
    "activatebow": {
        "category": "weather",
        "sounds": [
            "activatebow"
        ]
    },
    "activateshield": {
        "category": "weather",
        "sounds": [
            "activateshield"
        ]
    },
    "activatesword": {
        "category": "weather",
        "sounds": [
            "activatesword"
        ]
    },
    "toolaxehit": {
        "category": "weather",
        "sounds": [
            "toolaxehit1",
            "toolaxehit2"
        ]
    },
    "toolwoodchop": {
        "category": "weather",
        "sounds": [
            "toolwoodchop1",
            "toolwoodchop2",
            "toolwoodchop3",
            "toolwoodchop4"
        ]
    },
    "wpnmonstersmash": {
        "category": "weather",
        "sounds": [
            "wpnmonstersmash1",
            "wpnmonstersmash2",
            "wpnmonstersmash3",
            "wpnmonstersmash4"
        ]
    },
    "wpnmonstersmashbig": {
        "category": "weather",
        "sounds": [
            "wpnmonstersmashbig1",
            "wpnmonstersmashbig2",
            "wpnmonstersmashbig3"
        ]
    },
    "wpnwarhammer": {
        "category": "weather",
        "sounds": [
            "wpnwarhammer1",
            "wpnwarhammer2",
            "wpnwarhammer3",
            "wpnwarhammer4"
        ]
    },
    "wpncrossbow": {
        "category": "weather",
        "sounds": [
            "wpncrossbow1",
            "wpncrossbow2",
            "wpncrossbow3",
            "wpncrossbow4"
        ]
    },
    "emeraldbowfire": {
        "category": "weather",
        "sounds": [
            "emeraldbowfire1",
            "emeraldbowfire2",
            "emeraldbowfire3"
        ]
    },
    "emeraldbowdraw": {
        "category": "weather",
        "sounds": [
            "emeraldbowdraw"
        ]
    },
    "hatgoggles": {
        "sounds": [
            "hatgoggles1",
            "hatgoggles2",
            "hatgoggles3",
            "hatgoggles4",
            "hatgoggles5"
        ]
    },
    "hatdragonwarrior": {
        "sounds": [
            "hatdragonwarrior"
        ]
    },
    "hatdragonsbreath": {
        "sounds": [
            "hatdragonsbreath"
        ]
    },
    "hatpharaoh": {
        "sounds": [
            "hatpharaoh"
        ]
    },
    "hatsunglasses": {
        "sounds": [
            "hatsunglasses"
        ]
    },
    "hatwolfhunter": {
        "sounds": [
            "hatwolfhunter"
        ]
    },
    "general.offcooldown": {
        "sounds": [
            "general.offcooldown"
        ]
    },
    "doomeventbarnyard": {
        "category": "ambient",
        "sounds": [
            {
                "name": "doomeventbarnyard",
                "stream": true
            }
        ]
    },
    "doomeventbopen": {
        "category": "ambient",
        "sounds": [
            {
                "name": "doomeventbopen",
                "stream": true
            }
        ]
    },
    "doomeventkrungor": {
        "category": "ambient",
        "sounds": [
            {
                "name": "doomeventkrungor",
                "stream": true
            }
        ]
    },
	"entity.player.attack.sweep": {
        "category": "player",
        "sounds": [
            {
                "name": "entity/player/attack/sweep",
                "stream": true
            }
        ]
    },
    "doomevent1": {
        "category": "ambient",
        "sounds": [
            {
                "name": "doomevent1",
                "stream": true
            }
        ]
    },
    "doomevent2": {
        "category": "ambient",
        "sounds": [
            {
                "name": "doomevent2",
                "stream": true
            }
        ]
    },
    "doomevent3": {
        "category": "ambient",
        "sounds": [
            {
                "name": "doomevent3",
                "stream": true
            }
        ]
    },
    "doomevent4": {
        "category": "ambient",
        "sounds": [
            {
                "name": "doomevent4",
                "stream": true
            }
        ]
    },
    "doomevent5": {
        "category": "ambient",
        "sounds": [
            {
                "name": "doomevent5",
                "stream": true
            }
        ]
    },
    "wpnwarpweaver": {
        "category": "weather",
        "sounds": [
            "wpnwarpweaver"
        ]
    },
    "wpnplunder": {
        "category": "weather",
        "sounds": [
            "wpnplunder"
        ]
    },
    "wind": {
        "sounds": [
            "wind"
        ]
    },
    "wpnsos": {
        "category": "ambient",
        "sounds": [
            {
                "name": "wpnsos",
                "stream": true
            }
        ]
    },
    "magiccoil": {
        "category": "ambient",
        "sounds": [
            {
                "name": "magiccoil",
                "stream": true
            }
        ]
    },
    "wpnbuffalohorn": {
        "category": "ambient",
        "sounds": [
            {
                "name": "wpnbuffalohorn",
                "stream": true
            }
        ]
    },
    "wpnproc": {
        "category": "ambient",
        "sounds": [
            {
                "name": "wpnproc",
                "stream": true
            }
        ]
    },
    "general.hitding": {
        "sounds": [
            {
                "name": "general.hitding",
                "stream": false
            }
        ]
    },
    "warhammercharge": {
        "category": "ambient",
        "sounds": [
            {
                "name": "warhammercharge",
                "stream": false
            }
        ]
    },
    "warhammerrankup": {
        "category": "ambient",
        "sounds": [
            {
                "name": "warhammerrankup",
                "stream": false
            }
        ]
    },
    "runebladerunedash": {
        "category": "ambient",
        "sounds": [
            {
                "name": "runebladerunedash",
                "stream": false
            }
        ]
    },
    "wpnenchantedlamp": {
        "category": "weather",
        "sounds": [
            "wpnenchantedlamp"
        ]
    },
  "coin": {
    "category": "player",
    "sounds": [
      {
        "name": "misc/coin"
      }
    ]
  },
  "coinflip": {
    "category": "player",
    "sounds": [
      {
        "name": "misc/coinflip"
      }
    ]
  },
    "brucecasual1": {
        "category": "record",
        "sounds": [
            {
                "name": "brucecasual1",
                "stream": true
            }
        ]
    },
    "brucecombatgeneral1": {
        "category": "record",
        "sounds": [
            {
                "name": "brucecombatgeneral1",
                "stream": true
            }
        ]
    },
    "brucecombatgeneral2": {
        "category": "record",
        "sounds": [
            {
                "name": "brucecombatgeneral2",
                "stream": true
            }
        ]
    },
    "brucecombatgeneral3": {
        "category": "record",
        "sounds": [
            {
                "name": "brucecombatgeneral3",
                "stream": true
            }
        ]
    },
    "brucecombatgeneral4": {
        "category": "record",
        "sounds": [
            {
                "name": "brucecombatgeneral4",
                "stream": true
            }
        ]
    },
    "brucecombatgeneral5": {
        "category": "record",
        "sounds": [
            {
                "name": "brucecombatgeneral5",
                "stream": true
            }
        ]
    },
    "brucecombatgeneral6": {
        "category": "record",
        "sounds": [
            {
                "name": "brucecombatgeneral6",
                "stream": true
            }
        ]
    },
    "brucecombatgeneral7": {
        "category": "record",
        "sounds": [
            {
                "name": "brucecombatgeneral7",
                "stream": true
            }
        ]
    },
    "brucecombatgeneral8": {
        "category": "record",
        "sounds": [
            {
                "name": "brucecombatgeneral8",
                "stream": true
            }
        ]
    },
    "brucecombatgeneral9": {
        "category": "record",
        "sounds": [
            {
                "name": "brucecombatgeneral9",
                "stream": true
            }
        ]
    },
    "brucecombatgeneral10": {
        "category": "record",
        "sounds": [
            {
                "name": "brucecombatgeneral10",
                "stream": true
            }
        ]
    },
    "brucecombatgeneral11": {
        "category": "record",
        "sounds": [
            {
                "name": "brucecombatgeneral11",
                "stream": true
            }
        ]
    },
    "brucecombatgeneral12": {
        "category": "record",
        "sounds": [
            {
                "name": "brucecombatgeneral12",
                "stream": true
            }
        ]
    },
    "brucecombatgeneral13": {
        "category": "record",
        "sounds": [
            {
                "name": "brucecombatgeneral13",
                "stream": true
            }
        ]
    },
    "brucecombatindoors1": {
        "category": "record",
        "sounds": [
            {
                "name": "brucecombatindoors1",
                "stream": true
            }
        ]
    },
    "brucecombatindoors2": {
        "category": "record",
        "sounds": [
            {
                "name": "brucecombatindoors2",
                "stream": true
            }
        ]
    },
    "brucecombatindoors3": {
        "category": "record",
        "sounds": [
            {
                "name": "brucecombatindoors3",
                "stream": true
            }
        ]
    },
    "brucecombatindoors4": {
        "category": "record",
        "sounds": [
            {
                "name": "brucecombatindoors4",
                "stream": true
            }
        ]
    },
    "brucecombatoutdoors1": {
        "category": "record",
        "sounds": [
            {
                "name": "brucecombatoutdoors1",
                "stream": true
            }
        ]
    },
    "brucecombatoutdoors2": {
        "category": "record",
        "sounds": [
            {
                "name": "brucecombatoutdoors2",
                "stream": true
            }
        ]
    },
    "brucecombatoutdoors3": {
        "category": "record",
        "sounds": [
            {
                "name": "brucecombatoutdoors3",
                "stream": true
            }
        ]
    },
    "brucecombatoutdoors4": {
        "category": "record",
        "sounds": [
            {
                "name": "brucecombatoutdoors4",
                "stream": true
            }
        ]
    },
    "brucecombatoutdoors5": {
        "category": "record",
        "sounds": [
            {
                "name": "brucecombatoutdoors5",
                "stream": true
            }
        ]
    },
    "bruceexplosionnearby1": {
        "category": "record",
        "sounds": [
            {
                "name": "bruceexplosionnearby1",
                "stream": true
            }
        ]
    },
    "bruceexplosionnearby2": {
        "category": "record",
        "sounds": [
            {
                "name": "bruceexplosionnearby2",
                "stream": true
            }
        ]
    },
    "bruceexplosionnearby3": {
        "category": "record",
        "sounds": [
            {
                "name": "bruceexplosionnearby3",
                "stream": true
            }
        ]
    },
    "brucedeath": {
        "category": "ambient",
        "sounds": [
            {
                "name": "brucedeath",
                "stream": true
            }
        ]
    },
    "brucediggingzombiewarning": {
        "category": "ambient",
        "sounds": [
            {
                "name": "brucediggingzombiewarning",
                "stream": true
            }
        ]
    },
    "brucegolemwarning": {
        "category": "ambient",
        "sounds": [
            "brucegolemwarning1",
            "brucegolemwarning2",
            "brucegolemwarning3",
            "brucegolemwarning4"
        ]
    },
    "bruceintro": {
        "category": "ambient",
        "sounds": [
            {
                "name": "bruceintro",
                "stream": true
            }
        ]
    },
    "brucelowonmana1": {
        "category": "record",
        "sounds": [
            {
                "name": "brucelowonmana1",
                "stream": true
            }
        ]
    },
    "brucelowonmana2": {
        "category": "record",
        "sounds": [
            {
                "name": "brucelowonmana2",
                "stream": true
            }
        ]
    },
    "brucelowonmana3": {
        "category": "record",
        "sounds": [
            {
                "name": "brucelowonmana3",
                "stream": true
            }
        ]
    },
    "bruceproc1": {
        "category": "record",
        "sounds": [
            {
                "name": "bruceproc1",
                "stream": true
            }
        ]
    },
    "bruceproc2": {
        "category": "record",
        "sounds": [
            {
                "name": "bruceproc2",
                "stream": true
            }
        ]
    },
    "bruceproc3": {
        "category": "record",
        "sounds": [
            {
                "name": "bruceproc3",
                "stream": true
            }
        ]
    },
    "bruceproc": {
        "category": "ambient",
        "sounds": [
            "bruceproc1",
            "bruceproc2",
            "bruceproc3"
        ]
    },
    "bruceratswarning": {
        "category": "ambient",
        "sounds": [
            "bruceratswarning1",
            "bruceratswarning2",
            "bruceratswarning3",
            "bruceratswarning4"
        ]
    },
    "bruceshrinedestroyed1": {
        "category": "ambient",
        "sounds": [
            {
                "name": "bruceshrinedestroyed1",
                "stream": true
            }
        ]
    },
    "bruceshrinedestroyed2": {
        "category": "ambient",
        "sounds": [
            {
                "name": "bruceshrinedestroyed2",
                "stream": true
            }
        ]
    },
    "bruceshrinedestroyed3": {
        "category": "ambient",
        "sounds": [
            {
                "name": "bruceshrinedestroyed3",
                "stream": true
            }
        ]
    },
    "brucespideringswarning": {
        "category": "ambient",
        "sounds": [
            {
                "name": "brucespiderlingswarning1",
                "stream": true
            },
            {
                "name": "brucespiderlingswarning2",
                "stream": true
            }
        ]
    },
    "brucevenomburnerswarning": {
        "category": "ambient",
        "sounds": [
            {
                "name": "brucevenomburnerswarning1",
                "stream": true
            },
            {
                "name": "brucevenomburnerswarning2",
                "stream": true
            },
            {
                "name": "brucevenomburnerswarning3",
                "stream": true
            },
            {
                "name": "brucevenomburnerswarning4",
                "stream": true
            }
        ]
    },
    "brucewolveswarning": {
        "category": "ambient",
        "sounds": [
            {
                "name": "brucewolveswarning1",
                "stream": true
            },
            {
                "name": "brucewolveswarning2",
                "stream": true
            },
            {
                "name": "brucewolveswarning3",
                "stream": true
            },
            {
                "name": "brucewolveswarning4",
                "stream": true
            }
          ]
    },
    "brucemonstersreleased": {
        "category": "ambient",
        "sounds": [
            {
                "name": "brucemonstersreleased",
                "stream": true
            }
        ]
    },
    "brucenoprocwarning": {
        "category": "ambient",
        "sounds": [
            {
                "name": "brucenoprocwarning1",
                "stream": true
            },
            {
                "name": "brucenoprocwarning2",
                "stream": true
            },
            {
                "name": "brucenoprocwarning3",
                "stream": true
            }
          ]
    },
    "brucenomanawarning": {
        "category": "ambient",
        "sounds": [
            {
                "name": "brucenomanawarning1",
                "stream": true
            },
            {
                "name": "brucenomanawarning2",
                "stream": true
            },
            {
                "name": "brucenomanawarning3",
                "stream": true
            }
          ]
    },
    "brucenorepairwarning": {
        "category": "ambient",
        "sounds": [
            {
                "name": "brucenorepairwarning1",
                "stream": true
            },
            {
                "name": "brucenorepairwarning2",
                "stream": true
            },
            {
                "name": "brucenorepairwarning3",
                "stream": true
            }
          ]
    },
    "maliceintro": {
        "category": "ambient",
        "sounds": [
            {
                "name": "maliceintro",
                "stream": true
            }
        ]
    },
    "malicegeneral": {
        "category": "record",
        "sounds": [
            {
                "name": "malicegeneral1",
                "stream": true
            },
            {
                "name": "malicegeneral2",
                "stream": true
            },
            {
                "name": "malicegeneral3",
                "stream": true
            },
            {
                "name": "malicegeneral4",
                "stream": true
            },
            {
                "name": "malicegeneral5",
                "stream": true
            },
            {
                "name": "malicegeneral6",
                "stream": true
            },
            {
                "name": "malicegeneral7",
                "stream": true
            },
            {
                "name": "malicegeneral8",
                "stream": true
            }
          ]
    },
    "maliceuse": {
        "category": "record",
        "sounds": [
            {
                "name": "maliceuse1",
                "stream": true
            },
            {
                "name": "maliceuse2",
                "stream": true
            },
            {
                "name": "maliceuse3",
                "stream": true
            },
            {
                "name": "maliceuse4",
                "stream": true
            },
            {
                "name": "maliceuse5",
                "stream": true
            }
          ]
    },
    "daragorattack": {
        "category": "ambient",
        "sounds": [
            "daragorattack1",
            "daragorattack2",
            "daragorattack3",
            "daragorattack4"
        ]
    },
    "daragordeath": {
        "category": "ambient",
        "sounds": [
            "daragordeath"
        ]
    },
    "daragorspawn": {
        "category": "ambient",
        "sounds": [
            "daragorspawn"
        ]
    },
    "daragortaunt": {
        "category": "ambient",
        "sounds": [
            "daragortaunt1",
            "daragortaunt2",
            "daragortaunt3",
            "daragortaunt4",
            "daragortaunt5",
            "daragortaunt6"
        ]
    },
    "daragorworldcracker": {
        "category": "ambient",
        "sounds": [
            "daragorworldcracker1",
            "daragorworldcracker2"
        ]
    },
    "dig.gravel": {
      "category": "weather",
      "replace": true,
      "sounds": [
        "dig/gravel1",
        "dig/gravel2",
        "dig/gravel3",
        "dig/gravel4"
      ]
    },
    "dvzlore1": {
      "category": "neutral",
      "sounds": [
        {
          "name": "dvzlore1",
          "stream": true
        }
      ]
    },
    "dvzlore2": {
      "category": "neutral",
      "sounds": [
        {
          "name": "dvzlore2",
          "stream": true
        }
      ]
    },
    "dvzlore3": {
      "category": "neutral",
      "sounds": [
        {
          "name": "dvzlore3",
          "stream": true
        }
      ]
    },
    "dvzlore4": {
      "category": "neutral",
      "sounds": [
        {
          "name": "dvzlore4",
          "stream": true
        }
      ]
    },
    "dvzlore5": {
      "category": "neutral",
      "sounds": [
        {
          "name": "dvzlore5",
          "stream": true
        }
      ]
    },
    "dvzlore6": {
      "category": "neutral",
      "sounds": [
        {
          "name": "dvzlore6",
          "stream": true
        }
      ]
    },
    "dvzlore7": {
      "category": "neutral",
      "sounds": [
        {
          "name": "dvzlore7",
          "stream": true
        }
      ]
    },
    "dvzlore8": {
      "category": "neutral",
      "sounds": [
        {
          "name": "dvzlore8",
          "stream": true
        }
      ]
    },
    "dvzlore9": {
      "category": "neutral",
      "sounds": [
        {
          "name": "dvzlore9",
          "stream": true
        }
      ]
    },
    "dvzlore10": {
      "category": "neutral",
      "sounds": [
        {
          "name": "dvzlore10",
          "stream": true
        }
      ]
    },
    "dvzlore11": {
      "category": "neutral",
      "sounds": [
        {
          "name": "dvzlore11",
          "stream": true
        }
      ]
    },
    "dvzlore12": {
      "category": "neutral",
      "sounds": [
        {
          "name": "dvzlore12",
          "stream": true
        }
      ]
    },
    "dvzlore13": {
      "category": "neutral",
      "sounds": [
        {
          "name": "dvzlore13",
          "stream": true
        }
      ]
    },
    "dvzlore14": {
      "category": "neutral",
      "sounds": [
        {
          "name": "dvzlore14",
          "stream": true
        }
      ]
    },
    "dvzlore15": {
      "category": "neutral",
      "sounds": [
        {
          "name": "dvzlore15",
          "stream": true
        }
      ]
    },
    "dvzlore16": {
      "category": "neutral",
      "sounds": [
        {
          "name": "dvzlore16",
          "stream": true
        }
      ]
    },
    "dvzlore17": {
      "category": "neutral",
      "sounds": [
        {
          "name": "dvzlore17",
          "stream": true
        }
      ]
    },
    "dvzlore18": {
      "category": "neutral",
      "sounds": [
        {
          "name": "dvzlore18",
          "stream": true
        }
      ]
    },
    "dvzlore19": {
      "category": "neutral",
      "sounds": [
        {
          "name": "dvzlore19",
          "stream": true
        }
      ]
    },
    "dvzlore20": {
      "category": "neutral",
      "sounds": [
        {
          "name": "dvzlore20",
          "stream": true
        }
      ]
    },
    "dvzlore21": {
      "category": "neutral",
      "sounds": [
        {
          "name": "dvzlore21",
          "stream": true
        }
      ]
    },
    "dvzlore22": {
      "category": "neutral",
      "sounds": [
        {
          "name": "dvzlore22",
          "stream": true
        }
      ]
    },
    "dvzlore23": {
      "category": "neutral",
      "sounds": [
        {
          "name": "dvzlore23",
          "stream": true
        }
      ]
    },
    "dvzlore24": {
      "category": "neutral",
      "sounds": [
        {
          "name": "dvzlore24",
          "stream": true
        }
      ]
    },
    "dvzlore25": {
      "category": "neutral",
      "sounds": [
        {
          "name": "dvzlore25",
          "stream": true
        }
      ]
    },
    "dvzlore26": {
      "category": "neutral",
      "sounds": [
        {
          "name": "dvzlore26",
          "stream": true
        }
      ]
    },
    "dvzlore27": {
      "category": "neutral",
      "sounds": [
        {
          "name": "dvzlore27",
          "stream": true
        }
      ]
    },
    "dvzlore28": {
      "category": "neutral",
      "sounds": [
        {
          "name": "dvzlore28",
          "stream": true
        }
      ]
    },
    "dvzlore29": {
      "category": "neutral",
      "sounds": [
        {
          "name": "dvzlore29",
          "stream": true
        }
      ]
    },
    "dvzlore30": {
      "category": "neutral",
      "sounds": [
        {
          "name": "dvzlore30",
          "stream": true
        }
      ]
    },
    "dvzlore31": {
      "category": "neutral",
      "sounds": [
        {
          "name": "dvzlore31",
          "stream": true
        }
      ]
    },
    "dvzlore32": {
      "category": "neutral",
      "sounds": [
        {
          "name": "dvzlore32",
          "stream": true
        }
      ]
    },
    "dvzlore33": {
      "category": "neutral",
      "sounds": [
        {
          "name": "dvzlore33",
          "stream": true
        }
      ]
    },
    "dvzlore34": {
      "category": "neutral",
      "sounds": [
        {
          "name": "dvzlore34",
          "stream": true
        }
      ]
    },
    "dvzlore35": {
      "category": "neutral",
      "sounds": [
        {
          "name": "dvzlore35",
          "stream": true
        }
      ]
    },
    "dvzlore36": {
      "category": "neutral",
      "sounds": [
        {
          "name": "dvzlore36",
          "stream": true
        }
      ]
    },
    "dvzlore37": {
      "category": "neutral",
      "sounds": [
        {
          "name": "dvzlore37",
          "stream": true
        }
      ]
    },
    "dvzlore38": {
      "category": "neutral",
      "sounds": [
        {
          "name": "dvzlore38",
          "stream": true
        }
      ]
    },
    "dvzlore39": {
      "category": "neutral",
      "sounds": [
        {
          "name": "dvzlore39",
          "stream": true
        }
      ]
    },
    "dvzlore40": {
      "category": "neutral",
      "sounds": [
        {
          "name": "dvzlore40",
          "stream": true
        }
      ]
    },
    "dvzlore41": {
      "category": "neutral",
      "sounds": [
        {
          "name": "dvzlore41",
          "stream": true
        }
      ]
    },
    "dvzlore42": {
      "category": "neutral",
      "sounds": [
        {
          "name": "dvzlore42",
          "stream": true
        }
      ]
    },
    "dvzlore43": {
      "category": "neutral",
      "sounds": [
        {
          "name": "dvzlore43",
          "stream": true
        }
      ]
    },
    "dvzlore44": {
      "category": "neutral",
      "sounds": [
        {
          "name": "dvzlore44",
          "stream": true
        }
      ]
    },
    "dvzlore45": {
      "category": "neutral",
      "sounds": [
        {
          "name": "dvzlore45",
          "stream": true
        }
      ]
    },
    "daragorfirebreath": {
        "category": "ambient",
        "sounds": [
            "daragorfirebreath1",
            "daragorfirebreath2",
            "daragorfirebreath3"
        ]
    },
    "introsong": {
        "category": "neutral",
        "sounds": [
            {
                "name": "introsong",
                "stream": true
            }
        ]
    },
    "fireworks.blast": {
      "category": "weather",
      "replace": true,
      "sounds": [
        "fireworks/blast1"
      ]
    },
    "fireworks.blast_far": {
      "category": "weather",
      "replace": true,
      "sounds": [
        "fireworks/blast_far1"
      ]
    },
    "fireworks.largeblast": {
      "category": "weather",
      "replace": true,
      "sounds": [
        "fireworks/largeblast1"
      ]
    },
    "fireworks.largeblast_far": {
      "category": "weather",
      "replace": true,
      "sounds": [
        "fireworks/largeblast_far1"
      ]
    },
    "fireworks.twinkle": {
      "category": "weather",
      "replace": true,
      "sounds": [
        "fireworks/twinkle1"
      ]
    },
    "fireworks.twinkle_far": {
      "category": "weather",
      "replace": true,
      "sounds": [
        "fireworks/twinkle_far1"
      ]
    },
    "nisovin.rocketboots": {
        "category": "weather",
        "sounds": [
            {
                "name": "nisovin.rocketboots",
                "stream": false
            }
        ]
    },
    "nisovin.voicewormhole": {
        "category": "hostile",
        "sounds": [
            {
                "name": "nisovin.voicewormhole",
                "stream": true
            }
        ]
    },
    "nisovin.wandfire": {
        "category": "weather",
        "sounds": [
            {
                "name": "nisovin.wandfire",
                "stream": false
            }
        ]
    },
    "nisovin.wandhit": {
        "category": "weather",
        "sounds": [
            {
                "name": "nisovin.wandhit",
                "stream": false
            }
        ]
    },
    "nisovin.wormholeactivate": {
        "category": "weather",
        "sounds": [
            {
                "name": "nisovin.wormholeactivate",
                "stream": true
            }
        ]
    },
    "nisovin.wormholefire": {
        "category": "weather",
        "sounds": [
            {
                "name": "nisovin.wormholefire",
                "stream": true
            }
        ]
    },
    "nisovin.tinderflamedraw": {
        "category": "weather",
        "sounds": [
            {
                "name": "nisovin.tinderflamedraw",
                "stream": true
            }
        ]
    },
    "nisovin.tinderflame": {
        "category": "weather",
        "sounds": [
            "nisovin.tinderflame1",
            "nisovin.tinderflame2",
            "nisovin.tinderflame3"
        ]
    },
    "nisovin.voicerocketboots": {
        "category": "hostile",
        "sounds": [
            "nisovin.voicerocketboots1",
            "nisovin.voicerocketboots2",
            "nisovin.voicerocketboots3"
        ]
    },
    "nisovin.voicetinderflame": {
        "category": "hostile",
        "sounds": [
            "nisovin.voicetinderflame1",
            "nisovin.voicetinderflame2",
            "nisovin.voicetinderflame3",
            "nisovin.voicetinderflame4",
            "nisovin.voicetinderflame5",
            "nisovin.voicetinderflame6",
            "nisovin.voicetinderflame7",
            "nisovin.voicetinderflame8",
            "nisovin.voicetinderflame9",
            "nisovin.voicetinderflame10",
            "nisovin.voicetinderflame11"
        ]
    },
    "nisovinboltfire": {
        "category": "weather",
        "sounds": [
            {
                "name": "nisovinboltfire1",
                "stream": false
            },
            {
                "name": "nisovinboltfire2",
                "stream": false
            },
            {
                "name": "nisovinboltfire3",
                "stream": false
            }
        ]
    },
    "nisovindeath": {
        "category": "ambient",
        "sounds": [
            {
                "name": "nisovindeath",
                "stream": true
            }
        ]
    },
    "nisovinlaugh": {
        "category": "record",
        "sounds": [
            {
                "name": "nisovinlaugh1",
                "stream": true
            },
            {
                "name": "nisovinlaugh2",
                "stream": true
            },
            {
                "name": "nisovinlaugh3",
                "stream": true
            },
            {
                "name": "nisovinlaugh4",
                "stream": true
            }
     
        ]
    },
    "nisovinlowonmana1": {
        "category": "ambient",
        "sounds": [
            {
                "name": "nisovinlowonmana1",
                "stream": true
            }
        ]
    },
    "nisovinlowonmana2": {
        "category": "ambient",
        "sounds": [
            {
                "name": "nisovinlowonmana2",
                "stream": true
            }
        ]
    },
    "nisovinlowonmana3": {
        "category": "ambient",
        "sounds": [
            {
                "name": "nisovinlowonmana3",
                "stream": true
            }
        ]
    },
    "mob.enderdragon.end": {
      "category": "ambient",
      "replace": true,
      "sounds": [
        "mob/enderdragon/end"
      ]
    },
    "mob.endermen.stare": {
      "category": "ambient",
      "replace": true,
      "sounds": [
        "mob/endermen/stare"
      ]
    },
    "mob.irongolem.death": {
      "category": "hostile",
      "replace": true,
      "sounds": [
        "mob/irongolem/death"
      ]
    },
    "mob.irongolem.hit": {
      "category": "hostile",
      "replace": true,
      "sounds": [
        "mob/irongolem/hit1",
        "mob/irongolem/hit2",
        "mob/irongolem/hit3",
        "mob/irongolem/hit4"
      ]
    },
    "mob.irongolem.throw": {
      "category": "hostile",
      "replace": true,
      "sounds": [
        "mob/irongolem/throw"
      ]
    },
    "mob.magmacube.big": {
      "category": "weather",
      "replace": true,
      "sounds": [
        "mob/magmacube/big1",
        "mob/magmacube/big2",
        "mob/magmacube/big3",
        "mob/magmacube/big4"
      ]
    },
    "mob.slime.big": {
      "category": "weather",
      "replace": true,
      "sounds": [
        "mob/slime/big1",
        "mob/slime/big2",
        "mob/slime/big3",
        "mob/slime/big4"
      ]
    },
    "mob.irongolem.walk": {
      "category": "hostile",
      "replace": true,
      "sounds": [
        "mob/irongolem/walk1",
        "mob/irongolem/walk2",
        "mob/irongolem/walk3",
        "mob/irongolem/walk4"
      ]
    },
    "mob.wither.hurt": {
      "category": "weather",
      "replace": true,
      "sounds": [
        "mob/wither/hurt1",
        "mob/wither/hurt2",
        "mob/wither/hurt3",
        "mob/wither/hurt4"
      ]
    },
    "mob.wolf.bark": {
      "category": "hostile",
      "replace": true,
      "sounds": [
        "mob/wolf/bark1",
        "mob/wolf/bark2",
        "mob/wolf/bark3"
      ]
    },
    "mob.wolf.death": {
      "category": "hostile",
      "replace": true,
      "sounds": [
        "mob/wolf/death"
      ]
    },
    "mob.wolf.growl": {
      "category": "hostile",
      "replace": true,
      "sounds": [
        "mob/wolf/growl1",
        "mob/wolf/growl2",
        "mob/wolf/growl3"
      ]
    },
    "mob.wolf.howl": {
      "category": "hostile",
      "replace": true,
      "sounds": [
        "mob/wolf/howl1",
        "mob/wolf/howl2"
      ]
    },
    "mob.wolf.hurt": {
      "category": "hostile",
      "replace": true,
      "sounds": [
        "mob/wolf/hurt1",
        "mob/wolf/hurt2",
        "mob/wolf/hurt3"
      ]
    },
    "mob.wolf.panting": {
      "category": "hostile",
      "replace": true,
      "sounds": [
        "mob/wolf/panting"
      ]
    },
    "mob.wolf.shake": {
      "category": "hostile",
      "replace": true,
      "sounds": [
        "mob/wolf/shake"
      ]
    },
    "mob.wolf.step": {
      "category": "hostile",
      "replace": true,
      "sounds": [
        "mob/wolf/step1",
        "mob/wolf/step2",
        "mob/wolf/step3",
        "mob/wolf/step4",
        "mob/wolf/step5"
      ]
    },
    "mob.wolf.whine": {
      "category": "hostile",
      "replace": true,
      "sounds": [
        "mob/wolf/whine"
      ]
    },
    "mob.zombie.remedy": {
      "category": "weather",
      "replace": true,
      "sounds": [
        "mob/zombie/wood1",
        "mob/zombie/wood2",
        "mob/zombie/wood3",
        "mob/zombie/wood4"
      ]
    },
    "music.game": {
        "category": "neutral",
        "replace": true,
        "sounds": [
            "blank"
      ]
    },
    "music.game.creative": {
        "category": "neutral",
        "replace": true,
        "sounds": [
            "blank"
      ]
    },
    "music.game.end": {
        "category": "neutral",
        "replace": true,
        "sounds": [
            "blank"
      ]
    },
    "music.game.end.credits": {
        "category": "neutral",
        "replace": true,
        "sounds": [
            "blank"
      ]
    },
    "music.game.end.dragon": {
        "category": "neutral",
        "replace": true,
        "sounds": [
            "blank"
      ]
    },
    "music.game.nether": {
        "category": "neutral",
        "replace": true,
        "sounds": [
            "blank"
      ]
    },
    "random.anvil_break": {
      "category": "weather",
      "replace": true,
      "sounds": [
        "random/anvil_break"
      ]
    },
    "random.anvil_land": {
      "category": "weather",
      "replace": true,
      "sounds": [
        "random/anvil_land"
      ]
    },
    "random.anvil_use": {
      "category": "weather",
      "replace": true,
      "sounds": [
        "random/anvil_use"
      ]
    },
    "random.bow": {
      "category": "weather",
      "replace": true,
      "sounds": [
        "random/bow"
      ]
    },
    "random.bowhit": {
      "category": "weather",
      "replace": true,
      "sounds": [
        "random/bowhit1",
        "random/bowhit2",
        "random/bowhit3",
        "random/bowhit4"
      ]
    },
    "roamindeath": {
        "category": "ambient",
        "sounds": [
            {
                "name": "roamindeath",
                "stream": true
            }
        ]
    },
    "random.drink": {
      "category": "weather",
      "replace": true,
      "sounds": [
        "random/drink"
      ]
    },
    "random.levelup": {
      "category": "weather",
      "replace": true,
      "sounds": [
        "random/levelup"
      ]
    },
    "roaminflamethrower": {
        "category": "weather",
        "sounds": [
            {
                "name": "roaminflamethrower"
            }
        ]
    },
    "roaminheal": {
        "category": "ambient",
        "sounds": [
            {
                "name": "roaminheal",
                "stream": true
            }
        ]
    },
    "roaminholypurifier1": {
        "category": "record",
        "sounds": [
            {
                "name": "roaminholypurifier1",
                "stream": true
            }
        ]
    },
    "roaminholypurifier2": {
        "category": "record",
        "sounds": [
            {
                "name": "roaminholypurifier2",
                "stream": true
            }
        ]
    },
    "roaminholypurifier3": {
        "category": "record",
        "sounds": [
            {
                "name": "roaminholypurifier3",
                "stream": true
            }
        ]
    },
    "roaminholypurifier4": {
        "category": "record",
        "sounds": [
            {
                "name": "roaminholypurifier4",
                "stream": true
            }
        ]
    },
    "roaminholypurifier5": {
        "category": "record",
        "sounds": [
            {
                "name": "roaminholypurifier5",
                "stream": true
            }
        ]
    },
    "roaminlowonarmor1": {
        "category": "ambient",
        "sounds": [
            {
                "name": "roaminlowonarmor1",
                "stream": true
            }
        ]
    },
    "roaminlowonarmor2": {
        "category": "ambient",
        "sounds": [
            {
                "name": "roaminlowonarmor2",
                "stream": true
            }
        ]
    },
    "roaminlowonarmor3": {
        "category": "ambient",
        "sounds": [
            {
                "name": "roaminlowonarmor3",
                "stream": true
            }
        ]
    },
    "roaminlowonmana1": {
        "category": "ambient",
        "sounds": [
            {
                "name": "roaminlowonmana1",
                "stream": true
            }
        ]
    },
    "roaminlowonmana2": {
        "category": "ambient",
        "sounds": [
            {
                "name": "roaminlowonmana2",
                "stream": true
            }
        ]
    },
    "roaminlowonmana3": {
        "category": "ambient",
        "sounds": [
            {
                "name": "roaminlowonmana3",
                "stream": true
            }
        ]
    },
    "roaminoutofammo1": {
        "category": "ambient",
        "sounds": [
            {
                "name": "roaminoutofammo1",
                "stream": true
            }
        ]
    },
    "roaminoutofammo2": {
        "category": "ambient",
        "sounds": [
            {
                "name": "roaminoutofammo2",
                "stream": true
            }
        ]
    },
    "roaminoutofammo3": {
        "category": "ambient",
        "sounds": [
            {
                "name": "roaminoutofammo3",
                "stream": true
            }
        ]
    },
    "roaminrecharged1": {
        "category": "ambient",
        "sounds": [
            {
                "name": "roaminrecharged1",
                "stream": true
            }
        ]
    },
    "roaminrecharged2": {
        "category": "ambient",
        "sounds": [
            {
                "name": "roaminrecharged2",
                "stream": true
            }
        ]
    },
    "roaminrecharged3": {
        "category": "ambient",
        "sounds": [
            {
                "name": "roaminrecharged3",
                "stream": true
            }
        ]
    },
    "roaminrecharged4": {
        "category": "ambient",
        "sounds": [
            {
                "name": "roaminrecharged4",
                "stream": true
            }
        ]
    },
    "goblinaction": {
        "category": "ambient",
        "sounds": [
            {
                "name": "goblinaction1",
                "stream": true
            },
            {
                "name": "goblinaction2",
                "stream": true
            },
            {
                "name": "goblinaction3",
                "stream": true
            },
            {
                "name": "goblinaction4",
                "stream": true
            },
            {
                "name": "goblinaction5",
                "stream": true
            },
            {
                "name": "goblinaction6",
                "stream": true
            },
            {
                "name": "goblinaction7",
                "stream": true
            }
        ]
    },
    "goblinhurt": {
        "category": "ambient",
        "sounds": [
            {
                "name": "goblinhurt1",
                "stream": true
            },
            {
                "name": "goblinhurt2",
                "stream": true
            },
            {
                "name": "goblinhurt3",
                "stream": true
            },
            {
                "name": "goblinhurt4",
                "stream": true
            },
            {
                "name": "goblinhurt5",
                "stream": true
            },
            {
                "name": "goblinhurt6",
                "stream": true
            },
            {
                "name": "goblinhurt7",
                "stream": true
            }
        ]
    },
    "goblindie": {
        "category": "ambient",
        "sounds": [
            {
                "name": "goblindie1",
                "stream": true
            },
            {
                "name": "goblindie2",
                "stream": true
            },
            {
                "name": "goblindie3",
                "stream": true
            }
        ]
    },
    "goblinspawn": {
        "category": "ambient",
        "sounds": [
            {
                "name": "goblinspawn1",
                "stream": true
            },
            {
                "name": "goblinspawn2",
                "stream": true
            },
            {
                "name": "goblinspawn3",
                "stream": true
            }
        ]
    },
    "goblinkaboomready": {
        "category": "ambient",
        "sounds": [
            {
                "name": "goblinkaboomready",
                "stream": true
            }
        ]
    },
    "goblinkaboomfire": {
        "category": "ambient",
        "sounds": [
            {
                "name": "goblinkaboomfire",
                "stream": true
            }
        ]
    },
    "ogredie": {
        "category": "ambient",
        "sounds": [
            {
                "name": "ogredie1",
                "stream": true
            },
            {
                "name": "ogredie2",
                "stream": true
            },
            {
                "name": "ogredie3",
                "stream": true
            },
            {
                "name": "ogredie4",
                "stream": true
            }
        ]
    },
    "ogreattack": {
        "category": "ambient",
        "sounds": [
            {
                "name": "ogreattack1",
                "stream": true
            },
            {
                "name": "ogreattack2",
                "stream": true
            },
            {
                "name": "ogreattack3",
                "stream": true
            },
            {
                "name": "ogreattack4",
                "stream": true
            },
            {
                "name": "ogreattack5",
                "stream": true
            },
            {
                "name": "ogreattack6",
                "stream": true
            },
            {
                "name": "ogreattack7",
                "stream": true
            }
        ]
    },
    "ogrehurt": {
        "category": "ambient",
        "sounds": [
            {
                "name": "ogrehurt1",
                "stream": true
            },
            {
                "name": "ogrehurt2",
                "stream": true
            },
            {
                "name": "ogrehurt3",
                "stream": true
            }
        ]
    },
    "ogrespawn": {
        "category": "ambient",
        "sounds": [
            {
                "name": "ogrespawn1",
                "stream": true
            },
            {
                "name": "ogrespawn2",
                "stream": true
            },
            {
                "name": "ogrespawn3",
                "stream": true
            }
        ]
    },
    "storejimmy": {
        "category": "ambient",
        "sounds": [
            {
                "name": "storejimmy1",
                "stream": true
            },
            {
                "name": "storejimmy2",
                "stream": true
            },
            {
                "name": "storejimmy3",
                "stream": true
            },
            {
                "name": "storejimmy4",
                "stream": true
            },
            {
                "name": "storejimmy5",
                "stream": true
            },
            {
                "name": "storejimmy6",
                "stream": true
            }
        ]
    },
    "monsterheroevent": {
        "category": "ambient",
        "sounds": [
            {
                "name": "monsterheroevent",
                "stream": true
            }
        ]
    },
	    "grand_paladin_authorization_required": {
        "category": "ambient",
        "sounds": [
            {
                "name": "grand_paladin_authorization_required",
                "stream": true
            }
        ]
    },
	    "musical.levelup": {
        "category": "ambient",
        "sounds": [
            {
                "name": "musical.levelup",
                "stream": true
            }
        ]
    },
	    "rat.laugh": {
        "category": "ambient",
        "sounds": [
            {
                "name": "rat.laugh",
                "stream": true
            }
        ]
    },
	    "bow.reload": {
        "category": "ambient",
        "sounds": [
            {
                "name": "bow.reload",
                "stream": true
            }
        ]
    },
	    "sword.prepare": {
        "category": "ambient",
        "sounds": [
            {
                "name": "sword.prepare",
                "stream": true
            }
        ]
    },
	    "musical.oldgods": {
        "category": "ambient",
        "sounds": [
            {
                "name": "musical.oldgods",
                "stream": true
            }
        ]
    },
	    "deathsound": {
        "category": "player",
        "sounds": [
            {
                "name": "deathsound",
                "stream": true
            }
        ]
    },
	    "sawmillaccident": {
        "category": "player",
        "sounds": [
            {
                "name": "sawmillaccident",
                "stream": true
            }
        ]
    }
}