{
    "ambient.cave": {
        "replace": true,
        "sounds": []
    },
    "weather.rain": {
        "replace": true,
        "sounds": []
    },
    "weather.rain.above": {
        "replace": true,
        "sounds": []
    },
    "entity.player.death": {
        "replace": true,
        "sounds": []
    },
    "entity.villager.ambient": {
        "replace": true,
        "sounds": []
    },
    "activatebow": {
        "sounds": [
            "activatebow"
        ]
    },
    "activateshield": {
        "sounds": [
            "activateshield"
        ]
    },
    "activatesword": {
        "sounds": [
            "activatesword"
        ]
    },
    "toolaxehit": {
        "sounds": [
            "toolaxehit1",
            "toolaxehit2"
        ]
    },
    "toolwoodchop": {
        "sounds": [
            "toolwoodchop1",
            "toolwoodchop2",
            "toolwoodchop3",
            "toolwoodchop4"
        ]
    },
    "wpnmonstersmash": {
        "sounds": [
            "wpnmonstersmash1",
            "wpnmonstersmash2",
            "wpnmonstersmash3",
            "wpnmonstersmash4"
        ]
    },
    "wpnmonstersmashbig": {
        "sounds": [
            "wpnmonstersmashbig1",
            "wpnmonstersmashbig2",
            "wpnmonstersmashbig3"
        ]
    },
    "wpnwarhammer": {
        "sounds": [
            "wpnwarhammer1",
            "wpnwarhammer2",
            "wpnwarhammer3",
            "wpnwarhammer4"
        ]
    },
    "wpncrossbow": {
        "sounds": [
            "wpncrossbow1",
            "wpncrossbow2",
            "wpncrossbow3",
            "wpncrossbow4"
        ]
    },
    "emeraldbowfire": {
        "sounds": [
            "emeraldbowfire1",
            "emeraldbowfire2",
            "emeraldbowfire3"
        ]
    },
    "emeraldbowdraw": {
        "sounds": [
            "emeraldbowdraw"
        ]
    },
    "hatgoggles": {
        "sounds": [
            "hatgoggles1",
            "hatgoggles2",
            "hatgoggles3",
            "hatgoggles4",
            "hatgoggles5"
        ]
    },
    "hatdragonwarrior": {
        "sounds": [
            "hatdragonwarrior"
        ]
    },
    "hatdragonsbreath": {
        "sounds": [
            "hatdragonsbreath"
        ]
    },
    "hatpharaoh": {
        "sounds": [
            "hatpharaoh"
        ]
    },
    "hatsunglasses": {
        "sounds": [
            "hatsunglasses"
        ]
    },
    "hatwolfhunter": {
        "sounds": [
            "hatwolfhunter"
        ]
    },
    "general.offcooldown": {
        "sounds": [
            "general.offcooldown"
        ]
    },
    "doomeventbarnyard": {
        "sounds": [
            {
                "name": "doomeventbarnyard",
                "stream": true
            }
        ]
    },
    "doomeventbopen": {
        "sounds": [
            {
                "name": "doomeventbopen",
                "stream": true
            }
        ]
    },
    "doomeventkrungor": {
        "sounds": [
            {
                "name": "doomeventkrungor",
                "stream": true
            }
        ]
    },
    "doomevent1": {
        "sounds": [
            {
                "name": "doomevent1",
                "stream": true
            }
        ]
    },
    "doomevent2": {
        "sounds": [
            {
                "name": "doomevent2",
                "stream": true
            }
        ]
    },
    "doomevent3": {
        "sounds": [
            {
                "name": "doomevent3",
                "stream": true
            }
        ]
    },
    "doomevent4": {
        "sounds": [
            {
                "name": "doomevent4",
                "stream": true
            }
        ]
    },
    "doomevent5": {
        "sounds": [
            {
                "name": "doomevent5",
                "stream": true
            }
        ]
    },
    "wpnwarpweaver": {
        "sounds": [
            "wpnwarpweaver"
        ]
    },
    "wpnplunder": {
        "sounds": [
            "wpnplunder"
        ]
    },
    "wind": {
        "sounds": [
            "wind"
        ]
    },
    "wpnsos": {
        "sounds": [
            {
                "name": "wpnsos",
                "stream": true
            }
        ]
    },
    "magiccoil": {
        "sounds": [
            {
                "name": "magiccoil",
                "stream": true
            }
        ]
    },
    "wpnbuffalohorn": {
        "sounds": [
            {
                "name": "wpnbuffalohorn",
                "stream": true
            }
        ]
    },
    "wpnproc": {
        "sounds": [
            {
                "name": "wpnproc",
                "stream": true
            }
        ]
    },
    "general.hitding": {
        "sounds": [
            {
                "name": "general.hitding",
                "stream": false
            }
        ]
    },
    "warhammercharge": {
        "sounds": [
            {
                "name": "warhammercharge",
                "stream": false
            }
        ]
    },
    "warhammerrankup": {
        "sounds": [
            {
                "name": "warhammerrankup",
                "stream": false
            }
        ]
    },
    "runebladerunedash": {
        "sounds": [
            {
                "name": "runebladerunedash",
                "stream": false
            }
        ]
    },
    "wpnenchantedlamp": {
        "sounds": [
            "wpnenchantedlamp"
        ]
    },
    "coin": {
        "sounds": [
            {
                "name": "misc/coin"
            }
        ]
    },
    "coinflip": {
        "sounds": [
            {
                "name": "misc/coinflip"
            }
        ]
    },
    "brucecasual1": {
        "sounds": [
            {
                "name": "brucecasual1",
                "stream": true
            }
        ]
    },
    "brucecombatgeneral1": {
        "sounds": [
            {
                "name": "brucecombatgeneral1",
                "stream": true
            }
        ]
    },
    "brucecombatgeneral2": {
        "sounds": [
            {
                "name": "brucecombatgeneral2",
                "stream": true
            }
        ]
    },
    "brucecombatgeneral3": {
        "sounds": [
            {
                "name": "brucecombatgeneral3",
                "stream": true
            }
        ]
    },
    "brucecombatgeneral4": {
        "sounds": [
            {
                "name": "brucecombatgeneral4",
                "stream": true
            }
        ]
    },
    "brucecombatgeneral5": {
        "sounds": [
            {
                "name": "brucecombatgeneral5",
                "stream": true
            }
        ]
    },
    "brucecombatgeneral6": {
        "sounds": [
            {
                "name": "brucecombatgeneral6",
                "stream": true
            }
        ]
    },
    "brucecombatgeneral7": {
        "sounds": [
            {
                "name": "brucecombatgeneral7",
                "stream": true
            }
        ]
    },
    "brucecombatgeneral8": {
        "sounds": [
            {
                "name": "brucecombatgeneral8",
                "stream": true
            }
        ]
    },
    "brucecombatgeneral9": {
        "sounds": [
            {
                "name": "brucecombatgeneral9",
                "stream": true
            }
        ]
    },
    "brucecombatgeneral10": {
        "sounds": [
            {
                "name": "brucecombatgeneral10",
                "stream": true
            }
        ]
    },
    "brucecombatgeneral11": {
        "sounds": [
            {
                "name": "brucecombatgeneral11",
                "stream": true
            }
        ]
    },
    "brucecombatgeneral12": {
        "sounds": [
            {
                "name": "brucecombatgeneral12",
                "stream": true
            }
        ]
    },
    "brucecombatgeneral13": {
        "sounds": [
            {
                "name": "brucecombatgeneral13",
                "stream": true
            }
        ]
    },
    "brucecombatindoors1": {
        "sounds": [
            {
                "name": "brucecombatindoors1",
                "stream": true
            }
        ]
    },
    "brucecombatindoors2": {
        "sounds": [
            {
                "name": "brucecombatindoors2",
                "stream": true
            }
        ]
    },
    "brucecombatindoors3": {
        "sounds": [
            {
                "name": "brucecombatindoors3",
                "stream": true
            }
        ]
    },
    "brucecombatindoors4": {
        "sounds": [
            {
                "name": "brucecombatindoors4",
                "stream": true
            }
        ]
    },
    "brucecombatoutdoors1": {
        "sounds": [
            {
                "name": "brucecombatoutdoors1",
                "stream": true
            }
        ]
    },
    "brucecombatoutdoors2": {
        "sounds": [
            {
                "name": "brucecombatoutdoors2",
                "stream": true
            }
        ]
    },
    "brucecombatoutdoors3": {
        "sounds": [
            {
                "name": "brucecombatoutdoors3",
                "stream": true
            }
        ]
    },
    "brucecombatoutdoors4": {
        "sounds": [
            {
                "name": "brucecombatoutdoors4",
                "stream": true
            }
        ]
    },
    "brucecombatoutdoors5": {
        "sounds": [
            {
                "name": "brucecombatoutdoors5",
                "stream": true
            }
        ]
    },
    "bruceexplosionnearby1": {
        "sounds": [
            {
                "name": "bruceexplosionnearby1",
                "stream": true
            }
        ]
    },
    "bruceexplosionnearby2": {
        "sounds": [
            {
                "name": "bruceexplosionnearby2",
                "stream": true
            }
        ]
    },
    "bruceexplosionnearby3": {
        "sounds": [
            {
                "name": "bruceexplosionnearby3",
                "stream": true
            }
        ]
    },
    "brucedeath": {
        "sounds": [
            {
                "name": "brucedeath",
                "stream": true
            }
        ]
    },
    "brucediggingzombiewarning": {
        "sounds": [
            {
                "name": "brucediggingzombiewarning",
                "stream": true
            }
        ]
    },
    "brucegolemwarning": {
        "sounds": [
            "brucegolemwarning1",
            "brucegolemwarning2",
            "brucegolemwarning3",
            "brucegolemwarning4"
        ]
    },
    "bruceintro": {
        "sounds": [
            {
                "name": "bruceintro",
                "stream": true
            }
        ]
    },
    "brucelowonmana1": {
        "sounds": [
            {
                "name": "brucelowonmana1",
                "stream": true
            }
        ]
    },
    "brucelowonmana2": {
        "sounds": [
            {
                "name": "brucelowonmana2",
                "stream": true
            }
        ]
    },
    "brucelowonmana3": {
        "sounds": [
            {
                "name": "brucelowonmana3",
                "stream": true
            }
        ]
    },
    "bruceproc1": {
        "sounds": [
            {
                "name": "bruceproc1",
                "stream": true
            }
        ]
    },
    "bruceproc2": {
        "sounds": [
            {
                "name": "bruceproc2",
                "stream": true
            }
        ]
    },
    "bruceproc3": {
        "sounds": [
            {
                "name": "bruceproc3",
                "stream": true
            }
        ]
    },
    "bruceproc": {
        "sounds": [
            "bruceproc1",
            "bruceproc2",
            "bruceproc3"
        ]
    },
    "bruceratswarning": {
        "sounds": [
            "bruceratswarning1",
            "bruceratswarning2",
            "bruceratswarning3",
            "bruceratswarning4"
        ]
    },
    "bruceshrinedestroyed1": {
        "sounds": [
            {
                "name": "bruceshrinedestroyed1",
                "stream": true
            }
        ]
    },
    "bruceshrinedestroyed2": {
        "sounds": [
            {
                "name": "bruceshrinedestroyed2",
                "stream": true
            }
        ]
    },
    "bruceshrinedestroyed3": {
        "sounds": [
            {
                "name": "bruceshrinedestroyed3",
                "stream": true
            }
        ]
    },
    "brucespideringswarning": {
        "sounds": [
            {
                "name": "brucespiderlingswarning1",
                "stream": true
            },
            {
                "name": "brucespiderlingswarning2",
                "stream": true
            }
        ]
    },
    "brucevenomburnerswarning": {
        "sounds": [
            {
                "name": "brucevenomburnerswarning1",
                "stream": true
            },
            {
                "name": "brucevenomburnerswarning2",
                "stream": true
            },
            {
                "name": "brucevenomburnerswarning3",
                "stream": true
            },
            {
                "name": "brucevenomburnerswarning4",
                "stream": true
            }
        ]
    },
    "brucewolveswarning": {
        "sounds": [
            {
                "name": "brucewolveswarning1",
                "stream": true
            },
            {
                "name": "brucewolveswarning2",
                "stream": true
            },
            {
                "name": "brucewolveswarning3",
                "stream": true
            },
            {
                "name": "brucewolveswarning4",
                "stream": true
            }
        ]
    },
    "brucemonstersreleased": {
        "sounds": [
            {
                "name": "brucemonstersreleased",
                "stream": true
            }
        ]
    },
    "brucenoprocwarning": {
        "sounds": [
            {
                "name": "brucenoprocwarning1",
                "stream": true
            },
            {
                "name": "brucenoprocwarning2",
                "stream": true
            },
            {
                "name": "brucenoprocwarning3",
                "stream": true
            }
        ]
    },
    "brucenomanawarning": {
        "sounds": [
            {
                "name": "brucenomanawarning1",
                "stream": true
            },
            {
                "name": "brucenomanawarning2",
                "stream": true
            },
            {
                "name": "brucenomanawarning3",
                "stream": true
            }
        ]
    },
    "brucenorepairwarning": {
        "sounds": [
            {
                "name": "brucenorepairwarning1",
                "stream": true
            },
            {
                "name": "brucenorepairwarning2",
                "stream": true
            },
            {
                "name": "brucenorepairwarning3",
                "stream": true
            }
        ]
    },
    "maliceintro": {
        "sounds": [
            {
                "name": "maliceintro",
                "stream": true
            }
        ]
    },
    "malicegeneral": {
        "sounds": [
            {
                "name": "malicegeneral1",
                "stream": true
            },
            {
                "name": "malicegeneral2",
                "stream": true
            },
            {
                "name": "malicegeneral3",
                "stream": true
            },
            {
                "name": "malicegeneral4",
                "stream": true
            },
            {
                "name": "malicegeneral5",
                "stream": true
            },
            {
                "name": "malicegeneral6",
                "stream": true
            },
            {
                "name": "malicegeneral7",
                "stream": true
            },
            {
                "name": "malicegeneral8",
                "stream": true
            }
        ]
    },
    "maliceuse": {
        "sounds": [
            {
                "name": "maliceuse1",
                "stream": true
            },
            {
                "name": "maliceuse2",
                "stream": true
            },
            {
                "name": "maliceuse3",
                "stream": true
            },
            {
                "name": "maliceuse4",
                "stream": true
            },
            {
                "name": "maliceuse5",
                "stream": true
            }
        ]
    },
    "daragorattack": {
        "sounds": [
            "daragorattack1",
            "daragorattack2",
            "daragorattack3",
            "daragorattack4"
        ]
    },
    "daragordeath": {
        "sounds": [
            "daragordeath"
        ]
    },
    "daragorspawn": {
        "sounds": [
            "daragorspawn"
        ]
    },
    "daragortaunt": {
        "sounds": [
            "daragortaunt1",
            "daragortaunt2",
            "daragortaunt3",
            "daragortaunt4",
            "daragortaunt5",
            "daragortaunt6"
        ]
    },
    "daragorworldcracker": {
        "sounds": [
            "daragorworldcracker1",
            "daragorworldcracker2"
        ]
    },
    "dvzlore1": {
        "sounds": [
            {
                "name": "dvzlore1",
                "stream": true
            }
        ]
    },
    "dvzlore2": {
        "sounds": [
            {
                "name": "dvzlore2",
                "stream": true
            }
        ]
    },
    "dvzlore3": {
        "sounds": [
            {
                "name": "dvzlore3",
                "stream": true
            }
        ]
    },
    "dvzlore4": {
        "sounds": [
            {
                "name": "dvzlore4",
                "stream": true
            }
        ]
    },
    "dvzlore5": {
        "sounds": [
            {
                "name": "dvzlore5",
                "stream": true
            }
        ]
    },
    "dvzlore6": {
        "sounds": [
            {
                "name": "dvzlore6",
                "stream": true
            }
        ]
    },
    "dvzlore7": {
        "sounds": [
            {
                "name": "dvzlore7",
                "stream": true
            }
        ]
    },
    "dvzlore8": {
        "sounds": [
            {
                "name": "dvzlore8",
                "stream": true
            }
        ]
    },
    "dvzlore9": {
        "sounds": [
            {
                "name": "dvzlore9",
                "stream": true
            }
        ]
    },
    "dvzlore10": {
        "sounds": [
            {
                "name": "dvzlore10",
                "stream": true
            }
        ]
    },
    "dvzlore11": {
        "sounds": [
            {
                "name": "dvzlore11",
                "stream": true
            }
        ]
    },
    "dvzlore12": {
        "sounds": [
            {
                "name": "dvzlore12",
                "stream": true
            }
        ]
    },
    "dvzlore13": {
        "sounds": [
            {
                "name": "dvzlore13",
                "stream": true
            }
        ]
    },
    "dvzlore14": {
        "sounds": [
            {
                "name": "dvzlore14",
                "stream": true
            }
        ]
    },
    "dvzlore15": {
        "sounds": [
            {
                "name": "dvzlore15",
                "stream": true
            }
        ]
    },
    "dvzlore16": {
        "sounds": [
            {
                "name": "dvzlore16",
                "stream": true
            }
        ]
    },
    "dvzlore17": {
        "sounds": [
            {
                "name": "dvzlore17",
                "stream": true
            }
        ]
    },
    "dvzlore18": {
        "sounds": [
            {
                "name": "dvzlore18",
                "stream": true
            }
        ]
    },
    "dvzlore19": {
        "sounds": [
            {
                "name": "dvzlore19",
                "stream": true
            }
        ]
    },
    "dvzlore20": {
        "sounds": [
            {
                "name": "dvzlore20",
                "stream": true
            }
        ]
    },
    "dvzlore21": {
        "sounds": [
            {
                "name": "dvzlore21",
                "stream": true
            }
        ]
    },
    "dvzlore22": {
        "sounds": [
            {
                "name": "dvzlore22",
                "stream": true
            }
        ]
    },
    "dvzlore23": {
        "sounds": [
            {
                "name": "dvzlore23",
                "stream": true
            }
        ]
    },
    "dvzlore24": {
        "sounds": [
            {
                "name": "dvzlore24",
                "stream": true
            }
        ]
    },
    "dvzlore25": {
        "sounds": [
            {
                "name": "dvzlore25",
                "stream": true
            }
        ]
    },
    "dvzlore26": {
        "sounds": [
            {
                "name": "dvzlore26",
                "stream": true
            }
        ]
    },
    "dvzlore27": {
        "sounds": [
            {
                "name": "dvzlore27",
                "stream": true
            }
        ]
    },
    "dvzlore28": {
        "sounds": [
            {
                "name": "dvzlore28",
                "stream": true
            }
        ]
    },
    "dvzlore29": {
        "sounds": [
            {
                "name": "dvzlore29",
                "stream": true
            }
        ]
    },
    "dvzlore30": {
        "sounds": [
            {
                "name": "dvzlore30",
                "stream": true
            }
        ]
    },
    "dvzlore31": {
        "sounds": [
            {
                "name": "dvzlore31",
                "stream": true
            }
        ]
    },
    "dvzlore32": {
        "sounds": [
            {
                "name": "dvzlore32",
                "stream": true
            }
        ]
    },
    "dvzlore33": {
        "sounds": [
            {
                "name": "dvzlore33",
                "stream": true
            }
        ]
    },
    "dvzlore34": {
        "sounds": [
            {
                "name": "dvzlore34",
                "stream": true
            }
        ]
    },
    "dvzlore35": {
        "sounds": [
            {
                "name": "dvzlore35",
                "stream": true
            }
        ]
    },
    "dvzlore36": {
        "sounds": [
            {
                "name": "dvzlore36",
                "stream": true
            }
        ]
    },
    "dvzlore37": {
        "sounds": [
            {
                "name": "dvzlore37",
                "stream": true
            }
        ]
    },
    "dvzlore38": {
        "sounds": [
            {
                "name": "dvzlore38",
                "stream": true
            }
        ]
    },
    "dvzlore39": {
        "sounds": [
            {
                "name": "dvzlore39",
                "stream": true
            }
        ]
    },
    "dvzlore40": {
        "sounds": [
            {
                "name": "dvzlore40",
                "stream": true
            }
        ]
    },
    "dvzlore41": {
        "sounds": [
            {
                "name": "dvzlore41",
                "stream": true
            }
        ]
    },
    "dvzlore42": {
        "sounds": [
            {
                "name": "dvzlore42",
                "stream": true
            }
        ]
    },
    "dvzlore43": {
        "sounds": [
            {
                "name": "dvzlore43",
                "stream": true
            }
        ]
    },
    "dvzlore44": {
        "sounds": [
            {
                "name": "dvzlore44",
                "stream": true
            }
        ]
    },
    "dvzlore45": {
        "sounds": [
            {
                "name": "dvzlore45",
                "stream": true
            }
        ]
    },
    "daragorfirebreath": {
        "sounds": [
            "daragorfirebreath1",
            "daragorfirebreath2",
            "daragorfirebreath3"
        ]
    },
    "introsong": {
        "sounds": [
            {
                "name": "introsong",
                "stream": true
            }
        ]
    },
    "nisovin.rocketboots": {
        "sounds": [
            {
                "name": "nisovin.rocketboots",
                "stream": false
            }
        ]
    },
    "nisovin.voicewormhole": {
        "sounds": [
            {
                "name": "nisovin.voicewormhole",
                "stream": true
            }
        ]
    },
    "nisovin.wandfire": {
        "sounds": [
            {
                "name": "nisovin.wandfire",
                "stream": false
            }
        ]
    },
    "nisovin.wandhit": {
        "sounds": [
            {
                "name": "nisovin.wandhit",
                "stream": false
            }
        ]
    },
    "nisovin.wormholeactivate": {
        "sounds": [
            {
                "name": "nisovin.wormholeactivate",
                "stream": true
            }
        ]
    },
    "nisovin.wormholefire": {
        "sounds": [
            {
                "name": "nisovin.wormholefire",
                "stream": true
            }
        ]
    },
    "nisovin.tinderflamedraw": {
        "sounds": [
            {
                "name": "nisovin.tinderflamedraw",
                "stream": true
            }
        ]
    },
    "nisovin.tinderflame": {
        "sounds": [
            "nisovin.tinderflame1",
            "nisovin.tinderflame2",
            "nisovin.tinderflame3"
        ]
    },
    "nisovin.voicerocketboots": {
        "sounds": [
            "nisovin.voicerocketboots1",
            "nisovin.voicerocketboots2",
            "nisovin.voicerocketboots3"
        ]
    },
    "nisovin.voicetinderflame": {
        "sounds": [
            "nisovin.voicetinderflame1",
            "nisovin.voicetinderflame2",
            "nisovin.voicetinderflame3",
            "nisovin.voicetinderflame4",
            "nisovin.voicetinderflame5",
            "nisovin.voicetinderflame6",
            "nisovin.voicetinderflame7",
            "nisovin.voicetinderflame8",
            "nisovin.voicetinderflame9",
            "nisovin.voicetinderflame10",
            "nisovin.voicetinderflame11"
        ]
    },
    "nisovinboltfire": {
        "sounds": [
            {
                "name": "nisovinboltfire1",
                "stream": false
            },
            {
                "name": "nisovinboltfire2",
                "stream": false
            },
            {
                "name": "nisovinboltfire3",
                "stream": false
            }
        ]
    },
    "nisovindeath": {
        "sounds": [
            {
                "name": "nisovindeath",
                "stream": true
            }
        ]
    },
    "nisovinlaugh": {
        "sounds": [
            {
                "name": "nisovinlaugh1",
                "stream": true
            },
            {
                "name": "nisovinlaugh2",
                "stream": true
            },
            {
                "name": "nisovinlaugh3",
                "stream": true
            },
            {
                "name": "nisovinlaugh4",
                "stream": true
            }
        ]
    },
    "nisovinlowonmana1": {
        "sounds": [
            {
                "name": "nisovinlowonmana1",
                "stream": true
            }
        ]
    },
    "nisovinlowonmana2": {
        "sounds": [
            {
                "name": "nisovinlowonmana2",
                "stream": true
            }
        ]
    },
    "nisovinlowonmana3": {
        "sounds": [
            {
                "name": "nisovinlowonmana3",
                "stream": true
            }
        ]
    },
    "music.game": {
        "replace": true,
        "sounds": []
    },
    "music.creative": {
        "replace": true,
        "sounds": []
    },
    "music.end": {
        "replace": true,
        "sounds": []
    },
    "music.credits": {
        "replace": true,
        "sounds": []
    },
    "music.dragon": {
        "replace": true,
        "sounds": []
    },
    "music.nether.basalt_deltas": {
        "replace": true,
        "sounds": []
    },
    "music.nether.crimson_forest": {
        "replace": true,
        "sounds": []
    },
    "music.nether.nether_wastes": {
        "replace": true,
        "sounds": []
    },
    "music.nether.soul_sand_valley": {
        "replace": true,
        "sounds": []
    },
    "music.nether.warped_forest": {
        "replace": true,
        "sounds": []
    },
    "music.overworld.deep_dark": {
        "replace": true,
        "sounds": []
    },
    "music.overworld.dripstone_caves": {
        "replace": true,
        "sounds": []
    },
    "music.overworld.frozen_peaks": {
        "replace": true,
        "sounds": []
    },
    "music.overworld.grove": {
        "replace": true,
        "sounds": []
    },
    "music.overworld.jagged_peaks": {
        "replace": true,
        "sounds": []
    },
    "music.overworld.jungle_and_forest": {
        "replace": true,
        "sounds": []
    },
    "music.overworld.lush_caves": {
        "replace": true,
        "sounds": []
    },
    "music.overworld.meadow": {
        "replace": true,
        "sounds": []
    },
    "music.overworld.old_growth_taiga": {
        "replace": true,
        "sounds": []
    },
    "music.overworld.snowy_slopes": {
        "replace": true,
        "sounds": []
    },
    "music.overworld.stony_peaks": {
        "replace": true,
        "sounds": []
    },
    "music.overworld.swamp": {
        "replace": true,
        "sounds": []
    },
    "music.under_water": {
        "replace": true,
        "sounds": []
    },
    "entity.arrow.shoot": {
        "replace": true,
        "sounds": [
            "random/custom.bow"
        ],
        "subtitle": "subtitles.entity.arrow.shoot"
    },
    "entity.skeleton.shoot": {
        "replace": true,
        "sounds": [
            "random/custom.bow"
        ],
        "subtitle": "subtitles.entity.skeleton.shoot"
    },
    "entity.arrow.hit": {
        "replace": true,
        "sounds": [
            "random/custom.bowhit1",
            "random/custom.bowhit2",
            "random/custom.bowhit3",
            "random/custom.bowhit4"
        ],
        "subtitle": "subtitles.entity.arrow.hit"
    },
    "roamindeath": {
        "sounds": [
            {
                "name": "roamindeath",
                "stream": true
            }
        ]
    },
    "random.drink": {
        "replace": true,
        "sounds": [
            "random/drink"
        ]
    },
    "random.levelup": {
        "replace": true,
        "sounds": [
            "random/levelup"
        ]
    },
    "roaminflamethrower": {
        "sounds": [
            {
                "name": "roaminflamethrower"
            }
        ]
    },
    "roaminheal": {
        "sounds": [
            {
                "name": "roaminheal",
                "stream": true
            }
        ]
    },
    "roaminholypurifier1": {
        "sounds": [
            {
                "name": "roaminholypurifier1",
                "stream": true
            }
        ]
    },
    "roaminholypurifier2": {
        "sounds": [
            {
                "name": "roaminholypurifier2",
                "stream": true
            }
        ]
    },
    "roaminholypurifier3": {
        "sounds": [
            {
                "name": "roaminholypurifier3",
                "stream": true
            }
        ]
    },
    "roaminholypurifier4": {
        "sounds": [
            {
                "name": "roaminholypurifier4",
                "stream": true
            }
        ]
    },
    "roaminholypurifier5": {
        "sounds": [
            {
                "name": "roaminholypurifier5",
                "stream": true
            }
        ]
    },
    "roaminlowonarmor1": {
        "sounds": [
            {
                "name": "roaminlowonarmor1",
                "stream": true
            }
        ]
    },
    "roaminlowonarmor2": {
        "sounds": [
            {
                "name": "roaminlowonarmor2",
                "stream": true
            }
        ]
    },
    "roaminlowonarmor3": {
        "sounds": [
            {
                "name": "roaminlowonarmor3",
                "stream": true
            }
        ]
    },
    "roaminlowonmana1": {
        "sounds": [
            {
                "name": "roaminlowonmana1",
                "stream": true
            }
        ]
    },
    "roaminlowonmana2": {
        "sounds": [
            {
                "name": "roaminlowonmana2",
                "stream": true
            }
        ]
    },
    "roaminlowonmana3": {
        "sounds": [
            {
                "name": "roaminlowonmana3",
                "stream": true
            }
        ]
    },
    "roaminoutofammo1": {
        "sounds": [
            {
                "name": "roaminoutofammo1",
                "stream": true
            }
        ]
    },
    "roaminoutofammo2": {
        "sounds": [
            {
                "name": "roaminoutofammo2",
                "stream": true
            }
        ]
    },
    "roaminoutofammo3": {
        "sounds": [
            {
                "name": "roaminoutofammo3",
                "stream": true
            }
        ]
    },
    "roaminrecharged1": {
        "sounds": [
            {
                "name": "roaminrecharged1",
                "stream": true
            }
        ]
    },
    "roaminrecharged2": {
        "sounds": [
            {
                "name": "roaminrecharged2",
                "stream": true
            }
        ]
    },
    "roaminrecharged3": {
        "sounds": [
            {
                "name": "roaminrecharged3",
                "stream": true
            }
        ]
    },
    "roaminrecharged4": {
        "sounds": [
            {
                "name": "roaminrecharged4",
                "stream": true
            }
        ]
    },
    "goblinaction": {
        "sounds": [
            {
                "name": "goblinaction1",
                "stream": true
            },
            {
                "name": "goblinaction2",
                "stream": true
            },
            {
                "name": "goblinaction3",
                "stream": true
            },
            {
                "name": "goblinaction4",
                "stream": true
            },
            {
                "name": "goblinaction5",
                "stream": true
            },
            {
                "name": "goblinaction6",
                "stream": true
            },
            {
                "name": "goblinaction7",
                "stream": true
            }
        ]
    },
    "goblinhurt": {
        "sounds": [
            {
                "name": "goblinhurt1",
                "stream": true
            },
            {
                "name": "goblinhurt2",
                "stream": true
            },
            {
                "name": "goblinhurt3",
                "stream": true
            },
            {
                "name": "goblinhurt4",
                "stream": true
            },
            {
                "name": "goblinhurt5",
                "stream": true
            },
            {
                "name": "goblinhurt6",
                "stream": true
            },
            {
                "name": "goblinhurt7",
                "stream": true
            }
        ]
    },
    "goblindie": {
        "sounds": [
            {
                "name": "goblindie1",
                "stream": true
            },
            {
                "name": "goblindie2",
                "stream": true
            },
            {
                "name": "goblindie3",
                "stream": true
            }
        ]
    },
    "goblinspawn": {
        "sounds": [
            {
                "name": "goblinspawn1",
                "stream": true
            },
            {
                "name": "goblinspawn2",
                "stream": true
            },
            {
                "name": "goblinspawn3",
                "stream": true
            }
        ]
    },
    "goblinkaboomready": {
        "sounds": [
            {
                "name": "goblinkaboomready",
                "stream": true
            }
        ]
    },
    "goblinkaboomfire": {
        "sounds": [
            {
                "name": "goblinkaboomfire",
                "stream": true
            }
        ]
    },
    "ogredie": {
        "sounds": [
            {
                "name": "ogredie1",
                "stream": true
            },
            {
                "name": "ogredie2",
                "stream": true
            },
            {
                "name": "ogredie3",
                "stream": true
            },
            {
                "name": "ogredie4",
                "stream": true
            }
        ]
    },
    "ogreattack": {
        "sounds": [
            {
                "name": "ogreattack1",
                "stream": true
            },
            {
                "name": "ogreattack2",
                "stream": true
            },
            {
                "name": "ogreattack3",
                "stream": true
            },
            {
                "name": "ogreattack4",
                "stream": true
            },
            {
                "name": "ogreattack5",
                "stream": true
            },
            {
                "name": "ogreattack6",
                "stream": true
            },
            {
                "name": "ogreattack7",
                "stream": true
            }
        ]
    },
    "ogrehurt": {
        "sounds": [
            {
                "name": "ogrehurt1",
                "stream": true
            },
            {
                "name": "ogrehurt2",
                "stream": true
            },
            {
                "name": "ogrehurt3",
                "stream": true
            }
        ]
    },
    "ogrespawn": {
        "sounds": [
            {
                "name": "ogrespawn1",
                "stream": true
            },
            {
                "name": "ogrespawn2",
                "stream": true
            },
            {
                "name": "ogrespawn3",
                "stream": true
            }
        ]
    },
    "storejimmy": {
        "sounds": [
            {
                "name": "storejimmy1",
                "stream": true
            },
            {
                "name": "storejimmy2",
                "stream": true
            },
            {
                "name": "storejimmy3",
                "stream": true
            },
            {
                "name": "storejimmy4",
                "stream": true
            },
            {
                "name": "storejimmy5",
                "stream": true
            },
            {
                "name": "storejimmy6",
                "stream": true
            }
        ]
    },
    "monsterheroevent": {
        "sounds": [
            {
                "name": "monsterheroevent",
                "stream": true
            }
        ]
    },
    "grand_paladin_authorization_required": {
        "sounds": [
            {
                "name": "grand_paladin_authorization_required",
                "stream": true
            }
        ]
    },
    "musical.levelup": {
        "sounds": [
            {
                "name": "musical.levelup",
                "stream": true
            }
        ]
    },
    "rat.laugh": {
        "sounds": [
            {
                "name": "rat.laugh",
                "stream": true
            }
        ]
    },
    "bow.reload": {
        "sounds": [
            {
                "name": "bow.reload",
                "stream": true
            }
        ]
    },
    "sword.prepare": {
        "sounds": [
            {
                "name": "sword.prepare",
                "stream": true
            }
        ]
    },
    "musical.oldgods": {
        "sounds": [
            {
                "name": "musical.oldgods",
                "stream": true
            }
        ]
    },
    "deathsound": {
        "sounds": [
            {
                "name": "deathsound",
                "stream": true
            }
        ]
    },
    "sawmillaccident": {
        "sounds": [
            {
                "name": "sawmillaccident",
                "stream": true
            }
        ]
    }
}