{
	"credit": "Made with Blockbench",
	"textures": {
		"0": "block/sculk_sensor_bottom",
		"particle": "block/sculk_sensor_bottom"
	},
	"elements": [
		{
			"from": [7.5, -16, 7.5],
			"to": [8.5, -13, 8.5],
			"faces": {
				"north": {"uv": [0, 0, 1.94118, 5.82353], "texture": "#0"},
				"east": {"uv": [0, 0, 1.94118, 5.82353], "texture": "#0"},
				"south": {"uv": [0, 0, 1.94118, 5.82353], "texture": "#0"},
				"west": {"uv": [0, 0, 1.94118, 5.82353], "texture": "#0"},
				"up": {"uv": [0, 0, 1.94118, 1.94118], "texture": "#0"},
				"down": {"uv": [0, 0, 1.94118, 1.94118], "texture": "#0"}
			}
		},
		{
			"from": [7.25, -13, 7.25],
			"to": [8.75, -10, 8.75],
			"faces": {
				"north": {"uv": [0, 0, 2.91176, 5.82353], "texture": "#0"},
				"east": {"uv": [0, 0, 2.91176, 5.82353], "texture": "#0"},
				"south": {"uv": [0, 0, 2.91176, 5.82353], "texture": "#0"},
				"west": {"uv": [0, 0, 2.91176, 5.82353], "texture": "#0"},
				"up": {"uv": [0, 0, 2.91176, 2.91176], "texture": "#0"},
				"down": {"uv": [0, 0, 2.91176, 2.91176], "texture": "#0"}
			}
		},
		{
			"from": [7, -10, 7],
			"to": [9, -7, 9],
			"faces": {
				"north": {"uv": [0, 0, 3.88235, 5.82353], "texture": "#0"},
				"east": {"uv": [0, 0, 3.88235, 5.82353], "texture": "#0"},
				"south": {"uv": [0, 0, 3.88235, 5.82353], "texture": "#0"},
				"west": {"uv": [0, 0, 3.88235, 5.82353], "texture": "#0"},
				"up": {"uv": [0, 0, 3.88235, 3.88235], "texture": "#0"},
				"down": {"uv": [0, 0, 3.88235, 3.88235], "texture": "#0"}
			}
		},
		{
			"from": [6.75, -7, 6.75],
			"to": [9.25, -4, 9.25],
			"faces": {
				"north": {"uv": [0, 0, 4.85294, 5.82353], "texture": "#0"},
				"east": {"uv": [0, 0, 4.85294, 5.82353], "texture": "#0"},
				"south": {"uv": [0, 0, 4.85294, 5.82353], "texture": "#0"},
				"west": {"uv": [0, 0, 4.85294, 5.82353], "texture": "#0"},
				"up": {"uv": [0, 0, 4.85294, 4.85294], "texture": "#0"},
				"down": {"uv": [0, 0, 4.85294, 4.85294], "texture": "#0"}
			}
		},
		{
			"from": [6.5, -4, 6.5],
			"to": [9.5, -1, 9.5],
			"faces": {
				"north": {"uv": [0, 0, 5.82353, 5.82353], "texture": "#0"},
				"east": {"uv": [0, 0, 5.82353, 5.82353], "texture": "#0"},
				"south": {"uv": [0, 0, 5.82353, 5.82353], "texture": "#0"},
				"west": {"uv": [0, 0, 5.82353, 5.82353], "texture": "#0"},
				"up": {"uv": [0, 0, 5.82353, 5.82353], "texture": "#0"},
				"down": {"uv": [0, 0, 5.82353, 5.82353], "texture": "#0"}
			}
		},
		{
			"from": [6.25, -1, 6.25],
			"to": [9.75, 2, 9.75],
			"faces": {
				"north": {"uv": [0, 0, 6.79412, 5.82353], "texture": "#0"},
				"east": {"uv": [0, 0, 6.79412, 5.82353], "texture": "#0"},
				"south": {"uv": [0, 0, 6.79412, 5.82353], "texture": "#0"},
				"west": {"uv": [0, 0, 6.79412, 5.82353], "texture": "#0"},
				"up": {"uv": [0, 0, 6.79412, 6.79412], "texture": "#0"},
				"down": {"uv": [0, 0, 6.79412, 6.79412], "texture": "#0"}
			}
		},
		{
			"from": [6, 2, 6],
			"to": [10, 5, 10],
			"faces": {
				"north": {"uv": [0, 0, 7.76471, 5.82353], "texture": "#0"},
				"east": {"uv": [0, 0, 7.76471, 5.82353], "texture": "#0"},
				"south": {"uv": [0, 0, 7.76471, 5.82353], "texture": "#0"},
				"west": {"uv": [0, 0, 7.76471, 5.82353], "texture": "#0"},
				"up": {"uv": [0, 0, 7.76471, 7.76471], "texture": "#0"},
				"down": {"uv": [0, 0, 7.76471, 7.76471], "texture": "#0"}
			}
		},
		{
			"from": [5.75, 5, 5.75],
			"to": [10.25, 8, 10.25],
			"faces": {
				"north": {"uv": [0, 0, 8.73529, 5.82353], "texture": "#0"},
				"east": {"uv": [0, 0, 8.73529, 5.82353], "texture": "#0"},
				"south": {"uv": [0, 0, 8.73529, 5.82353], "texture": "#0"},
				"west": {"uv": [0, 0, 8.73529, 5.82353], "texture": "#0"},
				"up": {"uv": [0, 0, 8.73529, 8.73529], "texture": "#0"},
				"down": {"uv": [0, 0, 8.73529, 8.73529], "texture": "#0"}
			}
		},
		{
			"from": [5.5, 8, 5.5],
			"to": [10.5, 11, 10.5],
			"faces": {
				"north": {"uv": [0, 0, 9.70588, 5.82353], "texture": "#0"},
				"east": {"uv": [0, 0, 9.70588, 5.82353], "texture": "#0"},
				"south": {"uv": [0, 0, 9.70588, 5.82353], "texture": "#0"},
				"west": {"uv": [0, 0, 9.70588, 5.82353], "texture": "#0"},
				"up": {"uv": [0, 0, 9.70588, 9.70588], "texture": "#0"},
				"down": {"uv": [0, 0, 9.70588, 9.70588], "texture": "#0"}
			}
		},
		{
			"from": [5.25, 11, 5.25],
			"to": [10.75, 14, 10.75],
			"faces": {
				"north": {"uv": [0, 0, 10.67647, 5.82353], "texture": "#0"},
				"east": {"uv": [0, 0, 10.67647, 5.82353], "texture": "#0"},
				"south": {"uv": [0, 0, 10.67647, 5.82353], "texture": "#0"},
				"west": {"uv": [0, 0, 10.67647, 5.82353], "texture": "#0"},
				"up": {"uv": [0, 0, 10.67647, 10.67647], "texture": "#0"},
				"down": {"uv": [0, 0, 10.67647, 10.67647], "texture": "#0"}
			}
		},
		{
			"from": [5, 14, 5],
			"to": [11, 17, 11],
			"faces": {
				"north": {"uv": [0, 0, 11.64706, 5.82353], "texture": "#0"},
				"east": {"uv": [0, 0, 11.64706, 5.82353], "texture": "#0"},
				"south": {"uv": [0, 0, 11.64706, 5.82353], "texture": "#0"},
				"west": {"uv": [0, 0, 11.64706, 5.82353], "texture": "#0"},
				"up": {"uv": [0, 0, 11.64706, 11.64706], "texture": "#0"},
				"down": {"uv": [0, 0, 11.64706, 11.64706], "texture": "#0"}
			}
		},
		{
			"from": [4.75, 17, 4.75],
			"to": [11.25, 20, 11.25],
			"faces": {
				"north": {"uv": [0, 0, 12.61765, 5.82353], "texture": "#0"},
				"east": {"uv": [0, 0, 12.61765, 5.82353], "texture": "#0"},
				"south": {"uv": [0, 0, 12.61765, 5.82353], "texture": "#0"},
				"west": {"uv": [0, 0, 12.61765, 5.82353], "texture": "#0"},
				"up": {"uv": [0, 0, 12.61765, 12.61765], "texture": "#0"},
				"down": {"uv": [0, 0, 12.61765, 12.61765], "texture": "#0"}
			}
		},
		{
			"from": [4.5, 20, 4.5],
			"to": [11.5, 23, 11.5],
			"faces": {
				"north": {"uv": [0, 0, 13.58824, 5.82353], "texture": "#0"},
				"east": {"uv": [0, 0, 13.58824, 5.82353], "texture": "#0"},
				"south": {"uv": [0, 0, 13.58824, 5.82353], "texture": "#0"},
				"west": {"uv": [0, 0, 13.58824, 5.82353], "texture": "#0"},
				"up": {"uv": [0, 0, 13.58824, 13.58824], "texture": "#0"},
				"down": {"uv": [0, 0, 13.58824, 13.58824], "texture": "#0"}
			}
		},
		{
			"from": [4.25, 23, 4.25],
			"to": [11.75, 26, 11.75],
			"faces": {
				"north": {"uv": [0, 0, 14.55882, 5.82353], "texture": "#0"},
				"east": {"uv": [0, 0, 14.55882, 5.82353], "texture": "#0"},
				"south": {"uv": [0, 0, 14.55882, 5.82353], "texture": "#0"},
				"west": {"uv": [0, 0, 14.55882, 5.82353], "texture": "#0"},
				"up": {"uv": [0, 0, 14.55882, 14.55882], "texture": "#0"},
				"down": {"uv": [0, 0, 14.55882, 14.55882], "texture": "#0"}
			}
		},
		{
			"from": [4, 26, 4],
			"to": [12, 29, 12],
			"faces": {
				"north": {"uv": [0, 0, 15.52941, 5.82353], "texture": "#0"},
				"east": {"uv": [0, 0, 15.52941, 5.82353], "texture": "#0"},
				"south": {"uv": [0, 0, 15.52941, 5.82353], "texture": "#0"},
				"west": {"uv": [0, 0, 15.52941, 5.82353], "texture": "#0"},
				"up": {"uv": [0, 0, 15.52941, 15.52941], "texture": "#0"},
				"down": {"uv": [0, 0, 15.52941, 15.52941], "texture": "#0"}
			}
		},
		{
			"from": [3.75, 29, 3.75],
			"to": [12.25, 32, 12.25],
			"faces": {
				"north": {"uv": [0, 0, 16.5, 5.82353], "texture": "#0"},
				"east": {"uv": [0, 0, 16.5, 5.82353], "texture": "#0"},
				"south": {"uv": [0, 0, 16.5, 5.82353], "texture": "#0"},
				"west": {"uv": [0, 0, 16.5, 5.82353], "texture": "#0"},
				"up": {"uv": [0, 0, 16.5, 16.5], "texture": "#0"},
				"down": {"uv": [0, 0, 16.5, 16.5], "texture": "#0"}
			}
		}
	],
	"display": {
		"thirdperson_righthand": {
			"scale": [4, 4, 4]
		},
		"thirdperson_lefthand": {
			"scale": [4, 4, 4]
		},
		"firstperson_righthand": {
			"scale": [4, 4, 4]
		},
		"firstperson_lefthand": {
			"scale": [4, 4, 4]
		},
		"ground": {
			"scale": [4, 4, 4]
		},
		"head": {
			"scale": [4, 4, 4]
		},
		"fixed": {
			"scale": [4, 4, 4]
		}
	}
}