{
"__comment": "dvz Statue",
"__comment": "Not to be reused. Created for the Buffalo Wizard Servers",
    "textures": {
        "0": "block/characters/zombie/head - back",
        "1": "block/characters/zombie/head - left",
        "2": "block/characters/zombie/head - front",
        "3": "block/characters/zombie/head - right",
        "4": "block/characters/zombie/head - top",
        "5": "block/characters/zombie/head - bottom",
        "6": "block/characters/zombie/body - back",
        "7": "block/characters/zombie/body - left",
        "8": "block/characters/zombie/body - front",
        "9": "block/characters/zombie/body - right",
        "10": "block/characters/zombie/body - top",
        "11": "block/characters/zombie/body - bottom",
        "12": "block/characters/zombie/left shoulder - back",
        "13": "block/characters/zombie/left shoulder - left",
        "14": "block/characters/zombie/left shoulder - front",
        "15": "block/characters/zombie/left shoulder - right",
        "16": "block/characters/zombie/left shoulder - top",
        "17": "block/characters/zombie/left shoulder - bottom",
        "18": "block/characters/zombie/left arm - back",
        "19": "block/characters/zombie/left arm - left",
        "20": "block/characters/zombie/left arm - front",
        "21": "block/characters/zombie/left arm - right",
        "22": "block/characters/zombie/left arm - top",
        "23": "block/characters/zombie/left arm - bottom",
        "24": "block/characters/zombie/right thigh - back",
        "25": "block/characters/zombie/right thigh - left",
        "26": "block/characters/zombie/right thigh - front",
        "27": "block/characters/zombie/right thigh - right",
        "28": "block/characters/zombie/right thigh - top",
        "29": "block/characters/zombie/right thigh - bottom",
        "30": "block/characters/zombie/left thigh - back",
        "31": "block/characters/zombie/left thigh - left",
        "32": "block/characters/zombie/left thigh - front",
        "33": "block/characters/zombie/left thigh - right",
        "34": "block/characters/zombie/left thigh - top",
        "35": "block/characters/zombie/left thigh - bottom",
        "36": "block/characters/zombie/right foot - back",
        "37": "block/characters/zombie/right foot - left",
        "38": "block/characters/zombie/right foot - front",
        "39": "block/characters/zombie/right foot - right",
        "40": "block/characters/zombie/right foot - top",
        "41": "block/characters/zombie/right foot - bottom",
        "42": "block/characters/zombie/left foot - back",
        "43": "block/characters/zombie/left foot - left",
        "44": "block/characters/zombie/left foot - front",
        "45": "block/characters/zombie/left foot - right",
        "46": "block/characters/zombie/left foot - top",
        "47": "block/characters/zombie/left foot - bottom"
    },
    "elements": [
        {
            "name": "head",
            "from": [ 4.0, 24.0, 4.0 ], 
            "to": [ 12.0, 32.0, 12.0 ], 
            "shade": false,
            "faces": {
                "north": { "texture": "#0", "uv": [ 0.0, 0.0, 8.0, 8.0 ] },
                "east": { "texture": "#1", "uv": [ 0.0, 0.0, 8.0, 8.0 ] },
                "south": { "texture": "#2", "uv": [ 0.0, 0.0, 8.0, 8.0 ] },
                "west": { "texture": "#3", "uv": [ 0.0, 0.0, 8.0, 8.0 ] },
                "up": { "texture": "#4", "uv": [ 0.0, 0.0, 8.0, 8.0 ] },
                "down": { "texture": "#5", "uv": [ 0.0, 0.0, 8.0, 8.0 ] }
            }
        },
        {
            "name": "torso",
            "from": [ 4.0, 12.0, 6.0 ], 
            "to": [ 12.0, 24.0, 10.0 ], 
            "faces": {
                "north": { "texture": "#6", "uv": [ 0.0, 0.0, 8.0, 12.0 ] },
                "east": { "texture": "#7", "uv": [ 0.0, 0.0, 4.0, 12.0 ] },
                "south": { "texture": "#8", "uv": [ 0.0, 0.0, 8.0, 12.0 ] },
                "west": { "texture": "#9", "uv": [ 0.0, 0.0, 4.0, 12.0 ] },
                "up": { "texture": "#10", "uv": [ 0.0, 0.0, 8.0, 4.0 ] },
                "down": { "texture": "#11", "uv": [ 0.0, 0.0, 8.0, 4.0 ] }
            }
        },
        {
            "name": "shoulder - left",
            "from": [ 11.0, 20.0, 10.0 ], 
            "to": [ 15.0, 24.0, 14.0 ], 
            "rotation": { "origin": [ 8.0, 8.0, 8.0 ], "axis": "y", "angle": 45.0 },
            "faces": {
                "north": { "texture": "#12", "uv": [ 0.0, 0.0, 4.0, 4.0 ] },
                "east": { "texture": "#13", "uv": [ 0.0, 0.0, 4.0, 4.0 ] },
                "south": { "texture": "#14", "uv": [ 0.0, 0.0, 4.0, 4.0 ] },
                "west": { "texture": "#15", "uv": [ 0.0, 0.0, 4.0, 4.0 ] },
                "up": { "texture": "#16", "uv": [ 0.0, 0.0, 4.0, 4.0 ] },
                "down": { "texture": "#17", "uv": [ 0.0, 0.0, 4.0, 4.0 ] }
            }
        },
        {
            "name": "arm - left",
            "from": [ 13.0, 9.0, 13.0 ], 
            "to": [ 17.0, 18.0, 17.0 ], 
            "rotation": { "origin": [ 8.0, 8.0, 8.0 ], "axis": "x", "angle": -45.0 },
            "faces": {
                "north": { "texture": "#18", "uv": [ 0.0, 0.0, 4.0, 9.0 ] },
                "east": { "texture": "#19", "uv": [ 0.0, 0.0, 4.0, 9.0 ] },
                "south": { "texture": "#20", "uv": [ 0.0, 0.0, 4.0, 9.0 ] },
                "west": { "texture": "#21", "uv": [ 0.0, 0.0, 2.0, 9.0 ] },
                "up": { "texture": "#22", "uv": [ 0.0, 0.0, 4.0, 4.0 ] },
                "down": { "texture": "#23", "uv": [ 0.0, 0.0, 4.0, 4.0 ] }
            }
        },
        {
            "name": "thigh - right",
            "from": [ 5.0, 6.0, 7.0 ], 
            "to": [ 9.0, 14.0, 11.0 ], 
            "rotation": { "origin": [ 8.0, 8.0, 8.0 ], "axis": "y", "angle": -45.0 },
            "faces": {
                "north": { "texture": "#24", "uv": [ 0.0, 0.0, 4.0, 8.0 ] },
                "east": { "texture": "#25", "uv": [ 0.0, 0.0, 4.0, 8.0 ] },
                "south": { "texture": "#26", "uv": [ 0.0, 0.0, 4.0, 8.0 ] },
                "west": { "texture": "#27", "uv": [ 0.0, 0.0, 4.0, 8.0 ] },
                "up": { "texture": "#28", "uv": [ 0.0, 0.0, 4.0, 4.0 ] },
                "down": { "texture": "#29", "uv": [ 0.0, 0.0, 4.0, 4.0 ] }
            }
        },
        {
            "name": "thigh - left",
            "from": [ 10.0, 4.0, 6.0 ], 
            "to": [ 14.0, 12.0, 10.0 ], 
            "rotation": { "origin": [ 8.0, 8.0, 8.0 ], "axis": "z", "angle": 22.5 },
            "faces": {
                "north": { "texture": "#30", "uv": [ 0.0, 0.0, 4.0, 8.0 ] },
                "east": { "texture": "#31", "uv": [ 0.0, 0.0, 4.0, 8.0 ] },
                "south": { "texture": "#32", "uv": [ 0.0, 0.0, 4.0, 8.0 ] },
                "west": { "texture": "#33", "uv": [ 0.0, 0.0, 4.0, 8.0 ] },
                "up": { "texture": "#34", "uv": [ 0.0, 0.0, 4.0, 4.0 ] },
                "down": { "texture": "#35", "uv": [ 0.0, 0.0, 4.0, 4.0 ] }
            }
        },
        {
            "name": "foot - right",
            "from": [ 4.0, 0.0, 6.0 ], 
            "to": [ 8.0, 7.0, 10.0 ], 
            "rotation": { "origin": [ 8.0, 8.0, 8.0 ], "axis": "x", "angle": 22.5 },
            "faces": {
                "north": { "texture": "#36", "uv": [ 0.0, 0.0, 4.0, 7.0 ] },
                "east": { "texture": "#37", "uv": [ 0.0, 0.0, 2.0, 7.0 ] },
                "south": { "texture": "#38", "uv": [ 0.0, 0.0, 4.0, 7.0 ] },
                "west": { "texture": "#39", "uv": [ 0.0, 0.0, 4.0, 7.0 ] },
                "up": { "texture": "#40", "uv": [ 0.0, 0.0, 4.0, 4.0 ] },
                "down": { "texture": "#41", "uv": [ 0.0, 0.0, 4.0, 4.0 ] }
            }
        },
        {
            "name": "foot - left",
            "from": [ 9.0, 0.0, 9.0 ], 
            "to": [ 13.0, 7.0, 13.0 ], 
            "rotation": { "origin": [ 8.0, 8.0, 8.0 ], "axis": "y", "angle": 45.0 },
            "faces": {
                "north": { "texture": "#42", "uv": [ 0.0, 0.0, 4.0, 7.0 ] },
                "east": { "texture": "#43", "uv": [ 0.0, 0.0, 4.0, 7.0 ] },
                "south": { "texture": "#44", "uv": [ 0.0, 0.0, 4.0, 7.0 ] },
                "west": { "texture": "#45", "uv": [ 0.0, 0.0, 4.0, 7.0 ] },
                "up": { "texture": "#46", "uv": [ 0.0, 0.0, 4.0, 4.0 ] },
                "down": { "texture": "#47", "uv": [ 0.0, 0.0, 4.0, 4.0 ] }
            }
        }
    ]
}