{
	"parent": "minecraft:item/generated",
	"textures": {
		"layer0": "minecraft:item/apple"
	},
	"overrides": [
		{ "predicate": { "custom_model_data": 1 }, "model": "item/food/models/apple" },
		{ "predicate": { "custom_model_data": 2 }, "model": "item/food/models/cooked_chicken" },
		{ "predicate": { "custom_model_data": 3 }, "model": "item/food/models/cooked_cod" },
		{ "predicate": { "custom_model_data": 4 }, "model": "item/food/models/cooked_mutton" },
		{ "predicate": { "custom_model_data": 5 }, "model": "item/food/models/cooked_porkchop" },
		{ "predicate": { "custom_model_data": 6 }, "model": "item/food/models/cooked_rabbit" },
		{ "predicate": { "custom_model_data": 7 }, "model": "item/food/models/cooked_salmon" },
		{ "predicate": { "custom_model_data": 8 }, "model": "item/food/models/enchanted_golden_apple" },
		{ "predicate": { "custom_model_data": 9 }, "model": "item/food/models/mutton" },
		{ "predicate": { "custom_model_data": 10 }, "model": "item/food/models/porkchop" },
		{ "predicate": { "custom_model_data": 11 }, "model": "item/food/models/rabbit" },

		{ "predicate": { "custom_model_data": 12 }, "model": "item/food/acorn" },
		{ "predicate": { "custom_model_data": 13 }, "model": "item/food/agility-fruit" },
		{ "predicate": { "custom_model_data": 14 }, "model": "item/food/algae" },
		{ "predicate": { "custom_model_data": 15 }, "model": "item/food/bacon" },
		{ "predicate": { "custom_model_data": 16 }, "model": "item/food/baked_potato" },
		{ "predicate": { "custom_model_data": 17 }, "model": "item/food/bakery_f_07" },
		{ "predicate": { "custom_model_data": 18 }, "model": "item/food/baking_01" },
		{ "predicate": { "custom_model_data": 19 }, "model": "item/food/baking_02" },
		{ "predicate": { "custom_model_data": 20 }, "model": "item/food/baking_03" },
		{ "predicate": { "custom_model_data": 21 }, "model": "item/food/baking_04" },
		{ "predicate": { "custom_model_data": 22 }, "model": "item/food/baking_05" },
		{ "predicate": { "custom_model_data": 23 }, "model": "item/food/bananas" },
		{ "predicate": { "custom_model_data": 24 }, "model": "item/food/barrel" },
		{ "predicate": { "custom_model_data": 25 }, "model": "item/food/beer" },
		{ "predicate": { "custom_model_data": 26 }, "model": "item/food/beet" },
		{ "predicate": { "custom_model_data": 27 }, "model": "item/food/beetroot" },
		{ "predicate": { "custom_model_data": 28 }, "model": "item/food/beetroot_soup" },
		{ "predicate": { "custom_model_data": 29 }, "model": "item/food/beet_02" },
		{ "predicate": { "custom_model_data": 30 }, "model": "item/food/berries_01" },
		{ "predicate": { "custom_model_data": 31 }, "model": "item/food/berries_02" },
		{ "predicate": { "custom_model_data": 32 }, "model": "item/food/berries_03" },
		{ "predicate": { "custom_model_data": 33 }, "model": "item/food/berries_04" },
		{ "predicate": { "custom_model_data": 34 }, "model": "item/food/berries_05" },
		{ "predicate": { "custom_model_data": 35 }, "model": "item/food/berries_05_b" },
		{ "predicate": { "custom_model_data": 36 }, "model": "item/food/berries_06" },
		{ "predicate": { "custom_model_data": 37 }, "model": "item/food/bone" },
		{ "predicate": { "custom_model_data": 38 }, "model": "item/food/bottle_01" },
		{ "predicate": { "custom_model_data": 39 }, "model": "item/food/bottle_02" },
		{ "predicate": { "custom_model_data": 40 }, "model": "item/food/bread" },
		{ "predicate": { "custom_model_data": 41 }, "model": "item/food/bucket_01" },
		{ "predicate": { "custom_model_data": 42 }, "model": "item/food/bucket_02" },
		{ "predicate": { "custom_model_data": 43 }, "model": "item/food/cabbage_01" },
		{ "predicate": { "custom_model_data": 44 }, "model": "item/food/cabbage_02" },
		{ "predicate": { "custom_model_data": 45 }, "model": "item/food/cake" },
		{ "predicate": { "custom_model_data": 46 }, "model": "item/food/candy" },
		{ "predicate": { "custom_model_data": 47 }, "model": "item/food/carrots_01" },
		{ "predicate": { "custom_model_data": 48 }, "model": "item/food/carrots_02" },
		{ "predicate": { "custom_model_data": 49 }, "model": "item/food/cheese_01" },
		{ "predicate": { "custom_model_data": 50 }, "model": "item/food/cheese_02" },
		{ "predicate": { "custom_model_data": 51 }, "model": "item/food/cheese_03" },
		{ "predicate": { "custom_model_data": 52 }, "model": "item/food/cherries" },
		{ "predicate": { "custom_model_data": 53 }, "model": "item/food/chicken" },
		{ "predicate": { "custom_model_data": 54 }, "model": "item/food/chocolate" },
		{ "predicate": { "custom_model_data": 55 }, "model": "item/food/coconut" },
		{ "predicate": { "custom_model_data": 56 }, "model": "item/food/coffee" },
		{ "predicate": { "custom_model_data": 57 }, "model": "item/food/common_shell" },
		{ "predicate": { "custom_model_data": 58 }, "model": "item/food/cookies" },
		{ "predicate": { "custom_model_data": 59 }, "model": "item/food/corn_01" },
		{ "predicate": { "custom_model_data": 60 }, "model": "item/food/cucumber" },
		{ "predicate": { "custom_model_data": 61 }, "model": "item/food/cupcake" },
		{ "predicate": { "custom_model_data": 62 }, "model": "item/food/dessert" },
		{ "predicate": { "custom_model_data": 63 }, "model": "item/food/dish_01" },
		{ "predicate": { "custom_model_data": 64 }, "model": "item/food/dish_02" },
		{ "predicate": { "custom_model_data": 65 }, "model": "item/food/dish_03" },
		{ "predicate": { "custom_model_data": 66 }, "model": "item/food/dish_03_b" },
		{ "predicate": { "custom_model_data": 67 }, "model": "item/food/dish_04" },
		{ "predicate": { "custom_model_data": 68 }, "model": "item/food/dish_04_b" },
		{ "predicate": { "custom_model_data": 69 }, "model": "item/food/dish_05" },
		{ "predicate": { "custom_model_data": 70 }, "model": "item/food/dish_05_b" },
		{ "predicate": { "custom_model_data": 71 }, "model": "item/food/eggplant_01" },
		{ "predicate": { "custom_model_data": 72 }, "model": "item/food/eggplant_02" },
		{ "predicate": { "custom_model_data": 73 }, "model": "item/food/eggs_01" },
		{ "predicate": { "custom_model_data": 74 }, "model": "item/food/eggs_02" },
		{ "predicate": { "custom_model_data": 75 }, "model": "item/food/eggs_03" },
		{ "predicate": { "custom_model_data": 76 }, "model": "item/food/egg_n_01" },
		{ "predicate": { "custom_model_data": 77 }, "model": "item/food/fish_01" },
		{ "predicate": { "custom_model_data": 78 }, "model": "item/food/fish_02" },
		{ "predicate": { "custom_model_data": 79 }, "model": "item/food/fish_03" },
		{ "predicate": { "custom_model_data": 80 }, "model": "item/food/fish_04" },
		{ "predicate": { "custom_model_data": 81 }, "model": "item/food/fish_05" },
		{ "predicate": { "custom_model_data": 82 }, "model": "item/food/fish_bone" },
		{ "predicate": { "custom_model_data": 83 }, "model": "item/food/fish_f" },
		{ "predicate": { "custom_model_data": 84 }, "model": "item/food/flask" },
		{ "predicate": { "custom_model_data": 85 }, "model": "item/food/fooditem1" },
		{ "predicate": { "custom_model_data": 86 }, "model": "item/food/fooditem10" },
		{ "predicate": { "custom_model_data": 87 }, "model": "item/food/fooditem11" },
		{ "predicate": { "custom_model_data": 88 }, "model": "item/food/fooditem12" },
		{ "predicate": { "custom_model_data": 89 }, "model": "item/food/fooditem13" },
		{ "predicate": { "custom_model_data": 90 }, "model": "item/food/fooditem14" },
		{ "predicate": { "custom_model_data": 91 }, "model": "item/food/fooditem15" },
		{ "predicate": { "custom_model_data": 92 }, "model": "item/food/fooditem16" },
		{ "predicate": { "custom_model_data": 93 }, "model": "item/food/fooditem17" },
		{ "predicate": { "custom_model_data": 94 }, "model": "item/food/fooditem18" },
		{ "predicate": { "custom_model_data": 95 }, "model": "item/food/fooditem19" },
		{ "predicate": { "custom_model_data": 96 }, "model": "item/food/fooditem2" },
		{ "predicate": { "custom_model_data": 97 }, "model": "item/food/fooditem20" },
		{ "predicate": { "custom_model_data": 98 }, "model": "item/food/fooditem21" },
		{ "predicate": { "custom_model_data": 99 }, "model": "item/food/fooditem22" },
		{ "predicate": { "custom_model_data": 100 }, "model": "item/food/fooditem23" },
		{ "predicate": { "custom_model_data": 101 }, "model": "item/food/fooditem24" },
		{ "predicate": { "custom_model_data": 102 }, "model": "item/food/fooditem25" },
		{ "predicate": { "custom_model_data": 103 }, "model": "item/food/fooditem26" },
		{ "predicate": { "custom_model_data": 104 }, "model": "item/food/fooditem27" },
		{ "predicate": { "custom_model_data": 105 }, "model": "item/food/fooditem28" },
		{ "predicate": { "custom_model_data": 106 }, "model": "item/food/fooditem29" },
		{ "predicate": { "custom_model_data": 107 }, "model": "item/food/fooditem3" },
		{ "predicate": { "custom_model_data": 108 }, "model": "item/food/fooditem30" },
		{ "predicate": { "custom_model_data": 109 }, "model": "item/food/fooditem31" },
		{ "predicate": { "custom_model_data": 110 }, "model": "item/food/fooditem32" },
		{ "predicate": { "custom_model_data": 111 }, "model": "item/food/fooditem33" },
		{ "predicate": { "custom_model_data": 112 }, "model": "item/food/fooditem34" },
		{ "predicate": { "custom_model_data": 113 }, "model": "item/food/fooditem35" },
		{ "predicate": { "custom_model_data": 114 }, "model": "item/food/fooditem36" },
		{ "predicate": { "custom_model_data": 115 }, "model": "item/food/fooditem37" },
		{ "predicate": { "custom_model_data": 116 }, "model": "item/food/fooditem38" },
		{ "predicate": { "custom_model_data": 117 }, "model": "item/food/fooditem39" },
		{ "predicate": { "custom_model_data": 118 }, "model": "item/food/fooditem4" },
		{ "predicate": { "custom_model_data": 119 }, "model": "item/food/fooditem40" },
		{ "predicate": { "custom_model_data": 120 }, "model": "item/food/fooditem41" },
		{ "predicate": { "custom_model_data": 121 }, "model": "item/food/fooditem42" },
		{ "predicate": { "custom_model_data": 122 }, "model": "item/food/fooditem43" },
		{ "predicate": { "custom_model_data": 123 }, "model": "item/food/fooditem44" },
		{ "predicate": { "custom_model_data": 124 }, "model": "item/food/fooditem45" },
		{ "predicate": { "custom_model_data": 125 }, "model": "item/food/fooditem46" },
		{ "predicate": { "custom_model_data": 126 }, "model": "item/food/fooditem47" },
		{ "predicate": { "custom_model_data": 127 }, "model": "item/food/fooditem48" },
		{ "predicate": { "custom_model_data": 128 }, "model": "item/food/fooditem49" },
		{ "predicate": { "custom_model_data": 129 }, "model": "item/food/fooditem5" },
		{ "predicate": { "custom_model_data": 130 }, "model": "item/food/fooditem50" },
		{ "predicate": { "custom_model_data": 131 }, "model": "item/food/fooditem51" },
		{ "predicate": { "custom_model_data": 132 }, "model": "item/food/fooditem52" },
		{ "predicate": { "custom_model_data": 133 }, "model": "item/food/fooditem53" },
		{ "predicate": { "custom_model_data": 134 }, "model": "item/food/fooditem54" },
		{ "predicate": { "custom_model_data": 135 }, "model": "item/food/fooditem55" },
		{ "predicate": { "custom_model_data": 136 }, "model": "item/food/fooditem56" },
		{ "predicate": { "custom_model_data": 137 }, "model": "item/food/fooditem57" },
		{ "predicate": { "custom_model_data": 138 }, "model": "item/food/fooditem58" },
		{ "predicate": { "custom_model_data": 139 }, "model": "item/food/fooditem59" },
		{ "predicate": { "custom_model_data": 140 }, "model": "item/food/fooditem6" },
		{ "predicate": { "custom_model_data": 141 }, "model": "item/food/fooditem60" },
		{ "predicate": { "custom_model_data": 142 }, "model": "item/food/fooditem61" },
		{ "predicate": { "custom_model_data": 143 }, "model": "item/food/fooditem62" },
		{ "predicate": { "custom_model_data": 144 }, "model": "item/food/fooditem63" },
		{ "predicate": { "custom_model_data": 145 }, "model": "item/food/fooditem64" },
		{ "predicate": { "custom_model_data": 146 }, "model": "item/food/fooditem65" },
		{ "predicate": { "custom_model_data": 147 }, "model": "item/food/fooditem66" },
		{ "predicate": { "custom_model_data": 148 }, "model": "item/food/fooditem67" },
		{ "predicate": { "custom_model_data": 149 }, "model": "item/food/fooditem68" },
		{ "predicate": { "custom_model_data": 150 }, "model": "item/food/fooditem69" },
		{ "predicate": { "custom_model_data": 151 }, "model": "item/food/fooditem7" },
		{ "predicate": { "custom_model_data": 152 }, "model": "item/food/fooditem70" },
		{ "predicate": { "custom_model_data": 153 }, "model": "item/food/fooditem71" },
		{ "predicate": { "custom_model_data": 154 }, "model": "item/food/fooditem72" },
		{ "predicate": { "custom_model_data": 155 }, "model": "item/food/fooditem73" },
		{ "predicate": { "custom_model_data": 156 }, "model": "item/food/fooditem74" },
		{ "predicate": { "custom_model_data": 157 }, "model": "item/food/fooditem75" },
		{ "predicate": { "custom_model_data": 158 }, "model": "item/food/fooditem76" },
		{ "predicate": { "custom_model_data": 159 }, "model": "item/food/fooditem77" },
		{ "predicate": { "custom_model_data": 160 }, "model": "item/food/fooditem78" },
		{ "predicate": { "custom_model_data": 161 }, "model": "item/food/fooditem79" },
		{ "predicate": { "custom_model_data": 162 }, "model": "item/food/fooditem8" },
		{ "predicate": { "custom_model_data": 163 }, "model": "item/food/fooditem80" },
		{ "predicate": { "custom_model_data": 164 }, "model": "item/food/fooditem81" },
		{ "predicate": { "custom_model_data": 165 }, "model": "item/food/fooditem82" },
		{ "predicate": { "custom_model_data": 166 }, "model": "item/food/fooditem83" },
		{ "predicate": { "custom_model_data": 167 }, "model": "item/food/fooditem84" },
		{ "predicate": { "custom_model_data": 168 }, "model": "item/food/fooditem85" },
		{ "predicate": { "custom_model_data": 169 }, "model": "item/food/fooditem86" },
		{ "predicate": { "custom_model_data": 170 }, "model": "item/food/fooditem87" },
		{ "predicate": { "custom_model_data": 171 }, "model": "item/food/fooditem88" },
		{ "predicate": { "custom_model_data": 172 }, "model": "item/food/fooditem89" },
		{ "predicate": { "custom_model_data": 173 }, "model": "item/food/fooditem9" },
		{ "predicate": { "custom_model_data": 174 }, "model": "item/food/fooditem90" },
		{ "predicate": { "custom_model_data": 175 }, "model": "item/food/fooditem91" },
		{ "predicate": { "custom_model_data": 176 }, "model": "item/food/fooditem92" },
		{ "predicate": { "custom_model_data": 177 }, "model": "item/food/fooditem93" },
		{ "predicate": { "custom_model_data": 178 }, "model": "item/food/fooditem94" },
		{ "predicate": { "custom_model_data": 179 }, "model": "item/food/fooditem95" },
		{ "predicate": { "custom_model_data": 180 }, "model": "item/food/fooditem96" },
		{ "predicate": { "custom_model_data": 181 }, "model": "item/food/fooditemb1" },
		{ "predicate": { "custom_model_data": 182 }, "model": "item/food/fooditemb10" },
		{ "predicate": { "custom_model_data": 183 }, "model": "item/food/fooditemb11" },
		{ "predicate": { "custom_model_data": 184 }, "model": "item/food/fooditemb12" },
		{ "predicate": { "custom_model_data": 185 }, "model": "item/food/fooditemb13" },
		{ "predicate": { "custom_model_data": 186 }, "model": "item/food/fooditemb14" },
		{ "predicate": { "custom_model_data": 187 }, "model": "item/food/fooditemb15" },
		{ "predicate": { "custom_model_data": 188 }, "model": "item/food/fooditemb16" },
		{ "predicate": { "custom_model_data": 189 }, "model": "item/food/fooditemb17" },
		{ "predicate": { "custom_model_data": 190 }, "model": "item/food/fooditemb18" },
		{ "predicate": { "custom_model_data": 191 }, "model": "item/food/fooditemb19" },
		{ "predicate": { "custom_model_data": 192 }, "model": "item/food/fooditemb2" },
		{ "predicate": { "custom_model_data": 193 }, "model": "item/food/fooditemb20" },
		{ "predicate": { "custom_model_data": 194 }, "model": "item/food/fooditemb21" },
		{ "predicate": { "custom_model_data": 195 }, "model": "item/food/fooditemb22" },
		{ "predicate": { "custom_model_data": 196 }, "model": "item/food/fooditemb23" },
		{ "predicate": { "custom_model_data": 197 }, "model": "item/food/fooditemb24" },
		{ "predicate": { "custom_model_data": 198 }, "model": "item/food/fooditemb25" },
		{ "predicate": { "custom_model_data": 199 }, "model": "item/food/fooditemb26" },
		{ "predicate": { "custom_model_data": 200 }, "model": "item/food/fooditemb27" },
		{ "predicate": { "custom_model_data": 201 }, "model": "item/food/fooditemb28" },
		{ "predicate": { "custom_model_data": 202 }, "model": "item/food/fooditemb29" },
		{ "predicate": { "custom_model_data": 203 }, "model": "item/food/fooditemb3" },
		{ "predicate": { "custom_model_data": 204 }, "model": "item/food/fooditemb30" },
		{ "predicate": { "custom_model_data": 205 }, "model": "item/food/fooditemb31" },
		{ "predicate": { "custom_model_data": 206 }, "model": "item/food/fooditemb32" },
		{ "predicate": { "custom_model_data": 207 }, "model": "item/food/fooditemb33" },
		{ "predicate": { "custom_model_data": 208 }, "model": "item/food/fooditemb34" },
		{ "predicate": { "custom_model_data": 209 }, "model": "item/food/fooditemb35" },
		{ "predicate": { "custom_model_data": 210 }, "model": "item/food/fooditemb36" },
		{ "predicate": { "custom_model_data": 211 }, "model": "item/food/fooditemb37" },
		{ "predicate": { "custom_model_data": 212 }, "model": "item/food/fooditemb38" },
		{ "predicate": { "custom_model_data": 213 }, "model": "item/food/fooditemb4" },
		{ "predicate": { "custom_model_data": 214 }, "model": "item/food/fooditemb5" },
		{ "predicate": { "custom_model_data": 215 }, "model": "item/food/fooditemb6" },
		{ "predicate": { "custom_model_data": 216 }, "model": "item/food/fooditemb7" },
		{ "predicate": { "custom_model_data": 217 }, "model": "item/food/fooditemb8" },
		{ "predicate": { "custom_model_data": 218 }, "model": "item/food/fooditemb9" },
		{ "predicate": { "custom_model_data": 219 }, "model": "item/food/fooditemc1" },
		{ "predicate": { "custom_model_data": 220 }, "model": "item/food/fooditemc10" },
		{ "predicate": { "custom_model_data": 221 }, "model": "item/food/fooditemc11" },
		{ "predicate": { "custom_model_data": 222 }, "model": "item/food/fooditemc12" },
		{ "predicate": { "custom_model_data": 223 }, "model": "item/food/fooditemc13" },
		{ "predicate": { "custom_model_data": 224 }, "model": "item/food/fooditemc14" },
		{ "predicate": { "custom_model_data": 225 }, "model": "item/food/fooditemc15" },
		{ "predicate": { "custom_model_data": 226 }, "model": "item/food/fooditemc16" },
		{ "predicate": { "custom_model_data": 227 }, "model": "item/food/fooditemc17" },
		{ "predicate": { "custom_model_data": 228 }, "model": "item/food/fooditemc18" },
		{ "predicate": { "custom_model_data": 229 }, "model": "item/food/fooditemc19" },
		{ "predicate": { "custom_model_data": 230 }, "model": "item/food/fooditemc2" },
		{ "predicate": { "custom_model_data": 231 }, "model": "item/food/fooditemc20" },
		{ "predicate": { "custom_model_data": 232 }, "model": "item/food/fooditemc21" },
		{ "predicate": { "custom_model_data": 233 }, "model": "item/food/fooditemc22" },
		{ "predicate": { "custom_model_data": 234 }, "model": "item/food/fooditemc3" },
		{ "predicate": { "custom_model_data": 235 }, "model": "item/food/fooditemc4" },
		{ "predicate": { "custom_model_data": 236 }, "model": "item/food/fooditemc5" },
		{ "predicate": { "custom_model_data": 237 }, "model": "item/food/fooditemc6" },
		{ "predicate": { "custom_model_data": 238 }, "model": "item/food/fooditemc7" },
		{ "predicate": { "custom_model_data": 239 }, "model": "item/food/fooditemc8" },
		{ "predicate": { "custom_model_data": 240 }, "model": "item/food/fooditemc9" },
		{ "predicate": { "custom_model_data": 241 }, "model": "item/food/fruit_n" },
		{ "predicate": { "custom_model_data": 242 }, "model": "item/food/fr_01" },
		{ "predicate": { "custom_model_data": 243 }, "model": "item/food/fr_02" },
		{ "predicate": { "custom_model_data": 244 }, "model": "item/food/fs_01" },
		{ "predicate": { "custom_model_data": 245 }, "model": "item/food/fs_02" },
		{ "predicate": { "custom_model_data": 246 }, "model": "item/food/garlic" },
		{ "predicate": { "custom_model_data": 247 }, "model": "item/food/grapes_f_01" },
		{ "predicate": { "custom_model_data": 248 }, "model": "item/food/grass" },
		{ "predicate": { "custom_model_data": 249 }, "model": "item/food/grass_01" },
		{ "predicate": { "custom_model_data": 250 }, "model": "item/food/gr_01" },
		{ "predicate": { "custom_model_data": 251 }, "model": "item/food/gr_2" },
		{ "predicate": { "custom_model_data": 252 }, "model": "item/food/horn" },
		{ "predicate": { "custom_model_data": 253 }, "model": "item/food/ice" },
		{ "predicate": { "custom_model_data": 254 }, "model": "item/food/icon_01" },
		{ "predicate": { "custom_model_data": 255 }, "model": "item/food/icon_02" },
		{ "predicate": { "custom_model_data": 256 }, "model": "item/food/icon_03" },
		{ "predicate": { "custom_model_data": 257 }, "model": "item/food/icon_04" },
		{ "predicate": { "custom_model_data": 258 }, "model": "item/food/icon_05" },
		{ "predicate": { "custom_model_data": 259 }, "model": "item/food/icon_06" },
		{ "predicate": { "custom_model_data": 260 }, "model": "item/food/icon_07" },
		{ "predicate": { "custom_model_data": 261 }, "model": "item/food/icon_08" },
		{ "predicate": { "custom_model_data": 262 }, "model": "item/food/icon_09" },
		{ "predicate": { "custom_model_data": 263 }, "model": "item/food/icon_10" },
		{ "predicate": { "custom_model_data": 264 }, "model": "item/food/icon_100" },
		{ "predicate": { "custom_model_data": 265 }, "model": "item/food/icon_101" },
		{ "predicate": { "custom_model_data": 266 }, "model": "item/food/icon_102" },
		{ "predicate": { "custom_model_data": 267 }, "model": "item/food/icon_103" },
		{ "predicate": { "custom_model_data": 268 }, "model": "item/food/icon_104" },
		{ "predicate": { "custom_model_data": 269 }, "model": "item/food/icon_105" },
		{ "predicate": { "custom_model_data": 270 }, "model": "item/food/icon_106" },
		{ "predicate": { "custom_model_data": 271 }, "model": "item/food/icon_107" },
		{ "predicate": { "custom_model_data": 272 }, "model": "item/food/icon_108" },
		{ "predicate": { "custom_model_data": 273 }, "model": "item/food/icon_109" },
		{ "predicate": { "custom_model_data": 274 }, "model": "item/food/icon_11" },
		{ "predicate": { "custom_model_data": 275 }, "model": "item/food/icon_110" },
		{ "predicate": { "custom_model_data": 276 }, "model": "item/food/icon_111" },
		{ "predicate": { "custom_model_data": 277 }, "model": "item/food/icon_112" },
		{ "predicate": { "custom_model_data": 278 }, "model": "item/food/icon_113" },
		{ "predicate": { "custom_model_data": 279 }, "model": "item/food/icon_114" },
		{ "predicate": { "custom_model_data": 280 }, "model": "item/food/icon_115" },
		{ "predicate": { "custom_model_data": 281 }, "model": "item/food/icon_116" },
		{ "predicate": { "custom_model_data": 282 }, "model": "item/food/icon_117" },
		{ "predicate": { "custom_model_data": 283 }, "model": "item/food/icon_118" },
		{ "predicate": { "custom_model_data": 284 }, "model": "item/food/icon_119" },
		{ "predicate": { "custom_model_data": 285 }, "model": "item/food/icon_12" },
		{ "predicate": { "custom_model_data": 286 }, "model": "item/food/icon_120" },
		{ "predicate": { "custom_model_data": 287 }, "model": "item/food/icon_121" },
		{ "predicate": { "custom_model_data": 288 }, "model": "item/food/icon_122" },
		{ "predicate": { "custom_model_data": 289 }, "model": "item/food/icon_123" },
		{ "predicate": { "custom_model_data": 290 }, "model": "item/food/icon_124" },
		{ "predicate": { "custom_model_data": 291 }, "model": "item/food/icon_125" },
		{ "predicate": { "custom_model_data": 292 }, "model": "item/food/icon_126" },
		{ "predicate": { "custom_model_data": 293 }, "model": "item/food/icon_127" },
		{ "predicate": { "custom_model_data": 294 }, "model": "item/food/icon_128" },
		{ "predicate": { "custom_model_data": 295 }, "model": "item/food/icon_129" },
		{ "predicate": { "custom_model_data": 296 }, "model": "item/food/icon_13" },
		{ "predicate": { "custom_model_data": 297 }, "model": "item/food/icon_130" },
		{ "predicate": { "custom_model_data": 298 }, "model": "item/food/icon_131" },
		{ "predicate": { "custom_model_data": 299 }, "model": "item/food/icon_132" },
		{ "predicate": { "custom_model_data": 300 }, "model": "item/food/icon_133" },
		{ "predicate": { "custom_model_data": 301 }, "model": "item/food/icon_134" },
		{ "predicate": { "custom_model_data": 302 }, "model": "item/food/icon_135" },
		{ "predicate": { "custom_model_data": 303 }, "model": "item/food/icon_136" },
		{ "predicate": { "custom_model_data": 304 }, "model": "item/food/icon_137" },
		{ "predicate": { "custom_model_data": 305 }, "model": "item/food/icon_138" },
		{ "predicate": { "custom_model_data": 306 }, "model": "item/food/icon_139" },
		{ "predicate": { "custom_model_data": 307 }, "model": "item/food/icon_14" },
		{ "predicate": { "custom_model_data": 308 }, "model": "item/food/icon_140" },
		{ "predicate": { "custom_model_data": 309 }, "model": "item/food/icon_141" },
		{ "predicate": { "custom_model_data": 310 }, "model": "item/food/icon_142" },
		{ "predicate": { "custom_model_data": 311 }, "model": "item/food/icon_143" },
		{ "predicate": { "custom_model_data": 312 }, "model": "item/food/icon_144" },
		{ "predicate": { "custom_model_data": 313 }, "model": "item/food/icon_145" },
		{ "predicate": { "custom_model_data": 314 }, "model": "item/food/icon_146" },
		{ "predicate": { "custom_model_data": 315 }, "model": "item/food/icon_147" },
		{ "predicate": { "custom_model_data": 316 }, "model": "item/food/icon_148" },
		{ "predicate": { "custom_model_data": 317 }, "model": "item/food/icon_149" },
		{ "predicate": { "custom_model_data": 318 }, "model": "item/food/icon_15" },
		{ "predicate": { "custom_model_data": 319 }, "model": "item/food/icon_150" },
		{ "predicate": { "custom_model_data": 320 }, "model": "item/food/icon_151" },
		{ "predicate": { "custom_model_data": 321 }, "model": "item/food/icon_152" },
		{ "predicate": { "custom_model_data": 322 }, "model": "item/food/icon_153" },
		{ "predicate": { "custom_model_data": 323 }, "model": "item/food/icon_154" },
		{ "predicate": { "custom_model_data": 324 }, "model": "item/food/icon_155" },
		{ "predicate": { "custom_model_data": 325 }, "model": "item/food/icon_156" },
		{ "predicate": { "custom_model_data": 326 }, "model": "item/food/icon_157" },
		{ "predicate": { "custom_model_data": 327 }, "model": "item/food/icon_158" },
		{ "predicate": { "custom_model_data": 328 }, "model": "item/food/icon_159" },
		{ "predicate": { "custom_model_data": 329 }, "model": "item/food/icon_16" },
		{ "predicate": { "custom_model_data": 330 }, "model": "item/food/icon_160" },
		{ "predicate": { "custom_model_data": 331 }, "model": "item/food/icon_17" },
		{ "predicate": { "custom_model_data": 332 }, "model": "item/food/icon_18" },
		{ "predicate": { "custom_model_data": 333 }, "model": "item/food/icon_19" },
		{ "predicate": { "custom_model_data": 334 }, "model": "item/food/icon_20" },
		{ "predicate": { "custom_model_data": 335 }, "model": "item/food/icon_21" },
		{ "predicate": { "custom_model_data": 336 }, "model": "item/food/icon_22" },
		{ "predicate": { "custom_model_data": 337 }, "model": "item/food/icon_23" },
		{ "predicate": { "custom_model_data": 338 }, "model": "item/food/icon_24" },
		{ "predicate": { "custom_model_data": 339 }, "model": "item/food/icon_25" },
		{ "predicate": { "custom_model_data": 340 }, "model": "item/food/icon_26" },
		{ "predicate": { "custom_model_data": 341 }, "model": "item/food/icon_27" },
		{ "predicate": { "custom_model_data": 342 }, "model": "item/food/icon_28" },
		{ "predicate": { "custom_model_data": 343 }, "model": "item/food/icon_29" },
		{ "predicate": { "custom_model_data": 344 }, "model": "item/food/icon_30" },
		{ "predicate": { "custom_model_data": 345 }, "model": "item/food/icon_31" },
		{ "predicate": { "custom_model_data": 346 }, "model": "item/food/icon_32" },
		{ "predicate": { "custom_model_data": 347 }, "model": "item/food/icon_33" },
		{ "predicate": { "custom_model_data": 348 }, "model": "item/food/icon_34" },
		{ "predicate": { "custom_model_data": 349 }, "model": "item/food/icon_35" },
		{ "predicate": { "custom_model_data": 350 }, "model": "item/food/icon_36" },
		{ "predicate": { "custom_model_data": 351 }, "model": "item/food/icon_37" },
		{ "predicate": { "custom_model_data": 352 }, "model": "item/food/icon_38" },
		{ "predicate": { "custom_model_data": 353 }, "model": "item/food/icon_39" },
		{ "predicate": { "custom_model_data": 354 }, "model": "item/food/icon_40" },
		{ "predicate": { "custom_model_data": 355 }, "model": "item/food/icon_41" },
		{ "predicate": { "custom_model_data": 356 }, "model": "item/food/icon_42" },
		{ "predicate": { "custom_model_data": 357 }, "model": "item/food/icon_43" },
		{ "predicate": { "custom_model_data": 358 }, "model": "item/food/icon_44" },
		{ "predicate": { "custom_model_data": 359 }, "model": "item/food/icon_45" },
		{ "predicate": { "custom_model_data": 360 }, "model": "item/food/icon_46" },
		{ "predicate": { "custom_model_data": 361 }, "model": "item/food/icon_47" },
		{ "predicate": { "custom_model_data": 362 }, "model": "item/food/icon_48" },
		{ "predicate": { "custom_model_data": 363 }, "model": "item/food/icon_49" },
		{ "predicate": { "custom_model_data": 364 }, "model": "item/food/icon_50" },
		{ "predicate": { "custom_model_data": 365 }, "model": "item/food/icon_51" },
		{ "predicate": { "custom_model_data": 366 }, "model": "item/food/icon_52" },
		{ "predicate": { "custom_model_data": 367 }, "model": "item/food/icon_53" },
		{ "predicate": { "custom_model_data": 368 }, "model": "item/food/icon_54" },
		{ "predicate": { "custom_model_data": 369 }, "model": "item/food/icon_55" },
		{ "predicate": { "custom_model_data": 370 }, "model": "item/food/icon_56" },
		{ "predicate": { "custom_model_data": 371 }, "model": "item/food/icon_57" },
		{ "predicate": { "custom_model_data": 372 }, "model": "item/food/icon_58" },
		{ "predicate": { "custom_model_data": 373 }, "model": "item/food/icon_59" },
		{ "predicate": { "custom_model_data": 374 }, "model": "item/food/icon_60" },
		{ "predicate": { "custom_model_data": 375 }, "model": "item/food/icon_61" },
		{ "predicate": { "custom_model_data": 376 }, "model": "item/food/icon_62" },
		{ "predicate": { "custom_model_data": 377 }, "model": "item/food/icon_63" },
		{ "predicate": { "custom_model_data": 378 }, "model": "item/food/icon_64" },
		{ "predicate": { "custom_model_data": 379 }, "model": "item/food/icon_65" },
		{ "predicate": { "custom_model_data": 380 }, "model": "item/food/icon_66" },
		{ "predicate": { "custom_model_data": 381 }, "model": "item/food/icon_67" },
		{ "predicate": { "custom_model_data": 382 }, "model": "item/food/icon_68" },
		{ "predicate": { "custom_model_data": 383 }, "model": "item/food/icon_69" },
		{ "predicate": { "custom_model_data": 384 }, "model": "item/food/icon_70" },
		{ "predicate": { "custom_model_data": 385 }, "model": "item/food/icon_71" },
		{ "predicate": { "custom_model_data": 386 }, "model": "item/food/icon_72" },
		{ "predicate": { "custom_model_data": 387 }, "model": "item/food/icon_73" },
		{ "predicate": { "custom_model_data": 388 }, "model": "item/food/icon_74" },
		{ "predicate": { "custom_model_data": 389 }, "model": "item/food/icon_75" },
		{ "predicate": { "custom_model_data": 390 }, "model": "item/food/icon_76" },
		{ "predicate": { "custom_model_data": 391 }, "model": "item/food/icon_77" },
		{ "predicate": { "custom_model_data": 392 }, "model": "item/food/icon_78" },
		{ "predicate": { "custom_model_data": 393 }, "model": "item/food/icon_79" },
		{ "predicate": { "custom_model_data": 394 }, "model": "item/food/icon_80" },
		{ "predicate": { "custom_model_data": 395 }, "model": "item/food/icon_81" },
		{ "predicate": { "custom_model_data": 396 }, "model": "item/food/icon_82" },
		{ "predicate": { "custom_model_data": 397 }, "model": "item/food/icon_83" },
		{ "predicate": { "custom_model_data": 398 }, "model": "item/food/icon_84" },
		{ "predicate": { "custom_model_data": 399 }, "model": "item/food/icon_85" },
		{ "predicate": { "custom_model_data": 400 }, "model": "item/food/icon_86" },
		{ "predicate": { "custom_model_data": 401 }, "model": "item/food/icon_87" },
		{ "predicate": { "custom_model_data": 402 }, "model": "item/food/icon_88" },
		{ "predicate": { "custom_model_data": 403 }, "model": "item/food/icon_89" },
		{ "predicate": { "custom_model_data": 404 }, "model": "item/food/icon_90" },
		{ "predicate": { "custom_model_data": 405 }, "model": "item/food/icon_91" },
		{ "predicate": { "custom_model_data": 406 }, "model": "item/food/icon_92" },
		{ "predicate": { "custom_model_data": 407 }, "model": "item/food/icon_93" },
		{ "predicate": { "custom_model_data": 408 }, "model": "item/food/icon_94" },
		{ "predicate": { "custom_model_data": 409 }, "model": "item/food/icon_95" },
		{ "predicate": { "custom_model_data": 410 }, "model": "item/food/icon_96" },
		{ "predicate": { "custom_model_data": 411 }, "model": "item/food/icon_97" },
		{ "predicate": { "custom_model_data": 412 }, "model": "item/food/icon_98" },
		{ "predicate": { "custom_model_data": 413 }, "model": "item/food/icon_99" },
		{ "predicate": { "custom_model_data": 414 }, "model": "item/food/jelly" },
		{ "predicate": { "custom_model_data": 415 }, "model": "item/food/jelly_b" },
		{ "predicate": { "custom_model_data": 416 }, "model": "item/food/jerky" },
		{ "predicate": { "custom_model_data": 417 }, "model": "item/food/kiwi" },
		{ "predicate": { "custom_model_data": 418 }, "model": "item/food/lp_01" },
		{ "predicate": { "custom_model_data": 419 }, "model": "item/food/lr_f_01" },
		{ "predicate": { "custom_model_data": 420 }, "model": "item/food/magmafish" },
		{ "predicate": { "custom_model_data": 421 }, "model": "item/food/mana-fruit" },
		{ "predicate": { "custom_model_data": 422 }, "model": "item/food/meat_01" },
		{ "predicate": { "custom_model_data": 423 }, "model": "item/food/meat_02" },
		{ "predicate": { "custom_model_data": 424 }, "model": "item/food/meat_03" },
		{ "predicate": { "custom_model_data": 425 }, "model": "item/food/meat_04" },
		{ "predicate": { "custom_model_data": 426 }, "model": "item/food/meat_05" },
		{ "predicate": { "custom_model_data": 427 }, "model": "item/food/meat_06" },
		{ "predicate": { "custom_model_data": 428 }, "model": "item/food/meat_07" },
		{ "predicate": { "custom_model_data": 429 }, "model": "item/food/meat_08" },
		{ "predicate": { "custom_model_data": 430 }, "model": "item/food/meat_09" },
		{ "predicate": { "custom_model_data": 431 }, "model": "item/food/meat_10" },
		{ "predicate": { "custom_model_data": 432 }, "model": "item/food/meat_11" },
		{ "predicate": { "custom_model_data": 433 }, "model": "item/food/meat_12" },
		{ "predicate": { "custom_model_data": 434 }, "model": "item/food/meat_13" },
		{ "predicate": { "custom_model_data": 435 }, "model": "item/food/meat_f_01" },
		{ "predicate": { "custom_model_data": 436 }, "model": "item/food/meat_f_02" },
		{ "predicate": { "custom_model_data": 437 }, "model": "item/food/meat_f_03" },
		{ "predicate": { "custom_model_data": 438 }, "model": "item/food/melon" },
		{ "predicate": { "custom_model_data": 439 }, "model": "item/food/milk" },
		{ "predicate": { "custom_model_data": 440 }, "model": "item/food/milk_b" },
		{ "predicate": { "custom_model_data": 441 }, "model": "item/food/mr_01" },
		{ "predicate": { "custom_model_data": 442 }, "model": "item/food/mr_02" },
		{ "predicate": { "custom_model_data": 443 }, "model": "item/food/mug" },
		{ "predicate": { "custom_model_data": 444 }, "model": "item/food/mushroom_01" },
		{ "predicate": { "custom_model_data": 445 }, "model": "item/food/mushroom_02" },
		{ "predicate": { "custom_model_data": 446 }, "model": "item/food/mushroom_03" },
		{ "predicate": { "custom_model_data": 447 }, "model": "item/food/mushroom_04" },
		{ "predicate": { "custom_model_data": 448 }, "model": "item/food/mushroom_05" },
		{ "predicate": { "custom_model_data": 449 }, "model": "item/food/mushroom_06" },
		{ "predicate": { "custom_model_data": 450 }, "model": "item/food/mushroom_07" },
		{ "predicate": { "custom_model_data": 451 }, "model": "item/food/mushroom_08" },
		{ "predicate": { "custom_model_data": 452 }, "model": "item/food/mushroom_f_04" },
		{ "predicate": { "custom_model_data": 453 }, "model": "item/food/nuts" },
		{ "predicate": { "custom_model_data": 454 }, "model": "item/food/onion_01" },
		{ "predicate": { "custom_model_data": 455 }, "model": "item/food/package" },
		{ "predicate": { "custom_model_data": 456 }, "model": "item/food/peach" },
		{ "predicate": { "custom_model_data": 457 }, "model": "item/food/peas" },
		{ "predicate": { "custom_model_data": 458 }, "model": "item/food/pepper" },
		{ "predicate": { "custom_model_data": 459 }, "model": "item/food/pepper_n" },
		{ "predicate": { "custom_model_data": 460 }, "model": "item/food/piece_of_cake" },
		{ "predicate": { "custom_model_data": 461 }, "model": "item/food/pineapple" },
		{ "predicate": { "custom_model_data": 462 }, "model": "item/food/pineapple_b" },
		{ "predicate": { "custom_model_data": 463 }, "model": "item/food/pineapple_c" },
		{ "predicate": { "custom_model_data": 464 }, "model": "item/food/pitcher" },
		{ "predicate": { "custom_model_data": 465 }, "model": "item/food/pizza_f_06" },
		{ "predicate": { "custom_model_data": 466 }, "model": "item/food/plums" },
		{ "predicate": { "custom_model_data": 467 }, "model": "item/food/plums_b" },
		{ "predicate": { "custom_model_data": 468 }, "model": "item/food/pomegranate" },
		{ "predicate": { "custom_model_data": 469 }, "model": "item/food/potato" },
		{ "predicate": { "custom_model_data": 470 }, "model": "item/food/pumpkinf_03" },
		{ "predicate": { "custom_model_data": 471 }, "model": "item/food/pumpkin_01" },
		{ "predicate": { "custom_model_data": 472 }, "model": "item/food/pumpkin_02" },
		{ "predicate": { "custom_model_data": 473 }, "model": "item/food/pumpkin_03" },
		{ "predicate": { "custom_model_data": 474 }, "model": "item/food/root" },
		{ "predicate": { "custom_model_data": 475 }, "model": "item/food/sandwich" },
		{ "predicate": { "custom_model_data": 476 }, "model": "item/food/sausages" },
		{ "predicate": { "custom_model_data": 477 }, "model": "item/food/shrimp" },
		{ "predicate": { "custom_model_data": 478 }, "model": "item/food/soup" },
		{ "predicate": { "custom_model_data": 479 }, "model": "item/food/spices" },
		{ "predicate": { "custom_model_data": 480 }, "model": "item/food/spices_02" },
		{ "predicate": { "custom_model_data": 481 }, "model": "item/food/spices_03" },
		{ "predicate": { "custom_model_data": 482 }, "model": "item/food/spicy_cheese" },
		{ "predicate": { "custom_model_data": 483 }, "model": "item/food/spine" },
		{ "predicate": { "custom_model_data": 484 }, "model": "item/food/squash" },
		{ "predicate": { "custom_model_data": 485 }, "model": "item/food/stickjaw" },
		{ "predicate": { "custom_model_data": 486 }, "model": "item/food/strawberry" },
		{ "predicate": { "custom_model_data": 487 }, "model": "item/food/sushi" },
		{ "predicate": { "custom_model_data": 488 }, "model": "item/food/tomato" },
		{ "predicate": { "custom_model_data": 489 }, "model": "item/food/vegetable_f_08" },
		{ "predicate": { "custom_model_data": 490 }, "model": "item/food/vegetable_f_09" },
		{ "predicate": { "custom_model_data": 491 }, "model": "item/food/wasp_jellyfish" },
		{ "predicate": { "custom_model_data": 492 }, "model": "item/food/watermelon" },
		{ "predicate": { "custom_model_data": 493 }, "model": "item/food/wheat" },

		{ "predicate": { "custom_model_data": 999 }, "model": "item/food/empty" }
	]
}
