{
"__comment": "Paladin Helmet",
"__comment": "Not to be reused. Created for the Lords of Minecraft Server",
"textures": {
    "cross": "block/hats/hats_knight1",
    "metal": "block/hats/hats_knight2"
},
"elements": [ 
{
    "__comment": "Knight_Helm",
    "from": [ 0.5, 1.5, 5.5 ],
    "to": [ 1.5, 6.5, 9.5 ],
    "faces": {
        "down":  { "uv": [ 0.5, 9.5, 1.5, 5.5 ], "texture": "#metal" },
        "up":    { "uv": [ 0.5, 5.5, 1.5, 9.5 ], "texture": "#metal" },
        "north": { "uv": [ 14.5, 9.5, 15.5, 14.5 ], "texture": "#metal" },
        "south": { "uv": [ 0.5, 9.5, 1.5, 14.5 ], "texture": "#metal" },
        "west":  { "uv": [ 5.5, 9.5, 9.5, 14.5 ], "texture": "#metal" },
        "east":  { "uv": [ 6.5, 9.5, 10.5, 14.5 ], "texture": "#metal" }
    }
},
{
    "__comment": "Knight_Helm",
    "from": [ 0.5, 6.5, 5.5 ],
    "to": [ 1.5, 13.5, 9 ],
    "faces": {
        "down":  { "uv": [ 0.5, 9, 1.5, 5.5 ], "texture": "#metal" },
        "up":    { "uv": [ 0.5, 5.5, 1.5, 9 ], "texture": "#metal" },
        "north": { "uv": [ 14.5, 2.5, 15.5, 9.5 ], "texture": "#metal" },
        "south": { "uv": [ 0.5, 2.5, 1.5, 9.5 ], "texture": "#metal" },
        "west":  { "uv": [ 5.5, 2.5, 9, 9.5 ], "texture": "#metal" },
        "east":  { "uv": [ 7, 2.5, 10.5, 9.5 ], "texture": "#metal" }
    }
},
{
    "__comment": "Knight_Helm",
    "from": [ 0.5, 13.5, 6 ],
    "to": [ 1.5, 14, 9 ],
    "faces": {
        "down":  { "uv": [ 0.5, 9, 1.5, 6 ], "texture": "#metal" },
        "up":    { "uv": [ 0.5, 6, 1.5, 9 ], "texture": "#metal" },
        "north": { "uv": [ 14.5, 2, 15.5, 2.5 ], "texture": "#metal" },
        "south": { "uv": [ 0.5, 2, 1.5, 2.5 ], "texture": "#metal" },
        "west":  { "uv": [ 6, 2, 9, 2.5 ], "texture": "#metal" },
        "east":  { "uv": [ 7, 2, 10, 2.5 ], "texture": "#metal" }
    }
},
{
    "__comment": "Knight_Helm",
    "from": [ 0.5, 7.5, 9 ],
    "to": [ 1.5, 13.5, 9.5 ],
    "faces": {
        "down":  { "uv": [ 0.5, 9.5, 1.5, 9 ], "texture": "#metal" },
        "up":    { "uv": [ 0.5, 9, 1.5, 9.5 ], "texture": "#metal" },
        "north": { "uv": [ 14.5, 2.5, 15.5, 8.5 ], "texture": "#metal" },
        "south": { "uv": [ 0.5, 2.5, 1.5, 8.5 ], "texture": "#metal" },
        "west":  { "uv": [ 9, 2.5, 9.5, 8.5 ], "texture": "#metal" },
        "east":  { "uv": [ 6.5, 2.5, 7, 8.5 ], "texture": "#metal" }
    }
},
{
    "__comment": "Knight_Helm",
    "from": [ 1, 1.5, 3 ],
    "to": [ 1.5, 13.5, 5.5 ],
    "faces": {
        "down":  { "uv": [ 1, 5.5, 1.5, 3 ], "texture": "#metal" },
        "up":    { "uv": [ 1, 3, 1.5, 5.5 ], "texture": "#metal" },
        "north": { "uv": [ 14.5, 2.5, 15, 14.5 ], "texture": "#metal" },
        "south": { "uv": [ 1, 2.5, 1.5, 14.5 ], "texture": "#metal" },
        "west":  { "uv": [ 3, 2.5, 5.5, 14.5 ], "texture": "#metal" },
        "east":  { "uv": [ 10.5, 2.5, 13, 14.5 ], "texture": "#metal" }
    }
},
{
    "__comment": "Knight_Helm",
    "from": [ 1, 13.5, 3.5 ],
    "to": [ 1.5, 14, 6 ],
    "faces": {
        "down":  { "uv": [ 1, 6, 1.5, 3.5 ], "texture": "#metal" },
        "up":    { "uv": [ 1, 3.5, 1.5, 6 ], "texture": "#metal" },
        "north": { "uv": [ 14.5, 2, 15, 2.5 ], "texture": "#metal" },
        "south": { "uv": [ 1, 2, 1.5, 2.5 ], "texture": "#metal" },
        "west":  { "uv": [ 3.5, 2, 6, 2.5 ], "texture": "#metal" },
        "east":  { "uv": [ 10, 2, 12.5, 2.5 ], "texture": "#metal" }
    }
},
{
    "__comment": "Knight_Helm",
    "from": [ 1, 6.5, 9 ],
    "to": [ 1.5, 7, 11.5 ],
    "faces": {
        "down":  { "uv": [ 1, 11.5, 1.5, 9 ], "texture": "#metal" },
        "up":    { "uv": [ 1, 9, 1.5, 11.5 ], "texture": "#metal" },
        "north": { "uv": [ 14.5, 9, 15, 9.5 ], "texture": "#metal" },
        "south": { "uv": [ 1, 9, 1.5, 9.5 ], "texture": "#metal" },
        "west":  { "uv": [ 9, 9, 11.5, 9.5 ], "texture": "#metal" },
        "east":  { "uv": [ 4.5, 9, 7, 9.5 ], "texture": "#metal" }
    }
},
{
    "__comment": "Knight_Helm",
    "from": [ 1, 7, 9 ],
    "to": [ 1.5, 7.5, 10 ],
    "faces": {
        "down":  { "uv": [ 1, 10, 1.5, 9 ], "texture": "#metal" },
        "up":    { "uv": [ 1, 9, 1.5, 10 ], "texture": "#metal" },
        "north": { "uv": [ 14.5, 8.5, 15, 9 ], "texture": "#metal" },
        "south": { "uv": [ 1, 8.5, 1.5, 9 ], "texture": "#metal" },
        "west":  { "uv": [ 9, 8.5, 10, 9 ], "texture": "#metal" },
        "east":  { "uv": [ 6, 8.5, 7, 9 ], "texture": "#metal" }
    }
},
{
    "__comment": "Knight_Helm",
    "from": [ 1, 13.5, 9 ],
    "to": [ 1.5, 14, 12 ],
    "faces": {
        "down":  { "uv": [ 1, 12, 1.5, 9 ], "texture": "#metal" },
        "up":    { "uv": [ 1, 9, 1.5, 12 ], "texture": "#metal" },
        "north": { "uv": [ 14.5, 2, 15, 2.5 ], "texture": "#metal" },
        "south": { "uv": [ 1, 2, 1.5, 2.5 ], "texture": "#metal" },
        "west":  { "uv": [ 9, 2, 12, 2.5 ], "texture": "#metal" },
        "east":  { "uv": [ 4, 2, 7, 2.5 ], "texture": "#metal" }
    }
},
{
    "__comment": "Knight_Helm",
    "from": [ 1, 1.5, 9.5 ],
    "to": [ 1.5, 6.5, 12 ],
    "faces": {
        "down":  { "uv": [ 1, 12, 1.5, 9.5 ], "texture": "#metal" },
        "up":    { "uv": [ 1, 9.5, 1.5, 12 ], "texture": "#metal" },
        "north": { "uv": [ 14.5, 9.5, 15, 14.5 ], "texture": "#metal" },
        "south": { "uv": [ 1, 9.5, 1.5, 14.5 ], "texture": "#metal" },
        "west":  { "uv": [ 9.5, 9.5, 12, 14.5 ], "texture": "#metal" },
        "east":  { "uv": [ 4, 9.5, 6.5, 14.5 ], "texture": "#metal" }
    }
},
{
    "__comment": "Knight_Helm",
    "from": [ 1, 7.5, 9.5 ],
    "to": [ 2, 13.5, 12 ],
    "faces": {
        "down":  { "uv": [ 1, 12, 2, 9.5 ], "texture": "#metal" },
        "up":    { "uv": [ 1, 9.5, 2, 12 ], "texture": "#metal" },
        "north": { "uv": [ 14, 2.5, 15, 8.5 ], "texture": "#metal" },
        "south": { "uv": [ 1, 2.5, 2, 8.5 ], "texture": "#metal" },
        "west":  { "uv": [ 9.5, 2.5, 12, 8.5 ], "texture": "#metal" },
        "east":  { "uv": [ 4, 2.5, 6.5, 8.5 ], "texture": "#metal" }
    }
},
{
    "__comment": "Knight_Helm",
    "from": [ 1.5, 1.5, 2 ],
    "to": [ 2, 14, 9.5 ],
    "faces": {
        "down":  { "uv": [ 1.5, 9.5, 2, 2 ], "texture": "#metal" },
        "up":    { "uv": [ 1.5, 2, 2, 9.5 ], "texture": "#metal" },
        "north": { "uv": [ 14, 2, 14.5, 14.5 ], "texture": "#metal" },
        "south": { "uv": [ 1.5, 2, 2, 14.5 ], "texture": "#metal" },
        "west":  { "uv": [ 2, 2, 9.5, 14.5 ], "texture": "#metal" },
        "east":  { "uv": [ 6.5, 2, 14, 14.5 ], "texture": "#metal" }
    }
},
{
    "__comment": "Knight_Helm",
    "from": [ 1.5, 7, 9.5 ],
    "to": [ 2, 7.5, 12 ],
    "faces": {
        "down":  { "uv": [ 1.5, 12, 2, 9.5 ], "texture": "#metal" },
        "up":    { "uv": [ 1.5, 9.5, 2, 12 ], "texture": "#metal" },
        "north": { "uv": [ 14, 8.5, 14.5, 9 ], "texture": "#metal" },
        "south": { "uv": [ 1.5, 8.5, 2, 9 ], "texture": "#metal" },
        "west":  { "uv": [ 9.5, 8.5, 12, 9 ], "texture": "#metal" },
        "east":  { "uv": [ 4, 8.5, 6.5, 9 ], "texture": "#metal" }
    }
},
{
    "__comment": "Knight_Helm",
    "from": [ 1.5, 13.5, 9.5 ],
    "to": [ 2, 14, 13.5 ],
    "faces": {
        "down":  { "uv": [ 1.5, 13.5, 2, 9.5 ], "texture": "#metal" },
        "up":    { "uv": [ 1.5, 9.5, 2, 13.5 ], "texture": "#metal" },
        "north": { "uv": [ 14, 2, 14.5, 2.5 ], "texture": "#metal" },
        "south": { "uv": [ 1.5, 2, 2, 2.5 ], "texture": "#metal" },
        "west":  { "uv": [ 9.5, 2, 13.5, 2.5 ], "texture": "#metal" },
        "east":  { "uv": [ 2.5, 2, 6.5, 2.5 ], "texture": "#metal" }
    }
},
{
    "__comment": "Knight_Helm",
    "from": [ 1.5, 1.5, 11.5 ],
    "to": [ 2, 6, 13.5 ],
    "faces": {
        "down":  { "uv": [ 1.5, 13.5, 2, 11.5 ], "texture": "#metal" },
        "up":    { "uv": [ 1.5, 11.5, 2, 13.5 ], "texture": "#metal" },
        "north": { "uv": [ 14, 10, 14.5, 14.5 ], "texture": "#metal" },
        "south": { "uv": [ 1.5, 10, 2, 14.5 ], "texture": "#metal" },
        "west":  { "uv": [ 11.5, 10, 13.5, 14.5 ], "texture": "#metal" },
        "east":  { "uv": [ 2.5, 10, 4.5, 14.5 ], "texture": "#metal" }
    }
},
{
    "__comment": "Knight_Helm",
    "from": [ 1.5, 6, 11.5 ],
    "to": [ 2, 6.5, 13 ],
    "faces": {
        "down":  { "uv": [ 1.5, 13, 2, 11.5 ], "texture": "#metal" },
        "up":    { "uv": [ 1.5, 11.5, 2, 13 ], "texture": "#metal" },
        "north": { "uv": [ 14, 9.5, 14.5, 10 ], "texture": "#metal" },
        "south": { "uv": [ 1.5, 9.5, 2, 10 ], "texture": "#metal" },
        "west":  { "uv": [ 11.5, 9.5, 13, 10 ], "texture": "#metal" },
        "east":  { "uv": [ 3, 9.5, 4.5, 10 ], "texture": "#metal" }
    }
},
{
    "__comment": "Knight_Helm",
    "from": [ 1.5, 7.5, 12 ],
    "to": [ 2.5, 13.5, 13.5 ],
    "faces": {
        "down":  { "uv": [ 1.5, 13.5, 2.5, 12 ], "texture": "#metal" },
        "up":    { "uv": [ 1.5, 12, 2.5, 13.5 ], "texture": "#metal" },
        "north": { "uv": [ 13.5, 2.5, 14.5, 8.5 ], "texture": "#metal" },
        "south": { "uv": [ 1.5, 2.5, 2.5, 8.5 ], "texture": "#metal" },
        "west":  { "uv": [ 12, 2.5, 13.5, 8.5 ], "texture": "#metal" },
        "east":  { "uv": [ 2.5, 2.5, 4, 8.5 ], "texture": "#metal" }
    }
},
{
    "__comment": "Knight_Helm",
    "from": [ 2, 1.5, 1.5 ],
    "to": [ 2.5, 14, 11 ],
    "faces": {
        "down":  { "uv": [ 2, 11, 2.5, 1.5 ], "texture": "#metal" },
        "up":    { "uv": [ 2, 1.5, 2.5, 11 ], "texture": "#metal" },
        "north": { "uv": [ 13.5, 2, 14, 14.5 ], "texture": "#metal" },
        "south": { "uv": [ 2, 2, 2.5, 14.5 ], "texture": "#metal" },
        "west":  { "uv": [ 1.5, 2, 11, 14.5 ], "texture": "#metal" },
        "east":  { "uv": [ 5, 2, 14.5, 14.5 ], "texture": "#metal" }
    }
},
{
    "__comment": "Knight_Helm",
    "from": [ 2, 7, 11 ],
    "to": [ 2.5, 7.5, 13 ],
    "faces": {
        "down":  { "uv": [ 2, 13, 2.5, 11 ], "texture": "#metal" },
        "up":    { "uv": [ 2, 11, 2.5, 13 ], "texture": "#metal" },
        "north": { "uv": [ 13.5, 8.5, 14, 9 ], "texture": "#metal" },
        "south": { "uv": [ 2, 8.5, 2.5, 9 ], "texture": "#metal" },
        "west":  { "uv": [ 11, 8.5, 13, 9 ], "texture": "#metal" },
        "east":  { "uv": [ 3, 8.5, 5, 9 ], "texture": "#metal" }
    }
},
{
    "__comment": "Knight_Helm",
    "from": [ 2, 7.5, 11 ],
    "to": [ 2.5, 14, 12 ],
    "faces": {
        "down":  { "uv": [ 2, 12, 2.5, 11 ], "texture": "#metal" },
        "up":    { "uv": [ 2, 11, 2.5, 12 ], "texture": "#metal" },
        "north": { "uv": [ 13.5, 2, 14, 8.5 ], "texture": "#metal" },
        "south": { "uv": [ 2, 2, 2.5, 8.5 ], "texture": "#metal" },
        "west":  { "uv": [ 11, 2, 12, 8.5 ], "texture": "#metal" },
        "east":  { "uv": [ 4, 2, 5, 8.5 ], "texture": "#metal" }
    }
},
{
    "__comment": "Knight_Helm",
    "from": [ 2, 13.5, 12 ],
    "to": [ 2.5, 14, 14 ],
    "faces": {
        "down":  { "uv": [ 2, 14, 2.5, 12 ], "texture": "#metal" },
        "up":    { "uv": [ 2, 12, 2.5, 14 ], "texture": "#metal" },
        "north": { "uv": [ 13.5, 2, 14, 2.5 ], "texture": "#metal" },
        "south": { "uv": [ 2, 2, 2.5, 2.5 ], "texture": "#metal" },
        "west":  { "uv": [ 12, 2, 14, 2.5 ], "texture": "#metal" },
        "east":  { "uv": [ 2, 2, 4, 2.5 ], "texture": "#metal" }
    }
},
{
    "__comment": "Knight_Helm",
    "from": [ 2, 1.5, 12.5 ],
    "to": [ 2.5, 6, 14 ],
    "faces": {
        "down":  { "uv": [ 2, 14, 2.5, 12.5 ], "texture": "#metal" },
        "up":    { "uv": [ 2, 12.5, 2.5, 14 ], "texture": "#metal" },
        "north": { "uv": [ 13.5, 10, 14, 14.5 ], "texture": "#metal" },
        "south": { "uv": [ 2, 10, 2.5, 14.5 ], "texture": "#metal" },
        "west":  { "uv": [ 12.5, 10, 14, 14.5 ], "texture": "#metal" },
        "east":  { "uv": [ 2, 10, 3.5, 14.5 ], "texture": "#metal" }
    }
},
{
    "__comment": "Knight_Helm",
    "from": [ 2, 7.5, 13.5 ],
    "to": [ 14, 13.5, 14 ],
    "faces": {
        "down":  { "uv": [ 2, 14, 14, 13.5 ], "texture": "#metal" },
        "up":    { "uv": [ 2, 13.5, 14, 14 ], "texture": "#metal" },
        "north": { "uv": [ 2, 2.5, 14, 8.5 ], "texture": "#metal" },
        "south": { "uv": [ 2, 2.5, 14, 8.5 ], "texture": "#metal" },
        "west":  { "uv": [ 13.5, 2.5, 14, 8.5 ], "texture": "#metal" },
        "east":  { "uv": [ 2, 2.5, 2.5, 8.5 ], "texture": "#metal" }
    }
},
{
    "__comment": "Knight_Helm",
    "from": [ 2, 2.5, 14 ],
    "to": [ 3.5, 4.5, 14.5 ],
    "faces": {
        "down":  { "uv": [ 2, 14.5, 3.5, 14 ], "texture": "#metal" },
        "up":    { "uv": [ 2, 14, 3.5, 14.5 ], "texture": "#metal" },
        "north": { "uv": [ 12.5, 11.5, 14, 13.5 ], "texture": "#metal" },
        "south": { "uv": [ 2, 11.5, 3.5, 13.5 ], "texture": "#metal" },
        "west":  { "uv": [ 14, 11.5, 14.5, 13.5 ], "texture": "#metal" },
        "east":  { "uv": [ 1.5, 11.5, 2, 13.5 ], "texture": "#metal" }
    }
},
{
    "__comment": "Knight_Helm",
    "from": [ 2, 8, 14 ],
    "to": [ 14, 13, 14.5 ],
    "faces": {
        "down":  { "uv": [ 2, 14.5, 14, 14 ], "texture": "#metal" },
        "up":    { "uv": [ 2, 14, 14, 14.5 ], "texture": "#metal" },
        "north": { "uv": [ 2, 3, 14, 8 ], "texture": "#metal" },
        "south": { "uv": [ 2, 3, 14, 8 ], "texture": "#metal" },
        "west":  { "uv": [ 14, 3, 14.5, 8 ], "texture": "#metal" },
        "east":  { "uv": [ 1.5, 3, 2, 8 ], "texture": "#metal" }
    }
},
{
    "__comment": "Knight_Helm",
    "from": [ 2.5, 1.5, 1 ],
    "to": [ 3, 14, 12.5 ],
    "faces": {
        "down":  { "uv": [ 2.5, 12.5, 3, 1 ], "texture": "#metal" },
        "up":    { "uv": [ 2.5, 1, 3, 12.5 ], "texture": "#metal" },
        "north": { "uv": [ 13, 2, 13.5, 14.5 ], "texture": "#metal" },
        "south": { "uv": [ 2.5, 2, 3, 14.5 ], "texture": "#metal" },
        "west":  { "uv": [ 1, 2, 12.5, 14.5 ], "texture": "#metal" },
        "east":  { "uv": [ 3.5, 2, 15, 14.5 ], "texture": "#metal" }
    }
},
{
    "__comment": "Knight_Helm",
    "from": [ 2.5, 6.5, 12.5 ],
    "to": [ 3, 14, 13.5 ],
    "faces": {
        "down":  { "uv": [ 2.5, 13.5, 3, 12.5 ], "texture": "#metal" },
        "up":    { "uv": [ 2.5, 12.5, 3, 13.5 ], "texture": "#metal" },
        "north": { "uv": [ 13, 2, 13.5, 9.5 ], "texture": "#metal" },
        "south": { "uv": [ 2.5, 2, 3, 9.5 ], "texture": "#metal" },
        "west":  { "uv": [ 12.5, 2, 13.5, 9.5 ], "texture": "#metal" },
        "east":  { "uv": [ 2.5, 2, 3.5, 9.5 ], "texture": "#metal" }
    }
},
{
    "__comment": "Knight_Helm",
    "from": [ 2.5, 1.5, 13 ],
    "to": [ 3.5, 2.5, 14.5 ],
    "faces": {
        "down":  { "uv": [ 2.5, 14.5, 3.5, 13 ], "texture": "#metal" },
        "up":    { "uv": [ 2.5, 13, 3.5, 14.5 ], "texture": "#metal" },
        "north": { "uv": [ 12.5, 13.5, 13.5, 14.5 ], "texture": "#metal" },
        "south": { "uv": [ 2.5, 13.5, 3.5, 14.5 ], "texture": "#metal" },
        "west":  { "uv": [ 13, 13.5, 14.5, 14.5 ], "texture": "#metal" },
        "east":  { "uv": [ 1.5, 13.5, 3, 14.5 ], "texture": "#metal" }
    }
},
{
    "__comment": "Knight_Helm",
    "from": [ 2.5, 2.5, 13 ],
    "to": [ 3.5, 6, 14 ],
    "faces": {
        "down":  { "uv": [ 2.5, 14, 3.5, 13 ], "texture": "#metal" },
        "up":    { "uv": [ 2.5, 13, 3.5, 14 ], "texture": "#metal" },
        "north": { "uv": [ 12.5, 10, 13.5, 13.5 ], "texture": "#metal" },
        "south": { "uv": [ 2.5, 10, 3.5, 13.5 ], "texture": "#metal" },
        "west":  { "uv": [ 13, 10, 14, 13.5 ], "texture": "#metal" },
        "east":  { "uv": [ 2, 10, 3, 13.5 ], "texture": "#metal" }
    }
},
{
    "__comment": "Knight_Helm",
    "from": [ 2.5, 6, 13 ],
    "to": [ 3, 6.5, 13.5 ],
    "faces": {
        "down":  { "uv": [ 2.5, 13.5, 3, 13 ], "texture": "#metal" },
        "up":    { "uv": [ 2.5, 13, 3, 13.5 ], "texture": "#metal" },
        "north": { "uv": [ 13, 9.5, 13.5, 10 ], "texture": "#metal" },
        "south": { "uv": [ 2.5, 9.5, 3, 10 ], "texture": "#metal" },
        "west":  { "uv": [ 13, 9.5, 13.5, 10 ], "texture": "#metal" },
        "east":  { "uv": [ 2.5, 9.5, 3, 10 ], "texture": "#metal" }
    }
},
{
    "__comment": "Knight_Helm",
    "from": [ 2.5, 13.5, 13.5 ],
    "to": [ 13.5, 14, 14.5 ],
    "faces": {
        "down":  { "uv": [ 2.5, 14.5, 13.5, 13.5 ], "texture": "#metal" },
        "up":    { "uv": [ 2.5, 13.5, 13.5, 14.5 ], "texture": "#metal" },
        "north": { "uv": [ 2.5, 2, 13.5, 2.5 ], "texture": "#metal" },
        "south": { "uv": [ 2.5, 2, 13.5, 2.5 ], "texture": "#metal" },
        "west":  { "uv": [ 13.5, 2, 14.5, 2.5 ], "texture": "#metal" },
        "east":  { "uv": [ 1.5, 2, 2.5, 2.5 ], "texture": "#metal" }
    }
},
{
    "__comment": "Knight_Helm",
    "from": [ 2.5, 4.5, 14 ],
    "to": [ 13.5, 6, 14.5 ],
    "faces": {
        "down":  { "uv": [ 2.5, 14.5, 13.5, 14 ], "texture": "#metal" },
        "up":    { "uv": [ 2.5, 14, 13.5, 14.5 ], "texture": "#metal" },
        "north": { "uv": [ 2.5, 10, 13.5, 11.5 ], "texture": "#metal" },
        "south": { "uv": [ 2.5, 10, 13.5, 11.5 ], "texture": "#metal" },
        "west":  { "uv": [ 14, 10, 14.5, 11.5 ], "texture": "#metal" },
        "east":  { "uv": [ 1.5, 10, 2, 11.5 ], "texture": "#metal" }
    }
},
{
    "__comment": "Knight_Helm",
    "from": [ 2.5, 7.5, 14 ],
    "to": [ 13.5, 8, 14.5 ],
    "faces": {
        "down":  { "uv": [ 2.5, 14.5, 13.5, 14 ], "texture": "#metal" },
        "up":    { "uv": [ 2.5, 14, 13.5, 14.5 ], "texture": "#metal" },
        "north": { "uv": [ 2.5, 8, 13.5, 8.5 ], "texture": "#metal" },
        "south": { "uv": [ 2.5, 8, 13.5, 8.5 ], "texture": "#metal" },
        "west":  { "uv": [ 14, 8, 14.5, 8.5 ], "texture": "#metal" },
        "east":  { "uv": [ 1.5, 8, 2, 8.5 ], "texture": "#metal" }
    }
},
{
    "__comment": "Knight_Helm",
    "from": [ 2.5, 13, 14 ],
    "to": [ 13.5, 13.5, 14.5 ],
    "faces": {
        "down":  { "uv": [ 2.5, 14.5, 13.5, 14 ], "texture": "#metal" },
        "up":    { "uv": [ 2.5, 14, 13.5, 14.5 ], "texture": "#metal" },
        "north": { "uv": [ 2.5, 2.5, 13.5, 3 ], "texture": "#metal" },
        "south": { "uv": [ 2.5, 2.5, 13.5, 3 ], "texture": "#metal" },
        "west":  { "uv": [ 14, 2.5, 14.5, 3 ], "texture": "#metal" },
        "east":  { "uv": [ 1.5, 2.5, 2, 3 ], "texture": "#metal" }
    }
},
{
    "__comment": "Knight_Helm",
    "from": [ 3, 3, 0.5 ],
    "to": [ 4, 6, 1.5 ],
    "faces": {
        "down":  { "uv": [ 3, 1.5, 4, 0.5 ], "texture": "#metal" },
        "up":    { "uv": [ 3, 0.5, 4, 1.5 ], "texture": "#metal" },
        "north": { "uv": [ 12, 10, 13, 13 ], "texture": "#metal" },
        "south": { "uv": [ 3, 10, 4, 13 ], "texture": "#metal" },
        "west":  { "uv": [ 0.5, 10, 1.5, 13 ], "texture": "#metal" },
        "east":  { "uv": [ 14.5, 10, 15.5, 13 ], "texture": "#metal" }
    }
},
{
    "__comment": "Knight_Helm",
    "from": [ 3, 7.5, 0.5 ],
    "to": [ 4, 13.5, 1.5 ],
    "faces": {
        "down":  { "uv": [ 3, 1.5, 4, 0.5 ], "texture": "#metal" },
        "up":    { "uv": [ 3, 0.5, 4, 1.5 ], "texture": "#metal" },
        "north": { "uv": [ 12, 2.5, 13, 8.5 ], "texture": "#metal" },
        "south": { "uv": [ 3, 2.5, 4, 8.5 ], "texture": "#metal" },
        "west":  { "uv": [ 0.5, 2.5, 1.5, 8.5 ], "texture": "#metal" },
        "east":  { "uv": [ 14.5, 2.5, 15.5, 8.5 ], "texture": "#metal" }
    }
},
{
    "__comment": "Knight_Helm",
    "from": [ 3, 1.5, 1 ],
    "to": [ 3.5, 3, 1.5 ],
    "faces": {
        "down":  { "uv": [ 3, 1.5, 3.5, 1 ], "texture": "#metal" },
        "up":    { "uv": [ 3, 1, 3.5, 1.5 ], "texture": "#metal" },
        "north": { "uv": [ 12.5, 13, 13, 14.5 ], "texture": "#metal" },
        "south": { "uv": [ 3, 13, 3.5, 14.5 ], "texture": "#metal" },
        "west":  { "uv": [ 1, 13, 1.5, 14.5 ], "texture": "#metal" },
        "east":  { "uv": [ 14.5, 13, 15, 14.5 ], "texture": "#metal" }
    }
},
{
    "__comment": "Knight_Helm",
    "from": [ 3, 6, 1 ],
    "to": [ 3.5, 7.5, 1.5 ],
    "faces": {
        "down":  { "uv": [ 3, 1.5, 3.5, 1 ], "texture": "#metal" },
        "up":    { "uv": [ 3, 1, 3.5, 1.5 ], "texture": "#metal" },
        "north": { "uv": [ 12.5, 8.5, 13, 10 ], "texture": "#metal" },
        "south": { "uv": [ 3, 8.5, 3.5, 10 ], "texture": "#metal" },
        "west":  { "uv": [ 1, 8.5, 1.5, 10 ], "texture": "#metal" },
        "east":  { "uv": [ 14.5, 8.5, 15, 10 ], "texture": "#metal" }
    }
},
{
    "__comment": "Knight_Helm",
    "from": [ 3, 13.5, 1 ],
    "to": [ 4, 14, 13 ],
    "faces": {
        "down":  { "uv": [ 3, 13, 4, 1 ], "texture": "#metal" },
        "up":    { "uv": [ 3, 1, 4, 13 ], "texture": "#metal" },
        "north": { "uv": [ 12, 2, 13, 2.5 ], "texture": "#metal" },
        "south": { "uv": [ 3, 2, 4, 2.5 ], "texture": "#metal" },
        "west":  { "uv": [ 1, 2, 13, 2.5 ], "texture": "#metal" },
        "east":  { "uv": [ 3, 2, 15, 2.5 ], "texture": "#metal" }
    }
},
{
    "__comment": "Knight_Helm",
    "from": [ 3, 7.5, 13 ],
    "to": [ 14.5, 14, 13.5 ],
    "faces": {
        "down":  { "uv": [ 3, 13.5, 14.5, 13 ], "texture": "#metal" },
        "up":    { "uv": [ 3, 13, 14.5, 13.5 ], "texture": "#metal" },
        "north": { "uv": [ 1.5, 2, 13, 8.5 ], "texture": "#metal" },
        "south": { "uv": [ 3, 2, 14.5, 8.5 ], "texture": "#metal" },
        "west":  { "uv": [ 13, 2, 13.5, 8.5 ], "texture": "#metal" },
        "east":  { "uv": [ 2.5, 2, 3, 8.5 ], "texture": "#metal" }
    }
},
{
    "__comment": "Knight_Helm",
    "from": [ 3.5, 2.5, 0.5 ],
    "to": [ 5.5, 3, 1 ],
    "faces": {
        "down":  { "uv": [ 3.5, 1, 5.5, 0.5 ], "texture": "#metal" },
        "up":    { "uv": [ 3.5, 0.5, 5.5, 1 ], "texture": "#metal" },
        "north": { "uv": [ 10.5, 13, 12.5, 13.5 ], "texture": "#metal" },
        "south": { "uv": [ 3.5, 13, 5.5, 13.5 ], "texture": "#metal" },
        "west":  { "uv": [ 0.5, 13, 1, 13.5 ], "texture": "#metal" },
        "east":  { "uv": [ 15, 13, 15.5, 13.5 ], "texture": "#metal" }
    }
},
{
    "__comment": "Knight_Helm",
    "from": [ 3.5, 13.5, 0.5 ],
    "to": [ 5.5, 14, 1 ],
    "faces": {
        "down":  { "uv": [ 3.5, 1, 5.5, 0.5 ], "texture": "#metal" },
        "up":    { "uv": [ 3.5, 0.5, 5.5, 1 ], "texture": "#metal" },
        "north": { "uv": [ 10.5, 2, 12.5, 2.5 ], "texture": "#metal" },
        "south": { "uv": [ 3.5, 2, 5.5, 2.5 ], "texture": "#metal" },
        "west":  { "uv": [ 0.5, 2, 1, 2.5 ], "texture": "#metal" },
        "east":  { "uv": [ 15, 2, 15.5, 2.5 ], "texture": "#metal" }
    }
},
{
    "__comment": "Knight_Helm",
    "from": [ 3.5, 3, 13 ],
    "to": [ 12.5, 4.5, 15 ],
    "faces": {
        "down":  { "uv": [ 3.5, 15, 12.5, 13 ], "texture": "#metal" },
        "up":    { "uv": [ 3.5, 13, 12.5, 15 ], "texture": "#metal" },
        "north": { "uv": [ 3.5, 11.5, 12.5, 13 ], "texture": "#metal" },
        "south": { "uv": [ 3.5, 11.5, 12.5, 13 ], "texture": "#metal" },
        "west":  { "uv": [ 13, 11.5, 15, 13 ], "texture": "#metal" },
        "east":  { "uv": [ 1, 11.5, 3, 13 ], "texture": "#metal" }
    }
},
{
    "__comment": "Knight_Helm",
    "from": [ 3.5, 4.5, 13 ],
    "to": [ 14, 6, 14 ],
    "faces": {
        "down":  { "uv": [ 3.5, 14, 14, 13 ], "texture": "#metal" },
        "up":    { "uv": [ 3.5, 13, 14, 14 ], "texture": "#metal" },
        "north": { "uv": [ 2, 10, 12.5, 11.5 ], "texture": "#metal" },
        "south": { "uv": [ 3.5, 10, 14, 11.5 ], "texture": "#metal" },
        "west":  { "uv": [ 13, 10, 14, 11.5 ], "texture": "#metal" },
        "east":  { "uv": [ 2, 10, 3, 11.5 ], "texture": "#metal" }
    }
},
{
    "__comment": "Knight_Helm",
    "from": [ 3.5, 4.5, 14.5 ],
    "to": [ 12.5, 5.5, 15 ],
    "faces": {
        "down":  { "uv": [ 3.5, 15, 12.5, 14.5 ], "texture": "#metal" },
        "up":    { "uv": [ 3.5, 14.5, 12.5, 15 ], "texture": "#metal" },
        "north": { "uv": [ 3.5, 10.5, 12.5, 11.5 ], "texture": "#metal" },
        "south": { "uv": [ 3.5, 10.5, 12.5, 11.5 ], "texture": "#metal" },
        "west":  { "uv": [ 14.5, 10.5, 15, 11.5 ], "texture": "#metal" },
        "east":  { "uv": [ 1, 10.5, 1.5, 11.5 ], "texture": "#metal" }
    }
},
{
    "__comment": "Knight_Helm",
    "from": [ 3.5, 8, 14.5 ],
    "to": [ 12.5, 13.5, 15 ],
    "faces": {
        "down":  { "uv": [ 3.5, 15, 12.5, 14.5 ], "texture": "#metal" },
        "up":    { "uv": [ 3.5, 14.5, 12.5, 15 ], "texture": "#metal" },
        "north": { "uv": [ 3.5, 2.5, 12.5, 8 ], "texture": "#metal" },
        "south": { "uv": [ 3.5, 2.5, 12.5, 8 ], "texture": "#metal" },
        "west":  { "uv": [ 14.5, 2.5, 15, 8 ], "texture": "#metal" },
        "east":  { "uv": [ 1, 2.5, 1.5, 8 ], "texture": "#metal" }
    }
},
{
    "__comment": "Knight_Helm",
    "from": [ 4, 3, 0.5 ],
    "to": [ 5.5, 6.5, 1 ],
    "faces": {
        "down":  { "uv": [ 4, 1, 5.5, 0.5 ], "texture": "#metal" },
        "up":    { "uv": [ 4, 0.5, 5.5, 1 ], "texture": "#metal" },
        "north": { "uv": [ 10.5, 9.5, 12, 13 ], "texture": "#metal" },
        "south": { "uv": [ 4, 9.5, 5.5, 13 ], "texture": "#metal" },
        "west":  { "uv": [ 0.5, 9.5, 1, 13 ], "texture": "#metal" },
        "east":  { "uv": [ 15, 9.5, 15.5, 13 ], "texture": "#metal" }
    }
},
{
    "__comment": "Knight_Helm",
    "from": [ 4, 7.5, 0.5 ],
    "to": [ 5.5, 13.5, 1 ],
    "faces": {
        "down":  { "uv": [ 4, 1, 5.5, 0.5 ], "texture": "#metal" },
        "up":    { "uv": [ 4, 0.5, 5.5, 1 ], "texture": "#metal" },
        "north": { "uv": [ 10.5, 2.5, 12, 8.5 ], "texture": "#metal" },
        "south": { "uv": [ 4, 2.5, 5.5, 8.5 ], "texture": "#metal" },
        "west":  { "uv": [ 0.5, 2.5, 1, 8.5 ], "texture": "#metal" },
        "east":  { "uv": [ 15, 2.5, 15.5, 8.5 ], "texture": "#metal" }
    }
},
{
    "__comment": "Knight_Helm",
    "from": [ 4, 2.5, 13 ],
    "to": [ 6.5, 3, 14 ],
    "faces": {
        "down":  { "uv": [ 4, 14, 6.5, 13 ], "texture": "#metal" },
        "up":    { "uv": [ 4, 13, 6.5, 14 ], "texture": "#metal" },
        "north": { "uv": [ 9.5, 13, 12, 13.5 ], "texture": "#metal" },
        "south": { "uv": [ 4, 13, 6.5, 13.5 ], "texture": "#metal" },
        "west":  { "uv": [ 13, 13, 14, 13.5 ], "texture": "#metal" },
        "east":  { "uv": [ 2, 13, 3, 13.5 ], "texture": "#metal" }
    }
},
{
    "__comment": "Knight_Helm",
    "from": [ 4, 6, 13 ],
    "to": [ 12, 6.5, 14.5 ],
    "faces": {
        "down":  { "uv": [ 4, 14.5, 12, 13 ], "texture": "#metal" },
        "up":    { "uv": [ 4, 13, 12, 14.5 ], "texture": "#metal" },
        "north": { "uv": [ 4, 9.5, 12, 10 ], "texture": "#metal" },
        "south": { "uv": [ 4, 9.5, 12, 10 ], "texture": "#metal" },
        "west":  { "uv": [ 13, 9.5, 14.5, 10 ], "texture": "#metal" },
        "east":  { "uv": [ 1.5, 9.5, 3, 10 ], "texture": "#metal" }
    }
},
{
    "__comment": "Knight_Helm",
    "from": [ 4, 14, 0.5 ],
    "to": [ 11.5, 14.5, 15 ],
    "faces": {
        "down":  { "uv": [ 4, 15, 11.5, 0.5 ], "texture": "#metal" },
        "up":    { "uv": [ 4, 0.5, 11.5, 15 ], "texture": "#metal" },
        "north": { "uv": [ 4.5, 1.5, 12, 2 ], "texture": "#metal" },
        "south": { "uv": [ 4, 1.5, 11.5, 2 ], "texture": "#metal" },
        "west":  { "uv": [ 0.5, 1.5, 15, 2 ], "texture": "#metal" },
        "east":  { "uv": [ 1, 1.5, 15.5, 2 ], "texture": "#metal" }
    }
},
{
    "__comment": "Knight_Helm",
    "from": [ 4, 5.5, 14.5 ],
    "to": [ 12, 6, 15 ],
    "faces": {
        "down":  { "uv": [ 4, 15, 12, 14.5 ], "texture": "#metal" },
        "up":    { "uv": [ 4, 14.5, 12, 15 ], "texture": "#metal" },
        "north": { "uv": [ 4, 10, 12, 10.5 ], "texture": "#metal" },
        "south": { "uv": [ 4, 10, 12, 10.5 ], "texture": "#metal" },
        "west":  { "uv": [ 14.5, 10, 15, 10.5 ], "texture": "#metal" },
        "east":  { "uv": [ 1, 10, 1.5, 10.5 ], "texture": "#metal" }
    }
},
{
    "__comment": "Knight_Helm",
    "from": [ 4, 7.5, 14.5 ],
    "to": [ 12, 8, 15 ],
    "faces": {
        "down":  { "uv": [ 4, 15, 12, 14.5 ], "texture": "#metal" },
        "up":    { "uv": [ 4, 14.5, 12, 15 ], "texture": "#metal" },
        "north": { "uv": [ 4, 8, 12, 8.5 ], "texture": "#metal" },
        "south": { "uv": [ 4, 8, 12, 8.5 ], "texture": "#metal" },
        "west":  { "uv": [ 14.5, 8, 15, 8.5 ], "texture": "#metal" },
        "east":  { "uv": [ 1, 8, 1.5, 8.5 ], "texture": "#metal" }
    }
},
{
    "__comment": "Knight_Helm",
    "from": [ 4, 13.5, 14.5 ],
    "to": [ 12, 14, 15 ],
    "faces": {
        "down":  { "uv": [ 4, 15, 12, 14.5 ], "texture": "#metal" },
        "up":    { "uv": [ 4, 14.5, 12, 15 ], "texture": "#metal" },
        "north": { "uv": [ 4, 2, 12, 2.5 ], "texture": "#metal" },
        "south": { "uv": [ 4, 2, 12, 2.5 ], "texture": "#metal" },
        "west":  { "uv": [ 14.5, 2, 15, 2.5 ], "texture": "#metal" },
        "east":  { "uv": [ 1, 2, 1.5, 2.5 ], "texture": "#metal" }
    }
},
{
    "__comment": "Knight_Helm",
    "from": [ 4.5, 2.5, 0 ],
    "to": [ 6.5, 6.5, 0.5 ],
    "faces": {
        "down":  { "uv": [ 4.5, 0.5, 6.5, 0 ], "texture": "#metal" },
        "up":    { "uv": [ 4.5, 0, 6.5, 0.5 ], "texture": "#metal" },
        "north": { "uv": [ 9.5, 9.5, 11.5, 13.5 ], "texture": "#metal" },
        "south": { "uv": [ 4.5, 9.5, 6.5, 13.5 ], "texture": "#metal" },
        "west":  { "uv": [ 0, 9.5, 0.5, 13.5 ], "texture": "#metal" },
        "east":  { "uv": [ 15.5, 9.5, 16, 13.5 ], "texture": "#metal" }
    }
},
{
    "__comment": "Knight_Helm",
    "from": [ 4.5, 7.5, 0 ],
    "to": [ 11.5, 13.5, 0.5 ],
    "faces": {
        "down":  { "uv": [ 4.5, 0.5, 11.5, 0 ], "texture": "#metal" },
        "up":    { "uv": [ 4.5, 0, 11.5, 0.5 ], "texture": "#metal" },
        "north": { "uv": [ 4.5, 2.5, 11.5, 8.5 ], "texture": "#metal" },
        "south": { "uv": [ 4.5, 2.5, 11.5, 8.5 ], "texture": "#metal" },
        "west":  { "uv": [ 0, 2.5, 0.5, 8.5 ], "texture": "#metal" },
        "east":  { "uv": [ 15.5, 2.5, 16, 8.5 ], "texture": "#metal" }
    }
},
{
    "__comment": "Knight_Helm",
    "from": [ 4.5, 2.5, 14 ],
    "to": [ 6, 3, 14.5 ],
    "faces": {
        "down":  { "uv": [ 4.5, 14.5, 6, 14 ], "texture": "#metal" },
        "up":    { "uv": [ 4.5, 14, 6, 14.5 ], "texture": "#metal" },
        "north": { "uv": [ 10, 13, 11.5, 13.5 ], "texture": "#metal" },
        "south": { "uv": [ 4.5, 13, 6, 13.5 ], "texture": "#metal" },
        "west":  { "uv": [ 14, 13, 14.5, 13.5 ], "texture": "#metal" },
        "east":  { "uv": [ 1.5, 13, 2, 13.5 ], "texture": "#metal" }
    }
},
{
    "__comment": "Knight_Helm",
    "from": [ 4.5, 6, 14.5 ],
    "to": [ 11.5, 6.5, 15 ],
    "faces": {
        "down":  { "uv": [ 4.5, 15, 11.5, 14.5 ], "texture": "#metal" },
        "up":    { "uv": [ 4.5, 14.5, 11.5, 15 ], "texture": "#metal" },
        "north": { "uv": [ 4.5, 9.5, 11.5, 10 ], "texture": "#metal" },
        "south": { "uv": [ 4.5, 9.5, 11.5, 10 ], "texture": "#metal" },
        "west":  { "uv": [ 14.5, 9.5, 15, 10 ], "texture": "#metal" },
        "east":  { "uv": [ 1, 9.5, 1.5, 10 ], "texture": "#metal" }
    }
},
{
    "__comment": "Knight_Helm",
    "from": [ 5, 13.5, 0 ],
    "to": [ 11, 14, 0.5 ],
    "faces": {
        "down":  { "uv": [ 5, 0.5, 11, 0 ], "texture": "#metal" },
        "up":    { "uv": [ 5, 0, 11, 0.5 ], "texture": "#metal" },
        "north": { "uv": [ 5, 2, 11, 2.5 ], "texture": "#metal" },
        "south": { "uv": [ 5, 2, 11, 2.5 ], "texture": "#metal" },
        "west":  { "uv": [ 0, 2, 0.5, 2.5 ], "texture": "#metal" },
        "east":  { "uv": [ 15.5, 2, 16, 2.5 ], "texture": "#metal" }
    }
},
{
    "__comment": "Knight_Helm",
    "from": [ 5, 10.5, 15 ],
    "to": [ 11, 11.5, 15.5 ],
    "faces": {
        "down":  { "uv": [ 5, 15.5, 11, 15 ], "texture": "#metal" },
        "up":    { "uv": [ 5, 15, 11, 15.5 ], "texture": "#metal" },
        "north": { "uv": [ 5, 4.5, 11, 5.5 ], "texture": "#metal" },
        "south": { "uv": [ 5, 4.5, 11, 5.5 ], "texture": "#metal" },
        "west":  { "uv": [ 15, 4.5, 15.5, 5.5 ], "texture": "#metal" },
        "east":  { "uv": [ 0.5, 4.5, 1, 5.5 ], "texture": "#metal" }
    }
},
{
    "__comment": "Knight_Helm",
    "from": [ 5.5, 4, 15 ],
    "to": [ 10.5, 5, 15.5 ],
    "faces": {
        "down":  { "uv": [ 5.5, 15.5, 10.5, 15 ], "texture": "#metal" },
        "up":    { "uv": [ 5.5, 15, 10.5, 15.5 ], "texture": "#metal" },
        "north": { "uv": [ 5.5, 11, 10.5, 12 ], "texture": "#metal" },
        "south": { "uv": [ 5.5, 11, 10.5, 12 ], "texture": "#metal" },
        "west":  { "uv": [ 15, 11, 15.5, 12 ], "texture": "#metal" },
        "east":  { "uv": [ 0.5, 11, 1, 12 ], "texture": "#metal" }
    }
},
{
    "__comment": "Knight_Helm",
    "from": [ 5.5, 8, 15 ],
    "to": [ 10.5, 10.5, 15.5 ],
    "faces": {
        "down":  { "uv": [ 5.5, 15.5, 10.5, 15 ], "texture": "#metal" },
        "up":    { "uv": [ 5.5, 15, 10.5, 15.5 ], "texture": "#metal" },
        "north": { "uv": [ 5.5, 5.5, 10.5, 8 ], "texture": "#metal" },
        "south": { "uv": [ 5.5, 5.5, 10.5, 8 ], "texture": "#metal" },
        "west":  { "uv": [ 15, 5.5, 15.5, 8 ], "texture": "#metal" },
        "east":  { "uv": [ 0.5, 5.5, 1, 8 ], "texture": "#metal" }
    }
},
{
    "__comment": "Knight_Helm",
    "from": [ 5.5, 12.5, 15 ],
    "to": [ 10.5, 13.5, 15.5 ],
    "faces": {
        "down":  { "uv": [ 5.5, 15.5, 10.5, 15 ], "texture": "#metal" },
        "up":    { "uv": [ 5.5, 15, 10.5, 15.5 ], "texture": "#metal" },
        "north": { "uv": [ 5.5, 2.5, 10.5, 3.5 ], "texture": "#metal" },
        "south": { "uv": [ 5.5, 2.5, 10.5, 3.5 ], "texture": "#metal" },
        "west":  { "uv": [ 15, 2.5, 15.5, 3.5 ], "texture": "#metal" },
        "east":  { "uv": [ 0.5, 2.5, 1, 3.5 ], "texture": "#metal" }
    }
},
{
    "__comment": "Cross",
    "from": [ 5.5, 10.5, 15.4375 ],
    "to": [ 10.5, 11.5, 16 ],
    "faces": {
        "down":  { "uv": [ 5.5, 16, 10.5, 15.5 ], "texture": "#cross" },
        "up":    { "uv": [ 5.5, 15.5, 10.5, 16 ], "texture": "#cross" },
        "north": { "uv": [ 5.5, 4.5, 10.5, 5.5 ], "texture": "#cross" },
        "south": { "uv": [ 5.5, 4.5, 10.5, 5.5 ], "texture": "#cross" },
        "west":  { "uv": [ 15.5, 4.5, 16, 5.5 ], "texture": "#cross" },
        "east":  { "uv": [ 0, 4.5, 0.5, 5.5 ], "texture": "#cross" }
    }
},
{
    "__comment": "Knight_Helm",
    "from": [ 6, 3, 15 ],
    "to": [ 10, 4, 15.5 ],
    "faces": {
        "down":  { "uv": [ 6, 15.5, 10, 15 ], "texture": "#metal" },
        "up":    { "uv": [ 6, 15, 10, 15.5 ], "texture": "#metal" },
        "north": { "uv": [ 6, 12, 10, 13 ], "texture": "#metal" },
        "south": { "uv": [ 6, 12, 10, 13 ], "texture": "#metal" },
        "west":  { "uv": [ 15, 12, 15.5, 13 ], "texture": "#metal" },
        "east":  { "uv": [ 0.5, 12, 1, 13 ], "texture": "#metal" }
    }
},
{
    "__comment": "Knight_Helm",
    "from": [ 6, 5, 15 ],
    "to": [ 10, 6.5, 15.5 ],
    "faces": {
        "down":  { "uv": [ 6, 15.5, 10, 15 ], "texture": "#metal" },
        "up":    { "uv": [ 6, 15, 10, 15.5 ], "texture": "#metal" },
        "north": { "uv": [ 6, 9.5, 10, 11 ], "texture": "#metal" },
        "south": { "uv": [ 6, 9.5, 10, 11 ], "texture": "#metal" },
        "west":  { "uv": [ 15, 9.5, 15.5, 11 ], "texture": "#metal" },
        "east":  { "uv": [ 0.5, 9.5, 1, 11 ], "texture": "#metal" }
    }
},
{
    "__comment": "Knight_Helm",
    "from": [ 6, 7.5, 15 ],
    "to": [ 10, 8, 15.5 ],
    "faces": {
        "down":  { "uv": [ 6, 15.5, 10, 15 ], "texture": "#metal" },
        "up":    { "uv": [ 6, 15, 10, 15.5 ], "texture": "#metal" },
        "north": { "uv": [ 6, 8, 10, 8.5 ], "texture": "#metal" },
        "south": { "uv": [ 6, 8, 10, 8.5 ], "texture": "#metal" },
        "west":  { "uv": [ 15, 8, 15.5, 8.5 ], "texture": "#metal" },
        "east":  { "uv": [ 0.5, 8, 1, 8.5 ], "texture": "#metal" }
    }
},
{
    "__comment": "Knight_Helm",
    "from": [ 6, 11.5, 15 ],
    "to": [ 10, 12.5, 15.5 ],
    "faces": {
        "down":  { "uv": [ 6, 15.5, 10, 15 ], "texture": "#metal" },
        "up":    { "uv": [ 6, 15, 10, 15.5 ], "texture": "#metal" },
        "north": { "uv": [ 6, 3.5, 10, 4.5 ], "texture": "#metal" },
        "south": { "uv": [ 6, 3.5, 10, 4.5 ], "texture": "#metal" },
        "west":  { "uv": [ 15, 3.5, 15.5, 4.5 ], "texture": "#metal" },
        "east":  { "uv": [ 0.5, 3.5, 1, 4.5 ], "texture": "#metal" }
    }
},
{
    "__comment": "Knight_Helm",
    "from": [ 6, 13.5, 15 ],
    "to": [ 10, 14.5, 15.5 ],
    "faces": {
        "down":  { "uv": [ 6, 15.5, 10, 15 ], "texture": "#metal" },
        "up":    { "uv": [ 6, 15, 10, 15.5 ], "texture": "#metal" },
        "north": { "uv": [ 6, 1.5, 10, 2.5 ], "texture": "#metal" },
        "south": { "uv": [ 6, 1.5, 10, 2.5 ], "texture": "#metal" },
        "west":  { "uv": [ 15, 1.5, 15.5, 2.5 ], "texture": "#metal" },
        "east":  { "uv": [ 0.5, 1.5, 1, 2.5 ], "texture": "#metal" }
    }
},
{
    "__comment": "Knight_Helm",
    "from": [ 6.5, 3, 0 ],
    "to": [ 9.5, 7, 0.5 ],
    "faces": {
        "down":  { "uv": [ 6.5, 0.5, 9.5, 0 ], "texture": "#metal" },
        "up":    { "uv": [ 6.5, 0, 9.5, 0.5 ], "texture": "#metal" },
        "north": { "uv": [ 6.5, 9, 9.5, 13 ], "texture": "#metal" },
        "south": { "uv": [ 6.5, 9, 9.5, 13 ], "texture": "#metal" },
        "west":  { "uv": [ 0, 9, 0.5, 13 ], "texture": "#metal" },
        "east":  { "uv": [ 15.5, 9, 16, 13 ], "texture": "#metal" }
    }
},
{
    "__comment": "Knight_Helm",
    "from": [ 6.5, 6.5, 13.5 ],
    "to": [ 9.5, 7, 14 ],
    "faces": {
        "down":  { "uv": [ 6.5, 14, 9.5, 13.5 ], "texture": "#metal" },
        "up":    { "uv": [ 6.5, 13.5, 9.5, 14 ], "texture": "#metal" },
        "north": { "uv": [ 6.5, 9, 9.5, 9.5 ], "texture": "#metal" },
        "south": { "uv": [ 6.5, 9, 9.5, 9.5 ], "texture": "#metal" },
        "west":  { "uv": [ 13.5, 9, 14, 9.5 ], "texture": "#metal" },
        "east":  { "uv": [ 2, 9, 2.5, 9.5 ], "texture": "#metal" }
    }
},
{
    "__comment": "Knight_Helm",
    "from": [ 7, 1.5, 0 ],
    "to": [ 9, 3, 0.5 ],
    "faces": {
        "down":  { "uv": [ 7, 0.5, 9, 0 ], "texture": "#metal" },
        "up":    { "uv": [ 7, 0, 9, 0.5 ], "texture": "#metal" },
        "north": { "uv": [ 7, 13, 9, 14.5 ], "texture": "#metal" },
        "south": { "uv": [ 7, 13, 9, 14.5 ], "texture": "#metal" },
        "west":  { "uv": [ 0, 13, 0.5, 14.5 ], "texture": "#metal" },
        "east":  { "uv": [ 15.5, 13, 16, 14.5 ], "texture": "#metal" }
    }
},
{
    "__comment": "Knight_Helm",
    "from": [ 7, 7, 0 ],
    "to": [ 9, 7.5, 0.5 ],
    "faces": {
        "down":  { "uv": [ 7, 0.5, 9, 0 ], "texture": "#metal" },
        "up":    { "uv": [ 7, 0, 9, 0.5 ], "texture": "#metal" },
        "north": { "uv": [ 7, 8.5, 9, 9 ], "texture": "#metal" },
        "south": { "uv": [ 7, 8.5, 9, 9 ], "texture": "#metal" },
        "west":  { "uv": [ 0, 8.5, 0.5, 9 ], "texture": "#metal" },
        "east":  { "uv": [ 15.5, 8.5, 16, 9 ], "texture": "#metal" }
    }
},
{
    "__comment": "Knight_Helm",
    "from": [ 7, 1.5, 13 ],
    "to": [ 9, 3, 15.5 ],
    "faces": {
        "down":  { "uv": [ 7, 15.5, 9, 13 ], "texture": "#metal" },
        "up":    { "uv": [ 7, 13, 9, 15.5 ], "texture": "#metal" },
        "north": { "uv": [ 7, 13, 9, 14.5 ], "texture": "#metal" },
        "south": { "uv": [ 7, 13, 9, 14.5 ], "texture": "#metal" },
        "west":  { "uv": [ 13, 13, 15.5, 14.5 ], "texture": "#metal" },
        "east":  { "uv": [ 0.5, 13, 3, 14.5 ], "texture": "#metal" }
    }
},
{
    "__comment": "Knight_Helm",
    "from": [ 7, 6.5, 13 ],
    "to": [ 9, 7.5, 13.5 ],
    "faces": {
        "down":  { "uv": [ 7, 13.5, 9, 13 ], "texture": "#metal" },
        "up":    { "uv": [ 7, 13, 9, 13.5 ], "texture": "#metal" },
        "north": { "uv": [ 7, 8.5, 9, 9.5 ], "texture": "#metal" },
        "south": { "uv": [ 7, 8.5, 9, 9.5 ], "texture": "#metal" },
        "west":  { "uv": [ 13, 8.5, 13.5, 9.5 ], "texture": "#metal" },
        "east":  { "uv": [ 2.5, 8.5, 3, 9.5 ], "texture": "#metal" }
    }
},
{
    "__comment": "Knight_Helm",
    "from": [ 7, 6.5, 14 ],
    "to": [ 9, 7, 15.5 ],
    "faces": {
        "down":  { "uv": [ 7, 15.5, 9, 14 ], "texture": "#metal" },
        "up":    { "uv": [ 7, 14, 9, 15.5 ], "texture": "#metal" },
        "north": { "uv": [ 7, 9, 9, 9.5 ], "texture": "#metal" },
        "south": { "uv": [ 7, 9, 9, 9.5 ], "texture": "#metal" },
        "west":  { "uv": [ 14, 9, 15.5, 9.5 ], "texture": "#metal" },
        "east":  { "uv": [ 0.5, 9, 2, 9.5 ], "texture": "#metal" }
    }
},
{
    "__comment": "Cross",
    "from": [ 7, 8.5, 15.5 ],
    "to": [ 9, 10.5, 16 ],
    "faces": {
        "down":  { "uv": [ 7, 16, 9, 15.5 ], "texture": "#cross" },
        "up":    { "uv": [ 7, 15.5, 9, 16 ], "texture": "#cross" },
        "north": { "uv": [ 7, 5.5, 9, 7.5 ], "texture": "#cross" },
        "south": { "uv": [ 7, 5.5, 9, 7.5 ], "texture": "#cross" },
        "west":  { "uv": [ 15.5, 5.5, 16, 7.5 ], "texture": "#cross" },
        "east":  { "uv": [ 0, 5.5, 0.5, 7.5 ], "texture": "#cross" }
    }
},
{
    "__comment": "Cross",
    "from": [ 7, 11.5, 15.5 ],
    "to": [ 9, 13, 16 ],
    "faces": {
        "down":  { "uv": [ 7, 16, 9, 15.5 ], "texture": "#cross" },
        "up":    { "uv": [ 7, 15.5, 9, 16 ], "texture": "#cross" },
        "north": { "uv": [ 7, 3, 9, 4.5 ], "texture": "#cross" },
        "south": { "uv": [ 7, 3, 9, 4.5 ], "texture": "#cross" },
        "west":  { "uv": [ 15.5, 3, 16, 4.5 ], "texture": "#cross" },
        "east":  { "uv": [ 0, 3, 0.5, 4.5 ], "texture": "#cross" }
    }
},
{
    "__comment": "Knight_Helm",
    "from": [ 7.5, 7, 13.5 ],
    "to": [ 8.5, 7.5, 14 ],
    "faces": {
        "down":  { "uv": [ 7.5, 14, 8.5, 13.5 ], "texture": "#metal" },
        "up":    { "uv": [ 7.5, 13.5, 8.5, 14 ], "texture": "#metal" },
        "north": { "uv": [ 7.5, 8.5, 8.5, 9 ], "texture": "#metal" },
        "south": { "uv": [ 7.5, 8.5, 8.5, 9 ], "texture": "#metal" },
        "west":  { "uv": [ 13.5, 8.5, 14, 9 ], "texture": "#metal" },
        "east":  { "uv": [ 2, 8.5, 2.5, 9 ], "texture": "#metal" }
    }
},
{
    "__comment": "Knight_Helm",
    "from": [ 9.5, 2.5, 0 ],
    "to": [ 11.5, 6.5, 0.5 ],
    "faces": {
        "down":  { "uv": [ 9.5, 0.5, 11.5, 0 ], "texture": "#metal" },
        "up":    { "uv": [ 9.5, 0, 11.5, 0.5 ], "texture": "#metal" },
        "north": { "uv": [ 4.5, 9.5, 6.5, 13.5 ], "texture": "#metal" },
        "south": { "uv": [ 9.5, 9.5, 11.5, 13.5 ], "texture": "#metal" },
        "west":  { "uv": [ 0, 9.5, 0.5, 13.5 ], "texture": "#metal" },
        "east":  { "uv": [ 15.5, 9.5, 16, 13.5 ], "texture": "#metal" }
    }
},
{
    "__comment": "Knight_Helm",
    "from": [ 9.5, 2.5, 13 ],
    "to": [ 12, 3, 14 ],
    "faces": {
        "down":  { "uv": [ 9.5, 14, 12, 13 ], "texture": "#metal" },
        "up":    { "uv": [ 9.5, 13, 12, 14 ], "texture": "#metal" },
        "north": { "uv": [ 4, 13, 6.5, 13.5 ], "texture": "#metal" },
        "south": { "uv": [ 9.5, 13, 12, 13.5 ], "texture": "#metal" },
        "west":  { "uv": [ 13, 13, 14, 13.5 ], "texture": "#metal" },
        "east":  { "uv": [ 2, 13, 3, 13.5 ], "texture": "#metal" }
    }
},
{
    "__comment": "Knight_Helm",
    "from": [ 10, 2.5, 14 ],
    "to": [ 11.5, 3, 14.5 ],
    "faces": {
        "down":  { "uv": [ 10, 14.5, 11.5, 14 ], "texture": "#metal" },
        "up":    { "uv": [ 10, 14, 11.5, 14.5 ], "texture": "#metal" },
        "north": { "uv": [ 4.5, 13, 6, 13.5 ], "texture": "#metal" },
        "south": { "uv": [ 10, 13, 11.5, 13.5 ], "texture": "#metal" },
        "west":  { "uv": [ 14, 13, 14.5, 13.5 ], "texture": "#metal" },
        "east":  { "uv": [ 1.5, 13, 2, 13.5 ], "texture": "#metal" }
    }
},
{
    "__comment": "Knight_Helm",
    "from": [ 10.5, 2.5, 0.5 ],
    "to": [ 12, 6.5, 1 ],
    "faces": {
        "down":  { "uv": [ 10.5, 1, 12, 0.5 ], "texture": "#metal" },
        "up":    { "uv": [ 10.5, 0.5, 12, 1 ], "texture": "#metal" },
        "north": { "uv": [ 4, 9.5, 5.5, 13.5 ], "texture": "#metal" },
        "south": { "uv": [ 10.5, 9.5, 12, 13.5 ], "texture": "#metal" },
        "west":  { "uv": [ 0.5, 9.5, 1, 13.5 ], "texture": "#metal" },
        "east":  { "uv": [ 15, 9.5, 15.5, 13.5 ], "texture": "#metal" }
    }
},
{
    "__comment": "Knight_Helm",
    "from": [ 10.5, 7.5, 0.5 ],
    "to": [ 12.5, 14, 1 ],
    "faces": {
        "down":  { "uv": [ 10.5, 1, 12.5, 0.5 ], "texture": "#metal" },
        "up":    { "uv": [ 10.5, 0.5, 12.5, 1 ], "texture": "#metal" },
        "north": { "uv": [ 3.5, 2, 5.5, 8.5 ], "texture": "#metal" },
        "south": { "uv": [ 10.5, 2, 12.5, 8.5 ], "texture": "#metal" },
        "west":  { "uv": [ 0.5, 2, 1, 8.5 ], "texture": "#metal" },
        "east":  { "uv": [ 15, 2, 15.5, 8.5 ], "texture": "#metal" }
    }
},
{
    "__comment": "Knight_Helm",
    "from": [ 12, 2.5, 0.5 ],
    "to": [ 12.5, 6, 1 ],
    "faces": {
        "down":  { "uv": [ 12, 1, 12.5, 0.5 ], "texture": "#metal" },
        "up":    { "uv": [ 12, 0.5, 12.5, 1 ], "texture": "#metal" },
        "north": { "uv": [ 3.5, 10, 4, 13.5 ], "texture": "#metal" },
        "south": { "uv": [ 12, 10, 12.5, 13.5 ], "texture": "#metal" },
        "west":  { "uv": [ 0.5, 10, 1, 13.5 ], "texture": "#metal" },
        "east":  { "uv": [ 15, 10, 15.5, 13.5 ], "texture": "#metal" }
    }
},
{
    "__comment": "Knight_Helm",
    "from": [ 12, 3, 1 ],
    "to": [ 13.5, 6, 1.5 ],
    "faces": {
        "down":  { "uv": [ 12, 1.5, 13.5, 1 ], "texture": "#metal" },
        "up":    { "uv": [ 12, 1, 13.5, 1.5 ], "texture": "#metal" },
        "north": { "uv": [ 2.5, 10, 4, 13 ], "texture": "#metal" },
        "south": { "uv": [ 12, 10, 13.5, 13 ], "texture": "#metal" },
        "west":  { "uv": [ 1, 10, 1.5, 13 ], "texture": "#metal" },
        "east":  { "uv": [ 14.5, 10, 15, 13 ], "texture": "#metal" }
    }
},
{
    "__comment": "Knight_Helm",
    "from": [ 11.5, 7.5, 1 ],
    "to": [ 13, 14, 13 ],
    "faces": {
        "down":  { "uv": [ 11.5, 13, 13, 1 ], "texture": "#metal" },
        "up":    { "uv": [ 11.5, 1, 13, 13 ], "texture": "#metal" },
        "north": { "uv": [ 3, 2, 4.5, 8.5 ], "texture": "#metal" },
        "south": { "uv": [ 11.5, 2, 13, 8.5 ], "texture": "#metal" },
        "west":  { "uv": [ 1, 2, 13, 8.5 ], "texture": "#metal" },
        "east":  { "uv": [ 3, 2, 15, 8.5 ], "texture": "#metal" }
    }
},
{
    "__comment": "Knight_Helm",
    "from": [ 12.5, 3, 0.5 ],
    "to": [ 13, 6, 1 ],
    "faces": {
        "down":  { "uv": [ 12.5, 1, 13, 0.5 ], "texture": "#metal" },
        "up":    { "uv": [ 12.5, 0.5, 13, 1 ], "texture": "#metal" },
        "north": { "uv": [ 3, 10, 3.5, 13 ], "texture": "#metal" },
        "south": { "uv": [ 12.5, 10, 13, 13 ], "texture": "#metal" },
        "west":  { "uv": [ 0.5, 10, 1, 13 ], "texture": "#metal" },
        "east":  { "uv": [ 15, 10, 15.5, 13 ], "texture": "#metal" }
    }
},
{
    "__comment": "Knight_Helm",
    "from": [ 12.5, 7.5, 0.5 ],
    "to": [ 13, 13.5, 1 ],
    "faces": {
        "down":  { "uv": [ 12.5, 1, 13, 0.5 ], "texture": "#metal" },
        "up":    { "uv": [ 12.5, 0.5, 13, 1 ], "texture": "#metal" },
        "north": { "uv": [ 3, 2.5, 3.5, 8.5 ], "texture": "#metal" },
        "south": { "uv": [ 12.5, 2.5, 13, 8.5 ], "texture": "#metal" },
        "west":  { "uv": [ 0.5, 2.5, 1, 8.5 ], "texture": "#metal" },
        "east":  { "uv": [ 15, 2.5, 15.5, 8.5 ], "texture": "#metal" }
    }
},
{
    "__comment": "Knight_Helm",
    "from": [ 12.5, 1.5, 1 ],
    "to": [ 13.5, 3, 1.5 ],
    "faces": {
        "down":  { "uv": [ 12.5, 1.5, 13.5, 1 ], "texture": "#metal" },
        "up":    { "uv": [ 12.5, 1, 13.5, 1.5 ], "texture": "#metal" },
        "north": { "uv": [ 2.5, 13, 3.5, 14.5 ], "texture": "#metal" },
        "south": { "uv": [ 12.5, 13, 13.5, 14.5 ], "texture": "#metal" },
        "west":  { "uv": [ 1, 13, 1.5, 14.5 ], "texture": "#metal" },
        "east":  { "uv": [ 14.5, 13, 15, 14.5 ], "texture": "#metal" }
    }
},
{
    "__comment": "Knight_Helm",
    "from": [ 12.5, 6, 1 ],
    "to": [ 13.5, 7.5, 1.5 ],
    "faces": {
        "down":  { "uv": [ 12.5, 1.5, 13.5, 1 ], "texture": "#metal" },
        "up":    { "uv": [ 12.5, 1, 13.5, 1.5 ], "texture": "#metal" },
        "north": { "uv": [ 2.5, 8.5, 3.5, 10 ], "texture": "#metal" },
        "south": { "uv": [ 12.5, 8.5, 13.5, 10 ], "texture": "#metal" },
        "west":  { "uv": [ 1, 8.5, 1.5, 10 ], "texture": "#metal" },
        "east":  { "uv": [ 14.5, 8.5, 15, 10 ], "texture": "#metal" }
    }
},
{
    "__comment": "Knight_Helm",
    "from": [ 12.5, 1.5, 13 ],
    "to": [ 13.5, 4.5, 14.5 ],
    "faces": {
        "down":  { "uv": [ 12.5, 14.5, 13.5, 13 ], "texture": "#metal" },
        "up":    { "uv": [ 12.5, 13, 13.5, 14.5 ], "texture": "#metal" },
        "north": { "uv": [ 2.5, 11.5, 3.5, 14.5 ], "texture": "#metal" },
        "south": { "uv": [ 12.5, 11.5, 13.5, 14.5 ], "texture": "#metal" },
        "west":  { "uv": [ 13, 11.5, 14.5, 14.5 ], "texture": "#metal" },
        "east":  { "uv": [ 1.5, 11.5, 3, 14.5 ], "texture": "#metal" }
    }
},
{
    "__comment": "Knight_Helm",
    "from": [ 13, 1.5, 1.5 ],
    "to": [ 14, 14, 2 ],
    "faces": {
        "down":  { "uv": [ 13, 2, 14, 1.5 ], "texture": "#metal" },
        "up":    { "uv": [ 13, 1.5, 14, 2 ], "texture": "#metal" },
        "north": { "uv": [ 2, 2, 3, 14.5 ], "texture": "#metal" },
        "south": { "uv": [ 13, 2, 14, 14.5 ], "texture": "#metal" },
        "west":  { "uv": [ 1.5, 2, 2, 14.5 ], "texture": "#metal" },
        "east":  { "uv": [ 14, 2, 14.5, 14.5 ], "texture": "#metal" }
    }
},
{
    "__comment": "Knight_Helm",
    "from": [ 13, 6.5, 12.5 ],
    "to": [ 13.5, 7.5, 13.5 ],
    "faces": {
        "down":  { "uv": [ 13, 13.5, 13.5, 12.5 ], "texture": "#metal" },
        "up":    { "uv": [ 13, 12.5, 13.5, 13.5 ], "texture": "#metal" },
        "north": { "uv": [ 2.5, 8.5, 3, 9.5 ], "texture": "#metal" },
        "south": { "uv": [ 13, 8.5, 13.5, 9.5 ], "texture": "#metal" },
        "west":  { "uv": [ 12.5, 8.5, 13.5, 9.5 ], "texture": "#metal" },
        "east":  { "uv": [ 2.5, 8.5, 3.5, 9.5 ], "texture": "#metal" }
    }
},
{
    "__comment": "Knight_Helm",
    "from": [ 13, 7.5, 12.5 ],
    "to": [ 14.5, 14, 13 ],
    "faces": {
        "down":  { "uv": [ 13, 13, 14.5, 12.5 ], "texture": "#metal" },
        "up":    { "uv": [ 13, 12.5, 14.5, 13 ], "texture": "#metal" },
        "north": { "uv": [ 1.5, 2, 3, 8.5 ], "texture": "#metal" },
        "south": { "uv": [ 13, 2, 14.5, 8.5 ], "texture": "#metal" },
        "west":  { "uv": [ 12.5, 2, 13, 8.5 ], "texture": "#metal" },
        "east":  { "uv": [ 3, 2, 3.5, 8.5 ], "texture": "#metal" }
    }
},
{
    "__comment": "Knight_Helm",
    "from": [ 13, 6, 13 ],
    "to": [ 13.5, 6.5, 13.5 ],
    "faces": {
        "down":  { "uv": [ 13, 13.5, 13.5, 13 ], "texture": "#metal" },
        "up":    { "uv": [ 13, 13, 13.5, 13.5 ], "texture": "#metal" },
        "north": { "uv": [ 2.5, 9.5, 3, 10 ], "texture": "#metal" },
        "south": { "uv": [ 13, 9.5, 13.5, 10 ], "texture": "#metal" },
        "west":  { "uv": [ 13, 9.5, 13.5, 10 ], "texture": "#metal" },
        "east":  { "uv": [ 2.5, 9.5, 3, 10 ], "texture": "#metal" }
    }
},
{
    "__comment": "Knight_Helm",
    "from": [ 13, 1.5, 2 ],
    "to": [ 14, 14, 12.5 ],
    "faces": {
        "down":  { "uv": [ 13, 12.5, 14, 2 ], "texture": "#metal" },
        "up":    { "uv": [ 13, 2, 14, 12.5 ], "texture": "#metal" },
        "north": { "uv": [ 2, 2, 3, 14.5 ], "texture": "#metal" },
        "south": { "uv": [ 13, 2, 14, 14.5 ], "texture": "#metal" },
        "west":  { "uv": [ 2, 2, 12.5, 14.5 ], "texture": "#metal" },
        "east":  { "uv": [ 3.5, 2, 14, 14.5 ], "texture": "#metal" }
    }
},
{
    "__comment": "Knight_Helm",
    "from": [ 13.5, 7, 11 ],
    "to": [ 14, 7.5, 13 ],
    "faces": {
        "down":  { "uv": [ 13.5, 13, 14, 11 ], "texture": "#metal" },
        "up":    { "uv": [ 13.5, 11, 14, 13 ], "texture": "#metal" },
        "north": { "uv": [ 2, 8.5, 2.5, 9 ], "texture": "#metal" },
        "south": { "uv": [ 13.5, 8.5, 14, 9 ], "texture": "#metal" },
        "west":  { "uv": [ 11, 8.5, 13, 9 ], "texture": "#metal" },
        "east":  { "uv": [ 3, 8.5, 5, 9 ], "texture": "#metal" }
    }
},
{
    "__comment": "Knight_Helm",
    "from": [ 13.5, 7.5, 11 ],
    "to": [ 14.5, 14, 12.5 ],
    "faces": {
        "down":  { "uv": [ 13.5, 12.5, 14.5, 11 ], "texture": "#metal" },
        "up":    { "uv": [ 13.5, 11, 14.5, 12.5 ], "texture": "#metal" },
        "north": { "uv": [ 1.5, 2, 2.5, 8.5 ], "texture": "#metal" },
        "south": { "uv": [ 13.5, 2, 14.5, 8.5 ], "texture": "#metal" },
        "west":  { "uv": [ 11, 2, 12.5, 8.5 ], "texture": "#metal" },
        "east":  { "uv": [ 3.5, 2, 5, 8.5 ], "texture": "#metal" }
    }
},
{
    "__comment": "Knight_Helm",
    "from": [ 13.5, 1.5, 12.5 ],
    "to": [ 14, 4.5, 14 ],
    "faces": {
        "down":  { "uv": [ 13.5, 14, 14, 12.5 ], "texture": "#metal" },
        "up":    { "uv": [ 13.5, 12.5, 14, 14 ], "texture": "#metal" },
        "north": { "uv": [ 2, 11.5, 2.5, 14.5 ], "texture": "#metal" },
        "south": { "uv": [ 13.5, 11.5, 14, 14.5 ], "texture": "#metal" },
        "west":  { "uv": [ 12.5, 11.5, 14, 14.5 ], "texture": "#metal" },
        "east":  { "uv": [ 2, 11.5, 3.5, 14.5 ], "texture": "#metal" }
    }
},
{
    "__comment": "Knight_Helm",
    "from": [ 13.5, 4.5, 12.5 ],
    "to": [ 14.5, 6, 13 ],
    "faces": {
        "down":  { "uv": [ 13.5, 13, 14.5, 12.5 ], "texture": "#metal" },
        "up":    { "uv": [ 13.5, 12.5, 14.5, 13 ], "texture": "#metal" },
        "north": { "uv": [ 1.5, 10, 2.5, 11.5 ], "texture": "#metal" },
        "south": { "uv": [ 13.5, 10, 14.5, 11.5 ], "texture": "#metal" },
        "west":  { "uv": [ 12.5, 10, 13, 11.5 ], "texture": "#metal" },
        "east":  { "uv": [ 3, 10, 3.5, 11.5 ], "texture": "#metal" }
    }
},
{
    "__comment": "Knight_Helm",
    "from": [ 13.5, 13.5, 13.5 ],
    "to": [ 14, 14, 14 ],
    "faces": {
        "down":  { "uv": [ 13.5, 14, 14, 13.5 ], "texture": "#metal" },
        "up":    { "uv": [ 13.5, 13.5, 14, 14 ], "texture": "#metal" },
        "north": { "uv": [ 2, 2, 2.5, 2.5 ], "texture": "#metal" },
        "south": { "uv": [ 13.5, 2, 14, 2.5 ], "texture": "#metal" },
        "west":  { "uv": [ 13.5, 2, 14, 2.5 ], "texture": "#metal" },
        "east":  { "uv": [ 2, 2, 2.5, 2.5 ], "texture": "#metal" }
    }
},
{
    "__comment": "Knight_Helm",
    "from": [ 13.5, 2.5, 14 ],
    "to": [ 14, 4.5, 14.5 ],
    "faces": {
        "down":  { "uv": [ 13.5, 14.5, 14, 14 ], "texture": "#metal" },
        "up":    { "uv": [ 13.5, 14, 14, 14.5 ], "texture": "#metal" },
        "north": { "uv": [ 2, 11.5, 2.5, 13.5 ], "texture": "#metal" },
        "south": { "uv": [ 13.5, 11.5, 14, 13.5 ], "texture": "#metal" },
        "west":  { "uv": [ 14, 11.5, 14.5, 13.5 ], "texture": "#metal" },
        "east":  { "uv": [ 1.5, 11.5, 2, 13.5 ], "texture": "#metal" }
    }
},
{
    "__comment": "Knight_Helm",
    "from": [ 14, 1.5, 2.5 ],
    "to": [ 14.5, 14, 4 ],
    "faces": {
        "down":  { "uv": [ 14, 4, 14.5, 2.5 ], "texture": "#metal" },
        "up":    { "uv": [ 14, 2.5, 14.5, 4 ], "texture": "#metal" },
        "north": { "uv": [ 1.5, 2, 2, 14.5 ], "texture": "#metal" },
        "south": { "uv": [ 14, 2, 14.5, 14.5 ], "texture": "#metal" },
        "west":  { "uv": [ 2.5, 2, 4, 14.5 ], "texture": "#metal" },
        "east":  { "uv": [ 12, 2, 13.5, 14.5 ], "texture": "#metal" }
    }
},
{
    "__comment": "Knight_Helm",
    "from": [ 14, 7, 9.5 ],
    "to": [ 14.5, 7.5, 12 ],
    "faces": {
        "down":  { "uv": [ 14, 12, 14.5, 9.5 ], "texture": "#metal" },
        "up":    { "uv": [ 14, 9.5, 14.5, 12 ], "texture": "#metal" },
        "north": { "uv": [ 1.5, 8.5, 2, 9 ], "texture": "#metal" },
        "south": { "uv": [ 14, 8.5, 14.5, 9 ], "texture": "#metal" },
        "west":  { "uv": [ 9.5, 8.5, 12, 9 ], "texture": "#metal" },
        "east":  { "uv": [ 4, 8.5, 6.5, 9 ], "texture": "#metal" }
    }
},
{
    "__comment": "Knight_Helm",
    "from": [ 14, 7.5, 9.5 ],
    "to": [ 15, 14, 11 ],
    "faces": {
        "down":  { "uv": [ 14, 11, 15, 9.5 ], "texture": "#metal" },
        "up":    { "uv": [ 14, 9.5, 15, 11 ], "texture": "#metal" },
        "north": { "uv": [ 1, 2, 2, 8.5 ], "texture": "#metal" },
        "south": { "uv": [ 14, 2, 15, 8.5 ], "texture": "#metal" },
        "west":  { "uv": [ 9.5, 2, 11, 8.5 ], "texture": "#metal" },
        "east":  { "uv": [ 5, 2, 6.5, 8.5 ], "texture": "#metal" }
    }
},
{
    "__comment": "Knight_Helm",
    "from": [ 14, 1.5, 11.5 ],
    "to": [ 14.5, 4.5, 13.5 ],
    "faces": {
        "down":  { "uv": [ 14, 13.5, 14.5, 11.5 ], "texture": "#metal" },
        "up":    { "uv": [ 14, 11.5, 14.5, 13.5 ], "texture": "#metal" },
        "north": { "uv": [ 1.5, 11.5, 2, 14.5 ], "texture": "#metal" },
        "south": { "uv": [ 14, 11.5, 14.5, 14.5 ], "texture": "#metal" },
        "west":  { "uv": [ 11.5, 11.5, 13.5, 14.5 ], "texture": "#metal" },
        "east":  { "uv": [ 2.5, 11.5, 4.5, 14.5 ], "texture": "#metal" }
    }
},
{
    "__comment": "Knight_Helm",
    "from": [ 14, 4.5, 11.5 ],
    "to": [ 14.5, 6.5, 12.5 ],
    "faces": {
        "down":  { "uv": [ 14, 12.5, 14.5, 11.5 ], "texture": "#metal" },
        "up":    { "uv": [ 14, 11.5, 14.5, 12.5 ], "texture": "#metal" },
        "north": { "uv": [ 1.5, 9.5, 2, 11.5 ], "texture": "#metal" },
        "south": { "uv": [ 14, 9.5, 14.5, 11.5 ], "texture": "#metal" },
        "west":  { "uv": [ 11.5, 9.5, 12.5, 11.5 ], "texture": "#metal" },
        "east":  { "uv": [ 3.5, 9.5, 4.5, 11.5 ], "texture": "#metal" }
    }
},
{
    "__comment": "Knight_Helm",
    "from": [ 14, 6, 12.5 ],
    "to": [ 14.5, 6.5, 13 ],
    "faces": {
        "down":  { "uv": [ 14, 13, 14.5, 12.5 ], "texture": "#metal" },
        "up":    { "uv": [ 14, 12.5, 14.5, 13 ], "texture": "#metal" },
        "north": { "uv": [ 1.5, 9.5, 2, 10 ], "texture": "#metal" },
        "south": { "uv": [ 14, 9.5, 14.5, 10 ], "texture": "#metal" },
        "west":  { "uv": [ 12.5, 9.5, 13, 10 ], "texture": "#metal" },
        "east":  { "uv": [ 3, 9.5, 3.5, 10 ], "texture": "#metal" }
    }
},
{
    "__comment": "Knight_Helm",
    "from": [ 14, 4.5, 13 ],
    "to": [ 14.5, 6, 13.5 ],
    "faces": {
        "down":  { "uv": [ 14, 13.5, 14.5, 13 ], "texture": "#metal" },
        "up":    { "uv": [ 14, 13, 14.5, 13.5 ], "texture": "#metal" },
        "north": { "uv": [ 1.5, 10, 2, 11.5 ], "texture": "#metal" },
        "south": { "uv": [ 14, 10, 14.5, 11.5 ], "texture": "#metal" },
        "west":  { "uv": [ 13, 10, 13.5, 11.5 ], "texture": "#metal" },
        "east":  { "uv": [ 2.5, 10, 3, 11.5 ], "texture": "#metal" }
    }
},
{
    "__comment": "Knight_Helm",
    "from": [ 14.5, 1.5, 3 ],
    "to": [ 15, 6.5, 12 ],
    "faces": {
        "down":  { "uv": [ 14.5, 12, 15, 3 ], "texture": "#metal" },
        "up":    { "uv": [ 14.5, 3, 15, 12 ], "texture": "#metal" },
        "north": { "uv": [ 1, 9.5, 1.5, 14.5 ], "texture": "#metal" },
        "south": { "uv": [ 14.5, 9.5, 15, 14.5 ], "texture": "#metal" },
        "west":  { "uv": [ 3, 9.5, 12, 14.5 ], "texture": "#metal" },
        "east":  { "uv": [ 4, 9.5, 13, 14.5 ], "texture": "#metal" }
    }
},
{
    "__comment": "Knight_Helm",
    "from": [ 14.5, 6.5, 3 ],
    "to": [ 15, 7, 11.5 ],
    "faces": {
        "down":  { "uv": [ 14.5, 11.5, 15, 3 ], "texture": "#metal" },
        "up":    { "uv": [ 14.5, 3, 15, 11.5 ], "texture": "#metal" },
        "north": { "uv": [ 1, 9, 1.5, 9.5 ], "texture": "#metal" },
        "south": { "uv": [ 14.5, 9, 15, 9.5 ], "texture": "#metal" },
        "west":  { "uv": [ 3, 9, 11.5, 9.5 ], "texture": "#metal" },
        "east":  { "uv": [ 4.5, 9, 13, 9.5 ], "texture": "#metal" }
    }
},
{
    "__comment": "Knight_Helm",
    "from": [ 14.5, 7, 3 ],
    "to": [ 15, 7.5, 10 ],
    "faces": {
        "down":  { "uv": [ 14.5, 10, 15, 3 ], "texture": "#metal" },
        "up":    { "uv": [ 14.5, 3, 15, 10 ], "texture": "#metal" },
        "north": { "uv": [ 1, 8.5, 1.5, 9 ], "texture": "#metal" },
        "south": { "uv": [ 14.5, 8.5, 15, 9 ], "texture": "#metal" },
        "west":  { "uv": [ 3, 8.5, 10, 9 ], "texture": "#metal" },
        "east":  { "uv": [ 6, 8.5, 13, 9 ], "texture": "#metal" }
    }
},
{
    "__comment": "Knight_Helm",
    "from": [ 14.5, 7.5, 3 ],
    "to": [ 15, 14, 9.5 ],
    "faces": {
        "down":  { "uv": [ 14.5, 9.5, 15, 3 ], "texture": "#metal" },
        "up":    { "uv": [ 14.5, 3, 15, 9.5 ], "texture": "#metal" },
        "north": { "uv": [ 1, 2, 1.5, 8.5 ], "texture": "#metal" },
        "south": { "uv": [ 14.5, 2, 15, 8.5 ], "texture": "#metal" },
        "west":  { "uv": [ 3, 2, 9.5, 8.5 ], "texture": "#metal" },
        "east":  { "uv": [ 6.5, 2, 13, 8.5 ], "texture": "#metal" }
    }
},
{
    "__comment": "Knight_Helm",
    "from": [ 14, 13.5, 4 ],
    "to": [ 14.5, 14, 10 ],
    "faces": {
        "down":  { "uv": [ 14, 10, 14.5, 4 ], "texture": "#metal" },
        "up":    { "uv": [ 14, 4, 14.5, 10 ], "texture": "#metal" },
        "north": { "uv": [ 1.5, 2, 2, 2.5 ], "texture": "#metal" },
        "south": { "uv": [ 14, 2, 14.5, 2.5 ], "texture": "#metal" },
        "west":  { "uv": [ 4, 2, 10, 2.5 ], "texture": "#metal" },
        "east":  { "uv": [ 6, 2, 12, 2.5 ], "texture": "#metal" }
    }
},
{
    "__comment": "Knight_Helm",
    "from": [ 14.5, 7.5, 11 ],
    "to": [ 15, 14, 12 ],
    "faces": {
        "down":  { "uv": [ 14.5, 12, 15, 11 ], "texture": "#metal" },
        "up":    { "uv": [ 14.5, 11, 15, 12 ], "texture": "#metal" },
        "north": { "uv": [ 1, 2, 1.5, 8.5 ], "texture": "#metal" },
        "south": { "uv": [ 14.5, 2, 15, 8.5 ], "texture": "#metal" },
        "west":  { "uv": [ 11, 2, 12, 8.5 ], "texture": "#metal" },
        "east":  { "uv": [ 4, 2, 5, 8.5 ], "texture": "#metal" }
    }
},
{
    "__comment": "Knight_Helm",
    "from": [ 15, 1.5, 5.5 ],
    "to": [ 15.5, 6.5, 9.5 ],
    "faces": {
        "down":  { "uv": [ 15, 9.5, 15.5, 5.5 ], "texture": "#metal" },
        "up":    { "uv": [ 15, 5.5, 15.5, 9.5 ], "texture": "#metal" },
        "north": { "uv": [ 0.5, 9.5, 1, 14.5 ], "texture": "#metal" },
        "south": { "uv": [ 15, 9.5, 15.5, 14.5 ], "texture": "#metal" },
        "west":  { "uv": [ 5.5, 9.5, 9.5, 14.5 ], "texture": "#metal" },
        "east":  { "uv": [ 6.5, 9.5, 10.5, 14.5 ], "texture": "#metal" }
    }
},
{
    "__comment": "Knight_Helm",
    "from": [ 15, 6.5, 5.5 ],
    "to": [ 15.5, 13.5, 9 ],
    "faces": {
        "down":  { "uv": [ 15, 9, 15.5, 5.5 ], "texture": "#metal" },
        "up":    { "uv": [ 15, 5.5, 15.5, 9 ], "texture": "#metal" },
        "north": { "uv": [ 0.5, 2.5, 1, 9.5 ], "texture": "#metal" },
        "south": { "uv": [ 15, 2.5, 15.5, 9.5 ], "texture": "#metal" },
        "west":  { "uv": [ 5.5, 2.5, 9, 9.5 ], "texture": "#metal" },
        "east":  { "uv": [ 7, 2.5, 10.5, 9.5 ], "texture": "#metal" }
    }
},
{
    "__comment": "Knight_Helm",
    "from": [ 15, 13.5, 6 ],
    "to": [ 15.5, 14, 9 ],
    "faces": {
        "down":  { "uv": [ 15, 9, 15.5, 6 ], "texture": "#metal" },
        "up":    { "uv": [ 15, 6, 15.5, 9 ], "texture": "#metal" },
        "north": { "uv": [ 0.5, 2, 1, 2.5 ], "texture": "#metal" },
        "south": { "uv": [ 15, 2, 15.5, 2.5 ], "texture": "#metal" },
        "west":  { "uv": [ 6, 2, 9, 2.5 ], "texture": "#metal" },
        "east":  { "uv": [ 7, 2, 10, 2.5 ], "texture": "#metal" }
    }
},
{
    "__comment": "Knight_Helm",
    "from": [ 15, 7.5, 9 ],
    "to": [ 15.5, 13.5, 9.5 ],
    "faces": {
        "down":  { "uv": [ 15, 9.5, 15.5, 9 ], "texture": "#metal" },
        "up":    { "uv": [ 15, 9, 15.5, 9.5 ], "texture": "#metal" },
        "north": { "uv": [ 0.5, 2.5, 1, 8.5 ], "texture": "#metal" },
        "south": { "uv": [ 15, 2.5, 15.5, 8.5 ], "texture": "#metal" },
        "west":  { "uv": [ 9, 2.5, 9.5, 8.5 ], "texture": "#metal" },
        "east":  { "uv": [ 6.5, 2.5, 7, 8.5 ], "texture": "#metal" }
    }
}
],
"display": {
    "thirdperson": {
        "rotation": [ -35, 180, 0 ],
        "translation": [ 0, 1.3, -2.2 ],
        "scale": [ 0.5, 0.5, 0.5 ]
    },
    "head": {
        "rotation": [ 0, 180, 0 ],
        "translation": [ 0, 0.5, 0 ],
        "scale": [ 1.2, 1.2, 1.2 ]
    },
    "firstperson": {
        "rotation": [ -4, 180, 8 ],
        "translation": [ 4, -0.1, 2.5 ],
        "scale": [ 1, 1, 1 ]
    },
    "gui": {
        "rotation": [ 0, 102, 0 ],
        "translation": [ 0, 0, 0 ],
        "scale": [ 1, 1, 1 ]
    }
}
}