{
"__comment": "shell Wall",
"__comment": "Not to be reused. Created for the Buffalo Wizard Servers",
"textures": {
    "Sentinel_Base": "block/hats/hats_shellwall1",
    "Sentinel_Trim": "block/hats/hats_shellwall2",
    "Sentinel_Strap": "block/hats/hats_shellwall3"
},
"elements": [ 
{
    "__comment": "dvz_Sentinel",
    "from": [ 1.5, 7, 2.5 ],
    "to": [ 3.5, 8, 13.5 ],
    "faces": {
        "down":  { "uv": [ 14.5, 13.5, 12.5, 2.5 ], "texture": "#Sentinel_Base" },
        "up":    { "uv": [ 1.5, 2.5, 3.5, 13.5 ], "texture": "#Sentinel_Base" },
        "north": { "uv": [ 12.5, 8, 14.5, 9 ], "texture": "#Sentinel_Base" },
        "south": { "uv": [ 1.5, 8, 3.5, 9 ], "texture": "#Sentinel_Base" },
        "west":  { "uv": [ 2.5, 8, 13.5, 9 ], "texture": "#Sentinel_Base" },
        "east":  { "uv": [ 2.5, 8, 13.5, 9 ], "texture": "#Sentinel_Base" }
    }
},
{
    "__comment": "dvz_Sentinel",
    "from": [ 1, 9, 2.5 ],
    "to": [ 15, 9.5, 13.5 ],
    "faces": {
        "down":  { "uv": [ 15, 13.5, 1, 2.5 ], "texture": "#Sentinel_Base" },
        "up":    { "uv": [ 1, 2.5, 15, 13.5 ], "texture": "#Sentinel_Base" },
        "north": { "uv": [ 1, 6.5, 15, 7 ], "texture": "#Sentinel_Base" },
        "south": { "uv": [ 1, 6.5, 15, 7 ], "texture": "#Sentinel_Base" },
        "west":  { "uv": [ 2.5, 6.5, 13.5, 7 ], "texture": "#Sentinel_Base" },
        "east":  { "uv": [ 2.5, 6.5, 13.5, 7 ], "texture": "#Sentinel_Base" }
    }
},
{
    "__comment": "dvz_Sentinel",
    "from": [ 1, 8, 3 ],
    "to": [ 5, 9, 13.5 ],
    "faces": {
        "down":  { "uv": [ 15, 13.5, 11, 3 ], "texture": "#Sentinel_Base" },
        "up":    { "uv": [ 1, 3, 5, 13.5 ], "texture": "#Sentinel_Base" },
        "north": { "uv": [ 11, 7, 15, 8 ], "texture": "#Sentinel_Base" },
        "south": { "uv": [ 1, 7, 5, 8 ], "texture": "#Sentinel_Base" },
        "west":  { "uv": [ 3, 7, 13.5, 8 ], "texture": "#Sentinel_Base" },
        "east":  { "uv": [ 2.5, 7, 13, 8 ], "texture": "#Sentinel_Base" }
    }
},
{
    "__comment": "dvz_Sentinel_Trim",
    "from": [ 1.5, 7, 1.5 ],
    "to": [ 3.5, 8, 2.5 ],
    "faces": {
        "down":  { "uv": [ 14.5, 2.5, 12.5, 1.5 ], "texture": "#Sentinel_Trim" },
        "up":    { "uv": [ 1.5, 1.5, 3.5, 2.5 ], "texture": "#Sentinel_Trim" },
        "north": { "uv": [ 12.5, 8, 14.5, 9 ], "texture": "#Sentinel_Trim" },
        "south": { "uv": [ 1.5, 8, 3.5, 9 ], "texture": "#Sentinel_Trim" },
        "west":  { "uv": [ 1.5, 8, 2.5, 9 ], "texture": "#Sentinel_Trim" },
        "east":  { "uv": [ 13.5, 8, 14.5, 9 ], "texture": "#Sentinel_Trim" }
    }
},
{
    "__comment": "dvz_Sentinel",
    "from": [ 1.5, 8, 2.5 ],
    "to": [ 5, 9, 3 ],
    "faces": {
        "down":  { "uv": [ 14.5, 3, 11, 2.5 ], "texture": "#Sentinel_Base" },
        "up":    { "uv": [ 1.5, 2.5, 5, 3 ], "texture": "#Sentinel_Base" },
        "north": { "uv": [ 11, 7, 14.5, 8 ], "texture": "#Sentinel_Base" },
        "south": { "uv": [ 1.5, 7, 5, 8 ], "texture": "#Sentinel_Base" },
        "west":  { "uv": [ 2.5, 7, 3, 8 ], "texture": "#Sentinel_Base" },
        "east":  { "uv": [ 13, 7, 13.5, 8 ], "texture": "#Sentinel_Base" }
    }
},
{
    "__comment": "dvz_Sentinel",
    "from": [ 1.5, 9.5, 2.5 ],
    "to": [ 14.5, 11, 14 ],
    "faces": {
        "down":  { "uv": [ 14.5, 14, 1.5, 2.5 ], "texture": "#Sentinel_Base" },
        "up":    { "uv": [ 1.5, 2.5, 14.5, 14 ], "texture": "#Sentinel_Base" },
        "north": { "uv": [ 1.5, 5, 14.5, 6.5 ], "texture": "#Sentinel_Base" },
        "south": { "uv": [ 1.5, 5, 14.5, 6.5 ], "texture": "#Sentinel_Base" },
        "west":  { "uv": [ 2.5, 5, 14, 6.5 ], "texture": "#Sentinel_Base" },
        "east":  { "uv": [ 2, 5, 13.5, 6.5 ], "texture": "#Sentinel_Base" }
    }
},
{
    "__comment": "dvz_Sentinel_Strap",
    "from": [ 1.5, 4.5, 5.5 ],
    "to": [ 3, 5, 9.5 ],
    "faces": {
        "down":  { "uv": [ 14.5, 9.5, 13, 5.5 ], "texture": "#Sentinel_Strap" },
        "up":    { "uv": [ 1.5, 5.5, 3, 9.5 ], "texture": "#Sentinel_Strap" },
        "north": { "uv": [ 13, 11, 14.5, 11.5 ], "texture": "#Sentinel_Strap" },
        "south": { "uv": [ 1.5, 11, 3, 11.5 ], "texture": "#Sentinel_Strap" },
        "west":  { "uv": [ 5.5, 11, 9.5, 11.5 ], "texture": "#Sentinel_Strap" },
        "east":  { "uv": [ 6.5, 11, 10.5, 11.5 ], "texture": "#Sentinel_Strap" }
    }
},
{
    "__comment": "dvz_Sentinel_Strap",
    "from": [ 1.5, 5, 5.5 ],
    "to": [ 3, 5.5, 8.5 ],
    "faces": {
        "down":  { "uv": [ 14.5, 8.5, 13, 5.5 ], "texture": "#Sentinel_Strap" },
        "up":    { "uv": [ 1.5, 5.5, 3, 8.5 ], "texture": "#Sentinel_Strap" },
        "north": { "uv": [ 13, 10.5, 14.5, 11 ], "texture": "#Sentinel_Strap" },
        "south": { "uv": [ 1.5, 10.5, 3, 11 ], "texture": "#Sentinel_Strap" },
        "west":  { "uv": [ 5.5, 10.5, 8.5, 11 ], "texture": "#Sentinel_Strap" },
        "east":  { "uv": [ 7.5, 10.5, 10.5, 11 ], "texture": "#Sentinel_Strap" }
    }
},
{
    "__comment": "dvz_Sentinel_Strap",
    "from": [ 1.5, 5.5, 5.5 ],
    "to": [ 3, 7, 7 ],
    "faces": {
        "down":  { "uv": [ 14.5, 7, 13, 5.5 ], "texture": "#Sentinel_Strap" },
        "up":    { "uv": [ 1.5, 5.5, 3, 7 ], "texture": "#Sentinel_Strap" },
        "north": { "uv": [ 13, 9, 14.5, 10.5 ], "texture": "#Sentinel_Strap" },
        "south": { "uv": [ 1.5, 9, 3, 10.5 ], "texture": "#Sentinel_Strap" },
        "west":  { "uv": [ 5.5, 9, 7, 10.5 ], "texture": "#Sentinel_Strap" },
        "east":  { "uv": [ 9, 9, 10.5, 10.5 ], "texture": "#Sentinel_Strap" }
    }
},
{
    "__comment": "dvz_Sentinel_Strap",
    "from": [ 1.5, 4, 6 ],
    "to": [ 3, 4.5, 12 ],
    "faces": {
        "down":  { "uv": [ 14.5, 12, 13, 6 ], "texture": "#Sentinel_Strap" },
        "up":    { "uv": [ 1.5, 6, 3, 12 ], "texture": "#Sentinel_Strap" },
        "north": { "uv": [ 13, 11.5, 14.5, 12 ], "texture": "#Sentinel_Strap" },
        "south": { "uv": [ 1.5, 11.5, 3, 12 ], "texture": "#Sentinel_Strap" },
        "west":  { "uv": [ 6, 11.5, 12, 12 ], "texture": "#Sentinel_Strap" },
        "east":  { "uv": [ 4, 11.5, 10, 12 ], "texture": "#Sentinel_Strap" }
    }
},
{
    "__comment": "dvz_Sentinel_Strap",
    "from": [ 1.5, 3.5, 6.5 ],
    "to": [ 3, 4, 15 ],
    "faces": {
        "down":  { "uv": [ 14.5, 15, 13, 6.5 ], "texture": "#Sentinel_Strap" },
        "up":    { "uv": [ 1.5, 6.5, 3, 15 ], "texture": "#Sentinel_Strap" },
        "north": { "uv": [ 13, 12, 14.5, 12.5 ], "texture": "#Sentinel_Strap" },
        "south": { "uv": [ 1.5, 12, 3, 12.5 ], "texture": "#Sentinel_Strap" },
        "west":  { "uv": [ 6.5, 12, 15, 12.5 ], "texture": "#Sentinel_Strap" },
        "east":  { "uv": [ 1, 12, 9.5, 12.5 ], "texture": "#Sentinel_Strap" }
    }
},
{
    "__comment": "dvz_Sentinel_Strap",
    "from": [ 1.5, 3, 8 ],
    "to": [ 3, 3.5, 15 ],
    "faces": {
        "down":  { "uv": [ 14.5, 15, 13, 8 ], "texture": "#Sentinel_Strap" },
        "up":    { "uv": [ 1.5, 8, 3, 15 ], "texture": "#Sentinel_Strap" },
        "north": { "uv": [ 13, 12.5, 14.5, 13 ], "texture": "#Sentinel_Strap" },
        "south": { "uv": [ 1.5, 12.5, 3, 13 ], "texture": "#Sentinel_Strap" },
        "west":  { "uv": [ 8, 12.5, 15, 13 ], "texture": "#Sentinel_Strap" },
        "east":  { "uv": [ 1, 12.5, 8, 13 ], "texture": "#Sentinel_Strap" }
    }
},
{
    "__comment": "dvz_Sentinel_Strap",
    "from": [ 1.5, 2.5, 9 ],
    "to": [ 3, 3, 15 ],
    "faces": {
        "down":  { "uv": [ 14.5, 15, 13, 9 ], "texture": "#Sentinel_Strap" },
        "up":    { "uv": [ 1.5, 9, 3, 15 ], "texture": "#Sentinel_Strap" },
        "north": { "uv": [ 13, 13, 14.5, 13.5 ], "texture": "#Sentinel_Strap" },
        "south": { "uv": [ 1.5, 13, 3, 13.5 ], "texture": "#Sentinel_Strap" },
        "west":  { "uv": [ 9, 13, 15, 13.5 ], "texture": "#Sentinel_Strap" },
        "east":  { "uv": [ 1, 13, 7, 13.5 ], "texture": "#Sentinel_Strap" }
    }
},
{
    "__comment": "dvz_Sentinel_Strap",
    "from": [ 1.5, 2, 11.5 ],
    "to": [ 3, 2.5, 15 ],
    "faces": {
        "down":  { "uv": [ 14.5, 15, 13, 11.5 ], "texture": "#Sentinel_Strap" },
        "up":    { "uv": [ 1.5, 11.5, 3, 15 ], "texture": "#Sentinel_Strap" },
        "north": { "uv": [ 13, 13.5, 14.5, 14 ], "texture": "#Sentinel_Strap" },
        "south": { "uv": [ 1.5, 13.5, 3, 14 ], "texture": "#Sentinel_Strap" },
        "west":  { "uv": [ 11.5, 13.5, 15, 14 ], "texture": "#Sentinel_Strap" },
        "east":  { "uv": [ 1, 13.5, 4.5, 14 ], "texture": "#Sentinel_Strap" }
    }
},
{
    "__comment": "dvz_Sentinel",
    "from": [ 2, 9.5, 2 ],
    "to": [ 14, 12, 2.5 ],
    "faces": {
        "down":  { "uv": [ 14, 2.5, 2, 2 ], "texture": "#Sentinel_Base" },
        "up":    { "uv": [ 2, 2, 14, 2.5 ], "texture": "#Sentinel_Base" },
        "north": { "uv": [ 2, 4, 14, 6.5 ], "texture": "#Sentinel_Base" },
        "south": { "uv": [ 2, 4, 14, 6.5 ], "texture": "#Sentinel_Base" },
        "west":  { "uv": [ 2, 4, 2.5, 6.5 ], "texture": "#Sentinel_Base" },
        "east":  { "uv": [ 13.5, 4, 14, 6.5 ], "texture": "#Sentinel_Base" }
    }
},
{
    "__comment": "dvz_Sentinel",
    "from": [ 2, 11, 2.5 ],
    "to": [ 14, 12, 14 ],
    "faces": {
        "down":  { "uv": [ 14, 14, 2, 2.5 ], "texture": "#Sentinel_Base" },
        "up":    { "uv": [ 2, 2.5, 14, 14 ], "texture": "#Sentinel_Base" },
        "north": { "uv": [ 2, 4, 14, 5 ], "texture": "#Sentinel_Base" },
        "south": { "uv": [ 2, 4, 14, 5 ], "texture": "#Sentinel_Base" },
        "west":  { "uv": [ 2.5, 4, 14, 5 ], "texture": "#Sentinel_Base" },
        "east":  { "uv": [ 2, 4, 13.5, 5 ], "texture": "#Sentinel_Base" }
    }
},
{
    "__comment": "dvz_Sentinel",
    "from": [ 2, 8, 13.5 ],
    "to": [ 5, 9.5, 14 ],
    "faces": {
        "down":  { "uv": [ 14, 14, 11, 13.5 ], "texture": "#Sentinel_Base" },
        "up":    { "uv": [ 2, 13.5, 5, 14 ], "texture": "#Sentinel_Base" },
        "north": { "uv": [ 11, 6.5, 14, 8 ], "texture": "#Sentinel_Base" },
        "south": { "uv": [ 2, 6.5, 5, 8 ], "texture": "#Sentinel_Base" },
        "west":  { "uv": [ 13.5, 6.5, 14, 8 ], "texture": "#Sentinel_Base" },
        "east":  { "uv": [ 2, 6.5, 2.5, 8 ], "texture": "#Sentinel_Base" }
    }
},
{
    "__comment": "dvz_Sentinel_Trim",
    "from": [ 2.5, 7.5, 1 ],
    "to": [ 4, 8.5, 2 ],
    "faces": {
        "down":  { "uv": [ 13.5, 2, 12, 1 ], "texture": "#Sentinel_Trim" },
        "up":    { "uv": [ 2.5, 1, 4, 2 ], "texture": "#Sentinel_Trim" },
        "north": { "uv": [ 12, 7.5, 13.5, 8.5 ], "texture": "#Sentinel_Trim" },
        "south": { "uv": [ 2.5, 7.5, 4, 8.5 ], "texture": "#Sentinel_Trim" },
        "west":  { "uv": [ 1, 7.5, 2, 8.5 ], "texture": "#Sentinel_Trim" },
        "east":  { "uv": [ 14, 7.5, 15, 8.5 ], "texture": "#Sentinel_Trim" }
    }
},
{
    "__comment": "dvz_Sentinel",
    "from": [ 2.5, 8, 2 ],
    "to": [ 5, 8.5, 2.5 ],
    "faces": {
        "down":  { "uv": [ 13.5, 2.5, 11, 2 ], "texture": "#Sentinel_Base" },
        "up":    { "uv": [ 2.5, 2, 5, 2.5 ], "texture": "#Sentinel_Base" },
        "north": { "uv": [ 11, 7.5, 13.5, 8 ], "texture": "#Sentinel_Base" },
        "south": { "uv": [ 2.5, 7.5, 5, 8 ], "texture": "#Sentinel_Base" },
        "west":  { "uv": [ 2, 7.5, 2.5, 8 ], "texture": "#Sentinel_Base" },
        "east":  { "uv": [ 13.5, 7.5, 14, 8 ], "texture": "#Sentinel_Base" }
    }
},
{
    "__comment": "dvz_Sentinel",
    "from": [ 2.5, 11.5, 1.5 ],
    "to": [ 13, 13, 2 ],
    "faces": {
        "down":  { "uv": [ 13.5, 2, 3, 1.5 ], "texture": "#Sentinel_Base" },
        "up":    { "uv": [ 2.5, 1.5, 13, 2 ], "texture": "#Sentinel_Base" },
        "north": { "uv": [ 3, 3, 13.5, 4.5 ], "texture": "#Sentinel_Base" },
        "south": { "uv": [ 2.5, 3, 13, 4.5 ], "texture": "#Sentinel_Base" },
        "west":  { "uv": [ 1.5, 3, 2, 4.5 ], "texture": "#Sentinel_Base" },
        "east":  { "uv": [ 14, 3, 14.5, 4.5 ], "texture": "#Sentinel_Base" }
    }
},
{
    "__comment": "dvz_Sentinel",
    "from": [ 2.5, 8.5, 2 ],
    "to": [ 7, 9.5, 2.5 ],
    "faces": {
        "down":  { "uv": [ 13.5, 2.5, 9, 2 ], "texture": "#Sentinel_Base" },
        "up":    { "uv": [ 2.5, 2, 7, 2.5 ], "texture": "#Sentinel_Base" },
        "north": { "uv": [ 9, 6.5, 13.5, 7.5 ], "texture": "#Sentinel_Base" },
        "south": { "uv": [ 2.5, 6.5, 7, 7.5 ], "texture": "#Sentinel_Base" },
        "west":  { "uv": [ 2, 6.5, 2.5, 7.5 ], "texture": "#Sentinel_Base" },
        "east":  { "uv": [ 13.5, 6.5, 14, 7.5 ], "texture": "#Sentinel_Base" }
    }
},
{
    "__comment": "dvz_Sentinel",
    "from": [ 2.5, 12, 2 ],
    "to": [ 13.5, 13, 14.5 ],
    "faces": {
        "down":  { "uv": [ 13.5, 14.5, 2.5, 2 ], "texture": "#Sentinel_Base" },
        "up":    { "uv": [ 2.5, 2, 13.5, 14.5 ], "texture": "#Sentinel_Base" },
        "north": { "uv": [ 2.5, 3, 13.5, 4 ], "texture": "#Sentinel_Base" },
        "south": { "uv": [ 2.5, 3, 13.5, 4 ], "texture": "#Sentinel_Base" },
        "west":  { "uv": [ 2, 3, 14.5, 4 ], "texture": "#Sentinel_Base" },
        "east":  { "uv": [ 1.5, 3, 14, 4 ], "texture": "#Sentinel_Base" }
    }
},
{
    "__comment": "dvz_Sentinel_Trim",
    "from": [ 2.5, 8, 14 ],
    "to": [ 3.5, 8.5, 15 ],
    "faces": {
        "down":  { "uv": [ 13.5, 15, 12.5, 14 ], "texture": "#Sentinel_Trim" },
        "up":    { "uv": [ 2.5, 14, 3.5, 15 ], "texture": "#Sentinel_Trim" },
        "north": { "uv": [ 12.5, 7.5, 13.5, 8 ], "texture": "#Sentinel_Trim" },
        "south": { "uv": [ 2.5, 7.5, 3.5, 8 ], "texture": "#Sentinel_Trim" },
        "west":  { "uv": [ 14, 7.5, 15, 8 ], "texture": "#Sentinel_Trim" },
        "east":  { "uv": [ 1, 7.5, 2, 8 ], "texture": "#Sentinel_Trim" }
    }
},
{
    "__comment": "dvz_Sentinel",
    "from": [ 2.5, 10.5, 14 ],
    "to": [ 13.5, 12, 14.5 ],
    "faces": {
        "down":  { "uv": [ 13.5, 14.5, 2.5, 14 ], "texture": "#Sentinel_Base" },
        "up":    { "uv": [ 2.5, 14, 13.5, 14.5 ], "texture": "#Sentinel_Base" },
        "north": { "uv": [ 2.5, 4, 13.5, 5.5 ], "texture": "#Sentinel_Base" },
        "south": { "uv": [ 2.5, 4, 13.5, 5.5 ], "texture": "#Sentinel_Base" },
        "west":  { "uv": [ 14, 4, 14.5, 5.5 ], "texture": "#Sentinel_Base" },
        "east":  { "uv": [ 1.5, 4, 2, 5.5 ], "texture": "#Sentinel_Base" }
    }
},
{
    "__comment": "dvz_Sentinel_Trim",
    "from": [ 2.5, 7, 14 ],
    "to": [ 3.5, 8, 15 ],
    "faces": {
        "down":  { "uv": [ 13.5, 15, 12.5, 14 ], "texture": "#Sentinel_Trim" },
        "up":    { "uv": [ 2.5, 14, 3.5, 15 ], "texture": "#Sentinel_Trim" },
        "north": { "uv": [ 12.5, 8, 13.5, 9 ], "texture": "#Sentinel_Trim" },
        "south": { "uv": [ 2.5, 8, 3.5, 9 ], "texture": "#Sentinel_Trim" },
        "west":  { "uv": [ 14, 8, 15, 9 ], "texture": "#Sentinel_Trim" },
        "east":  { "uv": [ 1, 8, 2, 9 ], "texture": "#Sentinel_Trim" }
    }
},
{
    "__comment": "dvz_Sentinel",
    "from": [ 3, 10.5, 1.5 ],
    "to": [ 12.5, 11.5, 2 ],
    "faces": {
        "down":  { "uv": [ 13, 2, 3.5, 1.5 ], "texture": "#Sentinel_Base" },
        "up":    { "uv": [ 3, 1.5, 12.5, 2 ], "texture": "#Sentinel_Base" },
        "north": { "uv": [ 3.5, 4.5, 13, 5.5 ], "texture": "#Sentinel_Base" },
        "south": { "uv": [ 3, 4.5, 12.5, 5.5 ], "texture": "#Sentinel_Base" },
        "west":  { "uv": [ 1.5, 4.5, 2, 5.5 ], "texture": "#Sentinel_Base" },
        "east":  { "uv": [ 14, 4.5, 14.5, 5.5 ], "texture": "#Sentinel_Base" }
    }
},
{
    "__comment": "dvz_Sentinel",
    "from": [ 3, 13, 3 ],
    "to": [ 12.5, 13.5, 14 ],
    "faces": {
        "down":  { "uv": [ 13, 14, 3.5, 3 ], "texture": "#Sentinel_Base" },
        "up":    { "uv": [ 3, 3, 12.5, 14 ], "texture": "#Sentinel_Base" },
        "north": { "uv": [ 3.5, 2.5, 13, 3 ], "texture": "#Sentinel_Base" },
        "south": { "uv": [ 3, 2.5, 12.5, 3 ], "texture": "#Sentinel_Base" },
        "west":  { "uv": [ 3, 2.5, 14, 3 ], "texture": "#Sentinel_Base" },
        "east":  { "uv": [ 2, 2.5, 13, 3 ], "texture": "#Sentinel_Base" }
    }
},
{
    "__comment": "dvz_Sentinel_Strap",
    "from": [ 3, 2, 13 ],
    "to": [ 4, 4, 15 ],
    "faces": {
        "down":  { "uv": [ 13, 15, 12, 13 ], "texture": "#Sentinel_Strap" },
        "up":    { "uv": [ 3, 13, 4, 15 ], "texture": "#Sentinel_Strap" },
        "north": { "uv": [ 12, 12, 13, 14 ], "texture": "#Sentinel_Strap" },
        "south": { "uv": [ 3, 12, 4, 14 ], "texture": "#Sentinel_Strap" },
        "west":  { "uv": [ 13, 12, 15, 14 ], "texture": "#Sentinel_Strap" },
        "east":  { "uv": [ 1, 12, 3, 14 ], "texture": "#Sentinel_Strap" }
    }
},
{
    "__comment": "dvz_Sentinel",
    "from": [ 3, 9, 14 ],
    "to": [ 13, 10.5, 14.5 ],
    "faces": {
        "down":  { "uv": [ 13, 14.5, 3, 14 ], "texture": "#Sentinel_Base" },
        "up":    { "uv": [ 3, 14, 13, 14.5 ], "texture": "#Sentinel_Base" },
        "north": { "uv": [ 3, 5.5, 13, 7 ], "texture": "#Sentinel_Base" },
        "south": { "uv": [ 3, 5.5, 13, 7 ], "texture": "#Sentinel_Base" },
        "west":  { "uv": [ 14, 5.5, 14.5, 7 ], "texture": "#Sentinel_Base" },
        "east":  { "uv": [ 1.5, 5.5, 2, 7 ], "texture": "#Sentinel_Base" }
    }
},
{
    "__comment": "dvz_Sentinel",
    "from": [ 3.5, 8.5, 1.5 ],
    "to": [ 7, 9, 2 ],
    "faces": {
        "down":  { "uv": [ 12.5, 2, 9, 1.5 ], "texture": "#Sentinel_Base" },
        "up":    { "uv": [ 3.5, 1.5, 7, 2 ], "texture": "#Sentinel_Base" },
        "north": { "uv": [ 9, 7, 12.5, 7.5 ], "texture": "#Sentinel_Base" },
        "south": { "uv": [ 3.5, 7, 7, 7.5 ], "texture": "#Sentinel_Base" },
        "west":  { "uv": [ 1.5, 7, 2, 7.5 ], "texture": "#Sentinel_Base" },
        "east":  { "uv": [ 14, 7, 14.5, 7.5 ], "texture": "#Sentinel_Base" }
    }
},
{
    "__comment": "dvz_Sentinel",
    "from": [ 3.5, 7.5, 2 ],
    "to": [ 4, 8, 14 ],
    "faces": {
        "down":  { "uv": [ 12.5, 14, 12, 2 ], "texture": "#Sentinel_Base" },
        "up":    { "uv": [ 3.5, 2, 4, 14 ], "texture": "#Sentinel_Base" },
        "north": { "uv": [ 12, 8, 12.5, 8.5 ], "texture": "#Sentinel_Base" },
        "south": { "uv": [ 3.5, 8, 4, 8.5 ], "texture": "#Sentinel_Base" },
        "west":  { "uv": [ 2, 8, 14, 8.5 ], "texture": "#Sentinel_Base" },
        "east":  { "uv": [ 2, 8, 14, 8.5 ], "texture": "#Sentinel_Base" }
    }
},
{
    "__comment": "dvz_Sentinel",
    "from": [ 3.5, 9, 1.5 ],
    "to": [ 12.5, 10.5, 2 ],
    "faces": {
        "down":  { "uv": [ 12.5, 2, 3.5, 1.5 ], "texture": "#Sentinel_Base" },
        "up":    { "uv": [ 3.5, 1.5, 12.5, 2 ], "texture": "#Sentinel_Base" },
        "north": { "uv": [ 3.5, 5.5, 12.5, 7 ], "texture": "#Sentinel_Base" },
        "south": { "uv": [ 3.5, 5.5, 12.5, 7 ], "texture": "#Sentinel_Base" },
        "west":  { "uv": [ 1.5, 5.5, 2, 7 ], "texture": "#Sentinel_Base" },
        "east":  { "uv": [ 14, 5.5, 14.5, 7 ], "texture": "#Sentinel_Base" }
    }
},
{
    "__comment": "dvz_Sentinel",
    "from": [ 3.5, 13, 1.5 ],
    "to": [ 12.5, 13.5, 3 ],
    "faces": {
        "down":  { "uv": [ 12.5, 3, 3.5, 1.5 ], "texture": "#Sentinel_Base" },
        "up":    { "uv": [ 3.5, 1.5, 12.5, 3 ], "texture": "#Sentinel_Base" },
        "north": { "uv": [ 3.5, 2.5, 12.5, 3 ], "texture": "#Sentinel_Base" },
        "south": { "uv": [ 3.5, 2.5, 12.5, 3 ], "texture": "#Sentinel_Base" },
        "west":  { "uv": [ 1.5, 2.5, 3, 3 ], "texture": "#Sentinel_Base" },
        "east":  { "uv": [ 13, 2.5, 14.5, 3 ], "texture": "#Sentinel_Base" }
    }
},
{
    "__comment": "dvz_Sentinel",
    "from": [ 3.5, 13.5, 4 ],
    "to": [ 12, 14, 12 ],
    "faces": {
        "down":  { "uv": [ 12.5, 12, 4, 4 ], "texture": "#Sentinel_Base" },
        "up":    { "uv": [ 3.5, 4, 12, 12 ], "texture": "#Sentinel_Base" },
        "north": { "uv": [ 4, 2, 12.5, 2.5 ], "texture": "#Sentinel_Base" },
        "south": { "uv": [ 3.5, 2, 12, 2.5 ], "texture": "#Sentinel_Base" },
        "west":  { "uv": [ 4, 2, 12, 2.5 ], "texture": "#Sentinel_Base" },
        "east":  { "uv": [ 4, 2, 12, 2.5 ], "texture": "#Sentinel_Base" }
    }
},
{
    "__comment": "dvz_Sentinel_Strap",
    "from": [ 3.5, 1.5, 13 ],
    "to": [ 12.5, 2, 15 ],
    "faces": {
        "down":  { "uv": [ 12.5, 15, 3.5, 13 ], "texture": "#Sentinel_Strap" },
        "up":    { "uv": [ 3.5, 13, 12.5, 15 ], "texture": "#Sentinel_Strap" },
        "north": { "uv": [ 3.5, 14, 12.5, 14.5 ], "texture": "#Sentinel_Strap" },
        "south": { "uv": [ 3.5, 14, 12.5, 14.5 ], "texture": "#Sentinel_Strap" },
        "west":  { "uv": [ 13, 14, 15, 14.5 ], "texture": "#Sentinel_Strap" },
        "east":  { "uv": [ 1, 14, 3, 14.5 ], "texture": "#Sentinel_Strap" }
    }
},
{
    "__comment": "dvz_Sentinel_Trim",
    "from": [ 3.5, 8.5, 14.5 ],
    "to": [ 7, 9, 15.5 ],
    "faces": {
        "down":  { "uv": [ 12.5, 15.5, 9, 14.5 ], "texture": "#Sentinel_Trim" },
        "up":    { "uv": [ 3.5, 14.5, 7, 15.5 ], "texture": "#Sentinel_Trim" },
        "north": { "uv": [ 9, 7, 12.5, 7.5 ], "texture": "#Sentinel_Trim" },
        "south": { "uv": [ 3.5, 7, 7, 7.5 ], "texture": "#Sentinel_Trim" },
        "west":  { "uv": [ 14.5, 7, 15.5, 7.5 ], "texture": "#Sentinel_Trim" },
        "east":  { "uv": [ 0.5, 7, 1.5, 7.5 ], "texture": "#Sentinel_Trim" }
    }
},
{
    "__comment": "dvz_Sentinel",
    "from": [ 3.5, 13, 14 ],
    "to": [ 12.5, 13.5, 14.5 ],
    "faces": {
        "down":  { "uv": [ 12.5, 14.5, 3.5, 14 ], "texture": "#Sentinel_Base" },
        "up":    { "uv": [ 3.5, 14, 12.5, 14.5 ], "texture": "#Sentinel_Base" },
        "north": { "uv": [ 3.5, 2.5, 12.5, 3 ], "texture": "#Sentinel_Base" },
        "south": { "uv": [ 3.5, 2.5, 12.5, 3 ], "texture": "#Sentinel_Base" },
        "west":  { "uv": [ 14, 2.5, 14.5, 3 ], "texture": "#Sentinel_Base" },
        "east":  { "uv": [ 1.5, 2.5, 2, 3 ], "texture": "#Sentinel_Base" }
    }
},
{
    "__comment": "dvz_Sentinel_Trim",
    "from": [ 3.5, 8, 14.5 ],
    "to": [ 5, 8.5, 15.5 ],
    "faces": {
        "down":  { "uv": [ 12.5, 15.5, 11, 14.5 ], "texture": "#Sentinel_Trim" },
        "up":    { "uv": [ 3.5, 14.5, 5, 15.5 ], "texture": "#Sentinel_Trim" },
        "north": { "uv": [ 11, 7.5, 12.5, 8 ], "texture": "#Sentinel_Trim" },
        "south": { "uv": [ 3.5, 7.5, 5, 8 ], "texture": "#Sentinel_Trim" },
        "west":  { "uv": [ 14.5, 7.5, 15.5, 8 ], "texture": "#Sentinel_Trim" },
        "east":  { "uv": [ 0.5, 7.5, 1.5, 8 ], "texture": "#Sentinel_Trim" }
    }
},
{
    "__comment": "dvz_Sentinel_Trim",
    "from": [ 4, 8, 1 ],
    "to": [ 5, 8.5, 2 ],
    "faces": {
        "down":  { "uv": [ 12, 2, 11, 1 ], "texture": "#Sentinel_Trim" },
        "up":    { "uv": [ 4, 1, 5, 2 ], "texture": "#Sentinel_Trim" },
        "north": { "uv": [ 11, 7.5, 12, 8 ], "texture": "#Sentinel_Trim" },
        "south": { "uv": [ 4, 7.5, 5, 8 ], "texture": "#Sentinel_Trim" },
        "west":  { "uv": [ 1, 7.5, 2, 8 ], "texture": "#Sentinel_Trim" },
        "east":  { "uv": [ 14, 7.5, 15, 8 ], "texture": "#Sentinel_Trim" }
    }
},
{
    "__comment": "dvz_Sentinel_Trim",
    "from": [ 4, 8.5, 0.5 ],
    "to": [ 7, 9, 1.5 ],
    "faces": {
        "down":  { "uv": [ 12, 1.5, 9, 0.5 ], "texture": "#Sentinel_Trim" },
        "up":    { "uv": [ 4, 0.5, 7, 1.5 ], "texture": "#Sentinel_Trim" },
        "north": { "uv": [ 9, 7, 12, 7.5 ], "texture": "#Sentinel_Trim" },
        "south": { "uv": [ 4, 7, 7, 7.5 ], "texture": "#Sentinel_Trim" },
        "west":  { "uv": [ 0.5, 7, 1.5, 7.5 ], "texture": "#Sentinel_Trim" },
        "east":  { "uv": [ 14.5, 7, 15.5, 7.5 ], "texture": "#Sentinel_Trim" }
    }
},
{
    "__comment": "dvz_Sentinel",
    "from": [ 4, 13.5, 1.5 ],
    "to": [ 12, 14, 4 ],
    "faces": {
        "down":  { "uv": [ 12, 4, 4, 1.5 ], "texture": "#Sentinel_Base" },
        "up":    { "uv": [ 4, 1.5, 12, 4 ], "texture": "#Sentinel_Base" },
        "north": { "uv": [ 4, 2, 12, 2.5 ], "texture": "#Sentinel_Base" },
        "south": { "uv": [ 4, 2, 12, 2.5 ], "texture": "#Sentinel_Base" },
        "west":  { "uv": [ 1.5, 2, 4, 2.5 ], "texture": "#Sentinel_Base" },
        "east":  { "uv": [ 12, 2, 14.5, 2.5 ], "texture": "#Sentinel_Base" }
    }
},
{
    "__comment": "dvz_Sentinel",
    "from": [ 4, 14, 6.5 ],
    "to": [ 11.5, 14.5, 10 ],
    "faces": {
        "down":  { "uv": [ 12, 10, 4.5, 6.5 ], "texture": "#Sentinel_Base" },
        "up":    { "uv": [ 4, 6.5, 11.5, 10 ], "texture": "#Sentinel_Base" },
        "north": { "uv": [ 4.5, 1.5, 12, 2 ], "texture": "#Sentinel_Base" },
        "south": { "uv": [ 4, 1.5, 11.5, 2 ], "texture": "#Sentinel_Base" },
        "west":  { "uv": [ 6.5, 1.5, 10, 2 ], "texture": "#Sentinel_Base" },
        "east":  { "uv": [ 6, 1.5, 9.5, 2 ], "texture": "#Sentinel_Base" }
    }
},
{
    "__comment": "dvz_Sentinel",
    "from": [ 4, 13.5, 12 ],
    "to": [ 11.5, 14, 14.5 ],
    "faces": {
        "down":  { "uv": [ 12, 14.5, 4.5, 12 ], "texture": "#Sentinel_Base" },
        "up":    { "uv": [ 4, 12, 11.5, 14.5 ], "texture": "#Sentinel_Base" },
        "north": { "uv": [ 4.5, 2, 12, 2.5 ], "texture": "#Sentinel_Base" },
        "south": { "uv": [ 4, 2, 11.5, 2.5 ], "texture": "#Sentinel_Base" },
        "west":  { "uv": [ 12, 2, 14.5, 2.5 ], "texture": "#Sentinel_Base" },
        "east":  { "uv": [ 1.5, 2, 4, 2.5 ], "texture": "#Sentinel_Base" }
    }
},
{
    "__comment": "dvz_Sentinel_Strap",
    "from": [ 4, 2, 13 ],
    "to": [ 5, 3.5, 15 ],
    "faces": {
        "down":  { "uv": [ 12, 15, 11, 13 ], "texture": "#Sentinel_Strap" },
        "up":    { "uv": [ 4, 13, 5, 15 ], "texture": "#Sentinel_Strap" },
        "north": { "uv": [ 11, 12.5, 12, 14 ], "texture": "#Sentinel_Strap" },
        "south": { "uv": [ 4, 12.5, 5, 14 ], "texture": "#Sentinel_Strap" },
        "west":  { "uv": [ 13, 12.5, 15, 14 ], "texture": "#Sentinel_Strap" },
        "east":  { "uv": [ 1, 12.5, 3, 14 ], "texture": "#Sentinel_Strap" }
    }
},
{
    "__comment": "dvz_Sentinel",
    "from": [ 4, 12.5, 14.5 ],
    "to": [ 12, 13.5, 15 ],
    "faces": {
        "down":  { "uv": [ 12, 15, 4, 14.5 ], "texture": "#Sentinel_Base" },
        "up":    { "uv": [ 4, 14.5, 12, 15 ], "texture": "#Sentinel_Base" },
        "north": { "uv": [ 4, 2.5, 12, 3.5 ], "texture": "#Sentinel_Base" },
        "south": { "uv": [ 4, 2.5, 12, 3.5 ], "texture": "#Sentinel_Base" },
        "west":  { "uv": [ 14.5, 2.5, 15, 3.5 ], "texture": "#Sentinel_Base" },
        "east":  { "uv": [ 1, 2.5, 1.5, 3.5 ], "texture": "#Sentinel_Base" }
    }
},
{
    "__comment": "dvz_Sentinel_Trim",
    "from": [ 4.5, 9, 0.5 ],
    "to": [ 11.5, 9.5, 1.5 ],
    "faces": {
        "down":  { "uv": [ 11.5, 1.5, 4.5, 0.5 ], "texture": "#Sentinel_Trim" },
        "up":    { "uv": [ 4.5, 0.5, 11.5, 1.5 ], "texture": "#Sentinel_Trim" },
        "north": { "uv": [ 4.5, 6.5, 11.5, 7 ], "texture": "#Sentinel_Trim" },
        "south": { "uv": [ 4.5, 6.5, 11.5, 7 ], "texture": "#Sentinel_Trim" },
        "west":  { "uv": [ 0.5, 6.5, 1.5, 7 ], "texture": "#Sentinel_Trim" },
        "east":  { "uv": [ 14.5, 6.5, 15.5, 7 ], "texture": "#Sentinel_Trim" }
    }
},
{
    "__comment": "dvz_Sentinel",
    "from": [ 4.5, 11.5, 1 ],
    "to": [ 11, 14, 1.5 ],
    "faces": {
        "down":  { "uv": [ 11.5, 1.5, 5, 1 ], "texture": "#Sentinel_Base" },
        "up":    { "uv": [ 4.5, 1, 11, 1.5 ], "texture": "#Sentinel_Base" },
        "north": { "uv": [ 5, 2, 11.5, 4.5 ], "texture": "#Sentinel_Base" },
        "south": { "uv": [ 4.5, 2, 11, 4.5 ], "texture": "#Sentinel_Base" },
        "west":  { "uv": [ 1, 2, 1.5, 4.5 ], "texture": "#Sentinel_Base" },
        "east":  { "uv": [ 14.5, 2, 15, 4.5 ], "texture": "#Sentinel_Base" }
    }
},
{
    "__comment": "dvz_Sentinel",
    "from": [ 4.5, 14, 3.5 ],
    "to": [ 11, 14.5, 6.5 ],
    "faces": {
        "down":  { "uv": [ 11.5, 6.5, 5, 3.5 ], "texture": "#Sentinel_Base" },
        "up":    { "uv": [ 4.5, 3.5, 11, 6.5 ], "texture": "#Sentinel_Base" },
        "north": { "uv": [ 5, 1.5, 11.5, 2 ], "texture": "#Sentinel_Base" },
        "south": { "uv": [ 4.5, 1.5, 11, 2 ], "texture": "#Sentinel_Base" },
        "west":  { "uv": [ 3.5, 1.5, 6.5, 2 ], "texture": "#Sentinel_Base" },
        "east":  { "uv": [ 9.5, 1.5, 12.5, 2 ], "texture": "#Sentinel_Base" }
    }
},
{
    "__comment": "dvz_Sentinel",
    "from": [ 4.5, 14, 10 ],
    "to": [ 11, 14.5, 13 ],
    "faces": {
        "down":  { "uv": [ 11.5, 13, 5, 10 ], "texture": "#Sentinel_Base" },
        "up":    { "uv": [ 4.5, 10, 11, 13 ], "texture": "#Sentinel_Base" },
        "north": { "uv": [ 5, 1.5, 11.5, 2 ], "texture": "#Sentinel_Base" },
        "south": { "uv": [ 4.5, 1.5, 11, 2 ], "texture": "#Sentinel_Base" },
        "west":  { "uv": [ 10, 1.5, 13, 2 ], "texture": "#Sentinel_Base" },
        "east":  { "uv": [ 3, 1.5, 6, 2 ], "texture": "#Sentinel_Base" }
    }
},
{
    "__comment": "dvz_Sentinel_Strap",
    "from": [ 4.5, 1, 13 ],
    "to": [ 11.5, 1.5, 15 ],
    "faces": {
        "down":  { "uv": [ 11.5, 15, 4.5, 13 ], "texture": "#Sentinel_Strap" },
        "up":    { "uv": [ 4.5, 13, 11.5, 15 ], "texture": "#Sentinel_Strap" },
        "north": { "uv": [ 4.5, 14.5, 11.5, 15 ], "texture": "#Sentinel_Strap" },
        "south": { "uv": [ 4.5, 14.5, 11.5, 15 ], "texture": "#Sentinel_Strap" },
        "west":  { "uv": [ 13, 14.5, 15, 15 ], "texture": "#Sentinel_Strap" },
        "east":  { "uv": [ 1, 14.5, 3, 15 ], "texture": "#Sentinel_Strap" }
    }
},
{
    "__comment": "dvz_Sentinel",
    "from": [ 4.5, 9, 14.5 ],
    "to": [ 11.5, 9.5, 15.5 ],
    "faces": {
        "down":  { "uv": [ 11.5, 15.5, 4.5, 14.5 ], "texture": "#Sentinel_Base" },
        "up":    { "uv": [ 4.5, 14.5, 11.5, 15.5 ], "texture": "#Sentinel_Base" },
        "north": { "uv": [ 4.5, 6.5, 11.5, 7 ], "texture": "#Sentinel_Base" },
        "south": { "uv": [ 4.5, 6.5, 11.5, 7 ], "texture": "#Sentinel_Base" },
        "west":  { "uv": [ 14.5, 6.5, 15.5, 7 ], "texture": "#Sentinel_Base" },
        "east":  { "uv": [ 0.5, 6.5, 1.5, 7 ], "texture": "#Sentinel_Base" }
    }
},
{
    "__comment": "dvz_Sentinel",
    "from": [ 4.5, 9.5, 14.5 ],
    "to": [ 11.5, 12.5, 15 ],
    "faces": {
        "down":  { "uv": [ 11.5, 15, 4.5, 14.5 ], "texture": "#Sentinel_Base" },
        "up":    { "uv": [ 4.5, 14.5, 11.5, 15 ], "texture": "#Sentinel_Base" },
        "north": { "uv": [ 4.5, 3.5, 11.5, 6.5 ], "texture": "#Sentinel_Base" },
        "south": { "uv": [ 4.5, 3.5, 11.5, 6.5 ], "texture": "#Sentinel_Base" },
        "west":  { "uv": [ 14.5, 3.5, 15, 6.5 ], "texture": "#Sentinel_Base" },
        "east":  { "uv": [ 1, 3.5, 1.5, 6.5 ], "texture": "#Sentinel_Base" }
    }
},
{
    "__comment": "dvz_Sentinel",
    "from": [ 4.5, 13.5, 14.5 ],
    "to": [ 11.5, 14, 15 ],
    "faces": {
        "down":  { "uv": [ 11.5, 15, 4.5, 14.5 ], "texture": "#Sentinel_Base" },
        "up":    { "uv": [ 4.5, 14.5, 11.5, 15 ], "texture": "#Sentinel_Base" },
        "north": { "uv": [ 4.5, 2, 11.5, 2.5 ], "texture": "#Sentinel_Base" },
        "south": { "uv": [ 4.5, 2, 11.5, 2.5 ], "texture": "#Sentinel_Base" },
        "west":  { "uv": [ 14.5, 2, 15, 2.5 ], "texture": "#Sentinel_Base" },
        "east":  { "uv": [ 1, 2, 1.5, 2.5 ], "texture": "#Sentinel_Base" }
    }
},
{
    "__comment": "dvz_Sentinel",
    "from": [ 5, 9.5, 1 ],
    "to": [ 11, 11.5, 1.5 ],
    "faces": {
        "down":  { "uv": [ 11, 1.5, 5, 1 ], "texture": "#Sentinel_Base" },
        "up":    { "uv": [ 5, 1, 11, 1.5 ], "texture": "#Sentinel_Base" },
        "north": { "uv": [ 5, 4.5, 11, 6.5 ], "texture": "#Sentinel_Base" },
        "south": { "uv": [ 5, 4.5, 11, 6.5 ], "texture": "#Sentinel_Base" },
        "west":  { "uv": [ 1, 4.5, 1.5, 6.5 ], "texture": "#Sentinel_Base" },
        "east":  { "uv": [ 14.5, 4.5, 15, 6.5 ], "texture": "#Sentinel_Base" }
    }
},
{
    "__comment": "dvz_Sentinel",
    "from": [ 5, 14, 1.5 ],
    "to": [ 10.5, 14.5, 3.5 ],
    "faces": {
        "down":  { "uv": [ 11, 3.5, 5.5, 1.5 ], "texture": "#Sentinel_Base" },
        "up":    { "uv": [ 5, 1.5, 10.5, 3.5 ], "texture": "#Sentinel_Base" },
        "north": { "uv": [ 5.5, 1.5, 11, 2 ], "texture": "#Sentinel_Base" },
        "south": { "uv": [ 5, 1.5, 10.5, 2 ], "texture": "#Sentinel_Base" },
        "west":  { "uv": [ 1.5, 1.5, 3.5, 2 ], "texture": "#Sentinel_Base" },
        "east":  { "uv": [ 12.5, 1.5, 14.5, 2 ], "texture": "#Sentinel_Base" }
    }
},
{
    "__comment": "dvz_Sentinel",
    "from": [ 5, 8.5, 2.5 ],
    "to": [ 7, 9, 14 ],
    "faces": {
        "down":  { "uv": [ 11, 14, 9, 2.5 ], "texture": "#Sentinel_Base" },
        "up":    { "uv": [ 5, 2.5, 7, 14 ], "texture": "#Sentinel_Base" },
        "north": { "uv": [ 9, 7, 11, 7.5 ], "texture": "#Sentinel_Base" },
        "south": { "uv": [ 5, 7, 7, 7.5 ], "texture": "#Sentinel_Base" },
        "west":  { "uv": [ 2.5, 7, 14, 7.5 ], "texture": "#Sentinel_Base" },
        "east":  { "uv": [ 2, 7, 13.5, 7.5 ], "texture": "#Sentinel_Base" }
    }
},
{
    "__comment": "dvz_Sentinel",
    "from": [ 5, 14.5, 4.5 ],
    "to": [ 10.5, 15, 11.5 ],
    "faces": {
        "down":  { "uv": [ 11, 11.5, 5.5, 4.5 ], "texture": "#Sentinel_Base" },
        "up":    { "uv": [ 5, 4.5, 10.5, 11.5 ], "texture": "#Sentinel_Base" },
        "north": { "uv": [ 5.5, 1, 11, 1.5 ], "texture": "#Sentinel_Base" },
        "south": { "uv": [ 5, 1, 10.5, 1.5 ], "texture": "#Sentinel_Base" },
        "west":  { "uv": [ 4.5, 1, 11.5, 1.5 ], "texture": "#Sentinel_Base" },
        "east":  { "uv": [ 4.5, 1, 11.5, 1.5 ], "texture": "#Sentinel_Base" }
    }
},
{
    "__comment": "dvz_Sentinel_Strap",
    "from": [ 5, 0.5, 13 ],
    "to": [ 11, 1, 15 ],
    "faces": {
        "down":  { "uv": [ 11, 15, 5, 13 ], "texture": "#Sentinel_Strap" },
        "up":    { "uv": [ 5, 13, 11, 15 ], "texture": "#Sentinel_Strap" },
        "north": { "uv": [ 5, 15, 11, 15.5 ], "texture": "#Sentinel_Strap" },
        "south": { "uv": [ 5, 15, 11, 15.5 ], "texture": "#Sentinel_Strap" },
        "west":  { "uv": [ 13, 15, 15, 15.5 ], "texture": "#Sentinel_Strap" },
        "east":  { "uv": [ 1, 15, 3, 15.5 ], "texture": "#Sentinel_Strap" }
    }
},
{
    "__comment": "dvz_Sentinel_Strap",
    "from": [ 5, 2, 13 ],
    "to": [ 14.5, 3, 15 ],
    "faces": {
        "down":  { "uv": [ 11, 15, 1.5, 13 ], "texture": "#Sentinel_Strap" },
        "up":    { "uv": [ 5, 13, 14.5, 15 ], "texture": "#Sentinel_Strap" },
        "north": { "uv": [ 1.5, 13, 11, 14 ], "texture": "#Sentinel_Strap" },
        "south": { "uv": [ 5, 13, 14.5, 14 ], "texture": "#Sentinel_Strap" },
        "west":  { "uv": [ 13, 13, 15, 14 ], "texture": "#Sentinel_Strap" },
        "east":  { "uv": [ 1, 13, 3, 14 ], "texture": "#Sentinel_Strap" }
    }
},
{
    "__comment": "dvz_Sentinel",
    "from": [ 5, 14, 13 ],
    "to": [ 10.5, 14.5, 14.5 ],
    "faces": {
        "down":  { "uv": [ 11, 14.5, 5.5, 13 ], "texture": "#Sentinel_Base" },
        "up":    { "uv": [ 5, 13, 10.5, 14.5 ], "texture": "#Sentinel_Base" },
        "north": { "uv": [ 5.5, 1.5, 11, 2 ], "texture": "#Sentinel_Base" },
        "south": { "uv": [ 5, 1.5, 10.5, 2 ], "texture": "#Sentinel_Base" },
        "west":  { "uv": [ 13, 1.5, 14.5, 2 ], "texture": "#Sentinel_Base" },
        "east":  { "uv": [ 1.5, 1.5, 3, 2 ], "texture": "#Sentinel_Base" }
    }
},
{
    "__comment": "dvz_Sentinel",
    "from": [ 5, 9, 13.5 ],
    "to": [ 14, 9.5, 14 ],
    "faces": {
        "down":  { "uv": [ 11, 14, 2, 13.5 ], "texture": "#Sentinel_Base" },
        "up":    { "uv": [ 5, 13.5, 14, 14 ], "texture": "#Sentinel_Base" },
        "north": { "uv": [ 2, 6.5, 11, 7 ], "texture": "#Sentinel_Base" },
        "south": { "uv": [ 5, 6.5, 14, 7 ], "texture": "#Sentinel_Base" },
        "west":  { "uv": [ 13.5, 6.5, 14, 7 ], "texture": "#Sentinel_Base" },
        "east":  { "uv": [ 2, 6.5, 2.5, 7 ], "texture": "#Sentinel_Base" }
    }
},
{
    "__comment": "dvz_Sentinel_Trim",
    "from": [ 5, 8.5, 15.5 ],
    "to": [ 11, 9.5, 16 ],
    "faces": {
        "down":  { "uv": [ 11, 16, 5, 15.5 ], "texture": "#Sentinel_Trim" },
        "up":    { "uv": [ 5, 15.5, 11, 16 ], "texture": "#Sentinel_Trim" },
        "north": { "uv": [ 5, 6.5, 11, 7.5 ], "texture": "#Sentinel_Trim" },
        "south": { "uv": [ 5, 6.5, 11, 7.5 ], "texture": "#Sentinel_Trim" },
        "west":  { "uv": [ 15.5, 6.5, 16, 7.5 ], "texture": "#Sentinel_Trim" },
        "east":  { "uv": [ 0, 6.5, 0.5, 7.5 ], "texture": "#Sentinel_Trim" }
    }
},
{
    "__comment": "dvz_Sentinel",
    "from": [ 5.5, 14, 1 ],
    "to": [ 10.5, 14.5, 1.5 ],
    "faces": {
        "down":  { "uv": [ 10.5, 1.5, 5.5, 1 ], "texture": "#Sentinel_Base" },
        "up":    { "uv": [ 5.5, 1, 10.5, 1.5 ], "texture": "#Sentinel_Base" },
        "north": { "uv": [ 5.5, 1.5, 10.5, 2 ], "texture": "#Sentinel_Base" },
        "south": { "uv": [ 5.5, 1.5, 10.5, 2 ], "texture": "#Sentinel_Base" },
        "west":  { "uv": [ 1, 1.5, 1.5, 2 ], "texture": "#Sentinel_Base" },
        "east":  { "uv": [ 14.5, 1.5, 15, 2 ], "texture": "#Sentinel_Base" }
    }
},
{
    "__comment": "dvz_Sentinel",
    "from": [ 5.5, 14.5, 3.5 ],
    "to": [ 10, 15, 4.5 ],
    "faces": {
        "down":  { "uv": [ 10.5, 4.5, 6, 3.5 ], "texture": "#Sentinel_Base" },
        "up":    { "uv": [ 5.5, 3.5, 10, 4.5 ], "texture": "#Sentinel_Base" },
        "north": { "uv": [ 6, 1, 10.5, 1.5 ], "texture": "#Sentinel_Base" },
        "south": { "uv": [ 5.5, 1, 10, 1.5 ], "texture": "#Sentinel_Base" },
        "west":  { "uv": [ 3.5, 1, 4.5, 1.5 ], "texture": "#Sentinel_Base" },
        "east":  { "uv": [ 11.5, 1, 12.5, 1.5 ], "texture": "#Sentinel_Base" }
    }
},
{
    "__comment": "dvz_Sentinel",
    "from": [ 5.5, 14.5, 11.5 ],
    "to": [ 10, 15, 12.5 ],
    "faces": {
        "down":  { "uv": [ 10.5, 12.5, 6, 11.5 ], "texture": "#Sentinel_Base" },
        "up":    { "uv": [ 5.5, 11.5, 10, 12.5 ], "texture": "#Sentinel_Base" },
        "north": { "uv": [ 6, 1, 10.5, 1.5 ], "texture": "#Sentinel_Base" },
        "south": { "uv": [ 5.5, 1, 10, 1.5 ], "texture": "#Sentinel_Base" },
        "west":  { "uv": [ 11.5, 1, 12.5, 1.5 ], "texture": "#Sentinel_Base" },
        "east":  { "uv": [ 3.5, 1, 4.5, 1.5 ], "texture": "#Sentinel_Base" }
    }
},
{
    "__comment": "dvz_Sentinel",
    "from": [ 5.5, 14, 14.5 ],
    "to": [ 10.5, 14.5, 15 ],
    "faces": {
        "down":  { "uv": [ 10.5, 15, 5.5, 14.5 ], "texture": "#Sentinel_Base" },
        "up":    { "uv": [ 5.5, 14.5, 10.5, 15 ], "texture": "#Sentinel_Base" },
        "north": { "uv": [ 5.5, 1.5, 10.5, 2 ], "texture": "#Sentinel_Base" },
        "south": { "uv": [ 5.5, 1.5, 10.5, 2 ], "texture": "#Sentinel_Base" },
        "west":  { "uv": [ 14.5, 1.5, 15, 2 ], "texture": "#Sentinel_Base" },
        "east":  { "uv": [ 1, 1.5, 1.5, 2 ], "texture": "#Sentinel_Base" }
    }
},
{
    "__comment": "dvz_Sentinel",
    "from": [ 6, 14.5, 3 ],
    "to": [ 10, 15, 3.5 ],
    "faces": {
        "down":  { "uv": [ 10, 3.5, 6, 3 ], "texture": "#Sentinel_Base" },
        "up":    { "uv": [ 6, 3, 10, 3.5 ], "texture": "#Sentinel_Base" },
        "north": { "uv": [ 6, 1, 10, 1.5 ], "texture": "#Sentinel_Base" },
        "south": { "uv": [ 6, 1, 10, 1.5 ], "texture": "#Sentinel_Base" },
        "west":  { "uv": [ 3, 1, 3.5, 1.5 ], "texture": "#Sentinel_Base" },
        "east":  { "uv": [ 12.5, 1, 13, 1.5 ], "texture": "#Sentinel_Base" }
    }
},
{
    "__comment": "dvz_Sentinel",
    "from": [ 6, 15, 6 ],
    "to": [ 9.5, 15.5, 10 ],
    "faces": {
        "down":  { "uv": [ 10, 10, 6.5, 6 ], "texture": "#Sentinel_Base" },
        "up":    { "uv": [ 6, 6, 9.5, 10 ], "texture": "#Sentinel_Base" },
        "north": { "uv": [ 6.5, 0.5, 10, 1 ], "texture": "#Sentinel_Base" },
        "south": { "uv": [ 6, 0.5, 9.5, 1 ], "texture": "#Sentinel_Base" },
        "west":  { "uv": [ 6, 0.5, 10, 1 ], "texture": "#Sentinel_Base" },
        "east":  { "uv": [ 6, 0.5, 10, 1 ], "texture": "#Sentinel_Base" }
    }
},
{
    "__comment": "dvz_Sentinel",
    "from": [ 6, 14.5, 12.5 ],
    "to": [ 9.5, 15, 13.5 ],
    "faces": {
        "down":  { "uv": [ 10, 13.5, 6.5, 12.5 ], "texture": "#Sentinel_Base" },
        "up":    { "uv": [ 6, 12.5, 9.5, 13.5 ], "texture": "#Sentinel_Base" },
        "north": { "uv": [ 6.5, 1, 10, 1.5 ], "texture": "#Sentinel_Base" },
        "south": { "uv": [ 6, 1, 9.5, 1.5 ], "texture": "#Sentinel_Base" },
        "west":  { "uv": [ 12.5, 1, 13.5, 1.5 ], "texture": "#Sentinel_Base" },
        "east":  { "uv": [ 2.5, 1, 3.5, 1.5 ], "texture": "#Sentinel_Base" }
    }
},
{
    "__comment": "dvz_Sentinel_Strap",
    "from": [ 6, 0, 13 ],
    "to": [ 10, 0.5, 15 ],
    "faces": {
        "down":  { "uv": [ 10, 15, 6, 13 ], "texture": "#Sentinel_Strap" },
        "up":    { "uv": [ 6, 13, 10, 15 ], "texture": "#Sentinel_Strap" },
        "north": { "uv": [ 6, 15.5, 10, 16 ], "texture": "#Sentinel_Strap" },
        "south": { "uv": [ 6, 15.5, 10, 16 ], "texture": "#Sentinel_Strap" },
        "west":  { "uv": [ 13, 15.5, 15, 16 ], "texture": "#Sentinel_Strap" },
        "east":  { "uv": [ 1, 15.5, 3, 16 ], "texture": "#Sentinel_Strap" }
    }
},
{
    "__comment": "dvz_Sentinel_Trim",
    "from": [ 6.5, 9.5, 0.5 ],
    "to": [ 9.5, 10, 1 ],
    "faces": {
        "down":  { "uv": [ 9.5, 1, 6.5, 0.5 ], "texture": "#Sentinel_Trim" },
        "up":    { "uv": [ 6.5, 0.5, 9.5, 1 ], "texture": "#Sentinel_Trim" },
        "north": { "uv": [ 6.5, 6, 9.5, 6.5 ], "texture": "#Sentinel_Trim" },
        "south": { "uv": [ 6.5, 6, 9.5, 6.5 ], "texture": "#Sentinel_Trim" },
        "west":  { "uv": [ 0.5, 6, 1, 6.5 ], "texture": "#Sentinel_Trim" },
        "east":  { "uv": [ 15, 6, 15.5, 6.5 ], "texture": "#Sentinel_Trim" }
    }
},
{
    "__comment": "dvz_Sentinel",
    "from": [ 6.5, 14.5, 2.5 ],
    "to": [ 9.5, 15, 3 ],
    "faces": {
        "down":  { "uv": [ 9.5, 3, 6.5, 2.5 ], "texture": "#Sentinel_Base" },
        "up":    { "uv": [ 6.5, 2.5, 9.5, 3 ], "texture": "#Sentinel_Base" },
        "north": { "uv": [ 6.5, 1, 9.5, 1.5 ], "texture": "#Sentinel_Base" },
        "south": { "uv": [ 6.5, 1, 9.5, 1.5 ], "texture": "#Sentinel_Base" },
        "west":  { "uv": [ 2.5, 1, 3, 1.5 ], "texture": "#Sentinel_Base" },
        "east":  { "uv": [ 13, 1, 13.5, 1.5 ], "texture": "#Sentinel_Base" }
    }
},
{
    "__comment": "dvz_Sentinel",
    "from": [ 6.5, 15, 5 ],
    "to": [ 9, 15.5, 6 ],
    "faces": {
        "down":  { "uv": [ 9.5, 6, 7, 5 ], "texture": "#Sentinel_Base" },
        "up":    { "uv": [ 6.5, 5, 9, 6 ], "texture": "#Sentinel_Base" },
        "north": { "uv": [ 7, 0.5, 9.5, 1 ], "texture": "#Sentinel_Base" },
        "south": { "uv": [ 6.5, 0.5, 9, 1 ], "texture": "#Sentinel_Base" },
        "west":  { "uv": [ 5, 0.5, 6, 1 ], "texture": "#Sentinel_Base" },
        "east":  { "uv": [ 10, 0.5, 11, 1 ], "texture": "#Sentinel_Base" }
    }
},
{
    "__comment": "dvz_Sentinel",
    "from": [ 6.5, 15, 10 ],
    "to": [ 9, 15.5, 11 ],
    "faces": {
        "down":  { "uv": [ 9.5, 11, 7, 10 ], "texture": "#Sentinel_Base" },
        "up":    { "uv": [ 6.5, 10, 9, 11 ], "texture": "#Sentinel_Base" },
        "north": { "uv": [ 7, 0.5, 9.5, 1 ], "texture": "#Sentinel_Base" },
        "south": { "uv": [ 6.5, 0.5, 9, 1 ], "texture": "#Sentinel_Base" },
        "west":  { "uv": [ 10, 0.5, 11, 1 ], "texture": "#Sentinel_Base" },
        "east":  { "uv": [ 5, 0.5, 6, 1 ], "texture": "#Sentinel_Base" }
    }
},
{
    "__comment": "dvz_Sentinel_Trim",
    "from": [ 6.5, 9.5, 15 ],
    "to": [ 9.5, 10, 16 ],
    "faces": {
        "down":  { "uv": [ 9.5, 16, 6.5, 15 ], "texture": "#Sentinel_Trim" },
        "up":    { "uv": [ 6.5, 15, 9.5, 16 ], "texture": "#Sentinel_Trim" },
        "north": { "uv": [ 6.5, 6, 9.5, 6.5 ], "texture": "#Sentinel_Trim" },
        "south": { "uv": [ 6.5, 6, 9.5, 6.5 ], "texture": "#Sentinel_Trim" },
        "west":  { "uv": [ 15, 6, 16, 6.5 ], "texture": "#Sentinel_Trim" },
        "east":  { "uv": [ 0, 6, 1, 6.5 ], "texture": "#Sentinel_Trim" }
    }
},
{
    "__comment": "dvz_Sentinel_Trim",
    "from": [ 7, 9, 0 ],
    "to": [ 9, 10, 0.5 ],
    "faces": {
        "down":  { "uv": [ 9, 0.5, 7, 0 ], "texture": "#Sentinel_Trim" },
        "up":    { "uv": [ 7, 0, 9, 0.5 ], "texture": "#Sentinel_Trim" },
        "north": { "uv": [ 7, 6, 9, 7 ], "texture": "#Sentinel_Trim" },
        "south": { "uv": [ 7, 6, 9, 7 ], "texture": "#Sentinel_Trim" },
        "west":  { "uv": [ 0, 6, 0.5, 7 ], "texture": "#Sentinel_Trim" },
        "east":  { "uv": [ 15.5, 6, 16, 7 ], "texture": "#Sentinel_Trim" }
    }
},
{
    "__comment": "dvz_Sentinel",
    "from": [ 7, 9, 2 ],
    "to": [ 13.5, 9.5, 2.5 ],
    "faces": {
        "down":  { "uv": [ 9, 2.5, 2.5, 2 ], "texture": "#Sentinel_Base" },
        "up":    { "uv": [ 7, 2, 13.5, 2.5 ], "texture": "#Sentinel_Base" },
        "north": { "uv": [ 2.5, 6.5, 9, 7 ], "texture": "#Sentinel_Base" },
        "south": { "uv": [ 7, 6.5, 13.5, 7 ], "texture": "#Sentinel_Base" },
        "west":  { "uv": [ 2, 6.5, 2.5, 7 ], "texture": "#Sentinel_Base" },
        "east":  { "uv": [ 13.5, 6.5, 14, 7 ], "texture": "#Sentinel_Base" }
    }
},
{
    "__comment": "dvz_Sentinel",
    "from": [ 7, 14.5, 2 ],
    "to": [ 9, 15, 2.5 ],
    "faces": {
        "down":  { "uv": [ 9, 2.5, 7, 2 ], "texture": "#Sentinel_Base" },
        "up":    { "uv": [ 7, 2, 9, 2.5 ], "texture": "#Sentinel_Base" },
        "north": { "uv": [ 7, 1, 9, 1.5 ], "texture": "#Sentinel_Base" },
        "south": { "uv": [ 7, 1, 9, 1.5 ], "texture": "#Sentinel_Base" },
        "west":  { "uv": [ 2, 1, 2.5, 1.5 ], "texture": "#Sentinel_Base" },
        "east":  { "uv": [ 13.5, 1, 14, 1.5 ], "texture": "#Sentinel_Base" }
    }
},
{
    "__comment": "dvz_Sentinel",
    "from": [ 7, 15, 4.5 ],
    "to": [ 9, 15.5, 5 ],
    "faces": {
        "down":  { "uv": [ 9, 5, 7, 4.5 ], "texture": "#Sentinel_Base" },
        "up":    { "uv": [ 7, 4.5, 9, 5 ], "texture": "#Sentinel_Base" },
        "north": { "uv": [ 7, 0.5, 9, 1 ], "texture": "#Sentinel_Base" },
        "south": { "uv": [ 7, 0.5, 9, 1 ], "texture": "#Sentinel_Base" },
        "west":  { "uv": [ 4.5, 0.5, 5, 1 ], "texture": "#Sentinel_Base" },
        "east":  { "uv": [ 11, 0.5, 11.5, 1 ], "texture": "#Sentinel_Base" }
    }
},
{
    "__comment": "dvz_Sentinel",
    "from": [ 7, 15, 11 ],
    "to": [ 9, 15.5, 11.5 ],
    "faces": {
        "down":  { "uv": [ 9, 11.5, 7, 11 ], "texture": "#Sentinel_Base" },
        "up":    { "uv": [ 7, 11, 9, 11.5 ], "texture": "#Sentinel_Base" },
        "north": { "uv": [ 7, 0.5, 9, 1 ], "texture": "#Sentinel_Base" },
        "south": { "uv": [ 7, 0.5, 9, 1 ], "texture": "#Sentinel_Base" },
        "west":  { "uv": [ 11, 0.5, 11.5, 1 ], "texture": "#Sentinel_Base" },
        "east":  { "uv": [ 4.5, 0.5, 5, 1 ], "texture": "#Sentinel_Base" }
    }
},
{
    "__comment": "dvz_Sentinel",
    "from": [ 7, 14.5, 13.5 ],
    "to": [ 9, 15, 14 ],
    "faces": {
        "down":  { "uv": [ 9, 14, 7, 13.5 ], "texture": "#Sentinel_Base" },
        "up":    { "uv": [ 7, 13.5, 9, 14 ], "texture": "#Sentinel_Base" },
        "north": { "uv": [ 7, 1, 9, 1.5 ], "texture": "#Sentinel_Base" },
        "south": { "uv": [ 7, 1, 9, 1.5 ], "texture": "#Sentinel_Base" },
        "west":  { "uv": [ 13.5, 1, 14, 1.5 ], "texture": "#Sentinel_Base" },
        "east":  { "uv": [ 2, 1, 2.5, 1.5 ], "texture": "#Sentinel_Base" }
    }
},
{
    "__comment": "dvz_Sentinel_Trim",
    "from": [ 7, 8, 14.5 ],
    "to": [ 9, 8.5, 16 ],
    "faces": {
        "down":  { "uv": [ 9, 16, 7, 14.5 ], "texture": "#Sentinel_Trim" },
        "up":    { "uv": [ 7, 14.5, 9, 16 ], "texture": "#Sentinel_Trim" },
        "north": { "uv": [ 7, 7.5, 9, 8 ], "texture": "#Sentinel_Trim" },
        "south": { "uv": [ 7, 7.5, 9, 8 ], "texture": "#Sentinel_Trim" },
        "west":  { "uv": [ 14.5, 7.5, 16, 8 ], "texture": "#Sentinel_Trim" },
        "east":  { "uv": [ 0, 7.5, 1.5, 8 ], "texture": "#Sentinel_Trim" }
    }
},
{
    "__comment": "dvz_Sentinel_Trim",
    "from": [ 7, 8.5, 14.5 ],
    "to": [ 12.5, 9, 15.5 ],
    "faces": {
        "down":  { "uv": [ 9, 15.5, 3.5, 14.5 ], "texture": "#Sentinel_Trim" },
        "up":    { "uv": [ 7, 14.5, 12.5, 15.5 ], "texture": "#Sentinel_Trim" },
        "north": { "uv": [ 3.5, 7, 9, 7.5 ], "texture": "#Sentinel_Trim" },
        "south": { "uv": [ 7, 7, 12.5, 7.5 ], "texture": "#Sentinel_Trim" },
        "west":  { "uv": [ 14.5, 7, 15.5, 7.5 ], "texture": "#Sentinel_Trim" },
        "east":  { "uv": [ 0.5, 7, 1.5, 7.5 ], "texture": "#Sentinel_Trim" }
    }
},
{
    "__comment": "dvz_Sentinel_Trim",
    "from": [ 7, 10, 15 ],
    "to": [ 9, 10.5, 16 ],
    "faces": {
        "down":  { "uv": [ 9, 16, 7, 15 ], "texture": "#Sentinel_Trim" },
        "up":    { "uv": [ 7, 15, 9, 16 ], "texture": "#Sentinel_Trim" },
        "north": { "uv": [ 7, 5.5, 9, 6 ], "texture": "#Sentinel_Trim" },
        "south": { "uv": [ 7, 5.5, 9, 6 ], "texture": "#Sentinel_Trim" },
        "west":  { "uv": [ 15, 5.5, 16, 6 ], "texture": "#Sentinel_Trim" },
        "east":  { "uv": [ 0, 5.5, 1, 6 ], "texture": "#Sentinel_Trim" }
    }
},
{
    "__comment": "dvz_Sentinel_Trim",
    "from": [ 7.5, 10, 0 ],
    "to": [ 8.5, 14.5, 1 ],
    "faces": {
        "down":  { "uv": [ 8.5, 1, 7.5, 0 ], "texture": "#Sentinel_Trim" },
        "up":    { "uv": [ 7.5, 0, 8.5, 1 ], "texture": "#Sentinel_Trim" },
        "north": { "uv": [ 7.5, 1.5, 8.5, 6 ], "texture": "#Sentinel_Trim" },
        "south": { "uv": [ 7.5, 1.5, 8.5, 6 ], "texture": "#Sentinel_Trim" },
        "west":  { "uv": [ 0, 1.5, 1, 6 ], "texture": "#Sentinel_Trim" },
        "east":  { "uv": [ 15, 1.5, 16, 6 ], "texture": "#Sentinel_Trim" }
    }
},
{
    "__comment": "dvz_Sentinel_Trim",
    "from": [ 7.5, 14.5, 0.5 ],
    "to": [ 8.5, 15, 2 ],
    "faces": {
        "down":  { "uv": [ 8.5, 2, 7.5, 0.5 ], "texture": "#Sentinel_Trim" },
        "up":    { "uv": [ 7.5, 0.5, 8.5, 2 ], "texture": "#Sentinel_Trim" },
        "north": { "uv": [ 7.5, 1, 8.5, 1.5 ], "texture": "#Sentinel_Trim" },
        "south": { "uv": [ 7.5, 1, 8.5, 1.5 ], "texture": "#Sentinel_Trim" },
        "west":  { "uv": [ 0.5, 1, 2, 1.5 ], "texture": "#Sentinel_Trim" },
        "east":  { "uv": [ 14, 1, 15.5, 1.5 ], "texture": "#Sentinel_Trim" }
    }
},
{
    "__comment": "dvz_Sentinel_Trim",
    "from": [ 7.5, 15, 1.5 ],
    "to": [ 8.5, 15.5, 4.5 ],
    "faces": {
        "down":  { "uv": [ 8.5, 4.5, 7.5, 1.5 ], "texture": "#Sentinel_Trim" },
        "up":    { "uv": [ 7.5, 1.5, 8.5, 4.5 ], "texture": "#Sentinel_Trim" },
        "north": { "uv": [ 7.5, 0.5, 8.5, 1 ], "texture": "#Sentinel_Trim" },
        "south": { "uv": [ 7.5, 0.5, 8.5, 1 ], "texture": "#Sentinel_Trim" },
        "west":  { "uv": [ 1.5, 0.5, 4.5, 1 ], "texture": "#Sentinel_Trim" },
        "east":  { "uv": [ 11.5, 0.5, 14.5, 1 ], "texture": "#Sentinel_Trim" }
    }
},
{
    "__comment": "dvz_Sentinel_Trim",
    "from": [ 7.5, 15.5, 3.5 ],
    "to": [ 8.5, 16, 12.5 ],
    "faces": {
        "down":  { "uv": [ 8.5, 12.5, 7.5, 3.5 ], "texture": "#Sentinel_Trim" },
        "up":    { "uv": [ 7.5, 3.5, 8.5, 12.5 ], "texture": "#Sentinel_Trim" },
        "north": { "uv": [ 7.5, 0, 8.5, 0.5 ], "texture": "#Sentinel_Trim" },
        "south": { "uv": [ 7.5, 0, 8.5, 0.5 ], "texture": "#Sentinel_Trim" },
        "west":  { "uv": [ 3.5, 0, 12.5, 0.5 ], "texture": "#Sentinel_Trim" },
        "east":  { "uv": [ 3.5, 0, 12.5, 0.5 ], "texture": "#Sentinel_Trim" }
    }
},
{
    "__comment": "dvz_Sentinel_Trim",
    "from": [ 7.5, 15, 11.5 ],
    "to": [ 8.5, 15.5, 14.5 ],
    "faces": {
        "down":  { "uv": [ 8.5, 14.5, 7.5, 11.5 ], "texture": "#Sentinel_Trim" },
        "up":    { "uv": [ 7.5, 11.5, 8.5, 14.5 ], "texture": "#Sentinel_Trim" },
        "north": { "uv": [ 7.5, 0.5, 8.5, 1 ], "texture": "#Sentinel_Trim" },
        "south": { "uv": [ 7.5, 0.5, 8.5, 1 ], "texture": "#Sentinel_Trim" },
        "west":  { "uv": [ 11.5, 0.5, 14.5, 1 ], "texture": "#Sentinel_Trim" },
        "east":  { "uv": [ 1.5, 0.5, 4.5, 1 ], "texture": "#Sentinel_Trim" }
    }
},
{
    "__comment": "dvz_Sentinel_Trim",
    "from": [ 7.5, 14.5, 14 ],
    "to": [ 8.5, 15, 15.5 ],
    "faces": {
        "down":  { "uv": [ 8.5, 15.5, 7.5, 14 ], "texture": "#Sentinel_Trim" },
        "up":    { "uv": [ 7.5, 14, 8.5, 15.5 ], "texture": "#Sentinel_Trim" },
        "north": { "uv": [ 7.5, 1, 8.5, 1.5 ], "texture": "#Sentinel_Trim" },
        "south": { "uv": [ 7.5, 1, 8.5, 1.5 ], "texture": "#Sentinel_Trim" },
        "west":  { "uv": [ 14, 1, 15.5, 1.5 ], "texture": "#Sentinel_Trim" },
        "east":  { "uv": [ 0.5, 1, 2, 1.5 ], "texture": "#Sentinel_Trim" }
    }
},
{
    "__comment": "dvz_Sentinel_Trim",
    "from": [ 7.5, 10.5, 15 ],
    "to": [ 8.5, 14.5, 16 ],
    "faces": {
        "down":  { "uv": [ 8.5, 16, 7.5, 15 ], "texture": "#Sentinel_Trim" },
        "up":    { "uv": [ 7.5, 15, 8.5, 16 ], "texture": "#Sentinel_Trim" },
        "north": { "uv": [ 7.5, 1.5, 8.5, 5.5 ], "texture": "#Sentinel_Trim" },
        "south": { "uv": [ 7.5, 1.5, 8.5, 5.5 ], "texture": "#Sentinel_Trim" },
        "west":  { "uv": [ 15, 1.5, 16, 5.5 ], "texture": "#Sentinel_Trim" },
        "east":  { "uv": [ 0, 1.5, 1, 5.5 ], "texture": "#Sentinel_Trim" }
    }
},
{
    "__comment": "dvz_Sentinel",
    "from": [ 9, 8.5, 1.5 ],
    "to": [ 12, 9, 14.5 ],
    "faces": {
        "down":  { "uv": [ 7, 14.5, 4, 1.5 ], "texture": "#Sentinel_Base" },
        "up":    { "uv": [ 9, 1.5, 12, 14.5 ], "texture": "#Sentinel_Base" },
        "north": { "uv": [ 4, 7, 7, 7.5 ], "texture": "#Sentinel_Base" },
        "south": { "uv": [ 9, 7, 12, 7.5 ], "texture": "#Sentinel_Base" },
        "west":  { "uv": [ 1.5, 7, 14.5, 7.5 ], "texture": "#Sentinel_Base" },
        "east":  { "uv": [ 1.5, 7, 14.5, 7.5 ], "texture": "#Sentinel_Base" }
    }
},
{
    "__comment": "dvz_Sentinel",
    "from": [ 9, 15, 5.5 ],
    "to": [ 9.5, 15.5, 6 ],
    "faces": {
        "down":  { "uv": [ 7, 6, 6.5, 5.5 ], "texture": "#Sentinel_Base" },
        "up":    { "uv": [ 9, 5.5, 9.5, 6 ], "texture": "#Sentinel_Base" },
        "north": { "uv": [ 6.5, 0.5, 7, 1 ], "texture": "#Sentinel_Base" },
        "south": { "uv": [ 9, 0.5, 9.5, 1 ], "texture": "#Sentinel_Base" },
        "west":  { "uv": [ 5.5, 0.5, 6, 1 ], "texture": "#Sentinel_Base" },
        "east":  { "uv": [ 10, 0.5, 10.5, 1 ], "texture": "#Sentinel_Base" }
    }
},
{
    "__comment": "dvz_Sentinel",
    "from": [ 9, 15, 10 ],
    "to": [ 9.5, 15.5, 10.5 ],
    "faces": {
        "down":  { "uv": [ 7, 10.5, 6.5, 10 ], "texture": "#Sentinel_Base" },
        "up":    { "uv": [ 9, 10, 9.5, 10.5 ], "texture": "#Sentinel_Base" },
        "north": { "uv": [ 6.5, 0.5, 7, 1 ], "texture": "#Sentinel_Base" },
        "south": { "uv": [ 9, 0.5, 9.5, 1 ], "texture": "#Sentinel_Base" },
        "west":  { "uv": [ 10, 0.5, 10.5, 1 ], "texture": "#Sentinel_Base" },
        "east":  { "uv": [ 5.5, 0.5, 6, 1 ], "texture": "#Sentinel_Base" }
    }
},
{
    "__comment": "dvz_Sentinel",
    "from": [ 9.5, 14.5, 12.5 ],
    "to": [ 10, 15, 13 ],
    "faces": {
        "down":  { "uv": [ 6.5, 13, 6, 12.5 ], "texture": "#Sentinel_Base" },
        "up":    { "uv": [ 9.5, 12.5, 10, 13 ], "texture": "#Sentinel_Base" },
        "north": { "uv": [ 6, 1, 6.5, 1.5 ], "texture": "#Sentinel_Base" },
        "south": { "uv": [ 9.5, 1, 10, 1.5 ], "texture": "#Sentinel_Base" },
        "west":  { "uv": [ 12.5, 1, 13, 1.5 ], "texture": "#Sentinel_Base" },
        "east":  { "uv": [ 3, 1, 3.5, 1.5 ], "texture": "#Sentinel_Base" }
    }
},
{
    "__comment": "dvz_Sentinel",
    "from": [ 10, 14.5, 4 ],
    "to": [ 10.5, 15, 4.5 ],
    "faces": {
        "down":  { "uv": [ 6, 4.5, 5.5, 4 ], "texture": "#Sentinel_Base" },
        "up":    { "uv": [ 10, 4, 10.5, 4.5 ], "texture": "#Sentinel_Base" },
        "north": { "uv": [ 5.5, 1, 6, 1.5 ], "texture": "#Sentinel_Base" },
        "south": { "uv": [ 10, 1, 10.5, 1.5 ], "texture": "#Sentinel_Base" },
        "west":  { "uv": [ 4, 1, 4.5, 1.5 ], "texture": "#Sentinel_Base" },
        "east":  { "uv": [ 11.5, 1, 12, 1.5 ], "texture": "#Sentinel_Base" }
    }
},
{
    "__comment": "dvz_Sentinel",
    "from": [ 10.5, 14, 2 ],
    "to": [ 11, 14.5, 3.5 ],
    "faces": {
        "down":  { "uv": [ 5.5, 3.5, 5, 2 ], "texture": "#Sentinel_Base" },
        "up":    { "uv": [ 10.5, 2, 11, 3.5 ], "texture": "#Sentinel_Base" },
        "north": { "uv": [ 5, 1.5, 5.5, 2 ], "texture": "#Sentinel_Base" },
        "south": { "uv": [ 10.5, 1.5, 11, 2 ], "texture": "#Sentinel_Base" },
        "west":  { "uv": [ 2, 1.5, 3.5, 2 ], "texture": "#Sentinel_Base" },
        "east":  { "uv": [ 12.5, 1.5, 14, 2 ], "texture": "#Sentinel_Base" }
    }
},
{
    "__comment": "dvz_Sentinel",
    "from": [ 10.5, 14.5, 6 ],
    "to": [ 11, 15, 10 ],
    "faces": {
        "down":  { "uv": [ 5.5, 10, 5, 6 ], "texture": "#Sentinel_Base" },
        "up":    { "uv": [ 10.5, 6, 11, 10 ], "texture": "#Sentinel_Base" },
        "north": { "uv": [ 5, 1, 5.5, 1.5 ], "texture": "#Sentinel_Base" },
        "south": { "uv": [ 10.5, 1, 11, 1.5 ], "texture": "#Sentinel_Base" },
        "west":  { "uv": [ 6, 1, 10, 1.5 ], "texture": "#Sentinel_Base" },
        "east":  { "uv": [ 6, 1, 10, 1.5 ], "texture": "#Sentinel_Base" }
    }
},
{
    "__comment": "dvz_Sentinel",
    "from": [ 10.5, 14, 13 ],
    "to": [ 11, 14.5, 14 ],
    "faces": {
        "down":  { "uv": [ 5.5, 14, 5, 13 ], "texture": "#Sentinel_Base" },
        "up":    { "uv": [ 10.5, 13, 11, 14 ], "texture": "#Sentinel_Base" },
        "north": { "uv": [ 5, 1.5, 5.5, 2 ], "texture": "#Sentinel_Base" },
        "south": { "uv": [ 10.5, 1.5, 11, 2 ], "texture": "#Sentinel_Base" },
        "west":  { "uv": [ 13, 1.5, 14, 2 ], "texture": "#Sentinel_Base" },
        "east":  { "uv": [ 2, 1.5, 3, 2 ], "texture": "#Sentinel_Base" }
    }
},
{
    "__comment": "dvz_Sentinel",
    "from": [ 11, 8, 1.5 ],
    "to": [ 12, 8.5, 14.5 ],
    "faces": {
        "down":  { "uv": [ 5, 14.5, 4, 1.5 ], "texture": "#Sentinel_Base" },
        "up":    { "uv": [ 11, 1.5, 12, 14.5 ], "texture": "#Sentinel_Base" },
        "north": { "uv": [ 4, 7.5, 5, 8 ], "texture": "#Sentinel_Base" },
        "south": { "uv": [ 11, 7.5, 12, 8 ], "texture": "#Sentinel_Base" },
        "west":  { "uv": [ 1.5, 7.5, 14.5, 8 ], "texture": "#Sentinel_Base" },
        "east":  { "uv": [ 1.5, 7.5, 14.5, 8 ], "texture": "#Sentinel_Base" }
    }
},
{
    "__comment": "dvz_Sentinel",
    "from": [ 11, 12.5, 1 ],
    "to": [ 11.5, 14, 1.5 ],
    "faces": {
        "down":  { "uv": [ 5, 1.5, 4.5, 1 ], "texture": "#Sentinel_Base" },
        "up":    { "uv": [ 11, 1, 11.5, 1.5 ], "texture": "#Sentinel_Base" },
        "north": { "uv": [ 4.5, 2, 5, 3.5 ], "texture": "#Sentinel_Base" },
        "south": { "uv": [ 11, 2, 11.5, 3.5 ], "texture": "#Sentinel_Base" },
        "west":  { "uv": [ 1, 2, 1.5, 3.5 ], "texture": "#Sentinel_Base" },
        "east":  { "uv": [ 14.5, 2, 15, 3.5 ], "texture": "#Sentinel_Base" }
    }
},
{
    "__comment": "dvz_Sentinel",
    "from": [ 11, 14, 4 ],
    "to": [ 11.5, 14.5, 6.5 ],
    "faces": {
        "down":  { "uv": [ 5, 6.5, 4.5, 4 ], "texture": "#Sentinel_Base" },
        "up":    { "uv": [ 11, 4, 11.5, 6.5 ], "texture": "#Sentinel_Base" },
        "north": { "uv": [ 4.5, 1.5, 5, 2 ], "texture": "#Sentinel_Base" },
        "south": { "uv": [ 11, 1.5, 11.5, 2 ], "texture": "#Sentinel_Base" },
        "west":  { "uv": [ 4, 1.5, 6.5, 2 ], "texture": "#Sentinel_Base" },
        "east":  { "uv": [ 9.5, 1.5, 12, 2 ], "texture": "#Sentinel_Base" }
    }
},
{
    "__comment": "dvz_Sentinel",
    "from": [ 11, 14, 10 ],
    "to": [ 11.5, 14.5, 12 ],
    "faces": {
        "down":  { "uv": [ 5, 12, 4.5, 10 ], "texture": "#Sentinel_Base" },
        "up":    { "uv": [ 11, 10, 11.5, 12 ], "texture": "#Sentinel_Base" },
        "north": { "uv": [ 4.5, 1.5, 5, 2 ], "texture": "#Sentinel_Base" },
        "south": { "uv": [ 11, 1.5, 11.5, 2 ], "texture": "#Sentinel_Base" },
        "west":  { "uv": [ 10, 1.5, 12, 2 ], "texture": "#Sentinel_Base" },
        "east":  { "uv": [ 4, 1.5, 6, 2 ], "texture": "#Sentinel_Base" }
    }
},
{
    "__comment": "dvz_Sentinel_Strap",
    "from": [ 11, 3, 13 ],
    "to": [ 14.5, 3.5, 15 ],
    "faces": {
        "down":  { "uv": [ 5, 15, 1.5, 13 ], "texture": "#Sentinel_Strap" },
        "up":    { "uv": [ 11, 13, 14.5, 15 ], "texture": "#Sentinel_Strap" },
        "north": { "uv": [ 1.5, 12.5, 5, 13 ], "texture": "#Sentinel_Strap" },
        "south": { "uv": [ 11, 12.5, 14.5, 13 ], "texture": "#Sentinel_Strap" },
        "west":  { "uv": [ 13, 12.5, 15, 13 ], "texture": "#Sentinel_Strap" },
        "east":  { "uv": [ 1, 12.5, 3, 13 ], "texture": "#Sentinel_Strap" }
    }
},
{
    "__comment": "dvz_Sentinel",
    "from": [ 11.5, 13.5, 12 ],
    "to": [ 12, 14, 14 ],
    "faces": {
        "down":  { "uv": [ 4.5, 14, 4, 12 ], "texture": "#Sentinel_Base" },
        "up":    { "uv": [ 11.5, 12, 12, 14 ], "texture": "#Sentinel_Base" },
        "north": { "uv": [ 4, 2, 4.5, 2.5 ], "texture": "#Sentinel_Base" },
        "south": { "uv": [ 11.5, 2, 12, 2.5 ], "texture": "#Sentinel_Base" },
        "west":  { "uv": [ 12, 2, 14, 2.5 ], "texture": "#Sentinel_Base" },
        "east":  { "uv": [ 2, 2, 4, 2.5 ], "texture": "#Sentinel_Base" }
    }
},
{
    "__comment": "dvz_Sentinel",
    "from": [ 11.5, 10.5, 14.5 ],
    "to": [ 12, 12.5, 15 ],
    "faces": {
        "down":  { "uv": [ 4.5, 15, 4, 14.5 ], "texture": "#Sentinel_Base" },
        "up":    { "uv": [ 11.5, 14.5, 12, 15 ], "texture": "#Sentinel_Base" },
        "north": { "uv": [ 4, 3.5, 4.5, 5.5 ], "texture": "#Sentinel_Base" },
        "south": { "uv": [ 11.5, 3.5, 12, 5.5 ], "texture": "#Sentinel_Base" },
        "west":  { "uv": [ 14.5, 3.5, 15, 5.5 ], "texture": "#Sentinel_Base" },
        "east":  { "uv": [ 1, 3.5, 1.5, 5.5 ], "texture": "#Sentinel_Base" }
    }
},
{
    "__comment": "dvz_Sentinel",
    "from": [ 12, 7.5, 2 ],
    "to": [ 13.5, 8.5, 14 ],
    "faces": {
        "down":  { "uv": [ 4, 14, 2.5, 2 ], "texture": "#Sentinel_Base" },
        "up":    { "uv": [ 12, 2, 13.5, 14 ], "texture": "#Sentinel_Base" },
        "north": { "uv": [ 2.5, 7.5, 4, 8.5 ], "texture": "#Sentinel_Base" },
        "south": { "uv": [ 12, 7.5, 13.5, 8.5 ], "texture": "#Sentinel_Base" },
        "west":  { "uv": [ 2, 7.5, 14, 8.5 ], "texture": "#Sentinel_Base" },
        "east":  { "uv": [ 2, 7.5, 14, 8.5 ], "texture": "#Sentinel_Base" }
    }
},
{
    "__comment": "dvz_Sentinel",
    "from": [ 12, 8.5, 2 ],
    "to": [ 12.5, 9, 14.5 ],
    "faces": {
        "down":  { "uv": [ 4, 14.5, 3.5, 2 ], "texture": "#Sentinel_Base" },
        "up":    { "uv": [ 12, 2, 12.5, 14.5 ], "texture": "#Sentinel_Base" },
        "north": { "uv": [ 3.5, 7, 4, 7.5 ], "texture": "#Sentinel_Base" },
        "south": { "uv": [ 12, 7, 12.5, 7.5 ], "texture": "#Sentinel_Base" },
        "west":  { "uv": [ 2, 7, 14.5, 7.5 ], "texture": "#Sentinel_Base" },
        "east":  { "uv": [ 1.5, 7, 14, 7.5 ], "texture": "#Sentinel_Base" }
    }
},
{
    "__comment": "dvz_Sentinel",
    "from": [ 12, 13.5, 6 ],
    "to": [ 12.5, 14, 9.5 ],
    "faces": {
        "down":  { "uv": [ 4, 9.5, 3.5, 6 ], "texture": "#Sentinel_Base" },
        "up":    { "uv": [ 12, 6, 12.5, 9.5 ], "texture": "#Sentinel_Base" },
        "north": { "uv": [ 3.5, 2, 4, 2.5 ], "texture": "#Sentinel_Base" },
        "south": { "uv": [ 12, 2, 12.5, 2.5 ], "texture": "#Sentinel_Base" },
        "west":  { "uv": [ 6, 2, 9.5, 2.5 ], "texture": "#Sentinel_Base" },
        "east":  { "uv": [ 6.5, 2, 10, 2.5 ], "texture": "#Sentinel_Base" }
    }
},
{
    "__comment": "dvz_Sentinel_Strap",
    "from": [ 12, 3.5, 13 ],
    "to": [ 14.5, 4, 15 ],
    "faces": {
        "down":  { "uv": [ 4, 15, 1.5, 13 ], "texture": "#Sentinel_Strap" },
        "up":    { "uv": [ 12, 13, 14.5, 15 ], "texture": "#Sentinel_Strap" },
        "north": { "uv": [ 1.5, 12, 4, 12.5 ], "texture": "#Sentinel_Strap" },
        "south": { "uv": [ 12, 12, 14.5, 12.5 ], "texture": "#Sentinel_Strap" },
        "west":  { "uv": [ 13, 12, 15, 12.5 ], "texture": "#Sentinel_Strap" },
        "east":  { "uv": [ 1, 12, 3, 12.5 ], "texture": "#Sentinel_Strap" }
    }
},
{
    "__comment": "dvz_Sentinel",
    "from": [ 12, 13, 14.5 ],
    "to": [ 12.5, 13.5, 15 ],
    "faces": {
        "down":  { "uv": [ 4, 15, 3.5, 14.5 ], "texture": "#Sentinel_Base" },
        "up":    { "uv": [ 12, 14.5, 12.5, 15 ], "texture": "#Sentinel_Base" },
        "north": { "uv": [ 3.5, 2.5, 4, 3 ], "texture": "#Sentinel_Base" },
        "south": { "uv": [ 12, 2.5, 12.5, 3 ], "texture": "#Sentinel_Base" },
        "west":  { "uv": [ 14.5, 2.5, 15, 3 ], "texture": "#Sentinel_Base" },
        "east":  { "uv": [ 1, 2.5, 1.5, 3 ], "texture": "#Sentinel_Base" }
    }
},
{
    "__comment": "dvz_Sentinel_Trim",
    "from": [ 12, 8, 15 ],
    "to": [ 12.5, 8.5, 15.5 ],
    "faces": {
        "down":  { "uv": [ 4, 15.5, 3.5, 15 ], "texture": "#Sentinel_Trim" },
        "up":    { "uv": [ 12, 15, 12.5, 15.5 ], "texture": "#Sentinel_Trim" },
        "north": { "uv": [ 3.5, 7.5, 4, 8 ], "texture": "#Sentinel_Trim" },
        "south": { "uv": [ 12, 7.5, 12.5, 8 ], "texture": "#Sentinel_Trim" },
        "west":  { "uv": [ 15, 7.5, 15.5, 8 ], "texture": "#Sentinel_Trim" },
        "east":  { "uv": [ 0.5, 7.5, 1, 8 ], "texture": "#Sentinel_Trim" }
    }
},
{
    "__comment": "dvz_Sentinel",
    "from": [ 12.5, 7, 2.5 ],
    "to": [ 13, 7.5, 14 ],
    "faces": {
        "down":  { "uv": [ 3.5, 14, 3, 2.5 ], "texture": "#Sentinel_Base" },
        "up":    { "uv": [ 12.5, 2.5, 13, 14 ], "texture": "#Sentinel_Base" },
        "north": { "uv": [ 3, 8.5, 3.5, 9 ], "texture": "#Sentinel_Base" },
        "south": { "uv": [ 12.5, 8.5, 13, 9 ], "texture": "#Sentinel_Base" },
        "west":  { "uv": [ 2.5, 8.5, 14, 9 ], "texture": "#Sentinel_Base" },
        "east":  { "uv": [ 2, 8.5, 13.5, 9 ], "texture": "#Sentinel_Base" }
    }
},
{
    "__comment": "dvz_Sentinel",
    "from": [ 12.5, 11, 1.5 ],
    "to": [ 13, 11.5, 2 ],
    "faces": {
        "down":  { "uv": [ 3.5, 2, 3, 1.5 ], "texture": "#Sentinel_Base" },
        "up":    { "uv": [ 12.5, 1.5, 13, 2 ], "texture": "#Sentinel_Base" },
        "north": { "uv": [ 3, 4.5, 3.5, 5 ], "texture": "#Sentinel_Base" },
        "south": { "uv": [ 12.5, 4.5, 13, 5 ], "texture": "#Sentinel_Base" },
        "west":  { "uv": [ 1.5, 4.5, 2, 5 ], "texture": "#Sentinel_Base" },
        "east":  { "uv": [ 14, 4.5, 14.5, 5 ], "texture": "#Sentinel_Base" }
    }
},
{
    "__comment": "dvz_Sentinel",
    "from": [ 12.5, 8.5, 2 ],
    "to": [ 13.5, 9, 14 ],
    "faces": {
        "down":  { "uv": [ 3.5, 14, 2.5, 2 ], "texture": "#Sentinel_Base" },
        "up":    { "uv": [ 12.5, 2, 13.5, 14 ], "texture": "#Sentinel_Base" },
        "north": { "uv": [ 2.5, 7, 3.5, 7.5 ], "texture": "#Sentinel_Base" },
        "south": { "uv": [ 12.5, 7, 13.5, 7.5 ], "texture": "#Sentinel_Base" },
        "west":  { "uv": [ 2, 7, 14, 7.5 ], "texture": "#Sentinel_Base" },
        "east":  { "uv": [ 2, 7, 14, 7.5 ], "texture": "#Sentinel_Base" }
    }
},
{
    "__comment": "dvz_Sentinel",
    "from": [ 12.5, 13, 3 ],
    "to": [ 13, 13.5, 12.5 ],
    "faces": {
        "down":  { "uv": [ 3.5, 12.5, 3, 3 ], "texture": "#Sentinel_Base" },
        "up":    { "uv": [ 12.5, 3, 13, 12.5 ], "texture": "#Sentinel_Base" },
        "north": { "uv": [ 3, 2.5, 3.5, 3 ], "texture": "#Sentinel_Base" },
        "south": { "uv": [ 12.5, 2.5, 13, 3 ], "texture": "#Sentinel_Base" },
        "west":  { "uv": [ 3, 2.5, 12.5, 3 ], "texture": "#Sentinel_Base" },
        "east":  { "uv": [ 3.5, 2.5, 13, 3 ], "texture": "#Sentinel_Base" }
    }
},
{
    "__comment": "dvz_Sentinel",
    "from": [ 13, 7, 2.5 ],
    "to": [ 13.5, 7.5, 14 ],
    "faces": {
        "down":  { "uv": [ 3, 14, 2.5, 2.5 ], "texture": "#Sentinel_Base" },
        "up":    { "uv": [ 13, 2.5, 13.5, 14 ], "texture": "#Sentinel_Base" },
        "north": { "uv": [ 2.5, 8.5, 3, 9 ], "texture": "#Sentinel_Base" },
        "south": { "uv": [ 13, 8.5, 13.5, 9 ], "texture": "#Sentinel_Base" },
        "west":  { "uv": [ 2.5, 8.5, 14, 9 ], "texture": "#Sentinel_Base" },
        "east":  { "uv": [ 2, 8.5, 13.5, 9 ], "texture": "#Sentinel_Base" }
    }
},
{
    "__comment": "dvz_Sentinel",
    "from": [ 13, 12, 1.5 ],
    "to": [ 13.5, 13, 2 ],
    "faces": {
        "down":  { "uv": [ 3, 2, 2.5, 1.5 ], "texture": "#Sentinel_Base" },
        "up":    { "uv": [ 13, 1.5, 13.5, 2 ], "texture": "#Sentinel_Base" },
        "north": { "uv": [ 2.5, 3, 3, 4 ], "texture": "#Sentinel_Base" },
        "south": { "uv": [ 13, 3, 13.5, 4 ], "texture": "#Sentinel_Base" },
        "west":  { "uv": [ 1.5, 3, 2, 4 ], "texture": "#Sentinel_Base" },
        "east":  { "uv": [ 14, 3, 14.5, 4 ], "texture": "#Sentinel_Base" }
    }
},
{
    "__comment": "dvz_Sentinel_Strap",
    "from": [ 13, 4.5, 5.5 ],
    "to": [ 14.5, 5, 9.5 ],
    "faces": {
        "down":  { "uv": [ 3, 9.5, 1.5, 5.5 ], "texture": "#Sentinel_Strap" },
        "up":    { "uv": [ 13, 5.5, 14.5, 9.5 ], "texture": "#Sentinel_Strap" },
        "north": { "uv": [ 1.5, 11, 3, 11.5 ], "texture": "#Sentinel_Strap" },
        "south": { "uv": [ 13, 11, 14.5, 11.5 ], "texture": "#Sentinel_Strap" },
        "west":  { "uv": [ 5.5, 11, 9.5, 11.5 ], "texture": "#Sentinel_Strap" },
        "east":  { "uv": [ 6.5, 11, 10.5, 11.5 ], "texture": "#Sentinel_Strap" }
    }
},
{
    "__comment": "dvz_Sentinel_Strap",
    "from": [ 13, 5, 5.5 ],
    "to": [ 14.5, 5.5, 8.5 ],
    "faces": {
        "down":  { "uv": [ 3, 8.5, 1.5, 5.5 ], "texture": "#Sentinel_Strap" },
        "up":    { "uv": [ 13, 5.5, 14.5, 8.5 ], "texture": "#Sentinel_Strap" },
        "north": { "uv": [ 1.5, 10.5, 3, 11 ], "texture": "#Sentinel_Strap" },
        "south": { "uv": [ 13, 10.5, 14.5, 11 ], "texture": "#Sentinel_Strap" },
        "west":  { "uv": [ 5.5, 10.5, 8.5, 11 ], "texture": "#Sentinel_Strap" },
        "east":  { "uv": [ 7.5, 10.5, 10.5, 11 ], "texture": "#Sentinel_Strap" }
    }
},
{
    "__comment": "dvz_Sentinel_Strap",
    "from": [ 13, 5.5, 5.5 ],
    "to": [ 14.5, 7, 7 ],
    "faces": {
        "down":  { "uv": [ 3, 7, 1.5, 5.5 ], "texture": "#Sentinel_Strap" },
        "up":    { "uv": [ 13, 5.5, 14.5, 7 ], "texture": "#Sentinel_Strap" },
        "north": { "uv": [ 1.5, 9, 3, 10.5 ], "texture": "#Sentinel_Strap" },
        "south": { "uv": [ 13, 9, 14.5, 10.5 ], "texture": "#Sentinel_Strap" },
        "west":  { "uv": [ 5.5, 9, 7, 10.5 ], "texture": "#Sentinel_Strap" },
        "east":  { "uv": [ 9, 9, 10.5, 10.5 ], "texture": "#Sentinel_Strap" }
    }
},
{
    "__comment": "dvz_Sentinel_Strap",
    "from": [ 13, 4, 6 ],
    "to": [ 14.5, 4.5, 12 ],
    "faces": {
        "down":  { "uv": [ 3, 12, 1.5, 6 ], "texture": "#Sentinel_Strap" },
        "up":    { "uv": [ 13, 6, 14.5, 12 ], "texture": "#Sentinel_Strap" },
        "north": { "uv": [ 1.5, 11.5, 3, 12 ], "texture": "#Sentinel_Strap" },
        "south": { "uv": [ 13, 11.5, 14.5, 12 ], "texture": "#Sentinel_Strap" },
        "west":  { "uv": [ 6, 11.5, 12, 12 ], "texture": "#Sentinel_Strap" },
        "east":  { "uv": [ 4, 11.5, 10, 12 ], "texture": "#Sentinel_Strap" }
    }
},
{
    "__comment": "dvz_Sentinel_Strap",
    "from": [ 13, 3.5, 6.5 ],
    "to": [ 14.5, 4, 13 ],
    "faces": {
        "down":  { "uv": [ 3, 13, 1.5, 6.5 ], "texture": "#Sentinel_Strap" },
        "up":    { "uv": [ 13, 6.5, 14.5, 13 ], "texture": "#Sentinel_Strap" },
        "north": { "uv": [ 1.5, 12, 3, 12.5 ], "texture": "#Sentinel_Strap" },
        "south": { "uv": [ 13, 12, 14.5, 12.5 ], "texture": "#Sentinel_Strap" },
        "west":  { "uv": [ 6.5, 12, 13, 12.5 ], "texture": "#Sentinel_Strap" },
        "east":  { "uv": [ 3, 12, 9.5, 12.5 ], "texture": "#Sentinel_Strap" }
    }
},
{
    "__comment": "dvz_Sentinel_Strap",
    "from": [ 13, 3, 8 ],
    "to": [ 14.5, 3.5, 13 ],
    "faces": {
        "down":  { "uv": [ 3, 13, 1.5, 8 ], "texture": "#Sentinel_Strap" },
        "up":    { "uv": [ 13, 8, 14.5, 13 ], "texture": "#Sentinel_Strap" },
        "north": { "uv": [ 1.5, 12.5, 3, 13 ], "texture": "#Sentinel_Strap" },
        "south": { "uv": [ 13, 12.5, 14.5, 13 ], "texture": "#Sentinel_Strap" },
        "west":  { "uv": [ 8, 12.5, 13, 13 ], "texture": "#Sentinel_Strap" },
        "east":  { "uv": [ 3, 12.5, 8, 13 ], "texture": "#Sentinel_Strap" }
    }
},
{
    "__comment": "dvz_Sentinel_Strap",
    "from": [ 13, 2.5, 9 ],
    "to": [ 14.5, 3, 13 ],
    "faces": {
        "down":  { "uv": [ 3, 13, 1.5, 9 ], "texture": "#Sentinel_Strap" },
        "up":    { "uv": [ 13, 9, 14.5, 13 ], "texture": "#Sentinel_Strap" },
        "north": { "uv": [ 1.5, 13, 3, 13.5 ], "texture": "#Sentinel_Strap" },
        "south": { "uv": [ 13, 13, 14.5, 13.5 ], "texture": "#Sentinel_Strap" },
        "west":  { "uv": [ 9, 13, 13, 13.5 ], "texture": "#Sentinel_Strap" },
        "east":  { "uv": [ 3, 13, 7, 13.5 ], "texture": "#Sentinel_Strap" }
    }
},
{
    "__comment": "dvz_Sentinel_Strap",
    "from": [ 13, 2, 11.5 ],
    "to": [ 14.5, 2.5, 13 ],
    "faces": {
        "down":  { "uv": [ 3, 13, 1.5, 11.5 ], "texture": "#Sentinel_Strap" },
        "up":    { "uv": [ 13, 11.5, 14.5, 13 ], "texture": "#Sentinel_Strap" },
        "north": { "uv": [ 1.5, 13.5, 3, 14 ], "texture": "#Sentinel_Strap" },
        "south": { "uv": [ 13, 13.5, 14.5, 14 ], "texture": "#Sentinel_Strap" },
        "west":  { "uv": [ 11.5, 13.5, 13, 14 ], "texture": "#Sentinel_Strap" },
        "east":  { "uv": [ 3, 13.5, 4.5, 14 ], "texture": "#Sentinel_Strap" }
    }
},
{
    "__comment": "dvz_Sentinel",
    "from": [ 13.5, 7, 2.5 ],
    "to": [ 14.5, 8, 13.5 ],
    "faces": {
        "down":  { "uv": [ 2.5, 13.5, 1.5, 2.5 ], "texture": "#Sentinel_Base" },
        "up":    { "uv": [ 13.5, 2.5, 14.5, 13.5 ], "texture": "#Sentinel_Base" },
        "north": { "uv": [ 1.5, 8, 2.5, 9 ], "texture": "#Sentinel_Base" },
        "south": { "uv": [ 13.5, 8, 14.5, 9 ], "texture": "#Sentinel_Base" },
        "west":  { "uv": [ 2.5, 8, 13.5, 9 ], "texture": "#Sentinel_Base" },
        "east":  { "uv": [ 2.5, 8, 13.5, 9 ], "texture": "#Sentinel_Base" }
    }
},
{
    "__comment": "dvz_Sentinel",
    "from": [ 13.5, 8, 2.5 ],
    "to": [ 14, 9, 14 ],
    "faces": {
        "down":  { "uv": [ 2.5, 14, 2, 2.5 ], "texture": "#Sentinel_Base" },
        "up":    { "uv": [ 13.5, 2.5, 14, 14 ], "texture": "#Sentinel_Base" },
        "north": { "uv": [ 2, 7, 2.5, 8 ], "texture": "#Sentinel_Base" },
        "south": { "uv": [ 13.5, 7, 14, 8 ], "texture": "#Sentinel_Base" },
        "west":  { "uv": [ 2.5, 7, 14, 8 ], "texture": "#Sentinel_Base" },
        "east":  { "uv": [ 2, 7, 13.5, 8 ], "texture": "#Sentinel_Base" }
    }
},
{
    "__comment": "dvz_Sentinel",
    "from": [ 14, 8, 2.5 ],
    "to": [ 14.5, 9, 13.5 ],
    "faces": {
        "down":  { "uv": [ 2, 13.5, 1.5, 2.5 ], "texture": "#Sentinel_Base" },
        "up":    { "uv": [ 14, 2.5, 14.5, 13.5 ], "texture": "#Sentinel_Base" },
        "north": { "uv": [ 1.5, 7, 2, 8 ], "texture": "#Sentinel_Base" },
        "south": { "uv": [ 14, 7, 14.5, 8 ], "texture": "#Sentinel_Base" },
        "west":  { "uv": [ 2.5, 7, 13.5, 8 ], "texture": "#Sentinel_Base" },
        "east":  { "uv": [ 2.5, 7, 13.5, 8 ], "texture": "#Sentinel_Base" }
    }
},
{
    "__comment": "dvz_Sentinel_Trim",
    "from": [ 14.5, 7, 2 ],
    "to": [ 15.5, 8, 14.5 ],
    "faces": {
        "down":  { "uv": [ 1.5, 14.5, 0.5, 2 ], "texture": "#Sentinel_Trim" },
        "up":    { "uv": [ 14.5, 2, 15.5, 14.5 ], "texture": "#Sentinel_Trim" },
        "north": { "uv": [ 0.5, 8, 1.5, 9 ], "texture": "#Sentinel_Trim" },
        "south": { "uv": [ 14.5, 8, 15.5, 9 ], "texture": "#Sentinel_Trim" },
        "west":  { "uv": [ 2, 8, 14.5, 9 ], "texture": "#Sentinel_Trim" },
        "east":  { "uv": [ 1.5, 8, 14, 9 ], "texture": "#Sentinel_Trim" }
    }
},
{
    "__comment": "dvz_Sentinel",
    "from": [ 14.5, 8.5, 2.5 ],
    "to": [ 15, 9, 13.5 ],
    "faces": {
        "down":  { "uv": [ 1.5, 13.5, 1, 2.5 ], "texture": "#Sentinel_Base" },
        "up":    { "uv": [ 14.5, 2.5, 15, 13.5 ], "texture": "#Sentinel_Base" },
        "north": { "uv": [ 1, 7, 1.5, 7.5 ], "texture": "#Sentinel_Base" },
        "south": { "uv": [ 14.5, 7, 15, 7.5 ], "texture": "#Sentinel_Base" },
        "west":  { "uv": [ 2.5, 7, 13.5, 7.5 ], "texture": "#Sentinel_Base" },
        "east":  { "uv": [ 2.5, 7, 13.5, 7.5 ], "texture": "#Sentinel_Base" }
    }
},
{
    "__comment": "dvz_Sentinel",
    "from": [ 14.5, 8, 3 ],
    "to": [ 15, 8.5, 13.5 ],
    "faces": {
        "down":  { "uv": [ 1.5, 13.5, 1, 3 ], "texture": "#Sentinel_Base" },
        "up":    { "uv": [ 14.5, 3, 15, 13.5 ], "texture": "#Sentinel_Base" },
        "north": { "uv": [ 1, 7.5, 1.5, 8 ], "texture": "#Sentinel_Base" },
        "south": { "uv": [ 14.5, 7.5, 15, 8 ], "texture": "#Sentinel_Base" },
        "west":  { "uv": [ 3, 7.5, 13.5, 8 ], "texture": "#Sentinel_Base" },
        "east":  { "uv": [ 2.5, 7.5, 13, 8 ], "texture": "#Sentinel_Base" }
    }
},
{
    "__comment": "dvz_Sentinel_Trim",
    "from": [ 0.5, 7, 2 ],
    "to": [ 1.5, 8, 14.5 ],
    "faces": {
        "down":  { "uv": [ 15.5, 14.5, 14.5, 2 ], "texture": "#Sentinel_Trim" },
        "up":    { "uv": [ 0.5, 2, 1.5, 14.5 ], "texture": "#Sentinel_Trim" },
        "north": { "uv": [ 14.5, 8, 15.5, 9 ], "texture": "#Sentinel_Trim" },
        "south": { "uv": [ 0.5, 8, 1.5, 9 ], "texture": "#Sentinel_Trim" },
        "west":  { "uv": [ 2, 8, 14.5, 9 ], "texture": "#Sentinel_Trim" },
        "east":  { "uv": [ 1.5, 8, 14, 9 ], "texture": "#Sentinel_Trim" }
    }
},
{
    "__comment": "dvz_Sentinel_Trim",
    "from": [ 1.5, 7, 13.5 ],
    "to": [ 2.5, 8, 14.5 ],
    "faces": {
        "down":  { "uv": [ 14.5, 14.5, 13.5, 13.5 ], "texture": "#Sentinel_Trim" },
        "up":    { "uv": [ 1.5, 13.5, 2.5, 14.5 ], "texture": "#Sentinel_Trim" },
        "north": { "uv": [ 13.5, 8, 14.5, 9 ], "texture": "#Sentinel_Trim" },
        "south": { "uv": [ 1.5, 8, 2.5, 9 ], "texture": "#Sentinel_Trim" },
        "west":  { "uv": [ 13.5, 8, 14.5, 9 ], "texture": "#Sentinel_Trim" },
        "east":  { "uv": [ 1.5, 8, 2.5, 9 ], "texture": "#Sentinel_Trim" }
    }
},
{
    "__comment": "dvz_Sentinel_Trim",
    "from": [ 13.5, 7, 13.5 ],
    "to": [ 14.5, 8, 14.5 ],
    "faces": {
        "down":  { "uv": [ 2.5, 14.5, 1.5, 13.5 ], "texture": "#Sentinel_Trim" },
        "up":    { "uv": [ 13.5, 13.5, 14.5, 14.5 ], "texture": "#Sentinel_Trim" },
        "north": { "uv": [ 1.5, 8, 2.5, 9 ], "texture": "#Sentinel_Trim" },
        "south": { "uv": [ 13.5, 8, 14.5, 9 ], "texture": "#Sentinel_Trim" },
        "west":  { "uv": [ 13.5, 8, 14.5, 9 ], "texture": "#Sentinel_Trim" },
        "east":  { "uv": [ 1.5, 8, 2.5, 9 ], "texture": "#Sentinel_Trim" }
    }
},
{
    "__comment": "dvz_Sentinel_Trim",
    "from": [ 13.5, 7, 1.5 ],
    "to": [ 14.5, 8, 2.5 ],
    "faces": {
        "down":  { "uv": [ 2.5, 2.5, 1.5, 1.5 ], "texture": "#Sentinel_Trim" },
        "up":    { "uv": [ 13.5, 1.5, 14.5, 2.5 ], "texture": "#Sentinel_Trim" },
        "north": { "uv": [ 1.5, 8, 2.5, 9 ], "texture": "#Sentinel_Trim" },
        "south": { "uv": [ 13.5, 8, 14.5, 9 ], "texture": "#Sentinel_Trim" },
        "west":  { "uv": [ 1.5, 8, 2.5, 9 ], "texture": "#Sentinel_Trim" },
        "east":  { "uv": [ 13.5, 8, 14.5, 9 ], "texture": "#Sentinel_Trim" }
    }
},
{
    "__comment": "dvz_Sentinel_Trim",
    "from": [ 12.5, 7, 14 ],
    "to": [ 13.5, 8.5, 15 ],
    "faces": {
        "down":  { "uv": [ 3.5, 15, 2.5, 14 ], "texture": "#Sentinel_Trim" },
        "up":    { "uv": [ 12.5, 14, 13.5, 15 ], "texture": "#Sentinel_Trim" },
        "north": { "uv": [ 2.5, 7.5, 3.5, 9 ], "texture": "#Sentinel_Trim" },
        "south": { "uv": [ 12.5, 7.5, 13.5, 9 ], "texture": "#Sentinel_Trim" },
        "west":  { "uv": [ 14, 7.5, 15, 9 ], "texture": "#Sentinel_Trim" },
        "east":  { "uv": [ 1, 7.5, 2, 9 ], "texture": "#Sentinel_Trim" }
    }
},
{
    "__comment": "dvz_Sentinel",
    "from": [ 2.5, 7, 13.5 ],
    "to": [ 3.5, 8, 14 ],
    "faces": {
        "down":  { "uv": [ 13.5, 14, 12.5, 13.5 ], "texture": "#Sentinel_Base" },
        "up":    { "uv": [ 2.5, 13.5, 3.5, 14 ], "texture": "#Sentinel_Base" },
        "north": { "uv": [ 12.5, 8, 13.5, 9 ], "texture": "#Sentinel_Base" },
        "south": { "uv": [ 2.5, 8, 3.5, 9 ], "texture": "#Sentinel_Base" },
        "west":  { "uv": [ 13.5, 8, 14, 9 ], "texture": "#Sentinel_Base" },
        "east":  { "uv": [ 2, 8, 2.5, 9 ], "texture": "#Sentinel_Base" }
    }
},
{
    "__comment": "dvz_Sentinel_Trim",
    "from": [ 12, 7.5, 14 ],
    "to": [ 12.5, 8.5, 15 ],
    "faces": {
        "down":  { "uv": [ 4, 15, 3.5, 14 ], "texture": "#Sentinel_Trim" },
        "up":    { "uv": [ 12, 14, 12.5, 15 ], "texture": "#Sentinel_Trim" },
        "north": { "uv": [ 3.5, 7.5, 4, 8.5 ], "texture": "#Sentinel_Trim" },
        "south": { "uv": [ 12, 7.5, 12.5, 8.5 ], "texture": "#Sentinel_Trim" },
        "west":  { "uv": [ 14, 7.5, 15, 8.5 ], "texture": "#Sentinel_Trim" },
        "east":  { "uv": [ 1, 7.5, 2, 8.5 ], "texture": "#Sentinel_Trim" }
    }
},
{
    "__comment": "dvz_Sentinel_Trim",
    "from": [ 3.5, 7.5, 14 ],
    "to": [ 4, 8, 15 ],
    "faces": {
        "down":  { "uv": [ 12.5, 15, 12, 14 ], "texture": "#Sentinel_Trim" },
        "up":    { "uv": [ 3.5, 14, 4, 15 ], "texture": "#Sentinel_Trim" },
        "north": { "uv": [ 12, 8, 12.5, 8.5 ], "texture": "#Sentinel_Trim" },
        "south": { "uv": [ 3.5, 8, 4, 8.5 ], "texture": "#Sentinel_Trim" },
        "west":  { "uv": [ 14, 8, 15, 8.5 ], "texture": "#Sentinel_Trim" },
        "east":  { "uv": [ 1, 8, 2, 8.5 ], "texture": "#Sentinel_Trim" }
    }
},
{
    "__comment": "dvz_Sentinel",
    "from": [ 3.5, 8, 14 ],
    "to": [ 5, 8.5, 14.5 ],
    "faces": {
        "down":  { "uv": [ 12.5, 14.5, 11, 14 ], "texture": "#Sentinel_Base" },
        "up":    { "uv": [ 3.5, 14, 5, 14.5 ], "texture": "#Sentinel_Base" },
        "north": { "uv": [ 11, 7.5, 12.5, 8 ], "texture": "#Sentinel_Base" },
        "south": { "uv": [ 3.5, 7.5, 5, 8 ], "texture": "#Sentinel_Base" },
        "west":  { "uv": [ 14, 7.5, 14.5, 8 ], "texture": "#Sentinel_Base" },
        "east":  { "uv": [ 1.5, 7.5, 2, 8 ], "texture": "#Sentinel_Base" }
    }
},
{
    "__comment": "dvz_Sentinel",
    "from": [ 3.5, 8.5, 14 ],
    "to": [ 7, 9, 14.5 ],
    "faces": {
        "down":  { "uv": [ 12.5, 14.5, 9, 14 ], "texture": "#Sentinel_Base" },
        "up":    { "uv": [ 3.5, 14, 7, 14.5 ], "texture": "#Sentinel_Base" },
        "north": { "uv": [ 9, 7, 12.5, 7.5 ], "texture": "#Sentinel_Base" },
        "south": { "uv": [ 3.5, 7, 7, 7.5 ], "texture": "#Sentinel_Base" },
        "west":  { "uv": [ 14, 7, 14.5, 7.5 ], "texture": "#Sentinel_Base" },
        "east":  { "uv": [ 1.5, 7, 2, 7.5 ], "texture": "#Sentinel_Base" }
    }
},
{
    "__comment": "dvz_Sentinel_Trim",
    "from": [ 11, 8, 14.5 ],
    "to": [ 12, 8.5, 15.5 ],
    "faces": {
        "down":  { "uv": [ 5, 15.5, 4, 14.5 ], "texture": "#Sentinel_Trim" },
        "up":    { "uv": [ 11, 14.5, 12, 15.5 ], "texture": "#Sentinel_Trim" },
        "north": { "uv": [ 4, 7.5, 5, 8 ], "texture": "#Sentinel_Trim" },
        "south": { "uv": [ 11, 7.5, 12, 8 ], "texture": "#Sentinel_Trim" },
        "west":  { "uv": [ 14.5, 7.5, 15.5, 8 ], "texture": "#Sentinel_Trim" },
        "east":  { "uv": [ 0.5, 7.5, 1.5, 8 ], "texture": "#Sentinel_Trim" }
    }
},
{
    "__comment": "dvz_Sentinel_Trim",
    "from": [ 12, 7.5, 1 ],
    "to": [ 13.5, 8.5, 2 ],
    "faces": {
        "down":  { "uv": [ 4, 2, 2.5, 1 ], "texture": "#Sentinel_Trim" },
        "up":    { "uv": [ 12, 1, 13.5, 2 ], "texture": "#Sentinel_Trim" },
        "north": { "uv": [ 2.5, 7.5, 4, 8.5 ], "texture": "#Sentinel_Trim" },
        "south": { "uv": [ 12, 7.5, 13.5, 8.5 ], "texture": "#Sentinel_Trim" },
        "west":  { "uv": [ 1, 7.5, 2, 8.5 ], "texture": "#Sentinel_Trim" },
        "east":  { "uv": [ 14, 7.5, 15, 8.5 ], "texture": "#Sentinel_Trim" }
    }
},
{
    "__comment": "dvz_Sentinel_Trim",
    "from": [ 9, 8.5, 0.5 ],
    "to": [ 12, 9, 1.5 ],
    "faces": {
        "down":  { "uv": [ 7, 1.5, 4, 0.5 ], "texture": "#Sentinel_Trim" },
        "up":    { "uv": [ 9, 0.5, 12, 1.5 ], "texture": "#Sentinel_Trim" },
        "north": { "uv": [ 4, 7, 7, 7.5 ], "texture": "#Sentinel_Trim" },
        "south": { "uv": [ 9, 7, 12, 7.5 ], "texture": "#Sentinel_Trim" },
        "west":  { "uv": [ 0.5, 7, 1.5, 7.5 ], "texture": "#Sentinel_Trim" },
        "east":  { "uv": [ 14.5, 7, 15.5, 7.5 ], "texture": "#Sentinel_Trim" }
    }
},
{
    "__comment": "dvz_Sentinel_Trim",
    "from": [ 11, 8, 1 ],
    "to": [ 12, 8.5, 1.5 ],
    "faces": {
        "down":  { "uv": [ 5, 1.5, 4, 1 ], "texture": "#Sentinel_Trim" },
        "up":    { "uv": [ 11, 1, 12, 1.5 ], "texture": "#Sentinel_Trim" },
        "north": { "uv": [ 4, 7.5, 5, 8 ], "texture": "#Sentinel_Trim" },
        "south": { "uv": [ 11, 7.5, 12, 8 ], "texture": "#Sentinel_Trim" },
        "west":  { "uv": [ 1, 7.5, 1.5, 8 ], "texture": "#Sentinel_Trim" },
        "east":  { "uv": [ 14.5, 7.5, 15, 8 ], "texture": "#Sentinel_Trim" }
    }
},
{
    "__comment": "dvz_Sentinel",
    "from": [ 12, 8.5, 1.5 ],
    "to": [ 12.5, 9, 2 ],
    "faces": {
        "down":  { "uv": [ 4, 2, 3.5, 1.5 ], "texture": "#Sentinel_Base" },
        "up":    { "uv": [ 12, 1.5, 12.5, 2 ], "texture": "#Sentinel_Base" },
        "north": { "uv": [ 3.5, 7, 4, 7.5 ], "texture": "#Sentinel_Base" },
        "south": { "uv": [ 12, 7, 12.5, 7.5 ], "texture": "#Sentinel_Base" },
        "west":  { "uv": [ 1.5, 7, 2, 7.5 ], "texture": "#Sentinel_Base" },
        "east":  { "uv": [ 14, 7, 14.5, 7.5 ], "texture": "#Sentinel_Base" }
    }
},
{
    "__comment": "dvz_Sentinel_Trim",
    "from": [ 12.5, 7, 1.5 ],
    "to": [ 13.5, 7.5, 2.5 ],
    "faces": {
        "down":  { "uv": [ 3.5, 2.5, 2.5, 1.5 ], "texture": "#Sentinel_Trim" },
        "up":    { "uv": [ 12.5, 1.5, 13.5, 2.5 ], "texture": "#Sentinel_Trim" },
        "north": { "uv": [ 2.5, 8.5, 3.5, 9 ], "texture": "#Sentinel_Trim" },
        "south": { "uv": [ 12.5, 8.5, 13.5, 9 ], "texture": "#Sentinel_Trim" },
        "west":  { "uv": [ 1.5, 8.5, 2.5, 9 ], "texture": "#Sentinel_Trim" },
        "east":  { "uv": [ 13.5, 8.5, 14.5, 9 ], "texture": "#Sentinel_Trim" }
    }
}
],
"display": {
    "thirdperson": {
        "rotation": [ -37, 180, 170 ],
        "translation": [ 0, 1.5, -2.7 ],
        "scale": [ 0.37, 0.37, 0.37 ]
    },
    "head": {
        "rotation": [ 0, 180, 0 ],
        "translation": [ 0, 0, 0 ],
        "scale": [ 1.45, 1.45, 1.45 ]
    },
    "ground": {
        "rotation": [ 0, 0, 0 ],
        "translation": [ 0, 0, 0 ],
        "scale": [ 1, 1, 1 ]
    },
    "fixed": {
        "rotation": [ 0, 180, 0 ],
        "translation": [ 0, 0, 0 ],
        "scale": [ 1, 1, 1 ]
    },
    "firstperson": {
        "rotation": [ 0, 146, 0 ],
        "translation": [ -1.4, 0.5, 1.8 ],
        "scale": [ 1, 1, 1 ]
    },
    "gui": {
        "rotation": [ 0, 90, 0 ],
        "translation": [ 0, 0, 0 ],
        "scale": [ 1, 1, 1 ]
    }
}
}