{
"__comment": "Shaman Mask",
"__comment": "Not to be reused. Created for the Lords of Minecraft Server",
"textures": {
    "particle": "blocks/hats_shamanmask1",
    "texture": "blocks/hats_shamanmask1"
},
"elements": [ 
{
    "__comment": "Rebel mask",
    "from": [ 3.5, 7, 6.5 ],
    "to": [ 12.5, 7.5, 9.5 ],
    "faces": {
        "down":  { "uv": [ 3.5, 9.5, 12.5, 6.5 ], "texture": "#texture" },
        "up":    { "uv": [ 3.5, 6.5, 12.5, 9.5 ], "texture": "#texture" },
        "north": { "uv": [ 3.5, 8.5, 12.5, 9 ], "texture": "#texture" },
        "south": { "uv": [ 3.5, 8.5, 12.5, 9 ], "texture": "#texture" },
        "west":  { "uv": [ 6.5, 8.5, 9.5, 9 ], "texture": "#texture" },
        "east":  { "uv": [ 6.5, 8.5, 9.5, 9 ], "texture": "#texture" }
    }
},
{
    "__comment": "Rebel mask",
    "from": [ 3.5, 7.5, 6.5 ],
    "to": [ 12, 8, 9 ],
    "faces": {
        "down":  { "uv": [ 3.5, 9, 12, 6.5 ], "texture": "#texture" },
        "up":    { "uv": [ 3.5, 6.5, 12, 9 ], "texture": "#texture" },
        "north": { "uv": [ 4, 8, 12.5, 8.5 ], "texture": "#texture" },
        "south": { "uv": [ 3.5, 8, 12, 8.5 ], "texture": "#texture" },
        "west":  { "uv": [ 6.5, 8, 9, 8.5 ], "texture": "#texture" },
        "east":  { "uv": [ 7, 8, 9.5, 8.5 ], "texture": "#texture" }
    }
},
{
    "__comment": "Rebel mask",
    "from": [ 3.5, 8, 6.5 ],
    "to": [ 12, 8.5, 8.5 ],
    "faces": {
        "down":  { "uv": [ 3.5, 8.5, 12, 6.5 ], "texture": "#texture" },
        "up":    { "uv": [ 3.5, 6.5, 12, 8.5 ], "texture": "#texture" },
        "north": { "uv": [ 4, 7.5, 12.5, 8 ], "texture": "#texture" },
        "south": { "uv": [ 3.5, 7.5, 12, 8 ], "texture": "#texture" },
        "west":  { "uv": [ 6.5, 7.5, 8.5, 8 ], "texture": "#texture" },
        "east":  { "uv": [ 7.5, 7.5, 9.5, 8 ], "texture": "#texture" }
    }
},
{
    "__comment": "Rebel mask",
    "from": [ 3.5, 1.5, 7.5 ],
    "to": [ 5, 7, 8.5 ],
    "faces": {
        "down":  { "uv": [ 3.5, 8.5, 5, 7.5 ], "texture": "#texture" },
        "up":    { "uv": [ 3.5, 7.5, 5, 8.5 ], "texture": "#texture" },
        "north": { "uv": [ 11, 9, 12.5, 14.5 ], "texture": "#texture" },
        "south": { "uv": [ 3.5, 9, 5, 14.5 ], "texture": "#texture" },
        "west":  { "uv": [ 7.5, 9, 8.5, 14.5 ], "texture": "#texture" },
        "east":  { "uv": [ 7.5, 9, 8.5, 14.5 ], "texture": "#texture" }
    }
},
{
    "__comment": "Rebel mask",
    "from": [ 3.5, 2, 8.5 ],
    "to": [ 5, 7, 9 ],
    "faces": {
        "down":  { "uv": [ 3.5, 9, 5, 8.5 ], "texture": "#texture" },
        "up":    { "uv": [ 3.5, 8.5, 5, 9 ], "texture": "#texture" },
        "north": { "uv": [ 11, 9, 12.5, 14 ], "texture": "#texture" },
        "south": { "uv": [ 3.5, 9, 5, 14 ], "texture": "#texture" },
        "west":  { "uv": [ 8.5, 9, 9, 14 ], "texture": "#texture" },
        "east":  { "uv": [ 7, 9, 7.5, 14 ], "texture": "#texture" }
    }
},
{
    "__comment": "Rebel mask",
    "from": [ 3.5, 2.5, 9 ],
    "to": [ 5, 7, 9.5 ],
    "faces": {
        "down":  { "uv": [ 3.5, 9.5, 5, 9 ], "texture": "#texture" },
        "up":    { "uv": [ 3.5, 9, 5, 9.5 ], "texture": "#texture" },
        "north": { "uv": [ 11, 9, 12.5, 13.5 ], "texture": "#texture" },
        "south": { "uv": [ 3.5, 9, 5, 13.5 ], "texture": "#texture" },
        "west":  { "uv": [ 9, 9, 9.5, 13.5 ], "texture": "#texture" },
        "east":  { "uv": [ 6.5, 9, 7, 13.5 ], "texture": "#texture" }
    }
},
{
    "__comment": "Rebel mask",
    "from": [ 4, 7, 5.5 ],
    "to": [ 12, 7.5, 6.5 ],
    "faces": {
        "down":  { "uv": [ 4, 6.5, 12, 5.5 ], "texture": "#texture" },
        "up":    { "uv": [ 4, 5.5, 12, 6.5 ], "texture": "#texture" },
        "north": { "uv": [ 4, 8.5, 12, 9 ], "texture": "#texture" },
        "south": { "uv": [ 4, 8.5, 12, 9 ], "texture": "#texture" },
        "west":  { "uv": [ 5.5, 8.5, 6.5, 9 ], "texture": "#texture" },
        "east":  { "uv": [ 9.5, 8.5, 10.5, 9 ], "texture": "#texture" }
    }
},
{
    "__comment": "Rebel mask",
    "from": [ 4, 7.5, 6 ],
    "to": [ 12, 9, 6.5 ],
    "faces": {
        "down":  { "uv": [ 4, 6.5, 12, 6 ], "texture": "#texture" },
        "up":    { "uv": [ 4, 6, 12, 6.5 ], "texture": "#texture" },
        "north": { "uv": [ 4, 7, 12, 8.5 ], "texture": "#texture" },
        "south": { "uv": [ 4, 7, 12, 8.5 ], "texture": "#texture" },
        "west":  { "uv": [ 6, 7, 6.5, 8.5 ], "texture": "#texture" },
        "east":  { "uv": [ 9.5, 7, 10, 8.5 ], "texture": "#texture" }
    }
},
{
    "__comment": "Rebel mask",
    "from": [ 4, 8.5, 6.5 ],
    "to": [ 12, 9, 9.5 ],
    "faces": {
        "down":  { "uv": [ 4, 9.5, 12, 6.5 ], "texture": "#texture" },
        "up":    { "uv": [ 4, 6.5, 12, 9.5 ], "texture": "#texture" },
        "north": { "uv": [ 4, 7, 12, 7.5 ], "texture": "#texture" },
        "south": { "uv": [ 4, 7, 12, 7.5 ], "texture": "#texture" },
        "west":  { "uv": [ 6.5, 7, 9.5, 7.5 ], "texture": "#texture" },
        "east":  { "uv": [ 6.5, 7, 9.5, 7.5 ], "texture": "#texture" }
    }
},
{
    "__comment": "Rebel mask",
    "from": [ 4, 1, 7 ],
    "to": [ 12, 1.5, 9 ],
    "faces": {
        "down":  { "uv": [ 4, 9, 12, 7 ], "texture": "#texture" },
        "up":    { "uv": [ 4, 7, 12, 9 ], "texture": "#texture" },
        "north": { "uv": [ 4, 14.5, 12, 15 ], "texture": "#texture" },
        "south": { "uv": [ 4, 14.5, 12, 15 ], "texture": "#texture" },
        "west":  { "uv": [ 7, 14.5, 9, 15 ], "texture": "#texture" },
        "east":  { "uv": [ 7, 14.5, 9, 15 ], "texture": "#texture" }
    }
},
{
    "__comment": "Rebel mask",
    "from": [ 4, 0.5, 7.5 ],
    "to": [ 12, 1, 8 ],
    "faces": {
        "down":  { "uv": [ 4, 8, 12, 7.5 ], "texture": "#texture" },
        "up":    { "uv": [ 4, 7.5, 12, 8 ], "texture": "#texture" },
        "north": { "uv": [ 4, 15, 12, 15.5 ], "texture": "#texture" },
        "south": { "uv": [ 4, 15, 12, 15.5 ], "texture": "#texture" },
        "west":  { "uv": [ 7.5, 15, 8, 15.5 ], "texture": "#texture" },
        "east":  { "uv": [ 8, 15, 8.5, 15.5 ], "texture": "#texture" }
    }
},
{
    "__comment": "Rebel mask",
    "from": [ 4, 1.5, 8.5 ],
    "to": [ 11.5, 2, 10 ],
    "faces": {
        "down":  { "uv": [ 4, 10, 11.5, 8.5 ], "texture": "#texture" },
        "up":    { "uv": [ 4, 8.5, 11.5, 10 ], "texture": "#texture" },
        "north": { "uv": [ 4.5, 14, 12, 14.5 ], "texture": "#texture" },
        "south": { "uv": [ 4, 14, 11.5, 14.5 ], "texture": "#texture" },
        "west":  { "uv": [ 8.5, 14, 10, 14.5 ], "texture": "#texture" },
        "east":  { "uv": [ 6, 14, 7.5, 14.5 ], "texture": "#texture" }
    }
},
{
    "__comment": "Rebel mask",
    "from": [ 4, 8, 8.5 ],
    "to": [ 12, 8.5, 10 ],
    "faces": {
        "down":  { "uv": [ 4, 10, 12, 8.5 ], "texture": "#texture" },
        "up":    { "uv": [ 4, 8.5, 12, 10 ], "texture": "#texture" },
        "north": { "uv": [ 4, 7.5, 12, 8 ], "texture": "#texture" },
        "south": { "uv": [ 4, 7.5, 12, 8 ], "texture": "#texture" },
        "west":  { "uv": [ 8.5, 7.5, 10, 8 ], "texture": "#texture" },
        "east":  { "uv": [ 6, 7.5, 7.5, 8 ], "texture": "#texture" }
    }
},
{
    "__comment": "Rebel mask",
    "from": [ 4, 2, 9 ],
    "to": [ 12, 2.5, 10 ],
    "faces": {
        "down":  { "uv": [ 4, 10, 12, 9 ], "texture": "#texture" },
        "up":    { "uv": [ 4, 9, 12, 10 ], "texture": "#texture" },
        "north": { "uv": [ 4, 13.5, 12, 14 ], "texture": "#texture" },
        "south": { "uv": [ 4, 13.5, 12, 14 ], "texture": "#texture" },
        "west":  { "uv": [ 9, 13.5, 10, 14 ], "texture": "#texture" },
        "east":  { "uv": [ 6, 13.5, 7, 14 ], "texture": "#texture" }
    }
},
{
    "__comment": "Rebel mask",
    "from": [ 4, 7.5, 9 ],
    "to": [ 12, 8, 10 ],
    "faces": {
        "down":  { "uv": [ 4, 10, 12, 9 ], "texture": "#texture" },
        "up":    { "uv": [ 4, 9, 12, 10 ], "texture": "#texture" },
        "north": { "uv": [ 4, 8, 12, 8.5 ], "texture": "#texture" },
        "south": { "uv": [ 4, 8, 12, 8.5 ], "texture": "#texture" },
        "west":  { "uv": [ 9, 8, 10, 8.5 ], "texture": "#texture" },
        "east":  { "uv": [ 6, 8, 7, 8.5 ], "texture": "#texture" }
    }
},
{
    "__comment": "Rebel mask",
    "from": [ 4, 2.5, 9.5 ],
    "to": [ 5, 7.5, 10 ],
    "faces": {
        "down":  { "uv": [ 4, 10, 5, 9.5 ], "texture": "#texture" },
        "up":    { "uv": [ 4, 9.5, 5, 10 ], "texture": "#texture" },
        "north": { "uv": [ 11, 8.5, 12, 13.5 ], "texture": "#texture" },
        "south": { "uv": [ 4, 8.5, 5, 13.5 ], "texture": "#texture" },
        "west":  { "uv": [ 9.5, 8.5, 10, 13.5 ], "texture": "#texture" },
        "east":  { "uv": [ 6, 8.5, 6.5, 13.5 ], "texture": "#texture" }
    }
},
{
    "__comment": "Rebel mask",
    "from": [ 4.5, 7, 5 ],
    "to": [ 11.5, 9, 5.5 ],
    "faces": {
        "down":  { "uv": [ 4.5, 5.5, 11.5, 5 ], "texture": "#texture" },
        "up":    { "uv": [ 4.5, 5, 11.5, 5.5 ], "texture": "#texture" },
        "north": { "uv": [ 4.5, 7, 11.5, 9 ], "texture": "#texture" },
        "south": { "uv": [ 4.5, 7, 11.5, 9 ], "texture": "#texture" },
        "west":  { "uv": [ 5, 7, 5.5, 9 ], "texture": "#texture" },
        "east":  { "uv": [ 10.5, 7, 11, 9 ], "texture": "#texture" }
    }
},
{
    "__comment": "Rebel mask",
    "from": [ 4.5, 7.5, 5.5 ],
    "to": [ 12, 9, 6 ],
    "faces": {
        "down":  { "uv": [ 4.5, 6, 12, 5.5 ], "texture": "#texture" },
        "up":    { "uv": [ 4.5, 5.5, 12, 6 ], "texture": "#texture" },
        "north": { "uv": [ 4, 7, 11.5, 8.5 ], "texture": "#texture" },
        "south": { "uv": [ 4.5, 7, 12, 8.5 ], "texture": "#texture" },
        "west":  { "uv": [ 5.5, 7, 6, 8.5 ], "texture": "#texture" },
        "east":  { "uv": [ 10, 7, 10.5, 8.5 ], "texture": "#texture" }
    }
},
{
    "__comment": "Rebel mask",
    "from": [ 4.5, 9, 6 ],
    "to": [ 11.5, 9.5, 9 ],
    "faces": {
        "down":  { "uv": [ 4.5, 9, 11.5, 6 ], "texture": "#texture" },
        "up":    { "uv": [ 4.5, 6, 11.5, 9 ], "texture": "#texture" },
        "north": { "uv": [ 4.5, 6.5, 11.5, 7 ], "texture": "#texture" },
        "south": { "uv": [ 4.5, 6.5, 11.5, 7 ], "texture": "#texture" },
        "west":  { "uv": [ 6, 6.5, 9, 7 ], "texture": "#texture" },
        "east":  { "uv": [ 7, 6.5, 10, 7 ], "texture": "#texture" }
    }
},
{
    "__comment": "Rebel mask",
    "from": [ 4.5, 0.5, 6.5 ],
    "to": [ 11.5, 1, 7.5 ],
    "faces": {
        "down":  { "uv": [ 4.5, 7.5, 11.5, 6.5 ], "texture": "#texture" },
        "up":    { "uv": [ 4.5, 6.5, 11.5, 7.5 ], "texture": "#texture" },
        "north": { "uv": [ 4.5, 15, 11.5, 15.5 ], "texture": "#texture" },
        "south": { "uv": [ 4.5, 15, 11.5, 15.5 ], "texture": "#texture" },
        "west":  { "uv": [ 6.5, 15, 7.5, 15.5 ], "texture": "#texture" },
        "east":  { "uv": [ 8.5, 15, 9.5, 15.5 ], "texture": "#texture" }
    }
},
{
    "__comment": "Rebel mask",
    "from": [ 4.5, 0, 7 ],
    "to": [ 11, 0.5, 8 ],
    "faces": {
        "down":  { "uv": [ 4.5, 8, 11, 7 ], "texture": "#texture" },
        "up":    { "uv": [ 4.5, 7, 11, 8 ], "texture": "#texture" },
        "north": { "uv": [ 5, 15.5, 11.5, 16 ], "texture": "#texture" },
        "south": { "uv": [ 4.5, 15.5, 11, 16 ], "texture": "#texture" },
        "west":  { "uv": [ 7, 15.5, 8, 16 ], "texture": "#texture" },
        "east":  { "uv": [ 8, 15.5, 9, 16 ], "texture": "#texture" }
    }
},
{
    "__comment": "Rebel mask",
    "from": [ 4.5, 0.5, 8 ],
    "to": [ 11.5, 1, 9 ],
    "faces": {
        "down":  { "uv": [ 4.5, 9, 11.5, 8 ], "texture": "#texture" },
        "up":    { "uv": [ 4.5, 8, 11.5, 9 ], "texture": "#texture" },
        "north": { "uv": [ 4.5, 15, 11.5, 15.5 ], "texture": "#texture" },
        "south": { "uv": [ 4.5, 15, 11.5, 15.5 ], "texture": "#texture" },
        "west":  { "uv": [ 8, 15, 9, 15.5 ], "texture": "#texture" },
        "east":  { "uv": [ 7, 15, 8, 15.5 ], "texture": "#texture" }
    }
},
{
    "__comment": "Rebel mask",
    "from": [ 4.5, 1, 9 ],
    "to": [ 11.5, 1.5, 10 ],
    "faces": {
        "down":  { "uv": [ 4.5, 10, 11.5, 9 ], "texture": "#texture" },
        "up":    { "uv": [ 4.5, 9, 11.5, 10 ], "texture": "#texture" },
        "north": { "uv": [ 4.5, 14.5, 11.5, 15 ], "texture": "#texture" },
        "south": { "uv": [ 4.5, 14.5, 11.5, 15 ], "texture": "#texture" },
        "west":  { "uv": [ 9, 14.5, 10, 15 ], "texture": "#texture" },
        "east":  { "uv": [ 6, 14.5, 7, 15 ], "texture": "#texture" }
    }
},
{
    "__comment": "Rebel mask",
    "from": [ 4.5, 8.5, 9.5 ],
    "to": [ 11.5, 9, 10 ],
    "faces": {
        "down":  { "uv": [ 4.5, 10, 11.5, 9.5 ], "texture": "#texture" },
        "up":    { "uv": [ 4.5, 9.5, 11.5, 10 ], "texture": "#texture" },
        "north": { "uv": [ 4.5, 7, 11.5, 7.5 ], "texture": "#texture" },
        "south": { "uv": [ 4.5, 7, 11.5, 7.5 ], "texture": "#texture" },
        "west":  { "uv": [ 9.5, 7, 10, 7.5 ], "texture": "#texture" },
        "east":  { "uv": [ 6, 7, 6.5, 7.5 ], "texture": "#texture" }
    }
},
{
    "__comment": "Detail",
    "from": [ 4.5, 4, 10 ],
    "to": [ 7.5, 4.5, 10.5 ],
    "faces": {
        "down":  { "uv": [ 4.5, 10.5, 7.5, 10 ], "texture": "#particle" },
        "up":    { "uv": [ 4.5, 10, 7.5, 10.5 ], "texture": "#particle" },
        "north": { "uv": [ 8.5, 11.5, 11.5, 12 ], "texture": "#particle" },
        "south": { "uv": [ 4.5, 11.5, 7.5, 12 ], "texture": "#particle" },
        "west":  { "uv": [ 10, 11.5, 10.5, 12 ], "texture": "#particle" },
        "east":  { "uv": [ 5.5, 11.5, 6, 12 ], "texture": "#particle" }
    }
},
{
    "__comment": "Detail",
    "from": [ 4.5, 5.5, 10 ],
    "to": [ 7.5, 6, 10.5 ],
    "faces": {
        "down":  { "uv": [ 4.5, 10.5, 7.5, 10 ], "texture": "#particle" },
        "up":    { "uv": [ 4.5, 10, 7.5, 10.5 ], "texture": "#particle" },
        "north": { "uv": [ 8.5, 10, 11.5, 10.5 ], "texture": "#particle" },
        "south": { "uv": [ 4.5, 10, 7.5, 10.5 ], "texture": "#particle" },
        "west":  { "uv": [ 10, 10, 10.5, 10.5 ], "texture": "#particle" },
        "east":  { "uv": [ 5.5, 10, 6, 10.5 ], "texture": "#particle" }
    }
},
{
    "__comment": "Rebel mask",
    "from": [ 5, 7, 4 ],
    "to": [ 11, 8, 5 ],
    "faces": {
        "down":  { "uv": [ 5, 5, 11, 4 ], "texture": "#texture" },
        "up":    { "uv": [ 5, 4, 11, 5 ], "texture": "#texture" },
        "north": { "uv": [ 5, 8, 11, 9 ], "texture": "#texture" },
        "south": { "uv": [ 5, 8, 11, 9 ], "texture": "#texture" },
        "west":  { "uv": [ 4, 8, 5, 9 ], "texture": "#texture" },
        "east":  { "uv": [ 11, 8, 12, 9 ], "texture": "#texture" }
    }
},
{
    "__comment": "Rebel mask",
    "from": [ 5, 8, 4.5 ],
    "to": [ 11, 9, 5 ],
    "faces": {
        "down":  { "uv": [ 5, 5, 11, 4.5 ], "texture": "#texture" },
        "up":    { "uv": [ 5, 4.5, 11, 5 ], "texture": "#texture" },
        "north": { "uv": [ 5, 7, 11, 8 ], "texture": "#texture" },
        "south": { "uv": [ 5, 7, 11, 8 ], "texture": "#texture" },
        "west":  { "uv": [ 4.5, 7, 5, 8 ], "texture": "#texture" },
        "east":  { "uv": [ 11, 7, 11.5, 8 ], "texture": "#texture" }
    }
},
{
    "__comment": "Rebel mask",
    "from": [ 5, 9, 5.5 ],
    "to": [ 11, 9.5, 6 ],
    "faces": {
        "down":  { "uv": [ 5, 6, 11, 5.5 ], "texture": "#texture" },
        "up":    { "uv": [ 5, 5.5, 11, 6 ], "texture": "#texture" },
        "north": { "uv": [ 5, 6.5, 11, 7 ], "texture": "#texture" },
        "south": { "uv": [ 5, 6.5, 11, 7 ], "texture": "#texture" },
        "west":  { "uv": [ 5.5, 6.5, 6, 7 ], "texture": "#texture" },
        "east":  { "uv": [ 10, 6.5, 10.5, 7 ], "texture": "#texture" }
    }
},
{
    "__comment": "Rebel mask",
    "from": [ 5, 0, 6.5 ],
    "to": [ 11, 0.5, 7 ],
    "faces": {
        "down":  { "uv": [ 5, 7, 11, 6.5 ], "texture": "#texture" },
        "up":    { "uv": [ 5, 6.5, 11, 7 ], "texture": "#texture" },
        "north": { "uv": [ 5, 15.5, 11, 16 ], "texture": "#texture" },
        "south": { "uv": [ 5, 15.5, 11, 16 ], "texture": "#texture" },
        "west":  { "uv": [ 6.5, 15.5, 7, 16 ], "texture": "#texture" },
        "east":  { "uv": [ 9, 15.5, 9.5, 16 ], "texture": "#texture" }
    }
},
{
    "__comment": "Rebel mask",
    "from": [ 5, 1.5, 7.5 ],
    "to": [ 12.5, 4.5, 8.5 ],
    "faces": {
        "down":  { "uv": [ 5, 8.5, 12.5, 7.5 ], "texture": "#texture" },
        "up":    { "uv": [ 5, 7.5, 12.5, 8.5 ], "texture": "#texture" },
        "north": { "uv": [ 3.5, 11.5, 11, 14.5 ], "texture": "#texture" },
        "south": { "uv": [ 5, 11.5, 12.5, 14.5 ], "texture": "#texture" },
        "west":  { "uv": [ 7.5, 11.5, 8.5, 14.5 ], "texture": "#texture" },
        "east":  { "uv": [ 7.5, 11.5, 8.5, 14.5 ], "texture": "#texture" }
    }
},
{
    "__comment": "Rebel mask",
    "from": [ 5, 5.5, 7.5 ],
    "to": [ 12, 7, 10 ],
    "faces": {
        "down":  { "uv": [ 5, 10, 12, 7.5 ], "texture": "#texture" },
        "up":    { "uv": [ 5, 7.5, 12, 10 ], "texture": "#texture" },
        "north": { "uv": [ 4, 9, 11, 10.5 ], "texture": "#texture" },
        "south": { "uv": [ 5, 9, 12, 10.5 ], "texture": "#texture" },
        "west":  { "uv": [ 7.5, 9, 10, 10.5 ], "texture": "#texture" },
        "east":  { "uv": [ 6, 9, 8.5, 10.5 ], "texture": "#texture" }
    }
},
{
    "__comment": "Rebel mask",
    "from": [ 5, 0, 8 ],
    "to": [ 11, 0.5, 9 ],
    "faces": {
        "down":  { "uv": [ 5, 9, 11, 8 ], "texture": "#texture" },
        "up":    { "uv": [ 5, 8, 11, 9 ], "texture": "#texture" },
        "north": { "uv": [ 5, 15.5, 11, 16 ], "texture": "#texture" },
        "south": { "uv": [ 5, 15.5, 11, 16 ], "texture": "#texture" },
        "west":  { "uv": [ 8, 15.5, 9, 16 ], "texture": "#texture" },
        "east":  { "uv": [ 7, 15.5, 8, 16 ], "texture": "#texture" }
    }
},
{
    "__comment": "Rebel mask",
    "from": [ 5, 2, 8.5 ],
    "to": [ 12, 4.5, 9 ],
    "faces": {
        "down":  { "uv": [ 5, 9, 12, 8.5 ], "texture": "#texture" },
        "up":    { "uv": [ 5, 8.5, 12, 9 ], "texture": "#texture" },
        "north": { "uv": [ 4, 11.5, 11, 14 ], "texture": "#texture" },
        "south": { "uv": [ 5, 11.5, 12, 14 ], "texture": "#texture" },
        "west":  { "uv": [ 8.5, 11.5, 9, 14 ], "texture": "#texture" },
        "east":  { "uv": [ 7, 11.5, 7.5, 14 ], "texture": "#texture" }
    }
},
{
    "__comment": "Rebel mask",
    "from": [ 5, 0.5, 9 ],
    "to": [ 11.5, 1, 9.5 ],
    "faces": {
        "down":  { "uv": [ 5, 9.5, 11.5, 9 ], "texture": "#texture" },
        "up":    { "uv": [ 5, 9, 11.5, 9.5 ], "texture": "#texture" },
        "north": { "uv": [ 4.5, 15, 11, 15.5 ], "texture": "#texture" },
        "south": { "uv": [ 5, 15, 11.5, 15.5 ], "texture": "#texture" },
        "west":  { "uv": [ 9, 15, 9.5, 15.5 ], "texture": "#texture" },
        "east":  { "uv": [ 6.5, 15, 7, 15.5 ], "texture": "#texture" }
    }
},
{
    "__comment": "Rebel mask",
    "from": [ 5, 2.5, 9 ],
    "to": [ 7, 3, 11 ],
    "faces": {
        "down":  { "uv": [ 5, 11, 7, 9 ], "texture": "#texture" },
        "up":    { "uv": [ 5, 9, 7, 11 ], "texture": "#texture" },
        "north": { "uv": [ 9, 13, 11, 13.5 ], "texture": "#texture" },
        "south": { "uv": [ 5, 13, 7, 13.5 ], "texture": "#texture" },
        "west":  { "uv": [ 9, 13, 11, 13.5 ], "texture": "#texture" },
        "east":  { "uv": [ 5, 13, 7, 13.5 ], "texture": "#texture" }
    }
},
{
    "__comment": "Rebel mask",
    "from": [ 5, 3, 9 ],
    "to": [ 7.5, 4, 10.5 ],
    "faces": {
        "down":  { "uv": [ 5, 10.5, 7.5, 9 ], "texture": "#texture" },
        "up":    { "uv": [ 5, 9, 7.5, 10.5 ], "texture": "#texture" },
        "north": { "uv": [ 8.5, 12, 11, 13 ], "texture": "#texture" },
        "south": { "uv": [ 5, 12, 7.5, 13 ], "texture": "#texture" },
        "west":  { "uv": [ 9, 12, 10.5, 13 ], "texture": "#texture" },
        "east":  { "uv": [ 5.5, 12, 7, 13 ], "texture": "#texture" }
    }
},
{
    "__comment": "Rebel mask",
    "from": [ 5, 4, 9 ],
    "to": [ 12, 4.5, 10 ],
    "faces": {
        "down":  { "uv": [ 5, 10, 12, 9 ], "texture": "#texture" },
        "up":    { "uv": [ 5, 9, 12, 10 ], "texture": "#texture" },
        "north": { "uv": [ 4, 11.5, 11, 12 ], "texture": "#texture" },
        "south": { "uv": [ 5, 11.5, 12, 12 ], "texture": "#texture" },
        "west":  { "uv": [ 9, 11.5, 10, 12 ], "texture": "#texture" },
        "east":  { "uv": [ 6, 11.5, 7, 12 ], "texture": "#texture" }
    }
},
{
    "__comment": "Rebel mask",
    "from": [ 5, 7, 9.5 ],
    "to": [ 7, 7.5, 10.5 ],
    "faces": {
        "down":  { "uv": [ 5, 10.5, 7, 9.5 ], "texture": "#texture" },
        "up":    { "uv": [ 5, 9.5, 7, 10.5 ], "texture": "#texture" },
        "north": { "uv": [ 9, 8.5, 11, 9 ], "texture": "#texture" },
        "south": { "uv": [ 5, 8.5, 7, 9 ], "texture": "#texture" },
        "west":  { "uv": [ 9.5, 8.5, 10.5, 9 ], "texture": "#texture" },
        "east":  { "uv": [ 5.5, 8.5, 6.5, 9 ], "texture": "#texture" }
    }
},
{
    "__comment": "Rebel mask",
    "from": [ 5, 6, 10 ],
    "to": [ 7, 7, 10.5 ],
    "faces": {
        "down":  { "uv": [ 5, 10.5, 7, 10 ], "texture": "#texture" },
        "up":    { "uv": [ 5, 10, 7, 10.5 ], "texture": "#texture" },
        "north": { "uv": [ 9, 9, 11, 10 ], "texture": "#texture" },
        "south": { "uv": [ 5, 9, 7, 10 ], "texture": "#texture" },
        "west":  { "uv": [ 10, 9, 10.5, 10 ], "texture": "#texture" },
        "east":  { "uv": [ 5.5, 9, 6, 10 ], "texture": "#texture" }
    }
},
{
    "__comment": "Rebel mask",
    "from": [ 5, 7.5, 11 ],
    "to": [ 7, 9, 12.5 ],
    "faces": {
        "down":  { "uv": [ 5, 12.5, 7, 11 ], "texture": "#texture" },
        "up":    { "uv": [ 5, 11, 7, 12.5 ], "texture": "#texture" },
        "north": { "uv": [ 9, 7, 11, 8.5 ], "texture": "#texture" },
        "south": { "uv": [ 5, 7, 7, 8.5 ], "texture": "#texture" },
        "west":  { "uv": [ 11, 7, 12.5, 8.5 ], "texture": "#texture" },
        "east":  { "uv": [ 3.5, 7, 5, 8.5 ], "texture": "#texture" }
    }
},
{
    "__comment": "Rebel mask",
    "from": [ 5.5, 7, 3.5 ],
    "to": [ 10.5, 7.5, 4 ],
    "faces": {
        "down":  { "uv": [ 5.5, 4, 10.5, 3.5 ], "texture": "#texture" },
        "up":    { "uv": [ 5.5, 3.5, 10.5, 4 ], "texture": "#texture" },
        "north": { "uv": [ 5.5, 8.5, 10.5, 9 ], "texture": "#texture" },
        "south": { "uv": [ 5.5, 8.5, 10.5, 9 ], "texture": "#texture" },
        "west":  { "uv": [ 3.5, 8.5, 4, 9 ], "texture": "#texture" },
        "east":  { "uv": [ 12, 8.5, 12.5, 9 ], "texture": "#texture" }
    }
},
{
    "__comment": "Rebel mask",
    "from": [ 5.5, 9, 9 ],
    "to": [ 10.5, 9.5, 9.5 ],
    "faces": {
        "down":  { "uv": [ 5.5, 9.5, 10.5, 9 ], "texture": "#texture" },
        "up":    { "uv": [ 5.5, 9, 10.5, 9.5 ], "texture": "#texture" },
        "north": { "uv": [ 5.5, 6.5, 10.5, 7 ], "texture": "#texture" },
        "south": { "uv": [ 5.5, 6.5, 10.5, 7 ], "texture": "#texture" },
        "west":  { "uv": [ 9, 6.5, 9.5, 7 ], "texture": "#texture" },
        "east":  { "uv": [ 6.5, 6.5, 7, 7 ], "texture": "#texture" }
    }
},
{
    "__comment": "Rebel mask",
    "from": [ 5.5, 1, 10 ],
    "to": [ 7, 2.5, 10.5 ],
    "faces": {
        "down":  { "uv": [ 5.5, 10.5, 7, 10 ], "texture": "#texture" },
        "up":    { "uv": [ 5.5, 10, 7, 10.5 ], "texture": "#texture" },
        "north": { "uv": [ 9, 13.5, 10.5, 15 ], "texture": "#texture" },
        "south": { "uv": [ 5.5, 13.5, 7, 15 ], "texture": "#texture" },
        "west":  { "uv": [ 10, 13.5, 10.5, 15 ], "texture": "#texture" },
        "east":  { "uv": [ 5.5, 13.5, 6, 15 ], "texture": "#texture" }
    }
},
{
    "__comment": "Rebel mask",
    "from": [ 5.5, 7.5, 10 ],
    "to": [ 7, 9, 11 ],
    "faces": {
        "down":  { "uv": [ 5.5, 11, 7, 10 ], "texture": "#texture" },
        "up":    { "uv": [ 5.5, 10, 7, 11 ], "texture": "#texture" },
        "north": { "uv": [ 9, 7, 10.5, 8.5 ], "texture": "#texture" },
        "south": { "uv": [ 5.5, 7, 7, 8.5 ], "texture": "#texture" },
        "west":  { "uv": [ 10, 7, 11, 8.5 ], "texture": "#texture" },
        "east":  { "uv": [ 5, 7, 6, 8.5 ], "texture": "#texture" }
    }
},
{
    "__comment": "Rebel mask",
    "from": [ 5.5, 2, 10.5 ],
    "to": [ 7, 2.5, 11 ],
    "faces": {
        "down":  { "uv": [ 5.5, 11, 7, 10.5 ], "texture": "#texture" },
        "up":    { "uv": [ 5.5, 10.5, 7, 11 ], "texture": "#texture" },
        "north": { "uv": [ 9, 13.5, 10.5, 14 ], "texture": "#texture" },
        "south": { "uv": [ 5.5, 13.5, 7, 14 ], "texture": "#texture" },
        "west":  { "uv": [ 10.5, 13.5, 11, 14 ], "texture": "#texture" },
        "east":  { "uv": [ 5, 13.5, 5.5, 14 ], "texture": "#texture" }
    }
},
{
    "__comment": "Rebel mask",
    "from": [ 5.5, 7, 10.5 ],
    "to": [ 7, 7.5, 13 ],
    "faces": {
        "down":  { "uv": [ 5.5, 13, 7, 10.5 ], "texture": "#texture" },
        "up":    { "uv": [ 5.5, 10.5, 7, 13 ], "texture": "#texture" },
        "north": { "uv": [ 9, 8.5, 10.5, 9 ], "texture": "#texture" },
        "south": { "uv": [ 5.5, 8.5, 7, 9 ], "texture": "#texture" },
        "west":  { "uv": [ 10.5, 8.5, 13, 9 ], "texture": "#texture" },
        "east":  { "uv": [ 3, 8.5, 5.5, 9 ], "texture": "#texture" }
    }
},
{
    "__comment": "Rebel mask",
    "from": [ 5.5, 9, 11 ],
    "to": [ 7, 10.5, 13 ],
    "faces": {
        "down":  { "uv": [ 5.5, 13, 7, 11 ], "texture": "#texture" },
        "up":    { "uv": [ 5.5, 11, 7, 13 ], "texture": "#texture" },
        "north": { "uv": [ 9, 5.5, 10.5, 7 ], "texture": "#texture" },
        "south": { "uv": [ 5.5, 5.5, 7, 7 ], "texture": "#texture" },
        "west":  { "uv": [ 11, 5.5, 13, 7 ], "texture": "#texture" },
        "east":  { "uv": [ 3, 5.5, 5, 7 ], "texture": "#texture" }
    }
},
{
    "__comment": "Rebel mask",
    "from": [ 5.5, 10.5, 11 ],
    "to": [ 7, 13, 12.5 ],
    "faces": {
        "down":  { "uv": [ 5.5, 12.5, 7, 11 ], "texture": "#texture" },
        "up":    { "uv": [ 5.5, 11, 7, 12.5 ], "texture": "#texture" },
        "north": { "uv": [ 9, 3, 10.5, 5.5 ], "texture": "#texture" },
        "south": { "uv": [ 5.5, 3, 7, 5.5 ], "texture": "#texture" },
        "west":  { "uv": [ 11, 3, 12.5, 5.5 ], "texture": "#texture" },
        "east":  { "uv": [ 3.5, 3, 5, 5.5 ], "texture": "#texture" }
    }
},
{
    "__comment": "Rebel mask",
    "from": [ 5.5, 13, 11 ],
    "to": [ 7, 15, 12 ],
    "faces": {
        "down":  { "uv": [ 5.5, 12, 7, 11 ], "texture": "#texture" },
        "up":    { "uv": [ 5.5, 11, 7, 12 ], "texture": "#texture" },
        "north": { "uv": [ 9, 1, 10.5, 3 ], "texture": "#texture" },
        "south": { "uv": [ 5.5, 1, 7, 3 ], "texture": "#texture" },
        "west":  { "uv": [ 11, 1, 12, 3 ], "texture": "#texture" },
        "east":  { "uv": [ 4, 1, 5, 3 ], "texture": "#texture" }
    }
},
{
    "__comment": "Rebel mask",
    "from": [ 5.5, 15, 11 ],
    "to": [ 7, 16, 11.5 ],
    "faces": {
        "down":  { "uv": [ 5.5, 11.5, 7, 11 ], "texture": "#texture" },
        "up":    { "uv": [ 5.5, 11, 7, 11.5 ], "texture": "#texture" },
        "north": { "uv": [ 9, 0, 10.5, 1 ], "texture": "#texture" },
        "south": { "uv": [ 5.5, 0, 7, 1 ], "texture": "#texture" },
        "west":  { "uv": [ 11, 0, 11.5, 1 ], "texture": "#texture" },
        "east":  { "uv": [ 4.5, 0, 5, 1 ], "texture": "#texture" }
    }
},
{
    "__comment": "Rebel mask",
    "from": [ 5.5, 7.5, 12.5 ],
    "to": [ 7, 9, 13 ],
    "faces": {
        "down":  { "uv": [ 5.5, 13, 7, 12.5 ], "texture": "#texture" },
        "up":    { "uv": [ 5.5, 12.5, 7, 13 ], "texture": "#texture" },
        "north": { "uv": [ 9, 7, 10.5, 8.5 ], "texture": "#texture" },
        "south": { "uv": [ 5.5, 7, 7, 8.5 ], "texture": "#texture" },
        "west":  { "uv": [ 12.5, 7, 13, 8.5 ], "texture": "#texture" },
        "east":  { "uv": [ 3, 7, 3.5, 8.5 ], "texture": "#texture" }
    }
},
{
    "__comment": "Rebel mask",
    "from": [ 6, 7.5, 3.5 ],
    "to": [ 10.5, 8, 4 ],
    "faces": {
        "down":  { "uv": [ 6, 4, 10.5, 3.5 ], "texture": "#texture" },
        "up":    { "uv": [ 6, 3.5, 10.5, 4 ], "texture": "#texture" },
        "north": { "uv": [ 5.5, 8, 10, 8.5 ], "texture": "#texture" },
        "south": { "uv": [ 6, 8, 10.5, 8.5 ], "texture": "#texture" },
        "west":  { "uv": [ 3.5, 8, 4, 8.5 ], "texture": "#texture" },
        "east":  { "uv": [ 12, 8, 12.5, 8.5 ], "texture": "#texture" }
    }
},
{
    "__comment": "Rebel mask",
    "from": [ 6, 8, 4 ],
    "to": [ 10.5, 8.5, 4.5 ],
    "faces": {
        "down":  { "uv": [ 6, 4.5, 10.5, 4 ], "texture": "#texture" },
        "up":    { "uv": [ 6, 4, 10.5, 4.5 ], "texture": "#texture" },
        "north": { "uv": [ 5.5, 7.5, 10, 8 ], "texture": "#texture" },
        "south": { "uv": [ 6, 7.5, 10.5, 8 ], "texture": "#texture" },
        "west":  { "uv": [ 4, 7.5, 4.5, 8 ], "texture": "#texture" },
        "east":  { "uv": [ 11.5, 7.5, 12, 8 ], "texture": "#texture" }
    }
},
{
    "__comment": "Rebel mask",
    "from": [ 6, 0, 9 ],
    "to": [ 7.5, 0.5, 10 ],
    "faces": {
        "down":  { "uv": [ 6, 10, 7.5, 9 ], "texture": "#texture" },
        "up":    { "uv": [ 6, 9, 7.5, 10 ], "texture": "#texture" },
        "north": { "uv": [ 8.5, 15.5, 10, 16 ], "texture": "#texture" },
        "south": { "uv": [ 6, 15.5, 7.5, 16 ], "texture": "#texture" },
        "west":  { "uv": [ 9, 15.5, 10, 16 ], "texture": "#texture" },
        "east":  { "uv": [ 6, 15.5, 7, 16 ], "texture": "#texture" }
    }
},
{
    "__comment": "Rebel mask",
    "from": [ 6, 0.5, 9.5 ],
    "to": [ 7, 1, 10.5 ],
    "faces": {
        "down":  { "uv": [ 6, 10.5, 7, 9.5 ], "texture": "#texture" },
        "up":    { "uv": [ 6, 9.5, 7, 10.5 ], "texture": "#texture" },
        "north": { "uv": [ 9, 15, 10, 15.5 ], "texture": "#texture" },
        "south": { "uv": [ 6, 15, 7, 15.5 ], "texture": "#texture" },
        "west":  { "uv": [ 9.5, 15, 10.5, 15.5 ], "texture": "#texture" },
        "east":  { "uv": [ 5.5, 15, 6.5, 15.5 ], "texture": "#texture" }
    }
},
{
    "__comment": "Rebel mask",
    "from": [ 7, 7, 3 ],
    "to": [ 9, 7.5, 3.5 ],
    "faces": {
        "down":  { "uv": [ 7, 3.5, 9, 3 ], "texture": "#texture" },
        "up":    { "uv": [ 7, 3, 9, 3.5 ], "texture": "#texture" },
        "north": { "uv": [ 7, 8.5, 9, 9 ], "texture": "#texture" },
        "south": { "uv": [ 7, 8.5, 9, 9 ], "texture": "#texture" },
        "west":  { "uv": [ 3, 8.5, 3.5, 9 ], "texture": "#texture" },
        "east":  { "uv": [ 12.5, 8.5, 13, 9 ], "texture": "#texture" }
    }
},
{
    "__comment": "Rebel mask",
    "from": [ 7, 2.5, 9 ],
    "to": [ 12, 3, 10 ],
    "faces": {
        "down":  { "uv": [ 7, 10, 12, 9 ], "texture": "#texture" },
        "up":    { "uv": [ 7, 9, 12, 10 ], "texture": "#texture" },
        "north": { "uv": [ 4, 13, 9, 13.5 ], "texture": "#texture" },
        "south": { "uv": [ 7, 13, 12, 13.5 ], "texture": "#texture" },
        "west":  { "uv": [ 9, 13, 10, 13.5 ], "texture": "#texture" },
        "east":  { "uv": [ 6, 13, 7, 13.5 ], "texture": "#texture" }
    }
},
{
    "__comment": "Rebel mask",
    "from": [ 7, 0.5, 9.5 ],
    "to": [ 7.5, 1, 10 ],
    "faces": {
        "down":  { "uv": [ 7, 10, 7.5, 9.5 ], "texture": "#texture" },
        "up":    { "uv": [ 7, 9.5, 7.5, 10 ], "texture": "#texture" },
        "north": { "uv": [ 8.5, 15, 9, 15.5 ], "texture": "#texture" },
        "south": { "uv": [ 7, 15, 7.5, 15.5 ], "texture": "#texture" },
        "west":  { "uv": [ 9.5, 15, 10, 15.5 ], "texture": "#texture" },
        "east":  { "uv": [ 6, 15, 6.5, 15.5 ], "texture": "#texture" }
    }
},
{
    "__comment": "Rebel mask",
    "from": [ 7, 7, 9.5 ],
    "to": [ 12, 7.5, 10 ],
    "faces": {
        "down":  { "uv": [ 7, 10, 12, 9.5 ], "texture": "#texture" },
        "up":    { "uv": [ 7, 9.5, 12, 10 ], "texture": "#texture" },
        "north": { "uv": [ 4, 8.5, 9, 9 ], "texture": "#texture" },
        "south": { "uv": [ 7, 8.5, 12, 9 ], "texture": "#texture" },
        "west":  { "uv": [ 9.5, 8.5, 10, 9 ], "texture": "#texture" },
        "east":  { "uv": [ 6, 8.5, 6.5, 9 ], "texture": "#texture" }
    }
},
{
    "__comment": "Rebel mask",
    "from": [ 7, 6, 10 ],
    "to": [ 7.5, 6.5, 10.5 ],
    "faces": {
        "down":  { "uv": [ 7, 10.5, 7.5, 10 ], "texture": "#texture" },
        "up":    { "uv": [ 7, 10, 7.5, 10.5 ], "texture": "#texture" },
        "north": { "uv": [ 8.5, 9.5, 9, 10 ], "texture": "#texture" },
        "south": { "uv": [ 7, 9.5, 7.5, 10 ], "texture": "#texture" },
        "west":  { "uv": [ 10, 9.5, 10.5, 10 ], "texture": "#texture" },
        "east":  { "uv": [ 5.5, 9.5, 6, 10 ], "texture": "#texture" }
    }
},
{
    "__comment": "Rebel mask",
    "from": [ 7.5, 4.5, 7.5 ],
    "to": [ 9, 5.5, 10 ],
    "faces": {
        "down":  { "uv": [ 7.5, 10, 9, 7.5 ], "texture": "#texture" },
        "up":    { "uv": [ 7.5, 7.5, 9, 10 ], "texture": "#texture" },
        "north": { "uv": [ 7, 10.5, 8.5, 11.5 ], "texture": "#texture" },
        "south": { "uv": [ 7.5, 10.5, 9, 11.5 ], "texture": "#texture" },
        "west":  { "uv": [ 7.5, 10.5, 10, 11.5 ], "texture": "#texture" },
        "east":  { "uv": [ 6, 10.5, 8.5, 11.5 ], "texture": "#texture" }
    }
},
{
    "__comment": "Rebel mask",
    "from": [ 7.5, 3, 9 ],
    "to": [ 12, 4, 10 ],
    "faces": {
        "down":  { "uv": [ 7.5, 10, 12, 9 ], "texture": "#texture" },
        "up":    { "uv": [ 7.5, 9, 12, 10 ], "texture": "#texture" },
        "north": { "uv": [ 4, 12, 8.5, 13 ], "texture": "#texture" },
        "south": { "uv": [ 7.5, 12, 12, 13 ], "texture": "#texture" },
        "west":  { "uv": [ 9, 12, 10, 13 ], "texture": "#texture" },
        "east":  { "uv": [ 6, 12, 7, 13 ], "texture": "#texture" }
    }
},
{
    "__comment": "Rebel mask",
    "from": [ 8.5, 0, 9 ],
    "to": [ 10, 0.5, 10 ],
    "faces": {
        "down":  { "uv": [ 8.5, 10, 10, 9 ], "texture": "#texture" },
        "up":    { "uv": [ 8.5, 9, 10, 10 ], "texture": "#texture" },
        "north": { "uv": [ 6, 15.5, 7.5, 16 ], "texture": "#texture" },
        "south": { "uv": [ 8.5, 15.5, 10, 16 ], "texture": "#texture" },
        "west":  { "uv": [ 9, 15.5, 10, 16 ], "texture": "#texture" },
        "east":  { "uv": [ 6, 15.5, 7, 16 ], "texture": "#texture" }
    }
},
{
    "__comment": "Rebel mask",
    "from": [ 8.5, 0.5, 9.5 ],
    "to": [ 10, 1, 10 ],
    "faces": {
        "down":  { "uv": [ 8.5, 10, 10, 9.5 ], "texture": "#texture" },
        "up":    { "uv": [ 8.5, 9.5, 10, 10 ], "texture": "#texture" },
        "north": { "uv": [ 6, 15, 7.5, 15.5 ], "texture": "#texture" },
        "south": { "uv": [ 8.5, 15, 10, 15.5 ], "texture": "#texture" },
        "west":  { "uv": [ 9.5, 15, 10, 15.5 ], "texture": "#texture" },
        "east":  { "uv": [ 6, 15, 6.5, 15.5 ], "texture": "#texture" }
    }
},
{
    "__comment": "Detail",
    "from": [ 9, 4, 10 ],
    "to": [ 11.5, 4.5, 10.5 ],
    "faces": {
        "down":  { "uv": [ 9, 10.5, 11.5, 10 ], "texture": "#particle" },
        "up":    { "uv": [ 9, 10, 11.5, 10.5 ], "texture": "#particle" },
        "north": { "uv": [ 4.5, 11.5, 7, 12 ], "texture": "#particle" },
        "south": { "uv": [ 9, 11.5, 11.5, 12 ], "texture": "#particle" },
        "west":  { "uv": [ 10, 11.5, 10.5, 12 ], "texture": "#particle" },
        "east":  { "uv": [ 5.5, 11.5, 6, 12 ], "texture": "#particle" }
    }
},
{
    "__comment": "Detail",
    "from": [ 9, 5.5, 10 ],
    "to": [ 11.5, 6, 10.5 ],
    "faces": {
        "down":  { "uv": [ 9, 10.5, 11.5, 10 ], "texture": "#particle" },
        "up":    { "uv": [ 9, 10, 11.5, 10.5 ], "texture": "#particle" },
        "north": { "uv": [ 4.5, 10, 7, 10.5 ], "texture": "#particle" },
        "south": { "uv": [ 9, 10, 11.5, 10.5 ], "texture": "#particle" },
        "west":  { "uv": [ 10, 10, 10.5, 10.5 ], "texture": "#particle" },
        "east":  { "uv": [ 5.5, 10, 6, 10.5 ], "texture": "#particle" }
    }
},
{
    "__comment": "Rebel mask",
    "from": [ 9, 0.5, 10 ],
    "to": [ 10, 3.5, 10.5 ],
    "faces": {
        "down":  { "uv": [ 9, 10.5, 10, 10 ], "texture": "#texture" },
        "up":    { "uv": [ 9, 10, 10, 10.5 ], "texture": "#texture" },
        "north": { "uv": [ 6, 12.5, 7, 15.5 ], "texture": "#texture" },
        "south": { "uv": [ 9, 12.5, 10, 15.5 ], "texture": "#texture" },
        "west":  { "uv": [ 10, 12.5, 10.5, 15.5 ], "texture": "#texture" },
        "east":  { "uv": [ 5.5, 12.5, 6, 15.5 ], "texture": "#texture" }
    }
},
{
    "__comment": "Rebel mask",
    "from": [ 9, 6.5, 10 ],
    "to": [ 10.5, 9, 10.5 ],
    "faces": {
        "down":  { "uv": [ 9, 10.5, 10.5, 10 ], "texture": "#texture" },
        "up":    { "uv": [ 9, 10, 10.5, 10.5 ], "texture": "#texture" },
        "north": { "uv": [ 5.5, 7, 7, 9.5 ], "texture": "#texture" },
        "south": { "uv": [ 9, 7, 10.5, 9.5 ], "texture": "#texture" },
        "west":  { "uv": [ 10, 7, 10.5, 9.5 ], "texture": "#texture" },
        "east":  { "uv": [ 5.5, 7, 6, 9.5 ], "texture": "#texture" }
    }
},
{
    "__comment": "Rebel mask",
    "from": [ 9, 2, 10.5 ],
    "to": [ 10.5, 3, 11 ],
    "faces": {
        "down":  { "uv": [ 9, 11, 10.5, 10.5 ], "texture": "#texture" },
        "up":    { "uv": [ 9, 10.5, 10.5, 11 ], "texture": "#texture" },
        "north": { "uv": [ 5.5, 13, 7, 14 ], "texture": "#texture" },
        "south": { "uv": [ 9, 13, 10.5, 14 ], "texture": "#texture" },
        "west":  { "uv": [ 10.5, 13, 11, 14 ], "texture": "#texture" },
        "east":  { "uv": [ 5, 13, 5.5, 14 ], "texture": "#texture" }
    }
},
{
    "__comment": "Rebel mask",
    "from": [ 9, 7, 10.5 ],
    "to": [ 10.5, 9, 13 ],
    "faces": {
        "down":  { "uv": [ 9, 13, 10.5, 10.5 ], "texture": "#texture" },
        "up":    { "uv": [ 9, 10.5, 10.5, 13 ], "texture": "#texture" },
        "north": { "uv": [ 5.5, 7, 7, 9 ], "texture": "#texture" },
        "south": { "uv": [ 9, 7, 10.5, 9 ], "texture": "#texture" },
        "west":  { "uv": [ 10.5, 7, 13, 9 ], "texture": "#texture" },
        "east":  { "uv": [ 3, 7, 5.5, 9 ], "texture": "#texture" }
    }
},
{
    "__comment": "Rebel mask",
    "from": [ 9, 9, 11 ],
    "to": [ 10.5, 10.5, 13 ],
    "faces": {
        "down":  { "uv": [ 9, 13, 10.5, 11 ], "texture": "#texture" },
        "up":    { "uv": [ 9, 11, 10.5, 13 ], "texture": "#texture" },
        "north": { "uv": [ 5.5, 5.5, 7, 7 ], "texture": "#texture" },
        "south": { "uv": [ 9, 5.5, 10.5, 7 ], "texture": "#texture" },
        "west":  { "uv": [ 11, 5.5, 13, 7 ], "texture": "#texture" },
        "east":  { "uv": [ 3, 5.5, 5, 7 ], "texture": "#texture" }
    }
},
{
    "__comment": "Rebel mask",
    "from": [ 9, 10.5, 11 ],
    "to": [ 10.5, 13, 12.5 ],
    "faces": {
        "down":  { "uv": [ 9, 12.5, 10.5, 11 ], "texture": "#texture" },
        "up":    { "uv": [ 9, 11, 10.5, 12.5 ], "texture": "#texture" },
        "north": { "uv": [ 5.5, 3, 7, 5.5 ], "texture": "#texture" },
        "south": { "uv": [ 9, 3, 10.5, 5.5 ], "texture": "#texture" },
        "west":  { "uv": [ 11, 3, 12.5, 5.5 ], "texture": "#texture" },
        "east":  { "uv": [ 3.5, 3, 5, 5.5 ], "texture": "#texture" }
    }
},
{
    "__comment": "Rebel mask",
    "from": [ 9, 13, 11 ],
    "to": [ 10.5, 15, 12 ],
    "faces": {
        "down":  { "uv": [ 9, 12, 10.5, 11 ], "texture": "#texture" },
        "up":    { "uv": [ 9, 11, 10.5, 12 ], "texture": "#texture" },
        "north": { "uv": [ 5.5, 1, 7, 3 ], "texture": "#texture" },
        "south": { "uv": [ 9, 1, 10.5, 3 ], "texture": "#texture" },
        "west":  { "uv": [ 11, 1, 12, 3 ], "texture": "#texture" },
        "east":  { "uv": [ 4, 1, 5, 3 ], "texture": "#texture" }
    }
},
{
    "__comment": "Rebel mask",
    "from": [ 9, 15, 11 ],
    "to": [ 10.5, 16, 11.5 ],
    "faces": {
        "down":  { "uv": [ 9, 11.5, 10.5, 11 ], "texture": "#texture" },
        "up":    { "uv": [ 9, 11, 10.5, 11.5 ], "texture": "#texture" },
        "north": { "uv": [ 5.5, 0, 7, 1 ], "texture": "#texture" },
        "south": { "uv": [ 9, 0, 10.5, 1 ], "texture": "#texture" },
        "west":  { "uv": [ 11, 0, 11.5, 1 ], "texture": "#texture" },
        "east":  { "uv": [ 4.5, 0, 5, 1 ], "texture": "#texture" }
    }
},
{
    "__comment": "Rebel mask",
    "from": [ 10, 1, 10 ],
    "to": [ 10.5, 3.5, 10.5 ],
    "faces": {
        "down":  { "uv": [ 10, 10.5, 10.5, 10 ], "texture": "#texture" },
        "up":    { "uv": [ 10, 10, 10.5, 10.5 ], "texture": "#texture" },
        "north": { "uv": [ 5.5, 12.5, 6, 15 ], "texture": "#texture" },
        "south": { "uv": [ 10, 12.5, 10.5, 15 ], "texture": "#texture" },
        "west":  { "uv": [ 10, 12.5, 10.5, 15 ], "texture": "#texture" },
        "east":  { "uv": [ 5.5, 12.5, 6, 15 ], "texture": "#texture" }
    }
},
{
    "__comment": "Rebel mask",
    "from": [ 10.5, 2.5, 10 ],
    "to": [ 11, 3, 11 ],
    "faces": {
        "down":  { "uv": [ 10.5, 11, 11, 10 ], "texture": "#texture" },
        "up":    { "uv": [ 10.5, 10, 11, 11 ], "texture": "#texture" },
        "north": { "uv": [ 5, 13, 5.5, 13.5 ], "texture": "#texture" },
        "south": { "uv": [ 10.5, 13, 11, 13.5 ], "texture": "#texture" },
        "west":  { "uv": [ 10, 13, 11, 13.5 ], "texture": "#texture" },
        "east":  { "uv": [ 5, 13, 6, 13.5 ], "texture": "#texture" }
    }
},
{
    "__comment": "Rebel mask",
    "from": [ 10.5, 3, 10 ],
    "to": [ 11, 3.5, 10.5 ],
    "faces": {
        "down":  { "uv": [ 10.5, 10.5, 11, 10 ], "texture": "#texture" },
        "up":    { "uv": [ 10.5, 10, 11, 10.5 ], "texture": "#texture" },
        "north": { "uv": [ 5, 12.5, 5.5, 13 ], "texture": "#texture" },
        "south": { "uv": [ 10.5, 12.5, 11, 13 ], "texture": "#texture" },
        "west":  { "uv": [ 10, 12.5, 10.5, 13 ], "texture": "#texture" },
        "east":  { "uv": [ 5.5, 12.5, 6, 13 ], "texture": "#texture" }
    }
},
{
    "__comment": "Rebel mask",
    "from": [ 10.5, 6.5, 10 ],
    "to": [ 11, 7.5, 10.5 ],
    "faces": {
        "down":  { "uv": [ 10.5, 10.5, 11, 10 ], "texture": "#texture" },
        "up":    { "uv": [ 10.5, 10, 11, 10.5 ], "texture": "#texture" },
        "north": { "uv": [ 5, 8.5, 5.5, 9.5 ], "texture": "#texture" },
        "south": { "uv": [ 10.5, 8.5, 11, 9.5 ], "texture": "#texture" },
        "west":  { "uv": [ 10, 8.5, 10.5, 9.5 ], "texture": "#texture" },
        "east":  { "uv": [ 5.5, 8.5, 6, 9.5 ], "texture": "#texture" }
    }
},
{
    "__comment": "Rebel mask",
    "from": [ 10.5, 7.5, 11 ],
    "to": [ 11, 9, 12.5 ],
    "faces": {
        "down":  { "uv": [ 10.5, 12.5, 11, 11 ], "texture": "#texture" },
        "up":    { "uv": [ 10.5, 11, 11, 12.5 ], "texture": "#texture" },
        "north": { "uv": [ 5, 7, 5.5, 8.5 ], "texture": "#texture" },
        "south": { "uv": [ 10.5, 7, 11, 8.5 ], "texture": "#texture" },
        "west":  { "uv": [ 11, 7, 12.5, 8.5 ], "texture": "#texture" },
        "east":  { "uv": [ 3.5, 7, 5, 8.5 ], "texture": "#texture" }
    }
},
{
    "__comment": "Rebel mask",
    "from": [ 11, 0, 7.5 ],
    "to": [ 11.5, 0.5, 8.5 ],
    "faces": {
        "down":  { "uv": [ 11, 8.5, 11.5, 7.5 ], "texture": "#texture" },
        "up":    { "uv": [ 11, 7.5, 11.5, 8.5 ], "texture": "#texture" },
        "north": { "uv": [ 4.5, 15.5, 5, 16 ], "texture": "#texture" },
        "south": { "uv": [ 11, 15.5, 11.5, 16 ], "texture": "#texture" },
        "west":  { "uv": [ 7.5, 15.5, 8.5, 16 ], "texture": "#texture" },
        "east":  { "uv": [ 7.5, 15.5, 8.5, 16 ], "texture": "#texture" }
    }
},
{
    "__comment": "Rebel mask",
    "from": [ 11, 4.5, 7.5 ],
    "to": [ 12, 5.5, 10 ],
    "faces": {
        "down":  { "uv": [ 11, 10, 12, 7.5 ], "texture": "#texture" },
        "up":    { "uv": [ 11, 7.5, 12, 10 ], "texture": "#texture" },
        "north": { "uv": [ 4, 10.5, 5, 11.5 ], "texture": "#texture" },
        "south": { "uv": [ 11, 10.5, 12, 11.5 ], "texture": "#texture" },
        "west":  { "uv": [ 7.5, 10.5, 10, 11.5 ], "texture": "#texture" },
        "east":  { "uv": [ 6, 10.5, 8.5, 11.5 ], "texture": "#texture" }
    }
},
{
    "__comment": "Rebel mask",
    "from": [ 11.5, 1.5, 8.5 ],
    "to": [ 12, 2, 9.5 ],
    "faces": {
        "down":  { "uv": [ 11.5, 9.5, 12, 8.5 ], "texture": "#texture" },
        "up":    { "uv": [ 11.5, 8.5, 12, 9.5 ], "texture": "#texture" },
        "north": { "uv": [ 4, 14, 4.5, 14.5 ], "texture": "#texture" },
        "south": { "uv": [ 11.5, 14, 12, 14.5 ], "texture": "#texture" },
        "west":  { "uv": [ 8.5, 14, 9.5, 14.5 ], "texture": "#texture" },
        "east":  { "uv": [ 6.5, 14, 7.5, 14.5 ], "texture": "#texture" }
    }
},
{
    "__comment": "Rebel mask",
    "from": [ 12, 7.5, 7 ],
    "to": [ 12.5, 8, 9 ],
    "faces": {
        "down":  { "uv": [ 12, 9, 12.5, 7 ], "texture": "#texture" },
        "up":    { "uv": [ 12, 7, 12.5, 9 ], "texture": "#texture" },
        "north": { "uv": [ 3.5, 8, 4, 8.5 ], "texture": "#texture" },
        "south": { "uv": [ 12, 8, 12.5, 8.5 ], "texture": "#texture" },
        "west":  { "uv": [ 7, 8, 9, 8.5 ], "texture": "#texture" },
        "east":  { "uv": [ 7, 8, 9, 8.5 ], "texture": "#texture" }
    }
},
{
    "__comment": "Rebel mask",
    "from": [ 12, 4.5, 7.5 ],
    "to": [ 12.5, 7, 9.5 ],
    "faces": {
        "down":  { "uv": [ 12, 9.5, 12.5, 7.5 ], "texture": "#texture" },
        "up":    { "uv": [ 12, 7.5, 12.5, 9.5 ], "texture": "#texture" },
        "north": { "uv": [ 3.5, 9, 4, 11.5 ], "texture": "#texture" },
        "south": { "uv": [ 12, 9, 12.5, 11.5 ], "texture": "#texture" },
        "west":  { "uv": [ 7.5, 9, 9.5, 11.5 ], "texture": "#texture" },
        "east":  { "uv": [ 6.5, 9, 8.5, 11.5 ], "texture": "#texture" }
    }
},
{
    "__comment": "Rebel mask",
    "from": [ 12, 8, 7.5 ],
    "to": [ 12.5, 8.5, 8.5 ],
    "faces": {
        "down":  { "uv": [ 12, 8.5, 12.5, 7.5 ], "texture": "#texture" },
        "up":    { "uv": [ 12, 7.5, 12.5, 8.5 ], "texture": "#texture" },
        "north": { "uv": [ 3.5, 7.5, 4, 8 ], "texture": "#texture" },
        "south": { "uv": [ 12, 7.5, 12.5, 8 ], "texture": "#texture" },
        "west":  { "uv": [ 7.5, 7.5, 8.5, 8 ], "texture": "#texture" },
        "east":  { "uv": [ 7.5, 7.5, 8.5, 8 ], "texture": "#texture" }
    }
},
{
    "__comment": "Rebel mask",
    "from": [ 12, 2.5, 8.5 ],
    "to": [ 12.5, 4.5, 9.5 ],
    "faces": {
        "down":  { "uv": [ 12, 9.5, 12.5, 8.5 ], "texture": "#texture" },
        "up":    { "uv": [ 12, 8.5, 12.5, 9.5 ], "texture": "#texture" },
        "north": { "uv": [ 3.5, 11.5, 4, 13.5 ], "texture": "#texture" },
        "south": { "uv": [ 12, 11.5, 12.5, 13.5 ], "texture": "#texture" },
        "west":  { "uv": [ 8.5, 11.5, 9.5, 13.5 ], "texture": "#texture" },
        "east":  { "uv": [ 6.5, 11.5, 7.5, 13.5 ], "texture": "#texture" }
    }
}
],
"display": {
    "thirdperson": {
        "rotation": [ 0, 180, 0 ],
        "translation": [ 0, 2.2, -1.7 ],
        "scale": [ 0.75, 0.75, 0.75 ]
    },
    "head": {
        "rotation": [ 0, 180, 0 ],
        "translation": [ 0, 2.7, -3.9 ],
        "scale": [ 1.5, 2, 1.5 ]
    },
    "firstperson": {
        "rotation": [ -45, 3, -25 ],
        "translation": [ 2.5, 4.9, -4.3 ],
        "scale": [ 2, 2, 2 ]
    },
    "gui": {
        "rotation": [ 0, 90, 0 ],
        "translation": [ 0, 2.2, 0 ],
        "scale": [ 1.7, 1.7, 1.7 ]
    }
}
}