{
"__comment": "The Buccaneer",
"__comment": "Not to be reused. Created for the Buffalo Wizard Servers",
"textures": {
    "texture": "block/hats/hats_tricorne1"
},
"elements": [ 
{
    "__comment": "Tricorne",
    "from": [ 0, 6, 1.5 ],
    "to": [ 16, 8.5, 5 ],
    "faces": {
        "down":  { "uv": [ 16, 5, 0, 1.5 ], "texture": "#texture" },
        "up":    { "uv": [ 0, 1.5, 16, 5 ], "texture": "#texture" },
        "north": { "uv": [ 0, 7.5, 16, 10 ], "texture": "#texture" },
        "south": { "uv": [ 0, 7.5, 16, 10 ], "texture": "#texture" },
        "west":  { "uv": [ 1.5, 7.5, 5, 10 ], "texture": "#texture" },
        "east":  { "uv": [ 11, 7.5, 14.5, 10 ], "texture": "#texture" }
    }
},
{
    "__comment": "Tricorne",
    "from": [ 0, 8.5, 4.5 ],
    "to": [ 3, 9, 5 ],
    "faces": {
        "down":  { "uv": [ 16, 5, 13, 4.5 ], "texture": "#texture" },
        "up":    { "uv": [ 0, 4.5, 3, 5 ], "texture": "#texture" },
        "north": { "uv": [ 13, 7, 16, 7.5 ], "texture": "#texture" },
        "south": { "uv": [ 0, 7, 3, 7.5 ], "texture": "#texture" },
        "west":  { "uv": [ 4.5, 7, 5, 7.5 ], "texture": "#texture" },
        "east":  { "uv": [ 11, 7, 11.5, 7.5 ], "texture": "#texture" }
    }
},
{
    "__comment": "Tricorne",
    "from": [ 0.5, 6, 1 ],
    "to": [ 15.5, 8.5, 1.5 ],
    "faces": {
        "down":  { "uv": [ 15.5, 1.5, 0.5, 1 ], "texture": "#texture" },
        "up":    { "uv": [ 0.5, 1, 15.5, 1.5 ], "texture": "#texture" },
        "north": { "uv": [ 0.5, 7.5, 15.5, 10 ], "texture": "#texture" },
        "south": { "uv": [ 0.5, 7.5, 15.5, 10 ], "texture": "#texture" },
        "west":  { "uv": [ 1, 7.5, 1.5, 10 ], "texture": "#texture" },
        "east":  { "uv": [ 14.5, 7.5, 15, 10 ], "texture": "#texture" }
    }
},
{
    "__comment": "Tricorne",
    "from": [ 0.5, 8.5, 1.5 ],
    "to": [ 15.5, 9, 2 ],
    "faces": {
        "down":  { "uv": [ 15.5, 2, 0.5, 1.5 ], "texture": "#texture" },
        "up":    { "uv": [ 0.5, 1.5, 15.5, 2 ], "texture": "#texture" },
        "north": { "uv": [ 0.5, 7, 15.5, 7.5 ], "texture": "#texture" },
        "south": { "uv": [ 0.5, 7, 15.5, 7.5 ], "texture": "#texture" },
        "west":  { "uv": [ 1.5, 7, 2, 7.5 ], "texture": "#texture" },
        "east":  { "uv": [ 14, 7, 14.5, 7.5 ], "texture": "#texture" }
    }
},
{
    "__comment": "Tricorne",
    "from": [ 0.5, 8.5, 4 ],
    "to": [ 2.5, 9, 4.5 ],
    "faces": {
        "down":  { "uv": [ 15.5, 4.5, 13.5, 4 ], "texture": "#texture" },
        "up":    { "uv": [ 0.5, 4, 2.5, 4.5 ], "texture": "#texture" },
        "north": { "uv": [ 13.5, 7, 15.5, 7.5 ], "texture": "#texture" },
        "south": { "uv": [ 0.5, 7, 2.5, 7.5 ], "texture": "#texture" },
        "west":  { "uv": [ 4, 7, 4.5, 7.5 ], "texture": "#texture" },
        "east":  { "uv": [ 11.5, 7, 12, 7.5 ], "texture": "#texture" }
    }
},
{
    "__comment": "Tricorne",
    "from": [ 0.5, 9, 4.5 ],
    "to": [ 2.5, 9.5, 5.5 ],
    "faces": {
        "down":  { "uv": [ 15.5, 5.5, 13.5, 4.5 ], "texture": "#texture" },
        "up":    { "uv": [ 0.5, 4.5, 2.5, 5.5 ], "texture": "#texture" },
        "north": { "uv": [ 13.5, 6.5, 15.5, 7 ], "texture": "#texture" },
        "south": { "uv": [ 0.5, 6.5, 2.5, 7 ], "texture": "#texture" },
        "west":  { "uv": [ 4.5, 6.5, 5.5, 7 ], "texture": "#texture" },
        "east":  { "uv": [ 10.5, 6.5, 11.5, 7 ], "texture": "#texture" }
    }
},
{
    "__comment": "Tricorne",
    "from": [ 0.5, 6, 5 ],
    "to": [ 3, 9, 5.5 ],
    "faces": {
        "down":  { "uv": [ 15.5, 5.5, 13, 5 ], "texture": "#texture" },
        "up":    { "uv": [ 0.5, 5, 3, 5.5 ], "texture": "#texture" },
        "north": { "uv": [ 13, 7, 15.5, 10 ], "texture": "#texture" },
        "south": { "uv": [ 0.5, 7, 3, 10 ], "texture": "#texture" },
        "west":  { "uv": [ 5, 7, 5.5, 10 ], "texture": "#texture" },
        "east":  { "uv": [ 10.5, 7, 11, 10 ], "texture": "#texture" }
    }
},
{
    "__comment": "Tricorne",
    "from": [ 1, 8.5, 1 ],
    "to": [ 15, 9, 1.5 ],
    "faces": {
        "down":  { "uv": [ 15, 1.5, 1, 1 ], "texture": "#texture" },
        "up":    { "uv": [ 1, 1, 15, 1.5 ], "texture": "#texture" },
        "north": { "uv": [ 1, 7, 15, 7.5 ], "texture": "#texture" },
        "south": { "uv": [ 1, 7, 15, 7.5 ], "texture": "#texture" },
        "west":  { "uv": [ 1, 7, 1.5, 7.5 ], "texture": "#texture" },
        "east":  { "uv": [ 14.5, 7, 15, 7.5 ], "texture": "#texture" }
    }
},
{
    "__comment": "Tricorne",
    "from": [ 1, 9, 1.5 ],
    "to": [ 4.5, 9.5, 2.5 ],
    "faces": {
        "down":  { "uv": [ 15, 2.5, 11.5, 1.5 ], "texture": "#texture" },
        "up":    { "uv": [ 1, 1.5, 4.5, 2.5 ], "texture": "#texture" },
        "north": { "uv": [ 11.5, 6.5, 15, 7 ], "texture": "#texture" },
        "south": { "uv": [ 1, 6.5, 4.5, 7 ], "texture": "#texture" },
        "west":  { "uv": [ 1.5, 6.5, 2.5, 7 ], "texture": "#texture" },
        "east":  { "uv": [ 13.5, 6.5, 14.5, 7 ], "texture": "#texture" }
    }
},
{
    "__comment": "Tricorne",
    "from": [ 1, 8.5, 2 ],
    "to": [ 2.5, 9, 3 ],
    "faces": {
        "down":  { "uv": [ 15, 3, 13.5, 2 ], "texture": "#texture" },
        "up":    { "uv": [ 1, 2, 2.5, 3 ], "texture": "#texture" },
        "north": { "uv": [ 13.5, 7, 15, 7.5 ], "texture": "#texture" },
        "south": { "uv": [ 1, 7, 2.5, 7.5 ], "texture": "#texture" },
        "west":  { "uv": [ 2, 7, 3, 7.5 ], "texture": "#texture" },
        "east":  { "uv": [ 13, 7, 14, 7.5 ], "texture": "#texture" }
    }
},
{
    "__comment": "Tricorne",
    "from": [ 1, 9.5, 5 ],
    "to": [ 3, 10, 5.5 ],
    "faces": {
        "down":  { "uv": [ 15, 5.5, 13, 5 ], "texture": "#texture" },
        "up":    { "uv": [ 1, 5, 3, 5.5 ], "texture": "#texture" },
        "north": { "uv": [ 13, 6, 15, 6.5 ], "texture": "#texture" },
        "south": { "uv": [ 1, 6, 3, 6.5 ], "texture": "#texture" },
        "west":  { "uv": [ 5, 6, 5.5, 6.5 ], "texture": "#texture" },
        "east":  { "uv": [ 10.5, 6, 11, 6.5 ], "texture": "#texture" }
    }
},
{
    "__comment": "Tricorne",
    "from": [ 1, 6, 5.5 ],
    "to": [ 15, 8.5, 6.5 ],
    "faces": {
        "down":  { "uv": [ 15, 6.5, 1, 5.5 ], "texture": "#texture" },
        "up":    { "uv": [ 1, 5.5, 15, 6.5 ], "texture": "#texture" },
        "north": { "uv": [ 1, 7.5, 15, 10 ], "texture": "#texture" },
        "south": { "uv": [ 1, 7.5, 15, 10 ], "texture": "#texture" },
        "west":  { "uv": [ 5.5, 7.5, 6.5, 10 ], "texture": "#texture" },
        "east":  { "uv": [ 9.5, 7.5, 10.5, 10 ], "texture": "#texture" }
    }
},
{
    "__comment": "Tricorne",
    "from": [ 1, 8.5, 5.5 ],
    "to": [ 3.5, 9.5, 6 ],
    "faces": {
        "down":  { "uv": [ 15, 6, 12.5, 5.5 ], "texture": "#texture" },
        "up":    { "uv": [ 1, 5.5, 3.5, 6 ], "texture": "#texture" },
        "north": { "uv": [ 12.5, 6.5, 15, 7.5 ], "texture": "#texture" },
        "south": { "uv": [ 1, 6.5, 3.5, 7.5 ], "texture": "#texture" },
        "west":  { "uv": [ 5.5, 6.5, 6, 7.5 ], "texture": "#texture" },
        "east":  { "uv": [ 10, 6.5, 10.5, 7.5 ], "texture": "#texture" }
    }
},
{
    "__comment": "Tricorne",
    "from": [ 1.5, 6, 0.5 ],
    "to": [ 14.5, 8.5, 1 ],
    "faces": {
        "down":  { "uv": [ 14.5, 1, 1.5, 0.5 ], "texture": "#texture" },
        "up":    { "uv": [ 1.5, 0.5, 14.5, 1 ], "texture": "#texture" },
        "north": { "uv": [ 1.5, 7.5, 14.5, 10 ], "texture": "#texture" },
        "south": { "uv": [ 1.5, 7.5, 14.5, 10 ], "texture": "#texture" },
        "west":  { "uv": [ 0.5, 7.5, 1, 10 ], "texture": "#texture" },
        "east":  { "uv": [ 15, 7.5, 15.5, 10 ], "texture": "#texture" }
    }
},
{
    "__comment": "Tricorne",
    "from": [ 1.5, 9, 1 ],
    "to": [ 14.5, 9.5, 1.5 ],
    "faces": {
        "down":  { "uv": [ 14.5, 1.5, 1.5, 1 ], "texture": "#texture" },
        "up":    { "uv": [ 1.5, 1, 14.5, 1.5 ], "texture": "#texture" },
        "north": { "uv": [ 1.5, 6.5, 14.5, 7 ], "texture": "#texture" },
        "south": { "uv": [ 1.5, 6.5, 14.5, 7 ], "texture": "#texture" },
        "west":  { "uv": [ 1, 6.5, 1.5, 7 ], "texture": "#texture" },
        "east":  { "uv": [ 14.5, 6.5, 15, 7 ], "texture": "#texture" }
    }
},
{
    "__comment": "Tricorne",
    "from": [ 1.5, 9, 2.5 ],
    "to": [ 2.5, 9.5, 3 ],
    "faces": {
        "down":  { "uv": [ 14.5, 3, 13.5, 2.5 ], "texture": "#texture" },
        "up":    { "uv": [ 1.5, 2.5, 2.5, 3 ], "texture": "#texture" },
        "north": { "uv": [ 13.5, 6.5, 14.5, 7 ], "texture": "#texture" },
        "south": { "uv": [ 1.5, 6.5, 2.5, 7 ], "texture": "#texture" },
        "west":  { "uv": [ 2.5, 6.5, 3, 7 ], "texture": "#texture" },
        "east":  { "uv": [ 13, 6.5, 13.5, 7 ], "texture": "#texture" }
    }
},
{
    "__comment": "Tricorne",
    "from": [ 1.5, 9, 4 ],
    "to": [ 2, 9.5, 4.5 ],
    "faces": {
        "down":  { "uv": [ 14.5, 4.5, 14, 4 ], "texture": "#texture" },
        "up":    { "uv": [ 1.5, 4, 2, 4.5 ], "texture": "#texture" },
        "north": { "uv": [ 14, 6.5, 14.5, 7 ], "texture": "#texture" },
        "south": { "uv": [ 1.5, 6.5, 2, 7 ], "texture": "#texture" },
        "west":  { "uv": [ 4, 6.5, 4.5, 7 ], "texture": "#texture" },
        "east":  { "uv": [ 11.5, 6.5, 12, 7 ], "texture": "#texture" }
    }
},
{
    "__comment": "Tricorne",
    "from": [ 1.5, 9.5, 5.5 ],
    "to": [ 3.5, 10, 6 ],
    "faces": {
        "down":  { "uv": [ 14.5, 6, 12.5, 5.5 ], "texture": "#texture" },
        "up":    { "uv": [ 1.5, 5.5, 3.5, 6 ], "texture": "#texture" },
        "north": { "uv": [ 12.5, 6, 14.5, 6.5 ], "texture": "#texture" },
        "south": { "uv": [ 1.5, 6, 3.5, 6.5 ], "texture": "#texture" },
        "west":  { "uv": [ 5.5, 6, 6, 6.5 ], "texture": "#texture" },
        "east":  { "uv": [ 10, 6, 10.5, 6.5 ], "texture": "#texture" }
    }
},
{
    "__comment": "Tricorne",
    "from": [ 1.5, 8.5, 6 ],
    "to": [ 4, 9, 7 ],
    "faces": {
        "down":  { "uv": [ 14.5, 7, 12, 6 ], "texture": "#texture" },
        "up":    { "uv": [ 1.5, 6, 4, 7 ], "texture": "#texture" },
        "north": { "uv": [ 12, 7, 14.5, 7.5 ], "texture": "#texture" },
        "south": { "uv": [ 1.5, 7, 4, 7.5 ], "texture": "#texture" },
        "west":  { "uv": [ 6, 7, 7, 7.5 ], "texture": "#texture" },
        "east":  { "uv": [ 9, 7, 10, 7.5 ], "texture": "#texture" }
    }
},
{
    "__comment": "Tricorne",
    "from": [ 1.5, 9, 6 ],
    "to": [ 4, 9.5, 6.5 ],
    "faces": {
        "down":  { "uv": [ 14.5, 6.5, 12, 6 ], "texture": "#texture" },
        "up":    { "uv": [ 1.5, 6, 4, 6.5 ], "texture": "#texture" },
        "north": { "uv": [ 12, 6.5, 14.5, 7 ], "texture": "#texture" },
        "south": { "uv": [ 1.5, 6.5, 4, 7 ], "texture": "#texture" },
        "west":  { "uv": [ 6, 6.5, 6.5, 7 ], "texture": "#texture" },
        "east":  { "uv": [ 9.5, 6.5, 10, 7 ], "texture": "#texture" }
    }
},
{
    "__comment": "Tricorne",
    "from": [ 1.5, 6, 6.5 ],
    "to": [ 14.5, 8.5, 7 ],
    "faces": {
        "down":  { "uv": [ 14.5, 7, 1.5, 6.5 ], "texture": "#texture" },
        "up":    { "uv": [ 1.5, 6.5, 14.5, 7 ], "texture": "#texture" },
        "north": { "uv": [ 1.5, 7.5, 14.5, 10 ], "texture": "#texture" },
        "south": { "uv": [ 1.5, 7.5, 14.5, 10 ], "texture": "#texture" },
        "west":  { "uv": [ 6.5, 7.5, 7, 10 ], "texture": "#texture" },
        "east":  { "uv": [ 9, 7.5, 9.5, 10 ], "texture": "#texture" }
    }
},
{
    "__comment": "Tricorne",
    "from": [ 2, 8.5, 0.5 ],
    "to": [ 14, 9, 1 ],
    "faces": {
        "down":  { "uv": [ 14, 1, 2, 0.5 ], "texture": "#texture" },
        "up":    { "uv": [ 2, 0.5, 14, 1 ], "texture": "#texture" },
        "north": { "uv": [ 2, 7, 14, 7.5 ], "texture": "#texture" },
        "south": { "uv": [ 2, 7, 14, 7.5 ], "texture": "#texture" },
        "west":  { "uv": [ 0.5, 7, 1, 7.5 ], "texture": "#texture" },
        "east":  { "uv": [ 15, 7, 15.5, 7.5 ], "texture": "#texture" }
    }
},
{
    "__comment": "Tricorne",
    "from": [ 2, 9.5, 4.5 ],
    "to": [ 2.5, 10, 5 ],
    "faces": {
        "down":  { "uv": [ 14, 5, 13.5, 4.5 ], "texture": "#texture" },
        "up":    { "uv": [ 2, 4.5, 2.5, 5 ], "texture": "#texture" },
        "north": { "uv": [ 13.5, 6, 14, 6.5 ], "texture": "#texture" },
        "south": { "uv": [ 2, 6, 2.5, 6.5 ], "texture": "#texture" },
        "west":  { "uv": [ 4.5, 6, 5, 6.5 ], "texture": "#texture" },
        "east":  { "uv": [ 11, 6, 11.5, 6.5 ], "texture": "#texture" }
    }
},
{
    "__comment": "Tricorne",
    "from": [ 2, 9.5, 6 ],
    "to": [ 4, 10, 7 ],
    "faces": {
        "down":  { "uv": [ 14, 7, 12, 6 ], "texture": "#texture" },
        "up":    { "uv": [ 2, 6, 4, 7 ], "texture": "#texture" },
        "north": { "uv": [ 12, 6, 14, 6.5 ], "texture": "#texture" },
        "south": { "uv": [ 2, 6, 4, 6.5 ], "texture": "#texture" },
        "west":  { "uv": [ 6, 6, 7, 6.5 ], "texture": "#texture" },
        "east":  { "uv": [ 9, 6, 10, 6.5 ], "texture": "#texture" }
    }
},
{
    "__comment": "Tricorne",
    "from": [ 2, 9, 6.5 ],
    "to": [ 4.5, 9.5, 7 ],
    "faces": {
        "down":  { "uv": [ 14, 7, 11.5, 6.5 ], "texture": "#texture" },
        "up":    { "uv": [ 2, 6.5, 4.5, 7 ], "texture": "#texture" },
        "north": { "uv": [ 11.5, 6.5, 14, 7 ], "texture": "#texture" },
        "south": { "uv": [ 2, 6.5, 4.5, 7 ], "texture": "#texture" },
        "west":  { "uv": [ 6.5, 6.5, 7, 7 ], "texture": "#texture" },
        "east":  { "uv": [ 9, 6.5, 9.5, 7 ], "texture": "#texture" }
    }
},
{
    "__comment": "Tricorne",
    "from": [ 2, 6, 7 ],
    "to": [ 14, 9, 7.5 ],
    "faces": {
        "down":  { "uv": [ 14, 7.5, 2, 7 ], "texture": "#texture" },
        "up":    { "uv": [ 2, 7, 14, 7.5 ], "texture": "#texture" },
        "north": { "uv": [ 2, 7, 14, 10 ], "texture": "#texture" },
        "south": { "uv": [ 2, 7, 14, 10 ], "texture": "#texture" },
        "west":  { "uv": [ 7, 7, 7.5, 10 ], "texture": "#texture" },
        "east":  { "uv": [ 8.5, 7, 9, 10 ], "texture": "#texture" }
    }
},
{
    "__comment": "Tricorne",
    "from": [ 2.5, 9.5, 1 ],
    "to": [ 13.5, 10, 2 ],
    "faces": {
        "down":  { "uv": [ 13.5, 2, 2.5, 1 ], "texture": "#texture" },
        "up":    { "uv": [ 2.5, 1, 13.5, 2 ], "texture": "#texture" },
        "north": { "uv": [ 2.5, 6, 13.5, 6.5 ], "texture": "#texture" },
        "south": { "uv": [ 2.5, 6, 13.5, 6.5 ], "texture": "#texture" },
        "west":  { "uv": [ 1, 6, 2, 6.5 ], "texture": "#texture" },
        "east":  { "uv": [ 14, 6, 15, 6.5 ], "texture": "#texture" }
    }
},
{
    "__comment": "Tricorne",
    "from": [ 2.5, 8.5, 2 ],
    "to": [ 4.5, 9, 2.5 ],
    "faces": {
        "down":  { "uv": [ 13.5, 2.5, 11.5, 2 ], "texture": "#texture" },
        "up":    { "uv": [ 2.5, 2, 4.5, 2.5 ], "texture": "#texture" },
        "north": { "uv": [ 11.5, 7, 13.5, 7.5 ], "texture": "#texture" },
        "south": { "uv": [ 2.5, 7, 4.5, 7.5 ], "texture": "#texture" },
        "west":  { "uv": [ 2, 7, 2.5, 7.5 ], "texture": "#texture" },
        "east":  { "uv": [ 13.5, 7, 14, 7.5 ], "texture": "#texture" }
    }
},
{
    "__comment": "Tricorne",
    "from": [ 2.5, 9, 5 ],
    "to": [ 3, 9.5, 5.5 ],
    "faces": {
        "down":  { "uv": [ 13.5, 5.5, 13, 5 ], "texture": "#texture" },
        "up":    { "uv": [ 2.5, 5, 3, 5.5 ], "texture": "#texture" },
        "north": { "uv": [ 13, 6.5, 13.5, 7 ], "texture": "#texture" },
        "south": { "uv": [ 2.5, 6.5, 3, 7 ], "texture": "#texture" },
        "west":  { "uv": [ 5, 6.5, 5.5, 7 ], "texture": "#texture" },
        "east":  { "uv": [ 10.5, 6.5, 11, 7 ], "texture": "#texture" }
    }
},
{
    "__comment": "Tricorne",
    "from": [ 2.5, 10, 6.5 ],
    "to": [ 4.5, 10.5, 7 ],
    "faces": {
        "down":  { "uv": [ 13.5, 7, 11.5, 6.5 ], "texture": "#texture" },
        "up":    { "uv": [ 2.5, 6.5, 4.5, 7 ], "texture": "#texture" },
        "north": { "uv": [ 11.5, 5.5, 13.5, 6 ], "texture": "#texture" },
        "south": { "uv": [ 2.5, 5.5, 4.5, 6 ], "texture": "#texture" },
        "west":  { "uv": [ 6.5, 5.5, 7, 6 ], "texture": "#texture" },
        "east":  { "uv": [ 9, 5.5, 9.5, 6 ], "texture": "#texture" }
    }
},
{
    "__comment": "Tricorne",
    "from": [ 2.5, 9, 7 ],
    "to": [ 5, 9.5, 8 ],
    "faces": {
        "down":  { "uv": [ 13.5, 8, 11, 7 ], "texture": "#texture" },
        "up":    { "uv": [ 2.5, 7, 5, 8 ], "texture": "#texture" },
        "north": { "uv": [ 11, 6.5, 13.5, 7 ], "texture": "#texture" },
        "south": { "uv": [ 2.5, 6.5, 5, 7 ], "texture": "#texture" },
        "west":  { "uv": [ 7, 6.5, 8, 7 ], "texture": "#texture" },
        "east":  { "uv": [ 8, 6.5, 9, 7 ], "texture": "#texture" }
    }
},
{
    "__comment": "Tricorne",
    "from": [ 2.5, 9.5, 7 ],
    "to": [ 5, 10, 7.5 ],
    "faces": {
        "down":  { "uv": [ 13.5, 7.5, 11, 7 ], "texture": "#texture" },
        "up":    { "uv": [ 2.5, 7, 5, 7.5 ], "texture": "#texture" },
        "north": { "uv": [ 11, 6, 13.5, 6.5 ], "texture": "#texture" },
        "south": { "uv": [ 2.5, 6, 5, 6.5 ], "texture": "#texture" },
        "west":  { "uv": [ 7, 6, 7.5, 6.5 ], "texture": "#texture" },
        "east":  { "uv": [ 8.5, 6, 9, 6.5 ], "texture": "#texture" }
    }
},
{
    "__comment": "Tricorne",
    "from": [ 2.5, 6, 7.5 ],
    "to": [ 5, 9, 8.5 ],
    "faces": {
        "down":  { "uv": [ 13.5, 8.5, 11, 7.5 ], "texture": "#texture" },
        "up":    { "uv": [ 2.5, 7.5, 5, 8.5 ], "texture": "#texture" },
        "north": { "uv": [ 11, 7, 13.5, 10 ], "texture": "#texture" },
        "south": { "uv": [ 2.5, 7, 5, 10 ], "texture": "#texture" },
        "west":  { "uv": [ 7.5, 7, 8.5, 10 ], "texture": "#texture" },
        "east":  { "uv": [ 7.5, 7, 8.5, 10 ], "texture": "#texture" }
    }
},
{
    "__comment": "Tricorne",
    "from": [ 3, 9, 0.5 ],
    "to": [ 13, 9.5, 1 ],
    "faces": {
        "down":  { "uv": [ 13, 1, 3, 0.5 ], "texture": "#texture" },
        "up":    { "uv": [ 3, 0.5, 13, 1 ], "texture": "#texture" },
        "north": { "uv": [ 3, 6.5, 13, 7 ], "texture": "#texture" },
        "south": { "uv": [ 3, 6.5, 13, 7 ], "texture": "#texture" },
        "west":  { "uv": [ 0.5, 6.5, 1, 7 ], "texture": "#texture" },
        "east":  { "uv": [ 15, 6.5, 15.5, 7 ], "texture": "#texture" }
    }
},
{
    "__comment": "Tricorne",
    "from": [ 3, 9.5, 2 ],
    "to": [ 4.5, 10, 2.5 ],
    "faces": {
        "down":  { "uv": [ 13, 2.5, 11.5, 2 ], "texture": "#texture" },
        "up":    { "uv": [ 3, 2, 4.5, 2.5 ], "texture": "#texture" },
        "north": { "uv": [ 11.5, 6, 13, 6.5 ], "texture": "#texture" },
        "south": { "uv": [ 3, 6, 4.5, 6.5 ], "texture": "#texture" },
        "west":  { "uv": [ 2, 6, 2.5, 6.5 ], "texture": "#texture" },
        "east":  { "uv": [ 13.5, 6, 14, 6.5 ], "texture": "#texture" }
    }
},
{
    "__comment": "Tricorne",
    "from": [ 3, 8.5, 4 ],
    "to": [ 13, 9, 4.5 ],
    "faces": {
        "down":  { "uv": [ 13, 4.5, 3, 4 ], "texture": "#texture" },
        "up":    { "uv": [ 3, 4, 13, 4.5 ], "texture": "#texture" },
        "north": { "uv": [ 3, 7, 13, 7.5 ], "texture": "#texture" },
        "south": { "uv": [ 3, 7, 13, 7.5 ], "texture": "#texture" },
        "west":  { "uv": [ 4, 7, 4.5, 7.5 ], "texture": "#texture" },
        "east":  { "uv": [ 11.5, 7, 12, 7.5 ], "texture": "#texture" }
    }
},
{
    "__comment": "Tricorne",
    "from": [ 3, 6, 5 ],
    "to": [ 15.5, 8.5, 5.5 ],
    "faces": {
        "down":  { "uv": [ 13, 5.5, 0.5, 5 ], "texture": "#texture" },
        "up":    { "uv": [ 3, 5, 15.5, 5.5 ], "texture": "#texture" },
        "north": { "uv": [ 0.5, 7.5, 13, 10 ], "texture": "#texture" },
        "south": { "uv": [ 3, 7.5, 15.5, 10 ], "texture": "#texture" },
        "west":  { "uv": [ 5, 7.5, 5.5, 10 ], "texture": "#texture" },
        "east":  { "uv": [ 10.5, 7.5, 11, 10 ], "texture": "#texture" }
    }
},
{
    "__comment": "Tricorne",
    "from": [ 3, 10, 6 ],
    "to": [ 4, 10.5, 6.5 ],
    "faces": {
        "down":  { "uv": [ 13, 6.5, 12, 6 ], "texture": "#texture" },
        "up":    { "uv": [ 3, 6, 4, 6.5 ], "texture": "#texture" },
        "north": { "uv": [ 12, 5.5, 13, 6 ], "texture": "#texture" },
        "south": { "uv": [ 3, 5.5, 4, 6 ], "texture": "#texture" },
        "west":  { "uv": [ 6, 5.5, 6.5, 6 ], "texture": "#texture" },
        "east":  { "uv": [ 9.5, 5.5, 10, 6 ], "texture": "#texture" }
    }
},
{
    "__comment": "Tricorne",
    "from": [ 3, 10, 7 ],
    "to": [ 5, 10.5, 8 ],
    "faces": {
        "down":  { "uv": [ 13, 8, 11, 7 ], "texture": "#texture" },
        "up":    { "uv": [ 3, 7, 5, 8 ], "texture": "#texture" },
        "north": { "uv": [ 11, 5.5, 13, 6 ], "texture": "#texture" },
        "south": { "uv": [ 3, 5.5, 5, 6 ], "texture": "#texture" },
        "west":  { "uv": [ 7, 5.5, 8, 6 ], "texture": "#texture" },
        "east":  { "uv": [ 8, 5.5, 9, 6 ], "texture": "#texture" }
    }
},
{
    "__comment": "Tricorne",
    "from": [ 3, 9.5, 7.5 ],
    "to": [ 5, 10, 8.5 ],
    "faces": {
        "down":  { "uv": [ 13, 8.5, 11, 7.5 ], "texture": "#texture" },
        "up":    { "uv": [ 3, 7.5, 5, 8.5 ], "texture": "#texture" },
        "north": { "uv": [ 11, 6, 13, 6.5 ], "texture": "#texture" },
        "south": { "uv": [ 3, 6, 5, 6.5 ], "texture": "#texture" },
        "west":  { "uv": [ 7.5, 6, 8.5, 6.5 ], "texture": "#texture" },
        "east":  { "uv": [ 7.5, 6, 8.5, 6.5 ], "texture": "#texture" }
    }
},
{
    "__comment": "Tricorne",
    "from": [ 3, 9, 8 ],
    "to": [ 5, 9.5, 9.5 ],
    "faces": {
        "down":  { "uv": [ 13, 9.5, 11, 8 ], "texture": "#texture" },
        "up":    { "uv": [ 3, 8, 5, 9.5 ], "texture": "#texture" },
        "north": { "uv": [ 11, 6.5, 13, 7 ], "texture": "#texture" },
        "south": { "uv": [ 3, 6.5, 5, 7 ], "texture": "#texture" },
        "west":  { "uv": [ 8, 6.5, 9.5, 7 ], "texture": "#texture" },
        "east":  { "uv": [ 6.5, 6.5, 8, 7 ], "texture": "#texture" }
    }
},
{
    "__comment": "Tricorne",
    "from": [ 3, 6, 8.5 ],
    "to": [ 5, 9, 10 ],
    "faces": {
        "down":  { "uv": [ 13, 10, 11, 8.5 ], "texture": "#texture" },
        "up":    { "uv": [ 3, 8.5, 5, 10 ], "texture": "#texture" },
        "north": { "uv": [ 11, 7, 13, 10 ], "texture": "#texture" },
        "south": { "uv": [ 3, 7, 5, 10 ], "texture": "#texture" },
        "west":  { "uv": [ 8.5, 7, 10, 10 ], "texture": "#texture" },
        "east":  { "uv": [ 6, 7, 7.5, 10 ], "texture": "#texture" }
    }
},
{
    "__comment": "Tricorne",
    "from": [ 3.5, 6, 0 ],
    "to": [ 12.5, 8.5, 0.5 ],
    "faces": {
        "down":  { "uv": [ 12.5, 0.5, 3.5, 0 ], "texture": "#texture" },
        "up":    { "uv": [ 3.5, 0, 12.5, 0.5 ], "texture": "#texture" },
        "north": { "uv": [ 3.5, 7.5, 12.5, 10 ], "texture": "#texture" },
        "south": { "uv": [ 3.5, 7.5, 12.5, 10 ], "texture": "#texture" },
        "west":  { "uv": [ 0, 7.5, 0.5, 10 ], "texture": "#texture" },
        "east":  { "uv": [ 15.5, 7.5, 16, 10 ], "texture": "#texture" }
    }
},
{
    "__comment": "Tricorne",
    "from": [ 3.5, 9.5, 0.5 ],
    "to": [ 12.5, 10, 1 ],
    "faces": {
        "down":  { "uv": [ 12.5, 1, 3.5, 0.5 ], "texture": "#texture" },
        "up":    { "uv": [ 3.5, 0.5, 12.5, 1 ], "texture": "#texture" },
        "north": { "uv": [ 3.5, 6, 12.5, 6.5 ], "texture": "#texture" },
        "south": { "uv": [ 3.5, 6, 12.5, 6.5 ], "texture": "#texture" },
        "west":  { "uv": [ 0.5, 6, 1, 6.5 ], "texture": "#texture" },
        "east":  { "uv": [ 15, 6, 15.5, 6.5 ], "texture": "#texture" }
    }
},
{
    "__comment": "Tricorne",
    "from": [ 3.5, 10, 1 ],
    "to": [ 12.5, 10.5, 1.5 ],
    "faces": {
        "down":  { "uv": [ 12.5, 1.5, 3.5, 1 ], "texture": "#texture" },
        "up":    { "uv": [ 3.5, 1, 12.5, 1.5 ], "texture": "#texture" },
        "north": { "uv": [ 3.5, 5.5, 12.5, 6 ], "texture": "#texture" },
        "south": { "uv": [ 3.5, 5.5, 12.5, 6 ], "texture": "#texture" },
        "west":  { "uv": [ 1, 5.5, 1.5, 6 ], "texture": "#texture" },
        "east":  { "uv": [ 14.5, 5.5, 15, 6 ], "texture": "#texture" }
    }
},
{
    "__comment": "Tricorne",
    "from": [ 3.5, 8.5, 3 ],
    "to": [ 12.5, 9, 4 ],
    "faces": {
        "down":  { "uv": [ 12.5, 4, 3.5, 3 ], "texture": "#texture" },
        "up":    { "uv": [ 3.5, 3, 12.5, 4 ], "texture": "#texture" },
        "north": { "uv": [ 3.5, 7, 12.5, 7.5 ], "texture": "#texture" },
        "south": { "uv": [ 3.5, 7, 12.5, 7.5 ], "texture": "#texture" },
        "west":  { "uv": [ 3, 7, 4, 7.5 ], "texture": "#texture" },
        "east":  { "uv": [ 12, 7, 13, 7.5 ], "texture": "#texture" }
    }
},
{
    "__comment": "Tricorne",
    "from": [ 3.5, 8.5, 4.5 ],
    "to": [ 12.5, 9, 5 ],
    "faces": {
        "down":  { "uv": [ 12.5, 5, 3.5, 4.5 ], "texture": "#texture" },
        "up":    { "uv": [ 3.5, 4.5, 12.5, 5 ], "texture": "#texture" },
        "north": { "uv": [ 3.5, 7, 12.5, 7.5 ], "texture": "#texture" },
        "south": { "uv": [ 3.5, 7, 12.5, 7.5 ], "texture": "#texture" },
        "west":  { "uv": [ 4.5, 7, 5, 7.5 ], "texture": "#texture" },
        "east":  { "uv": [ 11, 7, 11.5, 7.5 ], "texture": "#texture" }
    }
},
{
    "__comment": "Tricorne",
    "from": [ 3.5, 10, 8 ],
    "to": [ 5, 10.5, 9.5 ],
    "faces": {
        "down":  { "uv": [ 12.5, 9.5, 11, 8 ], "texture": "#texture" },
        "up":    { "uv": [ 3.5, 8, 5, 9.5 ], "texture": "#texture" },
        "north": { "uv": [ 11, 5.5, 12.5, 6 ], "texture": "#texture" },
        "south": { "uv": [ 3.5, 5.5, 5, 6 ], "texture": "#texture" },
        "west":  { "uv": [ 8, 5.5, 9.5, 6 ], "texture": "#texture" },
        "east":  { "uv": [ 6.5, 5.5, 8, 6 ], "texture": "#texture" }
    }
},
{
    "__comment": "Tricorne",
    "from": [ 3.5, 9.5, 8.5 ],
    "to": [ 5, 10, 10 ],
    "faces": {
        "down":  { "uv": [ 12.5, 10, 11, 8.5 ], "texture": "#texture" },
        "up":    { "uv": [ 3.5, 8.5, 5, 10 ], "texture": "#texture" },
        "north": { "uv": [ 11, 6, 12.5, 6.5 ], "texture": "#texture" },
        "south": { "uv": [ 3.5, 6, 5, 6.5 ], "texture": "#texture" },
        "west":  { "uv": [ 8.5, 6, 10, 6.5 ], "texture": "#texture" },
        "east":  { "uv": [ 6, 6, 7.5, 6.5 ], "texture": "#texture" }
    }
},
{
    "__comment": "Tricorne",
    "from": [ 3.5, 9, 9.5 ],
    "to": [ 5.5, 9.5, 11 ],
    "faces": {
        "down":  { "uv": [ 12.5, 11, 10.5, 9.5 ], "texture": "#texture" },
        "up":    { "uv": [ 3.5, 9.5, 5.5, 11 ], "texture": "#texture" },
        "north": { "uv": [ 10.5, 6.5, 12.5, 7 ], "texture": "#texture" },
        "south": { "uv": [ 3.5, 6.5, 5.5, 7 ], "texture": "#texture" },
        "west":  { "uv": [ 9.5, 6.5, 11, 7 ], "texture": "#texture" },
        "east":  { "uv": [ 5, 6.5, 6.5, 7 ], "texture": "#texture" }
    }
},
{
    "__comment": "Tricorne",
    "from": [ 3.5, 6, 10 ],
    "to": [ 5.5, 9, 11.5 ],
    "faces": {
        "down":  { "uv": [ 12.5, 11.5, 10.5, 10 ], "texture": "#texture" },
        "up":    { "uv": [ 3.5, 10, 5.5, 11.5 ], "texture": "#texture" },
        "north": { "uv": [ 10.5, 7, 12.5, 10 ], "texture": "#texture" },
        "south": { "uv": [ 3.5, 7, 5.5, 10 ], "texture": "#texture" },
        "west":  { "uv": [ 10, 7, 11.5, 10 ], "texture": "#texture" },
        "east":  { "uv": [ 4.5, 7, 6, 10 ], "texture": "#texture" }
    }
},
{
    "__comment": "Tricorne",
    "from": [ 4, 8.5, 0 ],
    "to": [ 12, 9, 0.5 ],
    "faces": {
        "down":  { "uv": [ 12, 0.5, 4, 0 ], "texture": "#texture" },
        "up":    { "uv": [ 4, 0, 12, 0.5 ], "texture": "#texture" },
        "north": { "uv": [ 4, 7, 12, 7.5 ], "texture": "#texture" },
        "south": { "uv": [ 4, 7, 12, 7.5 ], "texture": "#texture" },
        "west":  { "uv": [ 0, 7, 0.5, 7.5 ], "texture": "#texture" },
        "east":  { "uv": [ 15.5, 7, 16, 7.5 ], "texture": "#texture" }
    }
},
{
    "__comment": "Tricorne",
    "from": [ 4, 10, 0.5 ],
    "to": [ 12, 10.5, 1 ],
    "faces": {
        "down":  { "uv": [ 12, 1, 4, 0.5 ], "texture": "#texture" },
        "up":    { "uv": [ 4, 0.5, 12, 1 ], "texture": "#texture" },
        "north": { "uv": [ 4, 5.5, 12, 6 ], "texture": "#texture" },
        "south": { "uv": [ 4, 5.5, 12, 6 ], "texture": "#texture" },
        "west":  { "uv": [ 0.5, 5.5, 1, 6 ], "texture": "#texture" },
        "east":  { "uv": [ 15, 5.5, 15.5, 6 ], "texture": "#texture" }
    }
},
{
    "__comment": "Tricorne",
    "from": [ 4, 10, 1.5 ],
    "to": [ 12, 10.5, 2 ],
    "faces": {
        "down":  { "uv": [ 12, 2, 4, 1.5 ], "texture": "#texture" },
        "up":    { "uv": [ 4, 1.5, 12, 2 ], "texture": "#texture" },
        "north": { "uv": [ 4, 5.5, 12, 6 ], "texture": "#texture" },
        "south": { "uv": [ 4, 5.5, 12, 6 ], "texture": "#texture" },
        "west":  { "uv": [ 1.5, 5.5, 2, 6 ], "texture": "#texture" },
        "east":  { "uv": [ 14, 5.5, 14.5, 6 ], "texture": "#texture" }
    }
},
{
    "__comment": "Tricorne",
    "from": [ 4, 9, 3.5 ],
    "to": [ 12, 9.5, 4.5 ],
    "faces": {
        "down":  { "uv": [ 12, 4.5, 4, 3.5 ], "texture": "#texture" },
        "up":    { "uv": [ 4, 3.5, 12, 4.5 ], "texture": "#texture" },
        "north": { "uv": [ 4, 6.5, 12, 7 ], "texture": "#texture" },
        "south": { "uv": [ 4, 6.5, 12, 7 ], "texture": "#texture" },
        "west":  { "uv": [ 3.5, 6.5, 4.5, 7 ], "texture": "#texture" },
        "east":  { "uv": [ 11.5, 6.5, 12.5, 7 ], "texture": "#texture" }
    }
},
{
    "__comment": "Tricorne",
    "from": [ 4, 8.5, 5 ],
    "to": [ 12, 9, 6 ],
    "faces": {
        "down":  { "uv": [ 12, 6, 4, 5 ], "texture": "#texture" },
        "up":    { "uv": [ 4, 5, 12, 6 ], "texture": "#texture" },
        "north": { "uv": [ 4, 7, 12, 7.5 ], "texture": "#texture" },
        "south": { "uv": [ 4, 7, 12, 7.5 ], "texture": "#texture" },
        "west":  { "uv": [ 5, 7, 6, 7.5 ], "texture": "#texture" },
        "east":  { "uv": [ 10, 7, 11, 7.5 ], "texture": "#texture" }
    }
},
{
    "__comment": "Tricorne",
    "from": [ 4, 8.5, 6.5 ],
    "to": [ 4.5, 9, 7 ],
    "faces": {
        "down":  { "uv": [ 12, 7, 11.5, 6.5 ], "texture": "#texture" },
        "up":    { "uv": [ 4, 6.5, 4.5, 7 ], "texture": "#texture" },
        "north": { "uv": [ 11.5, 7, 12, 7.5 ], "texture": "#texture" },
        "south": { "uv": [ 4, 7, 4.5, 7.5 ], "texture": "#texture" },
        "west":  { "uv": [ 6.5, 7, 7, 7.5 ], "texture": "#texture" },
        "east":  { "uv": [ 9, 7, 9.5, 7.5 ], "texture": "#texture" }
    }
},
{
    "__comment": "Tricorne",
    "from": [ 4, 9.5, 6.5 ],
    "to": [ 4.5, 10, 7 ],
    "faces": {
        "down":  { "uv": [ 12, 7, 11.5, 6.5 ], "texture": "#texture" },
        "up":    { "uv": [ 4, 6.5, 4.5, 7 ], "texture": "#texture" },
        "north": { "uv": [ 11.5, 6, 12, 6.5 ], "texture": "#texture" },
        "south": { "uv": [ 4, 6, 4.5, 6.5 ], "texture": "#texture" },
        "west":  { "uv": [ 6.5, 6, 7, 6.5 ], "texture": "#texture" },
        "east":  { "uv": [ 9, 6, 9.5, 6.5 ], "texture": "#texture" }
    }
},
{
    "__comment": "Tricorne",
    "from": [ 4, 10, 9.5 ],
    "to": [ 5.5, 10.5, 11 ],
    "faces": {
        "down":  { "uv": [ 12, 11, 10.5, 9.5 ], "texture": "#texture" },
        "up":    { "uv": [ 4, 9.5, 5.5, 11 ], "texture": "#texture" },
        "north": { "uv": [ 10.5, 5.5, 12, 6 ], "texture": "#texture" },
        "south": { "uv": [ 4, 5.5, 5.5, 6 ], "texture": "#texture" },
        "west":  { "uv": [ 9.5, 5.5, 11, 6 ], "texture": "#texture" },
        "east":  { "uv": [ 5, 5.5, 6.5, 6 ], "texture": "#texture" }
    }
},
{
    "__comment": "Tricorne",
    "from": [ 4, 9.5, 10 ],
    "to": [ 5.5, 10, 11.5 ],
    "faces": {
        "down":  { "uv": [ 12, 11.5, 10.5, 10 ], "texture": "#texture" },
        "up":    { "uv": [ 4, 10, 5.5, 11.5 ], "texture": "#texture" },
        "north": { "uv": [ 10.5, 6, 12, 6.5 ], "texture": "#texture" },
        "south": { "uv": [ 4, 6, 5.5, 6.5 ], "texture": "#texture" },
        "west":  { "uv": [ 10, 6, 11.5, 6.5 ], "texture": "#texture" },
        "east":  { "uv": [ 4.5, 6, 6, 6.5 ], "texture": "#texture" }
    }
},
{
    "__comment": "Tricorne",
    "from": [ 4, 9, 11 ],
    "to": [ 5.5, 9.5, 12.5 ],
    "faces": {
        "down":  { "uv": [ 12, 12.5, 10.5, 11 ], "texture": "#texture" },
        "up":    { "uv": [ 4, 11, 5.5, 12.5 ], "texture": "#texture" },
        "north": { "uv": [ 10.5, 6.5, 12, 7 ], "texture": "#texture" },
        "south": { "uv": [ 4, 6.5, 5.5, 7 ], "texture": "#texture" },
        "west":  { "uv": [ 11, 6.5, 12.5, 7 ], "texture": "#texture" },
        "east":  { "uv": [ 3.5, 6.5, 5, 7 ], "texture": "#texture" }
    }
},
{
    "__comment": "Tricorne",
    "from": [ 4, 6, 11.5 ],
    "to": [ 6, 9, 13 ],
    "faces": {
        "down":  { "uv": [ 12, 13, 10, 11.5 ], "texture": "#texture" },
        "up":    { "uv": [ 4, 11.5, 6, 13 ], "texture": "#texture" },
        "north": { "uv": [ 10, 7, 12, 10 ], "texture": "#texture" },
        "south": { "uv": [ 4, 7, 6, 10 ], "texture": "#texture" },
        "west":  { "uv": [ 11.5, 7, 13, 10 ], "texture": "#texture" },
        "east":  { "uv": [ 3, 7, 4.5, 10 ], "texture": "#texture" }
    }
},
{
    "__comment": "Tricorne",
    "from": [ 4.5, 9, 0 ],
    "to": [ 11.5, 9.5, 0.5 ],
    "faces": {
        "down":  { "uv": [ 11.5, 0.5, 4.5, 0 ], "texture": "#texture" },
        "up":    { "uv": [ 4.5, 0, 11.5, 0.5 ], "texture": "#texture" },
        "north": { "uv": [ 4.5, 6.5, 11.5, 7 ], "texture": "#texture" },
        "south": { "uv": [ 4.5, 6.5, 11.5, 7 ], "texture": "#texture" },
        "west":  { "uv": [ 0, 6.5, 0.5, 7 ], "texture": "#texture" },
        "east":  { "uv": [ 15.5, 6.5, 16, 7 ], "texture": "#texture" }
    }
},
{
    "__comment": "Tricorne",
    "from": [ 4.5, 9, 1.5 ],
    "to": [ 15, 9.5, 2 ],
    "faces": {
        "down":  { "uv": [ 11.5, 2, 1, 1.5 ], "texture": "#texture" },
        "up":    { "uv": [ 4.5, 1.5, 15, 2 ], "texture": "#texture" },
        "north": { "uv": [ 1, 6.5, 11.5, 7 ], "texture": "#texture" },
        "south": { "uv": [ 4.5, 6.5, 15, 7 ], "texture": "#texture" },
        "west":  { "uv": [ 1.5, 6.5, 2, 7 ], "texture": "#texture" },
        "east":  { "uv": [ 14, 6.5, 14.5, 7 ], "texture": "#texture" }
    }
},
{
    "__comment": "Tricorne",
    "from": [ 4.5, 9, 4.5 ],
    "to": [ 11.5, 9.5, 5.5 ],
    "faces": {
        "down":  { "uv": [ 11.5, 5.5, 4.5, 4.5 ], "texture": "#texture" },
        "up":    { "uv": [ 4.5, 4.5, 11.5, 5.5 ], "texture": "#texture" },
        "north": { "uv": [ 4.5, 6.5, 11.5, 7 ], "texture": "#texture" },
        "south": { "uv": [ 4.5, 6.5, 11.5, 7 ], "texture": "#texture" },
        "west":  { "uv": [ 4.5, 6.5, 5.5, 7 ], "texture": "#texture" },
        "east":  { "uv": [ 10.5, 6.5, 11.5, 7 ], "texture": "#texture" }
    }
},
{
    "__comment": "Tricorne",
    "from": [ 4.5, 8.5, 6 ],
    "to": [ 11.5, 9, 6.5 ],
    "faces": {
        "down":  { "uv": [ 11.5, 6.5, 4.5, 6 ], "texture": "#texture" },
        "up":    { "uv": [ 4.5, 6, 11.5, 6.5 ], "texture": "#texture" },
        "north": { "uv": [ 4.5, 7, 11.5, 7.5 ], "texture": "#texture" },
        "south": { "uv": [ 4.5, 7, 11.5, 7.5 ], "texture": "#texture" },
        "west":  { "uv": [ 6, 7, 6.5, 7.5 ], "texture": "#texture" },
        "east":  { "uv": [ 9.5, 7, 10, 7.5 ], "texture": "#texture" }
    }
},
{
    "__comment": "Tricorne",
    "from": [ 4.5, 10, 11 ],
    "to": [ 5.5, 10.5, 11.5 ],
    "faces": {
        "down":  { "uv": [ 11.5, 11.5, 10.5, 11 ], "texture": "#texture" },
        "up":    { "uv": [ 4.5, 11, 5.5, 11.5 ], "texture": "#texture" },
        "north": { "uv": [ 10.5, 5.5, 11.5, 6 ], "texture": "#texture" },
        "south": { "uv": [ 4.5, 5.5, 5.5, 6 ], "texture": "#texture" },
        "west":  { "uv": [ 11, 5.5, 11.5, 6 ], "texture": "#texture" },
        "east":  { "uv": [ 4.5, 5.5, 5, 6 ], "texture": "#texture" }
    }
},
{
    "__comment": "Tricorne",
    "from": [ 4.5, 9.5, 11.5 ],
    "to": [ 6, 10, 13 ],
    "faces": {
        "down":  { "uv": [ 11.5, 13, 10, 11.5 ], "texture": "#texture" },
        "up":    { "uv": [ 4.5, 11.5, 6, 13 ], "texture": "#texture" },
        "north": { "uv": [ 10, 6, 11.5, 6.5 ], "texture": "#texture" },
        "south": { "uv": [ 4.5, 6, 6, 6.5 ], "texture": "#texture" },
        "west":  { "uv": [ 11.5, 6, 13, 6.5 ], "texture": "#texture" },
        "east":  { "uv": [ 3, 6, 4.5, 6.5 ], "texture": "#texture" }
    }
},
{
    "__comment": "Tricorne",
    "from": [ 4.5, 9, 12.5 ],
    "to": [ 6, 9.5, 13.5 ],
    "faces": {
        "down":  { "uv": [ 11.5, 13.5, 10, 12.5 ], "texture": "#texture" },
        "up":    { "uv": [ 4.5, 12.5, 6, 13.5 ], "texture": "#texture" },
        "north": { "uv": [ 10, 6.5, 11.5, 7 ], "texture": "#texture" },
        "south": { "uv": [ 4.5, 6.5, 6, 7 ], "texture": "#texture" },
        "west":  { "uv": [ 12.5, 6.5, 13.5, 7 ], "texture": "#texture" },
        "east":  { "uv": [ 2.5, 6.5, 3.5, 7 ], "texture": "#texture" }
    }
},
{
    "__comment": "Tricorne",
    "from": [ 4.5, 6, 13 ],
    "to": [ 6, 9, 14.5 ],
    "faces": {
        "down":  { "uv": [ 11.5, 14.5, 10, 13 ], "texture": "#texture" },
        "up":    { "uv": [ 4.5, 13, 6, 14.5 ], "texture": "#texture" },
        "north": { "uv": [ 10, 7, 11.5, 10 ], "texture": "#texture" },
        "south": { "uv": [ 4.5, 7, 6, 10 ], "texture": "#texture" },
        "west":  { "uv": [ 13, 7, 14.5, 10 ], "texture": "#texture" },
        "east":  { "uv": [ 1.5, 7, 3, 10 ], "texture": "#texture" }
    }
},
{
    "__comment": "Tricorne",
    "from": [ 5, 10.5, 0.5 ],
    "to": [ 11, 11, 2 ],
    "faces": {
        "down":  { "uv": [ 11, 2, 5, 0.5 ], "texture": "#texture" },
        "up":    { "uv": [ 5, 0.5, 11, 2 ], "texture": "#texture" },
        "north": { "uv": [ 5, 5, 11, 5.5 ], "texture": "#texture" },
        "south": { "uv": [ 5, 5, 11, 5.5 ], "texture": "#texture" },
        "west":  { "uv": [ 0.5, 5, 2, 5.5 ], "texture": "#texture" },
        "east":  { "uv": [ 14, 5, 15.5, 5.5 ], "texture": "#texture" }
    }
},
{
    "__comment": "Tricorne",
    "from": [ 5, 8.5, 2.5 ],
    "to": [ 11, 9, 3 ],
    "faces": {
        "down":  { "uv": [ 11, 3, 5, 2.5 ], "texture": "#texture" },
        "up":    { "uv": [ 5, 2.5, 11, 3 ], "texture": "#texture" },
        "north": { "uv": [ 5, 7, 11, 7.5 ], "texture": "#texture" },
        "south": { "uv": [ 5, 7, 11, 7.5 ], "texture": "#texture" },
        "west":  { "uv": [ 2.5, 7, 3, 7.5 ], "texture": "#texture" },
        "east":  { "uv": [ 13, 7, 13.5, 7.5 ], "texture": "#texture" }
    }
},
{
    "__comment": "Tricorne",
    "from": [ 5, 9, 3 ],
    "to": [ 11, 9.5, 3.5 ],
    "faces": {
        "down":  { "uv": [ 11, 3.5, 5, 3 ], "texture": "#texture" },
        "up":    { "uv": [ 5, 3, 11, 3.5 ], "texture": "#texture" },
        "north": { "uv": [ 5, 6.5, 11, 7 ], "texture": "#texture" },
        "south": { "uv": [ 5, 6.5, 11, 7 ], "texture": "#texture" },
        "west":  { "uv": [ 3, 6.5, 3.5, 7 ], "texture": "#texture" },
        "east":  { "uv": [ 12.5, 6.5, 13, 7 ], "texture": "#texture" }
    }
},
{
    "__comment": "Tricorne",
    "from": [ 5, 9.5, 3.5 ],
    "to": [ 11, 10, 4 ],
    "faces": {
        "down":  { "uv": [ 11, 4, 5, 3.5 ], "texture": "#texture" },
        "up":    { "uv": [ 5, 3.5, 11, 4 ], "texture": "#texture" },
        "north": { "uv": [ 5, 6, 11, 6.5 ], "texture": "#texture" },
        "south": { "uv": [ 5, 6, 11, 6.5 ], "texture": "#texture" },
        "west":  { "uv": [ 3.5, 6, 4, 6.5 ], "texture": "#texture" },
        "east":  { "uv": [ 12, 6, 12.5, 6.5 ], "texture": "#texture" }
    }
},
{
    "__comment": "Tricorne",
    "from": [ 5, 9, 5.5 ],
    "to": [ 11, 9.5, 7 ],
    "faces": {
        "down":  { "uv": [ 11, 7, 5, 5.5 ], "texture": "#texture" },
        "up":    { "uv": [ 5, 5.5, 11, 7 ], "texture": "#texture" },
        "north": { "uv": [ 5, 6.5, 11, 7 ], "texture": "#texture" },
        "south": { "uv": [ 5, 6.5, 11, 7 ], "texture": "#texture" },
        "west":  { "uv": [ 5.5, 6.5, 7, 7 ], "texture": "#texture" },
        "east":  { "uv": [ 9, 6.5, 10.5, 7 ], "texture": "#texture" }
    }
},
{
    "__comment": "Tricorne",
    "from": [ 5, 8.5, 6.5 ],
    "to": [ 11, 9, 7 ],
    "faces": {
        "down":  { "uv": [ 11, 7, 5, 6.5 ], "texture": "#texture" },
        "up":    { "uv": [ 5, 6.5, 11, 7 ], "texture": "#texture" },
        "north": { "uv": [ 5, 7, 11, 7.5 ], "texture": "#texture" },
        "south": { "uv": [ 5, 7, 11, 7.5 ], "texture": "#texture" },
        "west":  { "uv": [ 6.5, 7, 7, 7.5 ], "texture": "#texture" },
        "east":  { "uv": [ 9, 7, 9.5, 7.5 ], "texture": "#texture" }
    }
},
{
    "__comment": "Tricorne",
    "from": [ 5, 6, 7.5 ],
    "to": [ 6.5, 8.5, 10 ],
    "faces": {
        "down":  { "uv": [ 11, 10, 9.5, 7.5 ], "texture": "#texture" },
        "up":    { "uv": [ 5, 7.5, 6.5, 10 ], "texture": "#texture" },
        "north": { "uv": [ 9.5, 7.5, 11, 10 ], "texture": "#texture" },
        "south": { "uv": [ 5, 7.5, 6.5, 10 ], "texture": "#texture" },
        "west":  { "uv": [ 7.5, 7.5, 10, 10 ], "texture": "#texture" },
        "east":  { "uv": [ 6, 7.5, 8.5, 10 ], "texture": "#texture" }
    }
},
{
    "__comment": "Tricorne",
    "from": [ 5, 5.5, 8.5 ],
    "to": [ 11, 6, 10.5 ],
    "faces": {
        "down":  { "uv": [ 11, 10.5, 5, 8.5 ], "texture": "#texture" },
        "up":    { "uv": [ 5, 8.5, 11, 10.5 ], "texture": "#texture" },
        "north": { "uv": [ 5, 10, 11, 10.5 ], "texture": "#texture" },
        "south": { "uv": [ 5, 10, 11, 10.5 ], "texture": "#texture" },
        "west":  { "uv": [ 8.5, 10, 10.5, 10.5 ], "texture": "#texture" },
        "east":  { "uv": [ 5.5, 10, 7.5, 10.5 ], "texture": "#texture" }
    }
},
{
    "__comment": "Tricorne",
    "from": [ 5, 8.5, 9 ],
    "to": [ 5.5, 9, 10 ],
    "faces": {
        "down":  { "uv": [ 11, 10, 10.5, 9 ], "texture": "#texture" },
        "up":    { "uv": [ 5, 9, 5.5, 10 ], "texture": "#texture" },
        "north": { "uv": [ 10.5, 7, 11, 7.5 ], "texture": "#texture" },
        "south": { "uv": [ 5, 7, 5.5, 7.5 ], "texture": "#texture" },
        "west":  { "uv": [ 9, 7, 10, 7.5 ], "texture": "#texture" },
        "east":  { "uv": [ 6, 7, 7, 7.5 ], "texture": "#texture" }
    }
},
{
    "__comment": "Tricorne",
    "from": [ 5, 9, 9 ],
    "to": [ 5.5, 10.5, 9.5 ],
    "faces": {
        "down":  { "uv": [ 11, 9.5, 10.5, 9 ], "texture": "#texture" },
        "up":    { "uv": [ 5, 9, 5.5, 9.5 ], "texture": "#texture" },
        "north": { "uv": [ 10.5, 5.5, 11, 7 ], "texture": "#texture" },
        "south": { "uv": [ 5, 5.5, 5.5, 7 ], "texture": "#texture" },
        "west":  { "uv": [ 9, 5.5, 9.5, 7 ], "texture": "#texture" },
        "east":  { "uv": [ 6.5, 5.5, 7, 7 ], "texture": "#texture" }
    }
},
{
    "__comment": "Tricorne",
    "from": [ 5, 9.5, 9.5 ],
    "to": [ 5.5, 10, 10 ],
    "faces": {
        "down":  { "uv": [ 11, 10, 10.5, 9.5 ], "texture": "#texture" },
        "up":    { "uv": [ 5, 9.5, 5.5, 10 ], "texture": "#texture" },
        "north": { "uv": [ 10.5, 6, 11, 6.5 ], "texture": "#texture" },
        "south": { "uv": [ 5, 6, 5.5, 6.5 ], "texture": "#texture" },
        "west":  { "uv": [ 9.5, 6, 10, 6.5 ], "texture": "#texture" },
        "east":  { "uv": [ 6, 6, 6.5, 6.5 ], "texture": "#texture" }
    }
},
{
    "__comment": "Tricorne",
    "from": [ 5, 9.5, 13 ],
    "to": [ 6, 10, 14 ],
    "faces": {
        "down":  { "uv": [ 11, 14, 10, 13 ], "texture": "#texture" },
        "up":    { "uv": [ 5, 13, 6, 14 ], "texture": "#texture" },
        "north": { "uv": [ 10, 6, 11, 6.5 ], "texture": "#texture" },
        "south": { "uv": [ 5, 6, 6, 6.5 ], "texture": "#texture" },
        "west":  { "uv": [ 13, 6, 14, 6.5 ], "texture": "#texture" },
        "east":  { "uv": [ 2, 6, 3, 6.5 ], "texture": "#texture" }
    }
},
{
    "__comment": "Tricorne",
    "from": [ 5, 9, 13.5 ],
    "to": [ 6, 9.5, 14.5 ],
    "faces": {
        "down":  { "uv": [ 11, 14.5, 10, 13.5 ], "texture": "#texture" },
        "up":    { "uv": [ 5, 13.5, 6, 14.5 ], "texture": "#texture" },
        "north": { "uv": [ 10, 6.5, 11, 7 ], "texture": "#texture" },
        "south": { "uv": [ 5, 6.5, 6, 7 ], "texture": "#texture" },
        "west":  { "uv": [ 13.5, 6.5, 14.5, 7 ], "texture": "#texture" },
        "east":  { "uv": [ 1.5, 6.5, 2.5, 7 ], "texture": "#texture" }
    }
},
{
    "__comment": "Tricorne",
    "from": [ 5, 6, 14.5 ],
    "to": [ 7, 8.5, 15.5 ],
    "faces": {
        "down":  { "uv": [ 11, 15.5, 9, 14.5 ], "texture": "#texture" },
        "up":    { "uv": [ 5, 14.5, 7, 15.5 ], "texture": "#texture" },
        "north": { "uv": [ 9, 7.5, 11, 10 ], "texture": "#texture" },
        "south": { "uv": [ 5, 7.5, 7, 10 ], "texture": "#texture" },
        "west":  { "uv": [ 14.5, 7.5, 15.5, 10 ], "texture": "#texture" },
        "east":  { "uv": [ 0.5, 7.5, 1.5, 10 ], "texture": "#texture" }
    }
},
{
    "__comment": "Tricorne",
    "from": [ 5, 8.5, 14.5 ],
    "to": [ 6.5, 9, 15 ],
    "faces": {
        "down":  { "uv": [ 11, 15, 9.5, 14.5 ], "texture": "#texture" },
        "up":    { "uv": [ 5, 14.5, 6.5, 15 ], "texture": "#texture" },
        "north": { "uv": [ 9.5, 7, 11, 7.5 ], "texture": "#texture" },
        "south": { "uv": [ 5, 7, 6.5, 7.5 ], "texture": "#texture" },
        "west":  { "uv": [ 14.5, 7, 15, 7.5 ], "texture": "#texture" },
        "east":  { "uv": [ 1, 7, 1.5, 7.5 ], "texture": "#texture" }
    }
},
{
    "__comment": "Tricorne",
    "from": [ 5.5, 9.5, 4 ],
    "to": [ 10.5, 10, 5.5 ],
    "faces": {
        "down":  { "uv": [ 10.5, 5.5, 5.5, 4 ], "texture": "#texture" },
        "up":    { "uv": [ 5.5, 4, 10.5, 5.5 ], "texture": "#texture" },
        "north": { "uv": [ 5.5, 6, 10.5, 6.5 ], "texture": "#texture" },
        "south": { "uv": [ 5.5, 6, 10.5, 6.5 ], "texture": "#texture" },
        "west":  { "uv": [ 4, 6, 5.5, 6.5 ], "texture": "#texture" },
        "east":  { "uv": [ 10.5, 6, 12, 6.5 ], "texture": "#texture" }
    }
},
{
    "__comment": "Tricorne",
    "from": [ 5.5, 9, 7 ],
    "to": [ 10.5, 9.5, 7.5 ],
    "faces": {
        "down":  { "uv": [ 10.5, 7.5, 5.5, 7 ], "texture": "#texture" },
        "up":    { "uv": [ 5.5, 7, 10.5, 7.5 ], "texture": "#texture" },
        "north": { "uv": [ 5.5, 6.5, 10.5, 7 ], "texture": "#texture" },
        "south": { "uv": [ 5.5, 6.5, 10.5, 7 ], "texture": "#texture" },
        "west":  { "uv": [ 7, 6.5, 7.5, 7 ], "texture": "#texture" },
        "east":  { "uv": [ 8.5, 6.5, 9, 7 ], "texture": "#texture" }
    }
},
{
    "__comment": "Tricorne",
    "from": [ 5.5, 5.5, 7.5 ],
    "to": [ 10.5, 6, 8.5 ],
    "faces": {
        "down":  { "uv": [ 10.5, 8.5, 5.5, 7.5 ], "texture": "#texture" },
        "up":    { "uv": [ 5.5, 7.5, 10.5, 8.5 ], "texture": "#texture" },
        "north": { "uv": [ 5.5, 10, 10.5, 10.5 ], "texture": "#texture" },
        "south": { "uv": [ 5.5, 10, 10.5, 10.5 ], "texture": "#texture" },
        "west":  { "uv": [ 7.5, 10, 8.5, 10.5 ], "texture": "#texture" },
        "east":  { "uv": [ 7.5, 10, 8.5, 10.5 ], "texture": "#texture" }
    }
},
{
    "__comment": "Tricorne",
    "from": [ 5.5, 8.5, 7.5 ],
    "to": [ 6.5, 9, 8.5 ],
    "faces": {
        "down":  { "uv": [ 10.5, 8.5, 9.5, 7.5 ], "texture": "#texture" },
        "up":    { "uv": [ 5.5, 7.5, 6.5, 8.5 ], "texture": "#texture" },
        "north": { "uv": [ 9.5, 7, 10.5, 7.5 ], "texture": "#texture" },
        "south": { "uv": [ 5.5, 7, 6.5, 7.5 ], "texture": "#texture" },
        "west":  { "uv": [ 7.5, 7, 8.5, 7.5 ], "texture": "#texture" },
        "east":  { "uv": [ 7.5, 7, 8.5, 7.5 ], "texture": "#texture" }
    }
},
{
    "__comment": "Tricorne",
    "from": [ 5.5, 6, 10 ],
    "to": [ 6.5, 8.5, 11.5 ],
    "faces": {
        "down":  { "uv": [ 10.5, 11.5, 9.5, 10 ], "texture": "#texture" },
        "up":    { "uv": [ 5.5, 10, 6.5, 11.5 ], "texture": "#texture" },
        "north": { "uv": [ 9.5, 7.5, 10.5, 10 ], "texture": "#texture" },
        "south": { "uv": [ 5.5, 7.5, 6.5, 10 ], "texture": "#texture" },
        "west":  { "uv": [ 10, 7.5, 11.5, 10 ], "texture": "#texture" },
        "east":  { "uv": [ 4.5, 7.5, 6, 10 ], "texture": "#texture" }
    }
},
{
    "__comment": "Tricorne",
    "from": [ 5.5, 5.5, 10.5 ],
    "to": [ 10.5, 6, 13.5 ],
    "faces": {
        "down":  { "uv": [ 10.5, 13.5, 5.5, 10.5 ], "texture": "#texture" },
        "up":    { "uv": [ 5.5, 10.5, 10.5, 13.5 ], "texture": "#texture" },
        "north": { "uv": [ 5.5, 10, 10.5, 10.5 ], "texture": "#texture" },
        "south": { "uv": [ 5.5, 10, 10.5, 10.5 ], "texture": "#texture" },
        "west":  { "uv": [ 10.5, 10, 13.5, 10.5 ], "texture": "#texture" },
        "east":  { "uv": [ 2.5, 10, 5.5, 10.5 ], "texture": "#texture" }
    }
},
{
    "__comment": "Tricorne",
    "from": [ 5.5, 9, 11.5 ],
    "to": [ 6, 9.5, 12.5 ],
    "faces": {
        "down":  { "uv": [ 10.5, 12.5, 10, 11.5 ], "texture": "#texture" },
        "up":    { "uv": [ 5.5, 11.5, 6, 12.5 ], "texture": "#texture" },
        "north": { "uv": [ 10, 6.5, 10.5, 7 ], "texture": "#texture" },
        "south": { "uv": [ 5.5, 6.5, 6, 7 ], "texture": "#texture" },
        "west":  { "uv": [ 11.5, 6.5, 12.5, 7 ], "texture": "#texture" },
        "east":  { "uv": [ 3.5, 6.5, 4.5, 7 ], "texture": "#texture" }
    }
},
{
    "__comment": "Tricorne",
    "from": [ 5.5, 9, 14.5 ],
    "to": [ 6.5, 9.5, 15.5 ],
    "faces": {
        "down":  { "uv": [ 10.5, 15.5, 9.5, 14.5 ], "texture": "#texture" },
        "up":    { "uv": [ 5.5, 14.5, 6.5, 15.5 ], "texture": "#texture" },
        "north": { "uv": [ 9.5, 6.5, 10.5, 7 ], "texture": "#texture" },
        "south": { "uv": [ 5.5, 6.5, 6.5, 7 ], "texture": "#texture" },
        "west":  { "uv": [ 14.5, 6.5, 15.5, 7 ], "texture": "#texture" },
        "east":  { "uv": [ 0.5, 6.5, 1.5, 7 ], "texture": "#texture" }
    }
},
{
    "__comment": "Tricorne",
    "from": [ 5.5, 8.5, 15 ],
    "to": [ 7, 9, 16 ],
    "faces": {
        "down":  { "uv": [ 10.5, 16, 9, 15 ], "texture": "#texture" },
        "up":    { "uv": [ 5.5, 15, 7, 16 ], "texture": "#texture" },
        "north": { "uv": [ 9, 7, 10.5, 7.5 ], "texture": "#texture" },
        "south": { "uv": [ 5.5, 7, 7, 7.5 ], "texture": "#texture" },
        "west":  { "uv": [ 15, 7, 16, 7.5 ], "texture": "#texture" },
        "east":  { "uv": [ 0, 7, 1, 7.5 ], "texture": "#texture" }
    }
},
{
    "__comment": "Tricorne",
    "from": [ 5.5, 6, 15.5 ],
    "to": [ 7.5, 8.5, 16 ],
    "faces": {
        "down":  { "uv": [ 10.5, 16, 8.5, 15.5 ], "texture": "#texture" },
        "up":    { "uv": [ 5.5, 15.5, 7.5, 16 ], "texture": "#texture" },
        "north": { "uv": [ 8.5, 7.5, 10.5, 10 ], "texture": "#texture" },
        "south": { "uv": [ 5.5, 7.5, 7.5, 10 ], "texture": "#texture" },
        "west":  { "uv": [ 15.5, 7.5, 16, 10 ], "texture": "#texture" },
        "east":  { "uv": [ 0, 7.5, 0.5, 10 ], "texture": "#texture" }
    }
},
{
    "__comment": "Tricorne",
    "from": [ 6, 9.5, 0 ],
    "to": [ 10, 10, 0.5 ],
    "faces": {
        "down":  { "uv": [ 10, 0.5, 6, 0 ], "texture": "#texture" },
        "up":    { "uv": [ 6, 0, 10, 0.5 ], "texture": "#texture" },
        "north": { "uv": [ 6, 6, 10, 6.5 ], "texture": "#texture" },
        "south": { "uv": [ 6, 6, 10, 6.5 ], "texture": "#texture" },
        "west":  { "uv": [ 0, 6, 0.5, 6.5 ], "texture": "#texture" },
        "east":  { "uv": [ 15.5, 6, 16, 6.5 ], "texture": "#texture" }
    }
},
{
    "__comment": "Tricorne",
    "from": [ 6, 9.5, 5.5 ],
    "to": [ 10, 10, 7 ],
    "faces": {
        "down":  { "uv": [ 10, 7, 6, 5.5 ], "texture": "#texture" },
        "up":    { "uv": [ 6, 5.5, 10, 7 ], "texture": "#texture" },
        "north": { "uv": [ 6, 6, 10, 6.5 ], "texture": "#texture" },
        "south": { "uv": [ 6, 6, 10, 6.5 ], "texture": "#texture" },
        "west":  { "uv": [ 5.5, 6, 7, 6.5 ], "texture": "#texture" },
        "east":  { "uv": [ 9, 6, 10.5, 6.5 ], "texture": "#texture" }
    }
},
{
    "__comment": "Tricorne",
    "from": [ 6, 5.5, 7 ],
    "to": [ 10, 6, 7.5 ],
    "faces": {
        "down":  { "uv": [ 10, 7.5, 6, 7 ], "texture": "#texture" },
        "up":    { "uv": [ 6, 7, 10, 7.5 ], "texture": "#texture" },
        "north": { "uv": [ 6, 10, 10, 10.5 ], "texture": "#texture" },
        "south": { "uv": [ 6, 10, 10, 10.5 ], "texture": "#texture" },
        "west":  { "uv": [ 7, 10, 7.5, 10.5 ], "texture": "#texture" },
        "east":  { "uv": [ 8.5, 10, 9, 10.5 ], "texture": "#texture" }
    }
},
{
    "__comment": "Tricorne",
    "from": [ 6, 6, 11.5 ],
    "to": [ 6.5, 8.5, 14.5 ],
    "faces": {
        "down":  { "uv": [ 10, 14.5, 9.5, 11.5 ], "texture": "#texture" },
        "up":    { "uv": [ 6, 11.5, 6.5, 14.5 ], "texture": "#texture" },
        "north": { "uv": [ 9.5, 7.5, 10, 10 ], "texture": "#texture" },
        "south": { "uv": [ 6, 7.5, 6.5, 10 ], "texture": "#texture" },
        "west":  { "uv": [ 11.5, 7.5, 14.5, 10 ], "texture": "#texture" },
        "east":  { "uv": [ 1.5, 7.5, 4.5, 10 ], "texture": "#texture" }
    }
},
{
    "__comment": "Tricorne",
    "from": [ 6, 5.5, 13.5 ],
    "to": [ 10, 6, 15.5 ],
    "faces": {
        "down":  { "uv": [ 10, 15.5, 6, 13.5 ], "texture": "#texture" },
        "up":    { "uv": [ 6, 13.5, 10, 15.5 ], "texture": "#texture" },
        "north": { "uv": [ 6, 10, 10, 10.5 ], "texture": "#texture" },
        "south": { "uv": [ 6, 10, 10, 10.5 ], "texture": "#texture" },
        "west":  { "uv": [ 13.5, 10, 15.5, 10.5 ], "texture": "#texture" },
        "east":  { "uv": [ 0.5, 10, 2.5, 10.5 ], "texture": "#texture" }
    }
},
{
    "__comment": "Tricorne",
    "from": [ 6, 8.5, 14 ],
    "to": [ 6.5, 9.5, 14.5 ],
    "faces": {
        "down":  { "uv": [ 10, 14.5, 9.5, 14 ], "texture": "#texture" },
        "up":    { "uv": [ 6, 14, 6.5, 14.5 ], "texture": "#texture" },
        "north": { "uv": [ 9.5, 6.5, 10, 7.5 ], "texture": "#texture" },
        "south": { "uv": [ 6, 6.5, 6.5, 7.5 ], "texture": "#texture" },
        "west":  { "uv": [ 14, 6.5, 14.5, 7.5 ], "texture": "#texture" },
        "east":  { "uv": [ 1.5, 6.5, 2, 7.5 ], "texture": "#texture" }
    }
},
{
    "__comment": "Tricorne",
    "from": [ 6, 9, 15.5 ],
    "to": [ 7, 9.5, 16 ],
    "faces": {
        "down":  { "uv": [ 10, 16, 9, 15.5 ], "texture": "#texture" },
        "up":    { "uv": [ 6, 15.5, 7, 16 ], "texture": "#texture" },
        "north": { "uv": [ 9, 6.5, 10, 7 ], "texture": "#texture" },
        "south": { "uv": [ 6, 6.5, 7, 7 ], "texture": "#texture" },
        "west":  { "uv": [ 15.5, 6.5, 16, 7 ], "texture": "#texture" },
        "east":  { "uv": [ 0, 6.5, 0.5, 7 ], "texture": "#texture" }
    }
},
{
    "__comment": "Tricorne",
    "from": [ 6.5, 9.5, 3 ],
    "to": [ 9.5, 10, 3.5 ],
    "faces": {
        "down":  { "uv": [ 9.5, 3.5, 6.5, 3 ], "texture": "#texture" },
        "up":    { "uv": [ 6.5, 3, 9.5, 3.5 ], "texture": "#texture" },
        "north": { "uv": [ 6.5, 6, 9.5, 6.5 ], "texture": "#texture" },
        "south": { "uv": [ 6.5, 6, 9.5, 6.5 ], "texture": "#texture" },
        "west":  { "uv": [ 3, 6, 3.5, 6.5 ], "texture": "#texture" },
        "east":  { "uv": [ 12.5, 6, 13, 6.5 ], "texture": "#texture" }
    }
},
{
    "__comment": "Tricorne",
    "from": [ 6.5, 6, 7.5 ],
    "to": [ 11.5, 8, 14.5 ],
    "faces": {
        "down":  { "uv": [ 9.5, 14.5, 4.5, 7.5 ], "texture": "#texture" },
        "up":    { "uv": [ 6.5, 7.5, 11.5, 14.5 ], "texture": "#texture" },
        "north": { "uv": [ 4.5, 8, 9.5, 10 ], "texture": "#texture" },
        "south": { "uv": [ 6.5, 8, 11.5, 10 ], "texture": "#texture" },
        "west":  { "uv": [ 7.5, 8, 14.5, 10 ], "texture": "#texture" },
        "east":  { "uv": [ 1.5, 8, 8.5, 10 ], "texture": "#texture" }
    }
},
{
    "__comment": "Tricorne",
    "from": [ 6.5, 8, 7.5 ],
    "to": [ 7, 8.5, 9.5 ],
    "faces": {
        "down":  { "uv": [ 9.5, 9.5, 9, 7.5 ], "texture": "#texture" },
        "up":    { "uv": [ 6.5, 7.5, 7, 9.5 ], "texture": "#texture" },
        "north": { "uv": [ 9, 7.5, 9.5, 8 ], "texture": "#texture" },
        "south": { "uv": [ 6.5, 7.5, 7, 8 ], "texture": "#texture" },
        "west":  { "uv": [ 7.5, 7.5, 9.5, 8 ], "texture": "#texture" },
        "east":  { "uv": [ 6.5, 7.5, 8.5, 8 ], "texture": "#texture" }
    }
},
{
    "__comment": "Tricorne",
    "from": [ 6.5, 8.5, 7.5 ],
    "to": [ 10.5, 9, 8 ],
    "faces": {
        "down":  { "uv": [ 9.5, 8, 5.5, 7.5 ], "texture": "#texture" },
        "up":    { "uv": [ 6.5, 7.5, 10.5, 8 ], "texture": "#texture" },
        "north": { "uv": [ 5.5, 7, 9.5, 7.5 ], "texture": "#texture" },
        "south": { "uv": [ 6.5, 7, 10.5, 7.5 ], "texture": "#texture" },
        "west":  { "uv": [ 7.5, 7, 8, 7.5 ], "texture": "#texture" },
        "east":  { "uv": [ 8, 7, 8.5, 7.5 ], "texture": "#texture" }
    }
},
{
    "__comment": "Tricorne",
    "from": [ 6.5, 5, 8.5 ],
    "to": [ 9.5, 5.5, 9 ],
    "faces": {
        "down":  { "uv": [ 9.5, 9, 6.5, 8.5 ], "texture": "#texture" },
        "up":    { "uv": [ 6.5, 8.5, 9.5, 9 ], "texture": "#texture" },
        "north": { "uv": [ 6.5, 10.5, 9.5, 11 ], "texture": "#texture" },
        "south": { "uv": [ 6.5, 10.5, 9.5, 11 ], "texture": "#texture" },
        "west":  { "uv": [ 8.5, 10.5, 9, 11 ], "texture": "#texture" },
        "east":  { "uv": [ 7, 10.5, 7.5, 11 ], "texture": "#texture" }
    }
},
{
    "__comment": "Tricorne",
    "from": [ 6.5, 9, 15 ],
    "to": [ 7, 9.5, 15.5 ],
    "faces": {
        "down":  { "uv": [ 9.5, 15.5, 9, 15 ], "texture": "#texture" },
        "up":    { "uv": [ 6.5, 15, 7, 15.5 ], "texture": "#texture" },
        "north": { "uv": [ 9, 6.5, 9.5, 7 ], "texture": "#texture" },
        "south": { "uv": [ 6.5, 6.5, 7, 7 ], "texture": "#texture" },
        "west":  { "uv": [ 15, 6.5, 15.5, 7 ], "texture": "#texture" },
        "east":  { "uv": [ 0.5, 6.5, 1, 7 ], "texture": "#texture" }
    }
},
{
    "__comment": "Tricorne",
    "from": [ 6.5, 5.5, 15.5 ],
    "to": [ 9.5, 6, 16 ],
    "faces": {
        "down":  { "uv": [ 9.5, 16, 6.5, 15.5 ], "texture": "#texture" },
        "up":    { "uv": [ 6.5, 15.5, 9.5, 16 ], "texture": "#texture" },
        "north": { "uv": [ 6.5, 10, 9.5, 10.5 ], "texture": "#texture" },
        "south": { "uv": [ 6.5, 10, 9.5, 10.5 ], "texture": "#texture" },
        "west":  { "uv": [ 15.5, 10, 16, 10.5 ], "texture": "#texture" },
        "east":  { "uv": [ 0, 10, 0.5, 10.5 ], "texture": "#texture" }
    }
},
{
    "__comment": "Tricorne",
    "from": [ 7, 10, 3.5 ],
    "to": [ 9, 10.5, 5 ],
    "faces": {
        "down":  { "uv": [ 9, 5, 7, 3.5 ], "texture": "#texture" },
        "up":    { "uv": [ 7, 3.5, 9, 5 ], "texture": "#texture" },
        "north": { "uv": [ 7, 5.5, 9, 6 ], "texture": "#texture" },
        "south": { "uv": [ 7, 5.5, 9, 6 ], "texture": "#texture" },
        "west":  { "uv": [ 3.5, 5.5, 5, 6 ], "texture": "#texture" },
        "east":  { "uv": [ 11, 5.5, 12.5, 6 ], "texture": "#texture" }
    }
},
{
    "__comment": "Tricorne",
    "from": [ 7, 8, 7.5 ],
    "to": [ 13, 8.5, 9 ],
    "faces": {
        "down":  { "uv": [ 9, 9, 3, 7.5 ], "texture": "#texture" },
        "up":    { "uv": [ 7, 7.5, 13, 9 ], "texture": "#texture" },
        "north": { "uv": [ 3, 7.5, 9, 8 ], "texture": "#texture" },
        "south": { "uv": [ 7, 7.5, 13, 8 ], "texture": "#texture" },
        "west":  { "uv": [ 7.5, 7.5, 9, 8 ], "texture": "#texture" },
        "east":  { "uv": [ 7, 7.5, 8.5, 8 ], "texture": "#texture" }
    }
},
{
    "__comment": "Tricorne",
    "from": [ 7, 9, 7.5 ],
    "to": [ 9, 9.5, 8 ],
    "faces": {
        "down":  { "uv": [ 9, 8, 7, 7.5 ], "texture": "#texture" },
        "up":    { "uv": [ 7, 7.5, 9, 8 ], "texture": "#texture" },
        "north": { "uv": [ 7, 6.5, 9, 7 ], "texture": "#texture" },
        "south": { "uv": [ 7, 6.5, 9, 7 ], "texture": "#texture" },
        "west":  { "uv": [ 7.5, 6.5, 8, 7 ], "texture": "#texture" },
        "east":  { "uv": [ 8, 6.5, 8.5, 7 ], "texture": "#texture" }
    }
},
{
    "__comment": "Tricorne",
    "from": [ 7, 8.5, 8 ],
    "to": [ 9, 9, 8.5 ],
    "faces": {
        "down":  { "uv": [ 9, 8.5, 7, 8 ], "texture": "#texture" },
        "up":    { "uv": [ 7, 8, 9, 8.5 ], "texture": "#texture" },
        "north": { "uv": [ 7, 7, 9, 7.5 ], "texture": "#texture" },
        "south": { "uv": [ 7, 7, 9, 7.5 ], "texture": "#texture" },
        "west":  { "uv": [ 8, 7, 8.5, 7.5 ], "texture": "#texture" },
        "east":  { "uv": [ 7.5, 7, 8, 7.5 ], "texture": "#texture" }
    }
},
{
    "__comment": "Tricorne",
    "from": [ 7, 5, 9 ],
    "to": [ 8.5, 5.5, 16 ],
    "faces": {
        "down":  { "uv": [ 9, 16, 7.5, 9 ], "texture": "#texture" },
        "up":    { "uv": [ 7, 9, 8.5, 16 ], "texture": "#texture" },
        "north": { "uv": [ 7.5, 10.5, 9, 11 ], "texture": "#texture" },
        "south": { "uv": [ 7, 10.5, 8.5, 11 ], "texture": "#texture" },
        "west":  { "uv": [ 9, 10.5, 16, 11 ], "texture": "#texture" },
        "east":  { "uv": [ 0, 10.5, 7, 11 ], "texture": "#texture" }
    }
},
{
    "__comment": "Tricorne",
    "from": [ 7, 6, 14.5 ],
    "to": [ 11, 8, 15.5 ],
    "faces": {
        "down":  { "uv": [ 9, 15.5, 5, 14.5 ], "texture": "#texture" },
        "up":    { "uv": [ 7, 14.5, 11, 15.5 ], "texture": "#texture" },
        "north": { "uv": [ 5, 8, 9, 10 ], "texture": "#texture" },
        "south": { "uv": [ 7, 8, 11, 10 ], "texture": "#texture" },
        "west":  { "uv": [ 14.5, 8, 15.5, 10 ], "texture": "#texture" },
        "east":  { "uv": [ 0.5, 8, 1.5, 10 ], "texture": "#texture" }
    }
},
{
    "__comment": "Tricorne",
    "from": [ 7.5, 9, 2.5 ],
    "to": [ 8.5, 9.5, 3 ],
    "faces": {
        "down":  { "uv": [ 8.5, 3, 7.5, 2.5 ], "texture": "#texture" },
        "up":    { "uv": [ 7.5, 2.5, 8.5, 3 ], "texture": "#texture" },
        "north": { "uv": [ 7.5, 6.5, 8.5, 7 ], "texture": "#texture" },
        "south": { "uv": [ 7.5, 6.5, 8.5, 7 ], "texture": "#texture" },
        "west":  { "uv": [ 2.5, 6.5, 3, 7 ], "texture": "#texture" },
        "east":  { "uv": [ 13, 6.5, 13.5, 7 ], "texture": "#texture" }
    }
},
{
    "__comment": "Tricorne",
    "from": [ 7.5, 10, 5 ],
    "to": [ 8.5, 10.5, 7 ],
    "faces": {
        "down":  { "uv": [ 8.5, 7, 7.5, 5 ], "texture": "#texture" },
        "up":    { "uv": [ 7.5, 5, 8.5, 7 ], "texture": "#texture" },
        "north": { "uv": [ 7.5, 5.5, 8.5, 6 ], "texture": "#texture" },
        "south": { "uv": [ 7.5, 5.5, 8.5, 6 ], "texture": "#texture" },
        "west":  { "uv": [ 5, 5.5, 7, 6 ], "texture": "#texture" },
        "east":  { "uv": [ 9, 5.5, 11, 6 ], "texture": "#texture" }
    }
},
{
    "__comment": "Tricorne",
    "from": [ 7.5, 9.5, 7 ],
    "to": [ 8.5, 10, 7.5 ],
    "faces": {
        "down":  { "uv": [ 8.5, 7.5, 7.5, 7 ], "texture": "#texture" },
        "up":    { "uv": [ 7.5, 7, 8.5, 7.5 ], "texture": "#texture" },
        "north": { "uv": [ 7.5, 6, 8.5, 6.5 ], "texture": "#texture" },
        "south": { "uv": [ 7.5, 6, 8.5, 6.5 ], "texture": "#texture" },
        "west":  { "uv": [ 7, 6, 7.5, 6.5 ], "texture": "#texture" },
        "east":  { "uv": [ 8.5, 6, 9, 6.5 ], "texture": "#texture" }
    }
},
{
    "__comment": "Tricorne",
    "from": [ 7.5, 6, 15.5 ],
    "to": [ 10.5, 8, 16 ],
    "faces": {
        "down":  { "uv": [ 8.5, 16, 5.5, 15.5 ], "texture": "#texture" },
        "up":    { "uv": [ 7.5, 15.5, 10.5, 16 ], "texture": "#texture" },
        "north": { "uv": [ 5.5, 8, 8.5, 10 ], "texture": "#texture" },
        "south": { "uv": [ 7.5, 8, 10.5, 10 ], "texture": "#texture" },
        "west":  { "uv": [ 15.5, 8, 16, 10 ], "texture": "#texture" },
        "east":  { "uv": [ 0, 8, 0.5, 10 ], "texture": "#texture" }
    }
},
{
    "__comment": "Tricorne",
    "from": [ 8.5, 5, 9 ],
    "to": [ 9, 5.5, 15.5 ],
    "faces": {
        "down":  { "uv": [ 7.5, 15.5, 7, 9 ], "texture": "#texture" },
        "up":    { "uv": [ 8.5, 9, 9, 15.5 ], "texture": "#texture" },
        "north": { "uv": [ 7, 10.5, 7.5, 11 ], "texture": "#texture" },
        "south": { "uv": [ 8.5, 10.5, 9, 11 ], "texture": "#texture" },
        "west":  { "uv": [ 9, 10.5, 15.5, 11 ], "texture": "#texture" },
        "east":  { "uv": [ 0.5, 10.5, 7, 11 ], "texture": "#texture" }
    }
},
{
    "__comment": "Tricorne",
    "from": [ 8.5, 8, 15.5 ],
    "to": [ 10.5, 8.5, 16 ],
    "faces": {
        "down":  { "uv": [ 7.5, 16, 5.5, 15.5 ], "texture": "#texture" },
        "up":    { "uv": [ 8.5, 15.5, 10.5, 16 ], "texture": "#texture" },
        "north": { "uv": [ 5.5, 7.5, 7.5, 8 ], "texture": "#texture" },
        "south": { "uv": [ 8.5, 7.5, 10.5, 8 ], "texture": "#texture" },
        "west":  { "uv": [ 15.5, 7.5, 16, 8 ], "texture": "#texture" },
        "east":  { "uv": [ 0, 7.5, 0.5, 8 ], "texture": "#texture" }
    }
},
{
    "__comment": "Tricorne",
    "from": [ 9, 8, 9 ],
    "to": [ 13, 8.5, 9.5 ],
    "faces": {
        "down":  { "uv": [ 7, 9.5, 3, 9 ], "texture": "#texture" },
        "up":    { "uv": [ 9, 9, 13, 9.5 ], "texture": "#texture" },
        "north": { "uv": [ 3, 7.5, 7, 8 ], "texture": "#texture" },
        "south": { "uv": [ 9, 7.5, 13, 8 ], "texture": "#texture" },
        "west":  { "uv": [ 9, 7.5, 9.5, 8 ], "texture": "#texture" },
        "east":  { "uv": [ 6.5, 7.5, 7, 8 ], "texture": "#texture" }
    }
},
{
    "__comment": "Tricorne",
    "from": [ 9, 8, 14.5 ],
    "to": [ 11, 8.5, 15.5 ],
    "faces": {
        "down":  { "uv": [ 7, 15.5, 5, 14.5 ], "texture": "#texture" },
        "up":    { "uv": [ 9, 14.5, 11, 15.5 ], "texture": "#texture" },
        "north": { "uv": [ 5, 7.5, 7, 8 ], "texture": "#texture" },
        "south": { "uv": [ 9, 7.5, 11, 8 ], "texture": "#texture" },
        "west":  { "uv": [ 14.5, 7.5, 15.5, 8 ], "texture": "#texture" },
        "east":  { "uv": [ 0.5, 7.5, 1.5, 8 ], "texture": "#texture" }
    }
},
{
    "__comment": "Tricorne",
    "from": [ 9, 8.5, 15 ],
    "to": [ 10, 9.5, 16 ],
    "faces": {
        "down":  { "uv": [ 7, 16, 6, 15 ], "texture": "#texture" },
        "up":    { "uv": [ 9, 15, 10, 16 ], "texture": "#texture" },
        "north": { "uv": [ 6, 6.5, 7, 7.5 ], "texture": "#texture" },
        "south": { "uv": [ 9, 6.5, 10, 7.5 ], "texture": "#texture" },
        "west":  { "uv": [ 15, 6.5, 16, 7.5 ], "texture": "#texture" },
        "east":  { "uv": [ 0, 6.5, 1, 7.5 ], "texture": "#texture" }
    }
},
{
    "__comment": "Tricorne",
    "from": [ 9.5, 8.5, 8 ],
    "to": [ 10.5, 9, 8.5 ],
    "faces": {
        "down":  { "uv": [ 6.5, 8.5, 5.5, 8 ], "texture": "#texture" },
        "up":    { "uv": [ 9.5, 8, 10.5, 8.5 ], "texture": "#texture" },
        "north": { "uv": [ 5.5, 7, 6.5, 7.5 ], "texture": "#texture" },
        "south": { "uv": [ 9.5, 7, 10.5, 7.5 ], "texture": "#texture" },
        "west":  { "uv": [ 8, 7, 8.5, 7.5 ], "texture": "#texture" },
        "east":  { "uv": [ 7.5, 7, 8, 7.5 ], "texture": "#texture" }
    }
},
{
    "__comment": "Tricorne",
    "from": [ 9.5, 8, 9.5 ],
    "to": [ 11.5, 8.5, 14.5 ],
    "faces": {
        "down":  { "uv": [ 6.5, 14.5, 4.5, 9.5 ], "texture": "#texture" },
        "up":    { "uv": [ 9.5, 9.5, 11.5, 14.5 ], "texture": "#texture" },
        "north": { "uv": [ 4.5, 7.5, 6.5, 8 ], "texture": "#texture" },
        "south": { "uv": [ 9.5, 7.5, 11.5, 8 ], "texture": "#texture" },
        "west":  { "uv": [ 9.5, 7.5, 14.5, 8 ], "texture": "#texture" },
        "east":  { "uv": [ 1.5, 7.5, 6.5, 8 ], "texture": "#texture" }
    }
},
{
    "__comment": "Tricorne",
    "from": [ 9.5, 8.5, 14 ],
    "to": [ 11, 9.5, 15 ],
    "faces": {
        "down":  { "uv": [ 6.5, 15, 5, 14 ], "texture": "#texture" },
        "up":    { "uv": [ 9.5, 14, 11, 15 ], "texture": "#texture" },
        "north": { "uv": [ 5, 6.5, 6.5, 7.5 ], "texture": "#texture" },
        "south": { "uv": [ 9.5, 6.5, 11, 7.5 ], "texture": "#texture" },
        "west":  { "uv": [ 14, 6.5, 15, 7.5 ], "texture": "#texture" },
        "east":  { "uv": [ 1, 6.5, 2, 7.5 ], "texture": "#texture" }
    }
},
{
    "__comment": "Tricorne",
    "from": [ 10, 8.5, 11.5 ],
    "to": [ 11, 10, 14 ],
    "faces": {
        "down":  { "uv": [ 6, 14, 5, 11.5 ], "texture": "#texture" },
        "up":    { "uv": [ 10, 11.5, 11, 14 ], "texture": "#texture" },
        "north": { "uv": [ 5, 6, 6, 7.5 ], "texture": "#texture" },
        "south": { "uv": [ 10, 6, 11, 7.5 ], "texture": "#texture" },
        "west":  { "uv": [ 11.5, 6, 14, 7.5 ], "texture": "#texture" },
        "east":  { "uv": [ 2, 6, 4.5, 7.5 ], "texture": "#texture" }
    }
},
{
    "__comment": "Tricorne",
    "from": [ 10, 8.5, 15 ],
    "to": [ 10.5, 9, 16 ],
    "faces": {
        "down":  { "uv": [ 6, 16, 5.5, 15 ], "texture": "#texture" },
        "up":    { "uv": [ 10, 15, 10.5, 16 ], "texture": "#texture" },
        "north": { "uv": [ 5.5, 7, 6, 7.5 ], "texture": "#texture" },
        "south": { "uv": [ 10, 7, 10.5, 7.5 ], "texture": "#texture" },
        "west":  { "uv": [ 15, 7, 16, 7.5 ], "texture": "#texture" },
        "east":  { "uv": [ 0, 7, 1, 7.5 ], "texture": "#texture" }
    }
},
{
    "__comment": "Tricorne",
    "from": [ 10, 9, 15 ],
    "to": [ 10.5, 9.5, 15.5 ],
    "faces": {
        "down":  { "uv": [ 6, 15.5, 5.5, 15 ], "texture": "#texture" },
        "up":    { "uv": [ 10, 15, 10.5, 15.5 ], "texture": "#texture" },
        "north": { "uv": [ 5.5, 6.5, 6, 7 ], "texture": "#texture" },
        "south": { "uv": [ 10, 6.5, 10.5, 7 ], "texture": "#texture" },
        "west":  { "uv": [ 15, 6.5, 15.5, 7 ], "texture": "#texture" },
        "east":  { "uv": [ 0.5, 6.5, 1, 7 ], "texture": "#texture" }
    }
},
{
    "__comment": "Tricorne",
    "from": [ 10.5, 8.5, 9 ],
    "to": [ 11.5, 10.5, 11.5 ],
    "faces": {
        "down":  { "uv": [ 5.5, 11.5, 4.5, 9 ], "texture": "#texture" },
        "up":    { "uv": [ 10.5, 9, 11.5, 11.5 ], "texture": "#texture" },
        "north": { "uv": [ 4.5, 5.5, 5.5, 7.5 ], "texture": "#texture" },
        "south": { "uv": [ 10.5, 5.5, 11.5, 7.5 ], "texture": "#texture" },
        "west":  { "uv": [ 9, 5.5, 11.5, 7.5 ], "texture": "#texture" },
        "east":  { "uv": [ 4.5, 5.5, 7, 7.5 ], "texture": "#texture" }
    }
},
{
    "__comment": "Tricorne",
    "from": [ 11, 9, 7 ],
    "to": [ 12.5, 10.5, 9 ],
    "faces": {
        "down":  { "uv": [ 5, 9, 3.5, 7 ], "texture": "#texture" },
        "up":    { "uv": [ 11, 7, 12.5, 9 ], "texture": "#texture" },
        "north": { "uv": [ 3.5, 5.5, 5, 7 ], "texture": "#texture" },
        "south": { "uv": [ 11, 5.5, 12.5, 7 ], "texture": "#texture" },
        "west":  { "uv": [ 7, 5.5, 9, 7 ], "texture": "#texture" },
        "east":  { "uv": [ 7, 5.5, 9, 7 ], "texture": "#texture" }
    }
},
{
    "__comment": "Tricorne",
    "from": [ 11, 8.5, 7.5 ],
    "to": [ 13, 9, 9 ],
    "faces": {
        "down":  { "uv": [ 5, 9, 3, 7.5 ], "texture": "#texture" },
        "up":    { "uv": [ 11, 7.5, 13, 9 ], "texture": "#texture" },
        "north": { "uv": [ 3, 7, 5, 7.5 ], "texture": "#texture" },
        "south": { "uv": [ 11, 7, 13, 7.5 ], "texture": "#texture" },
        "west":  { "uv": [ 7.5, 7, 9, 7.5 ], "texture": "#texture" },
        "east":  { "uv": [ 7, 7, 8.5, 7.5 ], "texture": "#texture" }
    }
},
{
    "__comment": "Tricorne",
    "from": [ 11, 8.5, 11.5 ],
    "to": [ 11.5, 9, 14.5 ],
    "faces": {
        "down":  { "uv": [ 5, 14.5, 4.5, 11.5 ], "texture": "#texture" },
        "up":    { "uv": [ 11, 11.5, 11.5, 14.5 ], "texture": "#texture" },
        "north": { "uv": [ 4.5, 7, 5, 7.5 ], "texture": "#texture" },
        "south": { "uv": [ 11, 7, 11.5, 7.5 ], "texture": "#texture" },
        "west":  { "uv": [ 11.5, 7, 14.5, 7.5 ], "texture": "#texture" },
        "east":  { "uv": [ 1.5, 7, 4.5, 7.5 ], "texture": "#texture" }
    }
},
{
    "__comment": "Tricorne",
    "from": [ 11, 9, 11.5 ],
    "to": [ 11.5, 9.5, 13.5 ],
    "faces": {
        "down":  { "uv": [ 5, 13.5, 4.5, 11.5 ], "texture": "#texture" },
        "up":    { "uv": [ 11, 11.5, 11.5, 13.5 ], "texture": "#texture" },
        "north": { "uv": [ 4.5, 6.5, 5, 7 ], "texture": "#texture" },
        "south": { "uv": [ 11, 6.5, 11.5, 7 ], "texture": "#texture" },
        "west":  { "uv": [ 11.5, 6.5, 13.5, 7 ], "texture": "#texture" },
        "east":  { "uv": [ 2.5, 6.5, 4.5, 7 ], "texture": "#texture" }
    }
},
{
    "__comment": "Tricorne",
    "from": [ 11, 9.5, 11.5 ],
    "to": [ 11.5, 10, 13 ],
    "faces": {
        "down":  { "uv": [ 5, 13, 4.5, 11.5 ], "texture": "#texture" },
        "up":    { "uv": [ 11, 11.5, 11.5, 13 ], "texture": "#texture" },
        "north": { "uv": [ 4.5, 6, 5, 6.5 ], "texture": "#texture" },
        "south": { "uv": [ 11, 6, 11.5, 6.5 ], "texture": "#texture" },
        "west":  { "uv": [ 11.5, 6, 13, 6.5 ], "texture": "#texture" },
        "east":  { "uv": [ 3, 6, 4.5, 6.5 ], "texture": "#texture" }
    }
},
{
    "__comment": "Tricorne",
    "from": [ 11.5, 8.5, 2 ],
    "to": [ 13, 10, 2.5 ],
    "faces": {
        "down":  { "uv": [ 4.5, 2.5, 3, 2 ], "texture": "#texture" },
        "up":    { "uv": [ 11.5, 2, 13, 2.5 ], "texture": "#texture" },
        "north": { "uv": [ 3, 6, 4.5, 7.5 ], "texture": "#texture" },
        "south": { "uv": [ 11.5, 6, 13, 7.5 ], "texture": "#texture" },
        "west":  { "uv": [ 2, 6, 2.5, 7.5 ], "texture": "#texture" },
        "east":  { "uv": [ 13.5, 6, 14, 7.5 ], "texture": "#texture" }
    }
},
{
    "__comment": "Tricorne",
    "from": [ 11.5, 8.5, 6.5 ],
    "to": [ 13.5, 10.5, 7 ],
    "faces": {
        "down":  { "uv": [ 4.5, 7, 2.5, 6.5 ], "texture": "#texture" },
        "up":    { "uv": [ 11.5, 6.5, 13.5, 7 ], "texture": "#texture" },
        "north": { "uv": [ 2.5, 5.5, 4.5, 7.5 ], "texture": "#texture" },
        "south": { "uv": [ 11.5, 5.5, 13.5, 7.5 ], "texture": "#texture" },
        "west":  { "uv": [ 6.5, 5.5, 7, 7.5 ], "texture": "#texture" },
        "east":  { "uv": [ 9, 5.5, 9.5, 7.5 ], "texture": "#texture" }
    }
},
{
    "__comment": "Tricorne",
    "from": [ 11.5, 6, 7.5 ],
    "to": [ 12, 8, 13 ],
    "faces": {
        "down":  { "uv": [ 4.5, 13, 4, 7.5 ], "texture": "#texture" },
        "up":    { "uv": [ 11.5, 7.5, 12, 13 ], "texture": "#texture" },
        "north": { "uv": [ 4, 8, 4.5, 10 ], "texture": "#texture" },
        "south": { "uv": [ 11.5, 8, 12, 10 ], "texture": "#texture" },
        "west":  { "uv": [ 7.5, 8, 13, 10 ], "texture": "#texture" },
        "east":  { "uv": [ 3, 8, 8.5, 10 ], "texture": "#texture" }
    }
},
{
    "__comment": "Tricorne",
    "from": [ 11.5, 8.5, 9 ],
    "to": [ 12, 9, 13 ],
    "faces": {
        "down":  { "uv": [ 4.5, 13, 4, 9 ], "texture": "#texture" },
        "up":    { "uv": [ 11.5, 9, 12, 13 ], "texture": "#texture" },
        "north": { "uv": [ 4, 7, 4.5, 7.5 ], "texture": "#texture" },
        "south": { "uv": [ 11.5, 7, 12, 7.5 ], "texture": "#texture" },
        "west":  { "uv": [ 9, 7, 13, 7.5 ], "texture": "#texture" },
        "east":  { "uv": [ 3, 7, 7, 7.5 ], "texture": "#texture" }
    }
},
{
    "__comment": "Tricorne",
    "from": [ 11.5, 9, 9 ],
    "to": [ 12, 9.5, 12.5 ],
    "faces": {
        "down":  { "uv": [ 4.5, 12.5, 4, 9 ], "texture": "#texture" },
        "up":    { "uv": [ 11.5, 9, 12, 12.5 ], "texture": "#texture" },
        "north": { "uv": [ 4, 6.5, 4.5, 7 ], "texture": "#texture" },
        "south": { "uv": [ 11.5, 6.5, 12, 7 ], "texture": "#texture" },
        "west":  { "uv": [ 9, 6.5, 12.5, 7 ], "texture": "#texture" },
        "east":  { "uv": [ 3.5, 6.5, 7, 7 ], "texture": "#texture" }
    }
},
{
    "__comment": "Tricorne",
    "from": [ 11.5, 9.5, 9 ],
    "to": [ 12, 10, 11.5 ],
    "faces": {
        "down":  { "uv": [ 4.5, 11.5, 4, 9 ], "texture": "#texture" },
        "up":    { "uv": [ 11.5, 9, 12, 11.5 ], "texture": "#texture" },
        "north": { "uv": [ 4, 6, 4.5, 6.5 ], "texture": "#texture" },
        "south": { "uv": [ 11.5, 6, 12, 6.5 ], "texture": "#texture" },
        "west":  { "uv": [ 9, 6, 11.5, 6.5 ], "texture": "#texture" },
        "east":  { "uv": [ 4.5, 6, 7, 6.5 ], "texture": "#texture" }
    }
},
{
    "__comment": "Tricorne",
    "from": [ 11.5, 10, 9 ],
    "to": [ 12, 10.5, 11 ],
    "faces": {
        "down":  { "uv": [ 4.5, 11, 4, 9 ], "texture": "#texture" },
        "up":    { "uv": [ 11.5, 9, 12, 11 ], "texture": "#texture" },
        "north": { "uv": [ 4, 5.5, 4.5, 6 ], "texture": "#texture" },
        "south": { "uv": [ 11.5, 5.5, 12, 6 ], "texture": "#texture" },
        "west":  { "uv": [ 9, 5.5, 11, 6 ], "texture": "#texture" },
        "east":  { "uv": [ 5, 5.5, 7, 6 ], "texture": "#texture" }
    }
},
{
    "__comment": "Tricorne",
    "from": [ 11.5, 8, 9.5 ],
    "to": [ 12, 8.5, 13 ],
    "faces": {
        "down":  { "uv": [ 4.5, 13, 4, 9.5 ], "texture": "#texture" },
        "up":    { "uv": [ 11.5, 9.5, 12, 13 ], "texture": "#texture" },
        "north": { "uv": [ 4, 7.5, 4.5, 8 ], "texture": "#texture" },
        "south": { "uv": [ 11.5, 7.5, 12, 8 ], "texture": "#texture" },
        "west":  { "uv": [ 9.5, 7.5, 13, 8 ], "texture": "#texture" },
        "east":  { "uv": [ 3, 7.5, 6.5, 8 ], "texture": "#texture" }
    }
},
{
    "__comment": "Tricorne",
    "from": [ 12, 8.5, 6 ],
    "to": [ 13, 10.5, 6.5 ],
    "faces": {
        "down":  { "uv": [ 4, 6.5, 3, 6 ], "texture": "#texture" },
        "up":    { "uv": [ 12, 6, 13, 6.5 ], "texture": "#texture" },
        "north": { "uv": [ 3, 5.5, 4, 7.5 ], "texture": "#texture" },
        "south": { "uv": [ 12, 5.5, 13, 7.5 ], "texture": "#texture" },
        "west":  { "uv": [ 6, 5.5, 6.5, 7.5 ], "texture": "#texture" },
        "east":  { "uv": [ 9.5, 5.5, 10, 7.5 ], "texture": "#texture" }
    }
},
{
    "__comment": "Tricorne",
    "from": [ 12, 6, 7.5 ],
    "to": [ 12.5, 8, 11.5 ],
    "faces": {
        "down":  { "uv": [ 4, 11.5, 3.5, 7.5 ], "texture": "#texture" },
        "up":    { "uv": [ 12, 7.5, 12.5, 11.5 ], "texture": "#texture" },
        "north": { "uv": [ 3.5, 8, 4, 10 ], "texture": "#texture" },
        "south": { "uv": [ 12, 8, 12.5, 10 ], "texture": "#texture" },
        "west":  { "uv": [ 7.5, 8, 11.5, 10 ], "texture": "#texture" },
        "east":  { "uv": [ 4.5, 8, 8.5, 10 ], "texture": "#texture" }
    }
},
{
    "__comment": "Tricorne",
    "from": [ 12, 8.5, 9 ],
    "to": [ 12.5, 9, 11.5 ],
    "faces": {
        "down":  { "uv": [ 4, 11.5, 3.5, 9 ], "texture": "#texture" },
        "up":    { "uv": [ 12, 9, 12.5, 11.5 ], "texture": "#texture" },
        "north": { "uv": [ 3.5, 7, 4, 7.5 ], "texture": "#texture" },
        "south": { "uv": [ 12, 7, 12.5, 7.5 ], "texture": "#texture" },
        "west":  { "uv": [ 9, 7, 11.5, 7.5 ], "texture": "#texture" },
        "east":  { "uv": [ 4.5, 7, 7, 7.5 ], "texture": "#texture" }
    }
},
{
    "__comment": "Tricorne",
    "from": [ 12, 9, 9 ],
    "to": [ 12.5, 9.5, 11 ],
    "faces": {
        "down":  { "uv": [ 4, 11, 3.5, 9 ], "texture": "#texture" },
        "up":    { "uv": [ 12, 9, 12.5, 11 ], "texture": "#texture" },
        "north": { "uv": [ 3.5, 6.5, 4, 7 ], "texture": "#texture" },
        "south": { "uv": [ 12, 6.5, 12.5, 7 ], "texture": "#texture" },
        "west":  { "uv": [ 9, 6.5, 11, 7 ], "texture": "#texture" },
        "east":  { "uv": [ 5, 6.5, 7, 7 ], "texture": "#texture" }
    }
},
{
    "__comment": "Tricorne",
    "from": [ 12, 9.5, 9 ],
    "to": [ 12.5, 10, 10 ],
    "faces": {
        "down":  { "uv": [ 4, 10, 3.5, 9 ], "texture": "#texture" },
        "up":    { "uv": [ 12, 9, 12.5, 10 ], "texture": "#texture" },
        "north": { "uv": [ 3.5, 6, 4, 6.5 ], "texture": "#texture" },
        "south": { "uv": [ 12, 6, 12.5, 6.5 ], "texture": "#texture" },
        "west":  { "uv": [ 9, 6, 10, 6.5 ], "texture": "#texture" },
        "east":  { "uv": [ 6, 6, 7, 6.5 ], "texture": "#texture" }
    }
},
{
    "__comment": "Tricorne",
    "from": [ 12, 10, 9 ],
    "to": [ 12.5, 10.5, 9.5 ],
    "faces": {
        "down":  { "uv": [ 4, 9.5, 3.5, 9 ], "texture": "#texture" },
        "up":    { "uv": [ 12, 9, 12.5, 9.5 ], "texture": "#texture" },
        "north": { "uv": [ 3.5, 5.5, 4, 6 ], "texture": "#texture" },
        "south": { "uv": [ 12, 5.5, 12.5, 6 ], "texture": "#texture" },
        "west":  { "uv": [ 9, 5.5, 9.5, 6 ], "texture": "#texture" },
        "east":  { "uv": [ 6.5, 5.5, 7, 6 ], "texture": "#texture" }
    }
},
{
    "__comment": "Tricorne",
    "from": [ 12, 8, 9.5 ],
    "to": [ 12.5, 8.5, 11.5 ],
    "faces": {
        "down":  { "uv": [ 4, 11.5, 3.5, 9.5 ], "texture": "#texture" },
        "up":    { "uv": [ 12, 9.5, 12.5, 11.5 ], "texture": "#texture" },
        "north": { "uv": [ 3.5, 7.5, 4, 8 ], "texture": "#texture" },
        "south": { "uv": [ 12, 7.5, 12.5, 8 ], "texture": "#texture" },
        "west":  { "uv": [ 9.5, 7.5, 11.5, 8 ], "texture": "#texture" },
        "east":  { "uv": [ 4.5, 7.5, 6.5, 8 ], "texture": "#texture" }
    }
},
{
    "__comment": "Tricorne",
    "from": [ 12.5, 8.5, 5.5 ],
    "to": [ 14.5, 10, 6 ],
    "faces": {
        "down":  { "uv": [ 3.5, 6, 1.5, 5.5 ], "texture": "#texture" },
        "up":    { "uv": [ 12.5, 5.5, 14.5, 6 ], "texture": "#texture" },
        "north": { "uv": [ 1.5, 6, 3.5, 7.5 ], "texture": "#texture" },
        "south": { "uv": [ 12.5, 6, 14.5, 7.5 ], "texture": "#texture" },
        "west":  { "uv": [ 5.5, 6, 6, 7.5 ], "texture": "#texture" },
        "east":  { "uv": [ 10, 6, 10.5, 7.5 ], "texture": "#texture" }
    }
},
{
    "__comment": "Tricorne",
    "from": [ 12.5, 9, 7 ],
    "to": [ 13, 9.5, 9.5 ],
    "faces": {
        "down":  { "uv": [ 3.5, 9.5, 3, 7 ], "texture": "#texture" },
        "up":    { "uv": [ 12.5, 7, 13, 9.5 ], "texture": "#texture" },
        "north": { "uv": [ 3, 6.5, 3.5, 7 ], "texture": "#texture" },
        "south": { "uv": [ 12.5, 6.5, 13, 7 ], "texture": "#texture" },
        "west":  { "uv": [ 7, 6.5, 9.5, 7 ], "texture": "#texture" },
        "east":  { "uv": [ 6.5, 6.5, 9, 7 ], "texture": "#texture" }
    }
},
{
    "__comment": "Tricorne",
    "from": [ 12.5, 9.5, 7 ],
    "to": [ 13, 10, 8.5 ],
    "faces": {
        "down":  { "uv": [ 3.5, 8.5, 3, 7 ], "texture": "#texture" },
        "up":    { "uv": [ 12.5, 7, 13, 8.5 ], "texture": "#texture" },
        "north": { "uv": [ 3, 6, 3.5, 6.5 ], "texture": "#texture" },
        "south": { "uv": [ 12.5, 6, 13, 6.5 ], "texture": "#texture" },
        "west":  { "uv": [ 7, 6, 8.5, 6.5 ], "texture": "#texture" },
        "east":  { "uv": [ 7.5, 6, 9, 6.5 ], "texture": "#texture" }
    }
},
{
    "__comment": "Tricorne",
    "from": [ 12.5, 10, 7 ],
    "to": [ 13, 10.5, 8 ],
    "faces": {
        "down":  { "uv": [ 3.5, 8, 3, 7 ], "texture": "#texture" },
        "up":    { "uv": [ 12.5, 7, 13, 8 ], "texture": "#texture" },
        "north": { "uv": [ 3, 5.5, 3.5, 6 ], "texture": "#texture" },
        "south": { "uv": [ 12.5, 5.5, 13, 6 ], "texture": "#texture" },
        "west":  { "uv": [ 7, 5.5, 8, 6 ], "texture": "#texture" },
        "east":  { "uv": [ 8, 5.5, 9, 6 ], "texture": "#texture" }
    }
},
{
    "__comment": "Tricorne",
    "from": [ 12.5, 6, 7.5 ],
    "to": [ 13, 8, 10 ],
    "faces": {
        "down":  { "uv": [ 3.5, 10, 3, 7.5 ], "texture": "#texture" },
        "up":    { "uv": [ 12.5, 7.5, 13, 10 ], "texture": "#texture" },
        "north": { "uv": [ 3, 8, 3.5, 10 ], "texture": "#texture" },
        "south": { "uv": [ 12.5, 8, 13, 10 ], "texture": "#texture" },
        "west":  { "uv": [ 7.5, 8, 10, 10 ], "texture": "#texture" },
        "east":  { "uv": [ 6, 8, 8.5, 10 ], "texture": "#texture" }
    }
},
{
    "__comment": "Tricorne",
    "from": [ 12.5, 8.5, 9 ],
    "to": [ 13, 9, 10 ],
    "faces": {
        "down":  { "uv": [ 3.5, 10, 3, 9 ], "texture": "#texture" },
        "up":    { "uv": [ 12.5, 9, 13, 10 ], "texture": "#texture" },
        "north": { "uv": [ 3, 7, 3.5, 7.5 ], "texture": "#texture" },
        "south": { "uv": [ 12.5, 7, 13, 7.5 ], "texture": "#texture" },
        "west":  { "uv": [ 9, 7, 10, 7.5 ], "texture": "#texture" },
        "east":  { "uv": [ 6, 7, 7, 7.5 ], "texture": "#texture" }
    }
},
{
    "__comment": "Tricorne",
    "from": [ 12.5, 8, 9.5 ],
    "to": [ 13, 8.5, 10 ],
    "faces": {
        "down":  { "uv": [ 3.5, 10, 3, 9.5 ], "texture": "#texture" },
        "up":    { "uv": [ 12.5, 9.5, 13, 10 ], "texture": "#texture" },
        "north": { "uv": [ 3, 7.5, 3.5, 8 ], "texture": "#texture" },
        "south": { "uv": [ 12.5, 7.5, 13, 8 ], "texture": "#texture" },
        "west":  { "uv": [ 9.5, 7.5, 10, 8 ], "texture": "#texture" },
        "east":  { "uv": [ 6, 7.5, 6.5, 8 ], "texture": "#texture" }
    }
},
{
    "__comment": "Tricorne",
    "from": [ 13, 8.5, 2 ],
    "to": [ 15, 9.5, 2.5 ],
    "faces": {
        "down":  { "uv": [ 3, 2.5, 1, 2 ], "texture": "#texture" },
        "up":    { "uv": [ 13, 2, 15, 2.5 ], "texture": "#texture" },
        "north": { "uv": [ 1, 6.5, 3, 7.5 ], "texture": "#texture" },
        "south": { "uv": [ 13, 6.5, 15, 7.5 ], "texture": "#texture" },
        "west":  { "uv": [ 2, 6.5, 2.5, 7.5 ], "texture": "#texture" },
        "east":  { "uv": [ 13.5, 6.5, 14, 7.5 ], "texture": "#texture" }
    }
},
{
    "__comment": "Tricorne",
    "from": [ 13, 8.5, 4.5 ],
    "to": [ 15.5, 9, 5.5 ],
    "faces": {
        "down":  { "uv": [ 3, 5.5, 0.5, 4.5 ], "texture": "#texture" },
        "up":    { "uv": [ 13, 4.5, 15.5, 5.5 ], "texture": "#texture" },
        "north": { "uv": [ 0.5, 7, 3, 7.5 ], "texture": "#texture" },
        "south": { "uv": [ 13, 7, 15.5, 7.5 ], "texture": "#texture" },
        "west":  { "uv": [ 4.5, 7, 5.5, 7.5 ], "texture": "#texture" },
        "east":  { "uv": [ 10.5, 7, 11.5, 7.5 ], "texture": "#texture" }
    }
},
{
    "__comment": "Tricorne",
    "from": [ 13, 9, 5 ],
    "to": [ 15, 10, 5.5 ],
    "faces": {
        "down":  { "uv": [ 3, 5.5, 1, 5 ], "texture": "#texture" },
        "up":    { "uv": [ 13, 5, 15, 5.5 ], "texture": "#texture" },
        "north": { "uv": [ 1, 6, 3, 7 ], "texture": "#texture" },
        "south": { "uv": [ 13, 6, 15, 7 ], "texture": "#texture" },
        "west":  { "uv": [ 5, 6, 5.5, 7 ], "texture": "#texture" },
        "east":  { "uv": [ 10.5, 6, 11, 7 ], "texture": "#texture" }
    }
},
{
    "__comment": "Tricorne",
    "from": [ 13, 8.5, 6 ],
    "to": [ 14, 10, 6.5 ],
    "faces": {
        "down":  { "uv": [ 3, 6.5, 2, 6 ], "texture": "#texture" },
        "up":    { "uv": [ 13, 6, 14, 6.5 ], "texture": "#texture" },
        "north": { "uv": [ 2, 6, 3, 7.5 ], "texture": "#texture" },
        "south": { "uv": [ 13, 6, 14, 7.5 ], "texture": "#texture" },
        "west":  { "uv": [ 6, 6, 6.5, 7.5 ], "texture": "#texture" },
        "east":  { "uv": [ 9.5, 6, 10, 7.5 ], "texture": "#texture" }
    }
},
{
    "__comment": "Tricorne",
    "from": [ 13, 9, 7 ],
    "to": [ 13.5, 9.5, 8 ],
    "faces": {
        "down":  { "uv": [ 3, 8, 2.5, 7 ], "texture": "#texture" },
        "up":    { "uv": [ 13, 7, 13.5, 8 ], "texture": "#texture" },
        "north": { "uv": [ 2.5, 6.5, 3, 7 ], "texture": "#texture" },
        "south": { "uv": [ 13, 6.5, 13.5, 7 ], "texture": "#texture" },
        "west":  { "uv": [ 7, 6.5, 8, 7 ], "texture": "#texture" },
        "east":  { "uv": [ 8, 6.5, 9, 7 ], "texture": "#texture" }
    }
},
{
    "__comment": "Tricorne",
    "from": [ 13, 9.5, 7 ],
    "to": [ 13.5, 10, 7.5 ],
    "faces": {
        "down":  { "uv": [ 3, 7.5, 2.5, 7 ], "texture": "#texture" },
        "up":    { "uv": [ 13, 7, 13.5, 7.5 ], "texture": "#texture" },
        "north": { "uv": [ 2.5, 6, 3, 6.5 ], "texture": "#texture" },
        "south": { "uv": [ 13, 6, 13.5, 6.5 ], "texture": "#texture" },
        "west":  { "uv": [ 7, 6, 7.5, 6.5 ], "texture": "#texture" },
        "east":  { "uv": [ 8.5, 6, 9, 6.5 ], "texture": "#texture" }
    }
},
{
    "__comment": "Tricorne",
    "from": [ 13, 6, 7.5 ],
    "to": [ 13.5, 9, 8.5 ],
    "faces": {
        "down":  { "uv": [ 3, 8.5, 2.5, 7.5 ], "texture": "#texture" },
        "up":    { "uv": [ 13, 7.5, 13.5, 8.5 ], "texture": "#texture" },
        "north": { "uv": [ 2.5, 7, 3, 10 ], "texture": "#texture" },
        "south": { "uv": [ 13, 7, 13.5, 10 ], "texture": "#texture" },
        "west":  { "uv": [ 7.5, 7, 8.5, 10 ], "texture": "#texture" },
        "east":  { "uv": [ 7.5, 7, 8.5, 10 ], "texture": "#texture" }
    }
},
{
    "__comment": "Tricorne",
    "from": [ 13.5, 8.5, 2.5 ],
    "to": [ 14.5, 9.5, 3 ],
    "faces": {
        "down":  { "uv": [ 2.5, 3, 1.5, 2.5 ], "texture": "#texture" },
        "up":    { "uv": [ 13.5, 2.5, 14.5, 3 ], "texture": "#texture" },
        "north": { "uv": [ 1.5, 6.5, 2.5, 7.5 ], "texture": "#texture" },
        "south": { "uv": [ 13.5, 6.5, 14.5, 7.5 ], "texture": "#texture" },
        "west":  { "uv": [ 2.5, 6.5, 3, 7.5 ], "texture": "#texture" },
        "east":  { "uv": [ 13, 6.5, 13.5, 7.5 ], "texture": "#texture" }
    }
},
{
    "__comment": "Tricorne",
    "from": [ 13.5, 8.5, 4 ],
    "to": [ 15.5, 9, 4.5 ],
    "faces": {
        "down":  { "uv": [ 2.5, 4.5, 0.5, 4 ], "texture": "#texture" },
        "up":    { "uv": [ 13.5, 4, 15.5, 4.5 ], "texture": "#texture" },
        "north": { "uv": [ 0.5, 7, 2.5, 7.5 ], "texture": "#texture" },
        "south": { "uv": [ 13.5, 7, 15.5, 7.5 ], "texture": "#texture" },
        "west":  { "uv": [ 4, 7, 4.5, 7.5 ], "texture": "#texture" },
        "east":  { "uv": [ 11.5, 7, 12, 7.5 ], "texture": "#texture" }
    }
},
{
    "__comment": "Tricorne",
    "from": [ 13.5, 9, 4.5 ],
    "to": [ 14, 10, 5 ],
    "faces": {
        "down":  { "uv": [ 2.5, 5, 2, 4.5 ], "texture": "#texture" },
        "up":    { "uv": [ 13.5, 4.5, 14, 5 ], "texture": "#texture" },
        "north": { "uv": [ 2, 6, 2.5, 7 ], "texture": "#texture" },
        "south": { "uv": [ 13.5, 6, 14, 7 ], "texture": "#texture" },
        "west":  { "uv": [ 4.5, 6, 5, 7 ], "texture": "#texture" },
        "east":  { "uv": [ 11, 6, 11.5, 7 ], "texture": "#texture" }
    }
},
{
    "__comment": "Tricorne",
    "from": [ 13.5, 8.5, 6.5 ],
    "to": [ 14, 10, 7 ],
    "faces": {
        "down":  { "uv": [ 2.5, 7, 2, 6.5 ], "texture": "#texture" },
        "up":    { "uv": [ 13.5, 6.5, 14, 7 ], "texture": "#texture" },
        "north": { "uv": [ 2, 6, 2.5, 7.5 ], "texture": "#texture" },
        "south": { "uv": [ 13.5, 6, 14, 7.5 ], "texture": "#texture" },
        "west":  { "uv": [ 6.5, 6, 7, 7.5 ], "texture": "#texture" },
        "east":  { "uv": [ 9, 6, 9.5, 7.5 ], "texture": "#texture" }
    }
},
{
    "__comment": "Tricorne",
    "from": [ 14, 9, 4 ],
    "to": [ 14.5, 9.5, 5 ],
    "faces": {
        "down":  { "uv": [ 2, 5, 1.5, 4 ], "texture": "#texture" },
        "up":    { "uv": [ 14, 4, 14.5, 5 ], "texture": "#texture" },
        "north": { "uv": [ 1.5, 6.5, 2, 7 ], "texture": "#texture" },
        "south": { "uv": [ 14, 6.5, 14.5, 7 ], "texture": "#texture" },
        "west":  { "uv": [ 4, 6.5, 5, 7 ], "texture": "#texture" },
        "east":  { "uv": [ 11, 6.5, 12, 7 ], "texture": "#texture" }
    }
},
{
    "__comment": "Tricorne",
    "from": [ 14, 8.5, 6 ],
    "to": [ 14.5, 9, 7 ],
    "faces": {
        "down":  { "uv": [ 2, 7, 1.5, 6 ], "texture": "#texture" },
        "up":    { "uv": [ 14, 6, 14.5, 7 ], "texture": "#texture" },
        "north": { "uv": [ 1.5, 7, 2, 7.5 ], "texture": "#texture" },
        "south": { "uv": [ 14, 7, 14.5, 7.5 ], "texture": "#texture" },
        "west":  { "uv": [ 6, 7, 7, 7.5 ], "texture": "#texture" },
        "east":  { "uv": [ 9, 7, 10, 7.5 ], "texture": "#texture" }
    }
},
{
    "__comment": "Tricorne",
    "from": [ 14, 9, 6 ],
    "to": [ 14.5, 9.5, 6.5 ],
    "faces": {
        "down":  { "uv": [ 2, 6.5, 1.5, 6 ], "texture": "#texture" },
        "up":    { "uv": [ 14, 6, 14.5, 6.5 ], "texture": "#texture" },
        "north": { "uv": [ 1.5, 6.5, 2, 7 ], "texture": "#texture" },
        "south": { "uv": [ 14, 6.5, 14.5, 7 ], "texture": "#texture" },
        "west":  { "uv": [ 6, 6.5, 6.5, 7 ], "texture": "#texture" },
        "east":  { "uv": [ 9.5, 6.5, 10, 7 ], "texture": "#texture" }
    }
},
{
    "__comment": "Tricorne",
    "from": [ 14.5, 8.5, 2.5 ],
    "to": [ 15, 9, 3 ],
    "faces": {
        "down":  { "uv": [ 1.5, 3, 1, 2.5 ], "texture": "#texture" },
        "up":    { "uv": [ 14.5, 2.5, 15, 3 ], "texture": "#texture" },
        "north": { "uv": [ 1, 7, 1.5, 7.5 ], "texture": "#texture" },
        "south": { "uv": [ 14.5, 7, 15, 7.5 ], "texture": "#texture" },
        "west":  { "uv": [ 2.5, 7, 3, 7.5 ], "texture": "#texture" },
        "east":  { "uv": [ 13, 7, 13.5, 7.5 ], "texture": "#texture" }
    }
},
{
    "__comment": "Tricorne",
    "from": [ 14.5, 9, 4.5 ],
    "to": [ 15.5, 9.5, 5 ],
    "faces": {
        "down":  { "uv": [ 1.5, 5, 0.5, 4.5 ], "texture": "#texture" },
        "up":    { "uv": [ 14.5, 4.5, 15.5, 5 ], "texture": "#texture" },
        "north": { "uv": [ 0.5, 6.5, 1.5, 7 ], "texture": "#texture" },
        "south": { "uv": [ 14.5, 6.5, 15.5, 7 ], "texture": "#texture" },
        "west":  { "uv": [ 4.5, 6.5, 5, 7 ], "texture": "#texture" },
        "east":  { "uv": [ 11, 6.5, 11.5, 7 ], "texture": "#texture" }
    }
},
{
    "__comment": "Tricorne",
    "from": [ 14.5, 8.5, 5.5 ],
    "to": [ 15, 9.5, 6 ],
    "faces": {
        "down":  { "uv": [ 1.5, 6, 1, 5.5 ], "texture": "#texture" },
        "up":    { "uv": [ 14.5, 5.5, 15, 6 ], "texture": "#texture" },
        "north": { "uv": [ 1, 6.5, 1.5, 7.5 ], "texture": "#texture" },
        "south": { "uv": [ 14.5, 6.5, 15, 7.5 ], "texture": "#texture" },
        "west":  { "uv": [ 5.5, 6.5, 6, 7.5 ], "texture": "#texture" },
        "east":  { "uv": [ 10, 6.5, 10.5, 7.5 ], "texture": "#texture" }
    }
},
{
    "__comment": "Tricorne",
    "from": [ 15, 9, 5 ],
    "to": [ 15.5, 9.5, 5.5 ],
    "faces": {
        "down":  { "uv": [ 1, 5.5, 0.5, 5 ], "texture": "#texture" },
        "up":    { "uv": [ 15, 5, 15.5, 5.5 ], "texture": "#texture" },
        "north": { "uv": [ 0.5, 6.5, 1, 7 ], "texture": "#texture" },
        "south": { "uv": [ 15, 6.5, 15.5, 7 ], "texture": "#texture" },
        "west":  { "uv": [ 5, 6.5, 5.5, 7 ], "texture": "#texture" },
        "east":  { "uv": [ 10.5, 6.5, 11, 7 ], "texture": "#texture" }
    }
},
{
    "__comment": "Tricorne",
    "from": [ 15.5, 8.5, 4.5 ],
    "to": [ 16, 9, 5 ],
    "faces": {
        "down":  { "uv": [ 0.5, 5, 0, 4.5 ], "texture": "#texture" },
        "up":    { "uv": [ 15.5, 4.5, 16, 5 ], "texture": "#texture" },
        "north": { "uv": [ 0, 7, 0.5, 7.5 ], "texture": "#texture" },
        "south": { "uv": [ 15.5, 7, 16, 7.5 ], "texture": "#texture" },
        "west":  { "uv": [ 4.5, 7, 5, 7.5 ], "texture": "#texture" },
        "east":  { "uv": [ 11, 7, 11.5, 7.5 ], "texture": "#texture" }
    }
}
],
"display": {
    "thirdperson": {
        "rotation": [ -95, 0, 0 ],
        "translation": [ 0.1, 1.1, -2.4 ],
        "scale": [ 0.5, 0.5, 0.5 ]
    },
    "head": {
        "rotation": [ 0, 180, 0 ],
        "translation": [ 0, 3.9, -1.7 ],
        "scale": [ 1.75, 1.75, 1.75 ]
    },
    "firstperson": {
        "rotation": [ 0, 136, 0 ],
        "translation": [ 1.4, 1.1, 0.5 ],
        "scale": [ 1, 1, 1 ]
    },
    "gui": {
        "rotation": [ 0, 90, 0 ],
        "translation": [ 0, 0, 0 ],
        "scale": [ 1, 1, 1 ]
    }
}
}