{
	"credit": "Made with Blockbench, a free, modern block model editor by JannisX11",
	"textures": {
		"gravedigger_head": "item/weapons/dvz_gravedigger_head",
		"gravedigger_accessory": "item/weapons/dvz_gravedigger_accessory",
		"gravedigger_handle": "item/weapons/dvz_gravedigger_handle"
	},
	"elements": [
		{
			"name": "gravedigger_head",
			"from": [7.625, 10, 6.375],
			"to": [8.375, 10.375, 9.625],
			"faces": {
				"north": {"uv": [7.625, 5.625, 8.375, 6], "texture": "#gravedigger_head"},
				"east": {"uv": [6.375, 5.625, 9.625, 6], "texture": "#gravedigger_head"},
				"south": {"uv": [7.625, 5.625, 8.375, 6], "texture": "#gravedigger_head"},
				"west": {"uv": [6.375, 5.625, 9.625, 6], "texture": "#gravedigger_head"},
				"up": {"uv": [7.625, 6.375, 8.375, 9.625], "texture": "#gravedigger_head"},
				"down": {"uv": [8.375, 9.625, 7.625, 6.375], "texture": "#gravedigger_head"}
			}
		},
		{
			"name": "gravedigger_head",
			"from": [7.625, 10.375, 6.375],
			"to": [8.375, 10.5, 7.625],
			"faces": {
				"north": {"uv": [7.625, 5.5, 8.375, 5.625], "texture": "#gravedigger_head"},
				"east": {"uv": [8.375, 5.5, 9.625, 5.625], "texture": "#gravedigger_head"},
				"south": {"uv": [7.625, 5.5, 8.375, 5.625], "texture": "#gravedigger_head"},
				"west": {"uv": [6.375, 5.5, 7.625, 5.625], "texture": "#gravedigger_head"},
				"up": {"uv": [7.625, 6.375, 8.375, 7.625], "texture": "#gravedigger_head"},
				"down": {"uv": [8.375, 7.625, 7.625, 6.375], "texture": "#gravedigger_head"}
			}
		},
		{
			"name": "gravedigger_head",
			"from": [7.625, 10.5, 6.375],
			"to": [8.375, 10.75, 7.125],
			"faces": {
				"north": {"uv": [7.625, 5.25, 8.375, 5.5], "texture": "#gravedigger_head"},
				"east": {"uv": [8.875, 5.25, 9.625, 5.5], "texture": "#gravedigger_head"},
				"south": {"uv": [7.625, 5.25, 8.375, 5.5], "texture": "#gravedigger_head"},
				"west": {"uv": [6.375, 5.25, 7.125, 5.5], "texture": "#gravedigger_head"},
				"up": {"uv": [7.625, 6.375, 8.375, 7.125], "texture": "#gravedigger_head"},
				"down": {"uv": [8.375, 7.125, 7.625, 6.375], "texture": "#gravedigger_head"}
			}
		},
		{
			"name": "gravedigger_head",
			"from": [7.625, 10.75, 6.375],
			"to": [8.375, 10.875, 7],
			"faces": {
				"north": {"uv": [7.625, 5.125, 8.375, 5.25], "texture": "#gravedigger_head"},
				"east": {"uv": [9, 5.125, 9.625, 5.25], "texture": "#gravedigger_head"},
				"south": {"uv": [7.625, 5.125, 8.375, 5.25], "texture": "#gravedigger_head"},
				"west": {"uv": [6.375, 5.125, 7, 5.25], "texture": "#gravedigger_head"},
				"up": {"uv": [7.625, 6.375, 8.375, 7], "texture": "#gravedigger_head"},
				"down": {"uv": [8.375, 7, 7.625, 6.375], "texture": "#gravedigger_head"}
			}
		},
		{
			"name": "gravedigger_head",
			"from": [7.625, 10.875, 6.375],
			"to": [8.375, 11, 6.875],
			"faces": {
				"north": {"uv": [7.625, 5, 8.375, 5.125], "texture": "#gravedigger_head"},
				"east": {"uv": [9.125, 5, 9.625, 5.125], "texture": "#gravedigger_head"},
				"south": {"uv": [7.625, 5, 8.375, 5.125], "texture": "#gravedigger_head"},
				"west": {"uv": [6.375, 5, 6.875, 5.125], "texture": "#gravedigger_head"},
				"up": {"uv": [7.625, 6.375, 8.375, 6.875], "texture": "#gravedigger_head"},
				"down": {"uv": [8.375, 6.875, 7.625, 6.375], "texture": "#gravedigger_head"}
			}
		},
		{
			"name": "gravedigger_head",
			"from": [7.625, 11, 6.375],
			"to": [8.375, 12.75, 6.625],
			"faces": {
				"north": {"uv": [7.625, 3.25, 8.375, 5], "texture": "#gravedigger_head"},
				"east": {"uv": [9.375, 3.25, 9.625, 5], "texture": "#gravedigger_head"},
				"south": {"uv": [7.625, 3.25, 8.375, 5], "texture": "#gravedigger_head"},
				"west": {"uv": [6.375, 3.25, 6.625, 5], "texture": "#gravedigger_head"},
				"up": {"uv": [7.625, 6.375, 8.375, 6.625], "texture": "#gravedigger_head"},
				"down": {"uv": [8.375, 6.625, 7.625, 6.375], "texture": "#gravedigger_head"}
			}
		},
		{
			"name": "gravedigger_head",
			"from": [7.625, 9.5, 6.5],
			"to": [8.375, 10, 9.5],
			"faces": {
				"north": {"uv": [7.625, 6, 8.375, 6.5], "texture": "#gravedigger_head"},
				"east": {"uv": [6.5, 6, 9.5, 6.5], "texture": "#gravedigger_head"},
				"south": {"uv": [7.625, 6, 8.375, 6.5], "texture": "#gravedigger_head"},
				"west": {"uv": [6.5, 6, 9.5, 6.5], "texture": "#gravedigger_head"},
				"up": {"uv": [7.625, 6.5, 8.375, 9.5], "texture": "#gravedigger_head"},
				"down": {"uv": [8.375, 9.5, 7.625, 6.5], "texture": "#gravedigger_head"}
			}
		},
		{
			"name": "gravedigger_head",
			"from": [7.625, 12.75, 6.5],
			"to": [8.375, 13.25, 6.75],
			"faces": {
				"north": {"uv": [7.625, 2.75, 8.375, 3.25], "texture": "#gravedigger_head"},
				"east": {"uv": [9.25, 2.75, 9.5, 3.25], "texture": "#gravedigger_head"},
				"south": {"uv": [7.625, 2.75, 8.375, 3.25], "texture": "#gravedigger_head"},
				"west": {"uv": [6.5, 2.75, 6.75, 3.25], "texture": "#gravedigger_head"},
				"up": {"uv": [7.625, 6.5, 8.375, 6.75], "texture": "#gravedigger_head"},
				"down": {"uv": [8.375, 6.75, 7.625, 6.5], "texture": "#gravedigger_head"}
			}
		},
		{
			"name": "gravedigger_head",
			"from": [7.625, 9.375, 6.625],
			"to": [8.375, 9.5, 9.375],
			"faces": {
				"north": {"uv": [7.625, 6.5, 8.375, 6.625], "texture": "#gravedigger_head"},
				"east": {"uv": [6.625, 6.5, 9.375, 6.625], "texture": "#gravedigger_head"},
				"south": {"uv": [7.625, 6.5, 8.375, 6.625], "texture": "#gravedigger_head"},
				"west": {"uv": [6.625, 6.5, 9.375, 6.625], "texture": "#gravedigger_head"},
				"up": {"uv": [7.625, 6.625, 8.375, 9.375], "texture": "#gravedigger_head"},
				"down": {"uv": [8.375, 9.375, 7.625, 6.625], "texture": "#gravedigger_head"}
			}
		},
		{
			"name": "gravedigger_head",
			"from": [7.625, 12.625, 6.625],
			"to": [8.375, 12.75, 6.75],
			"faces": {
				"north": {"uv": [7.625, 3.25, 8.375, 3.375], "texture": "#gravedigger_head"},
				"east": {"uv": [9.25, 3.25, 9.375, 3.375], "texture": "#gravedigger_head"},
				"south": {"uv": [7.625, 3.25, 8.375, 3.375], "texture": "#gravedigger_head"},
				"west": {"uv": [6.625, 3.25, 6.75, 3.375], "texture": "#gravedigger_head"},
				"up": {"uv": [7.625, 6.625, 8.375, 6.75], "texture": "#gravedigger_head"},
				"down": {"uv": [8.375, 6.75, 7.625, 6.625], "texture": "#gravedigger_head"}
			}
		},
		{
			"name": "gravedigger_head",
			"from": [7.625, 13.25, 6.625],
			"to": [8.375, 13.5, 7],
			"faces": {
				"north": {"uv": [7.625, 2.5, 8.375, 2.75], "texture": "#gravedigger_head"},
				"east": {"uv": [9, 2.5, 9.375, 2.75], "texture": "#gravedigger_head"},
				"south": {"uv": [7.625, 2.5, 8.375, 2.75], "texture": "#gravedigger_head"},
				"west": {"uv": [6.625, 2.5, 7, 2.75], "texture": "#gravedigger_head"},
				"up": {"uv": [7.625, 6.625, 8.375, 7], "texture": "#gravedigger_head"},
				"down": {"uv": [8.375, 7, 7.625, 6.625], "texture": "#gravedigger_head"}
			}
		},
		{
			"name": "gravedigger_head",
			"from": [7.625, 9.25, 6.75],
			"to": [8.375, 9.375, 9.25],
			"faces": {
				"north": {"uv": [7.625, 6.625, 8.375, 6.75], "texture": "#gravedigger_head"},
				"east": {"uv": [6.75, 6.625, 9.25, 6.75], "texture": "#gravedigger_head"},
				"south": {"uv": [7.625, 6.625, 8.375, 6.75], "texture": "#gravedigger_head"},
				"west": {"uv": [6.75, 6.625, 9.25, 6.75], "texture": "#gravedigger_head"},
				"up": {"uv": [7.625, 6.75, 8.375, 9.25], "texture": "#gravedigger_head"},
				"down": {"uv": [8.375, 9.25, 7.625, 6.75], "texture": "#gravedigger_head"}
			}
		},
		{
			"name": "gravedigger_head",
			"from": [7.625, 13.125, 6.75],
			"to": [8.375, 13.25, 6.875],
			"faces": {
				"north": {"uv": [7.625, 2.75, 8.375, 2.875], "texture": "#gravedigger_head"},
				"east": {"uv": [9.125, 2.75, 9.25, 2.875], "texture": "#gravedigger_head"},
				"south": {"uv": [7.625, 2.75, 8.375, 2.875], "texture": "#gravedigger_head"},
				"west": {"uv": [6.75, 2.75, 6.875, 2.875], "texture": "#gravedigger_head"},
				"up": {"uv": [7.625, 6.75, 8.375, 6.875], "texture": "#gravedigger_head"},
				"down": {"uv": [8.375, 6.875, 7.625, 6.75], "texture": "#gravedigger_head"}
			}
		},
		{
			"name": "gravedigger_head",
			"from": [7.625, 13.5, 6.75],
			"to": [8.375, 13.75, 7.125],
			"faces": {
				"north": {"uv": [7.625, 2.25, 8.375, 2.5], "texture": "#gravedigger_head"},
				"east": {"uv": [8.875, 2.25, 9.25, 2.5], "texture": "#gravedigger_head"},
				"south": {"uv": [7.625, 2.25, 8.375, 2.5], "texture": "#gravedigger_head"},
				"west": {"uv": [6.75, 2.25, 7.125, 2.5], "texture": "#gravedigger_head"},
				"up": {"uv": [7.625, 6.75, 8.375, 7.125], "texture": "#gravedigger_head"},
				"down": {"uv": [8.375, 7.125, 7.625, 6.75], "texture": "#gravedigger_head"}
			}
		},
		{
			"name": "gravedigger_head",
			"from": [7.625, 13.75, 6.875],
			"to": [8.375, 13.875, 7.625],
			"faces": {
				"north": {"uv": [7.625, 2.125, 8.375, 2.25], "texture": "#gravedigger_head"},
				"east": {"uv": [8.375, 2.125, 9.125, 2.25], "texture": "#gravedigger_head"},
				"south": {"uv": [7.625, 2.125, 8.375, 2.25], "texture": "#gravedigger_head"},
				"west": {"uv": [6.875, 2.125, 7.625, 2.25], "texture": "#gravedigger_head"},
				"up": {"uv": [7.625, 6.875, 8.375, 7.625], "texture": "#gravedigger_head"},
				"down": {"uv": [8.375, 7.625, 7.625, 6.875], "texture": "#gravedigger_head"}
			}
		},
		{
			"name": "gravedigger_head",
			"from": [7.625, 9.125, 7],
			"to": [8.375, 9.25, 9],
			"faces": {
				"north": {"uv": [7.625, 6.75, 8.375, 6.875], "texture": "#gravedigger_head"},
				"east": {"uv": [7, 6.75, 9, 6.875], "texture": "#gravedigger_head"},
				"south": {"uv": [7.625, 6.75, 8.375, 6.875], "texture": "#gravedigger_head"},
				"west": {"uv": [7, 6.75, 9, 6.875], "texture": "#gravedigger_head"},
				"up": {"uv": [7.625, 7, 8.375, 9], "texture": "#gravedigger_head"},
				"down": {"uv": [8.375, 9, 7.625, 7], "texture": "#gravedigger_head"}
			}
		},
		{
			"name": "gravedigger_head",
			"from": [7.625, 13.875, 7],
			"to": [8.375, 14, 9],
			"faces": {
				"north": {"uv": [7.625, 2, 8.375, 2.125], "texture": "#gravedigger_head"},
				"east": {"uv": [7, 2, 9, 2.125], "texture": "#gravedigger_head"},
				"south": {"uv": [7.625, 2, 8.375, 2.125], "texture": "#gravedigger_head"},
				"west": {"uv": [7, 2, 9, 2.125], "texture": "#gravedigger_head"},
				"up": {"uv": [7.625, 7, 8.375, 9], "texture": "#gravedigger_head"},
				"down": {"uv": [8.375, 9, 7.625, 7], "texture": "#gravedigger_head"}
			}
		},
		{
			"name": "gravedigger_head",
			"from": [7.625, 13.625, 7.125],
			"to": [8.375, 13.75, 7.25],
			"faces": {
				"north": {"uv": [7.625, 2.25, 8.375, 2.375], "texture": "#gravedigger_head"},
				"east": {"uv": [8.75, 2.25, 8.875, 2.375], "texture": "#gravedigger_head"},
				"south": {"uv": [7.625, 2.25, 8.375, 2.375], "texture": "#gravedigger_head"},
				"west": {"uv": [7.125, 2.25, 7.25, 2.375], "texture": "#gravedigger_head"},
				"up": {"uv": [7.625, 7.125, 8.375, 7.25], "texture": "#gravedigger_head"},
				"down": {"uv": [8.375, 7.25, 7.625, 7.125], "texture": "#gravedigger_head"}
			}
		},
		{
			"name": "gravedigger_head",
			"from": [7.625, 14, 7.125],
			"to": [8.375, 14.25, 8.875],
			"faces": {
				"north": {"uv": [7.625, 1.75, 8.375, 2], "texture": "#gravedigger_head"},
				"east": {"uv": [7.125, 1.75, 8.875, 2], "texture": "#gravedigger_head"},
				"south": {"uv": [7.625, 1.75, 8.375, 2], "texture": "#gravedigger_head"},
				"west": {"uv": [7.125, 1.75, 8.875, 2], "texture": "#gravedigger_head"},
				"up": {"uv": [7.625, 7.125, 8.375, 8.875], "texture": "#gravedigger_head"},
				"down": {"uv": [8.375, 8.875, 7.625, 7.125], "texture": "#gravedigger_head"}
			}
		},
		{
			"name": "gravedigger_head",
			"from": [7.625, 8.75, 7.25],
			"to": [8.375, 8.875, 8.75],
			"faces": {
				"north": {"uv": [7.625, 7.125, 8.375, 7.25], "texture": "#gravedigger_head"},
				"east": {"uv": [7.25, 7.125, 8.75, 7.25], "texture": "#gravedigger_head"},
				"south": {"uv": [7.625, 7.125, 8.375, 7.25], "texture": "#gravedigger_head"},
				"west": {"uv": [7.25, 7.125, 8.75, 7.25], "texture": "#gravedigger_head"},
				"up": {"uv": [7.625, 7.25, 8.375, 8.75], "texture": "#gravedigger_head"},
				"down": {"uv": [8.375, 8.75, 7.625, 7.25], "texture": "#gravedigger_head"}
			}
		},
		{
			"name": "gravedigger_head",
			"from": [7.625, 14.25, 7.25],
			"to": [8.375, 14.375, 8.75],
			"faces": {
				"north": {"uv": [7.625, 1.625, 8.375, 1.75], "texture": "#gravedigger_head"},
				"east": {"uv": [7.25, 1.625, 8.75, 1.75], "texture": "#gravedigger_head"},
				"south": {"uv": [7.625, 1.625, 8.375, 1.75], "texture": "#gravedigger_head"},
				"west": {"uv": [7.25, 1.625, 8.75, 1.75], "texture": "#gravedigger_head"},
				"up": {"uv": [7.625, 7.25, 8.375, 8.75], "texture": "#gravedigger_head"},
				"down": {"uv": [8.375, 8.75, 7.625, 7.25], "texture": "#gravedigger_head"}
			}
		},
		{
			"name": "gravedigger_head",
			"from": [7.625, 14.375, 7.5],
			"to": [8.375, 14.5, 8.5],
			"faces": {
				"north": {"uv": [7.625, 1.5, 8.375, 1.625], "texture": "#gravedigger_head"},
				"east": {"uv": [7.5, 1.5, 8.5, 1.625], "texture": "#gravedigger_head"},
				"south": {"uv": [7.625, 1.5, 8.375, 1.625], "texture": "#gravedigger_head"},
				"west": {"uv": [7.5, 1.5, 8.5, 1.625], "texture": "#gravedigger_head"},
				"up": {"uv": [7.625, 7.5, 8.375, 8.5], "texture": "#gravedigger_head"},
				"down": {"uv": [8.375, 8.5, 7.625, 7.5], "texture": "#gravedigger_head"}
			}
		},
		{
			"name": "gravedigger_head",
			"from": [7.625, 14.5, 7.625],
			"to": [8.375, 14.625, 8.375],
			"faces": {
				"north": {"uv": [7.625, 1.375, 8.375, 1.5], "texture": "#gravedigger_head"},
				"east": {"uv": [7.625, 1.375, 8.375, 1.5], "texture": "#gravedigger_head"},
				"south": {"uv": [7.625, 1.375, 8.375, 1.5], "texture": "#gravedigger_head"},
				"west": {"uv": [7.625, 1.375, 8.375, 1.5], "texture": "#gravedigger_head"},
				"up": {"uv": [7.625, 7.625, 8.375, 8.375], "texture": "#gravedigger_head"},
				"down": {"uv": [8.375, 8.375, 7.625, 7.625], "texture": "#gravedigger_head"}
			}
		},
		{
			"name": "gravedigger_head",
			"from": [7.625, 14.625, 7.75],
			"to": [8.375, 14.75, 8.25],
			"faces": {
				"north": {"uv": [7.625, 1.25, 8.375, 1.375], "texture": "#gravedigger_head"},
				"east": {"uv": [7.75, 1.25, 8.25, 1.375], "texture": "#gravedigger_head"},
				"south": {"uv": [7.625, 1.25, 8.375, 1.375], "texture": "#gravedigger_head"},
				"west": {"uv": [7.75, 1.25, 8.25, 1.375], "texture": "#gravedigger_head"},
				"up": {"uv": [7.625, 7.75, 8.375, 8.25], "texture": "#gravedigger_head"},
				"down": {"uv": [8.375, 8.25, 7.625, 7.75], "texture": "#gravedigger_head"}
			}
		},
		{
			"name": "gravedigger_head",
			"from": [7.625, 10.375, 8.375],
			"to": [8.375, 10.5, 9.625],
			"faces": {
				"north": {"uv": [7.625, 5.5, 8.375, 5.625], "texture": "#gravedigger_head"},
				"east": {"uv": [6.375, 5.5, 7.625, 5.625], "texture": "#gravedigger_head"},
				"south": {"uv": [7.625, 5.5, 8.375, 5.625], "texture": "#gravedigger_head"},
				"west": {"uv": [8.375, 5.5, 9.625, 5.625], "texture": "#gravedigger_head"},
				"up": {"uv": [7.625, 8.375, 8.375, 9.625], "texture": "#gravedigger_head"},
				"down": {"uv": [8.375, 9.625, 7.625, 8.375], "texture": "#gravedigger_head"}
			}
		},
		{
			"name": "gravedigger_head",
			"from": [7.625, 13.75, 8.375],
			"to": [8.375, 13.875, 9.125],
			"faces": {
				"north": {"uv": [7.625, 2.125, 8.375, 2.25], "texture": "#gravedigger_head"},
				"east": {"uv": [6.875, 2.125, 7.625, 2.25], "texture": "#gravedigger_head"},
				"south": {"uv": [7.625, 2.125, 8.375, 2.25], "texture": "#gravedigger_head"},
				"west": {"uv": [8.375, 2.125, 9.125, 2.25], "texture": "#gravedigger_head"},
				"up": {"uv": [7.625, 8.375, 8.375, 9.125], "texture": "#gravedigger_head"},
				"down": {"uv": [8.375, 9.125, 7.625, 8.375], "texture": "#gravedigger_head"}
			}
		},
		{
			"name": "gravedigger_head",
			"from": [7.625, 13.625, 8.75],
			"to": [8.375, 13.75, 9.25],
			"faces": {
				"north": {"uv": [7.625, 2.25, 8.375, 2.375], "texture": "#gravedigger_head"},
				"east": {"uv": [6.75, 2.25, 7.25, 2.375], "texture": "#gravedigger_head"},
				"south": {"uv": [7.625, 2.25, 8.375, 2.375], "texture": "#gravedigger_head"},
				"west": {"uv": [8.75, 2.25, 9.25, 2.375], "texture": "#gravedigger_head"},
				"up": {"uv": [7.625, 8.75, 8.375, 9.25], "texture": "#gravedigger_head"},
				"down": {"uv": [8.375, 9.25, 7.625, 8.75], "texture": "#gravedigger_head"}
			}
		},
		{
			"name": "gravedigger_head",
			"from": [7.625, 10.5, 8.875],
			"to": [8.375, 10.75, 9.625],
			"faces": {
				"north": {"uv": [7.625, 5.25, 8.375, 5.5], "texture": "#gravedigger_head"},
				"east": {"uv": [6.375, 5.25, 7.125, 5.5], "texture": "#gravedigger_head"},
				"south": {"uv": [7.625, 5.25, 8.375, 5.5], "texture": "#gravedigger_head"},
				"west": {"uv": [8.875, 5.25, 9.625, 5.5], "texture": "#gravedigger_head"},
				"up": {"uv": [7.625, 8.875, 8.375, 9.625], "texture": "#gravedigger_head"},
				"down": {"uv": [8.375, 9.625, 7.625, 8.875], "texture": "#gravedigger_head"}
			}
		},
		{
			"name": "gravedigger_head",
			"from": [7.625, 13.5, 8.875],
			"to": [8.375, 13.625, 9.25],
			"faces": {
				"north": {"uv": [7.625, 2.375, 8.375, 2.5], "texture": "#gravedigger_head"},
				"east": {"uv": [6.75, 2.375, 7.125, 2.5], "texture": "#gravedigger_head"},
				"south": {"uv": [7.625, 2.375, 8.375, 2.5], "texture": "#gravedigger_head"},
				"west": {"uv": [8.875, 2.375, 9.25, 2.5], "texture": "#gravedigger_head"},
				"up": {"uv": [7.625, 8.875, 8.375, 9.25], "texture": "#gravedigger_head"},
				"down": {"uv": [8.375, 9.25, 7.625, 8.875], "texture": "#gravedigger_head"}
			}
		},
		{
			"name": "gravedigger_head",
			"from": [7.625, 10.75, 9],
			"to": [8.375, 10.875, 9.625],
			"faces": {
				"north": {"uv": [7.625, 5.125, 8.375, 5.25], "texture": "#gravedigger_head"},
				"east": {"uv": [6.375, 5.125, 7, 5.25], "texture": "#gravedigger_head"},
				"south": {"uv": [7.625, 5.125, 8.375, 5.25], "texture": "#gravedigger_head"},
				"west": {"uv": [9, 5.125, 9.625, 5.25], "texture": "#gravedigger_head"},
				"up": {"uv": [7.625, 9, 8.375, 9.625], "texture": "#gravedigger_head"},
				"down": {"uv": [8.375, 9.625, 7.625, 9], "texture": "#gravedigger_head"}
			}
		},
		{
			"name": "gravedigger_head",
			"from": [7.625, 13.25, 9],
			"to": [8.375, 13.5, 9.375],
			"faces": {
				"north": {"uv": [7.625, 2.5, 8.375, 2.75], "texture": "#gravedigger_head"},
				"east": {"uv": [6.625, 2.5, 7, 2.75], "texture": "#gravedigger_head"},
				"south": {"uv": [7.625, 2.5, 8.375, 2.75], "texture": "#gravedigger_head"},
				"west": {"uv": [9, 2.5, 9.375, 2.75], "texture": "#gravedigger_head"},
				"up": {"uv": [7.625, 9, 8.375, 9.375], "texture": "#gravedigger_head"},
				"down": {"uv": [8.375, 9.375, 7.625, 9], "texture": "#gravedigger_head"}
			}
		},
		{
			"name": "gravedigger_head",
			"from": [7.625, 10.875, 9.125],
			"to": [8.375, 11, 9.625],
			"faces": {
				"north": {"uv": [7.625, 5, 8.375, 5.125], "texture": "#gravedigger_head"},
				"east": {"uv": [6.375, 5, 6.875, 5.125], "texture": "#gravedigger_head"},
				"south": {"uv": [7.625, 5, 8.375, 5.125], "texture": "#gravedigger_head"},
				"west": {"uv": [9.125, 5, 9.625, 5.125], "texture": "#gravedigger_head"},
				"up": {"uv": [7.625, 9.125, 8.375, 9.625], "texture": "#gravedigger_head"},
				"down": {"uv": [8.375, 9.625, 7.625, 9.125], "texture": "#gravedigger_head"}
			}
		},
		{
			"name": "gravedigger_head",
			"from": [7.625, 13.125, 9.125],
			"to": [8.375, 13.25, 9.5],
			"faces": {
				"north": {"uv": [7.625, 2.75, 8.375, 2.875], "texture": "#gravedigger_head"},
				"east": {"uv": [6.5, 2.75, 6.875, 2.875], "texture": "#gravedigger_head"},
				"south": {"uv": [7.625, 2.75, 8.375, 2.875], "texture": "#gravedigger_head"},
				"west": {"uv": [9.125, 2.75, 9.5, 2.875], "texture": "#gravedigger_head"},
				"up": {"uv": [7.625, 9.125, 8.375, 9.5], "texture": "#gravedigger_head"},
				"down": {"uv": [8.375, 9.5, 7.625, 9.125], "texture": "#gravedigger_head"}
			}
		},
		{
			"name": "gravedigger_head",
			"from": [7.625, 12.625, 9.25],
			"to": [8.375, 12.75, 9.625],
			"faces": {
				"north": {"uv": [7.625, 3.25, 8.375, 3.375], "texture": "#gravedigger_head"},
				"east": {"uv": [6.375, 3.25, 6.75, 3.375], "texture": "#gravedigger_head"},
				"south": {"uv": [7.625, 3.25, 8.375, 3.375], "texture": "#gravedigger_head"},
				"west": {"uv": [9.25, 3.25, 9.625, 3.375], "texture": "#gravedigger_head"},
				"up": {"uv": [7.625, 9.25, 8.375, 9.625], "texture": "#gravedigger_head"},
				"down": {"uv": [8.375, 9.625, 7.625, 9.25], "texture": "#gravedigger_head"}
			}
		},
		{
			"name": "gravedigger_head",
			"from": [7.625, 12.75, 9.25],
			"to": [8.375, 13.125, 9.5],
			"faces": {
				"north": {"uv": [7.625, 2.875, 8.375, 3.25], "texture": "#gravedigger_head"},
				"east": {"uv": [6.5, 2.875, 6.75, 3.25], "texture": "#gravedigger_head"},
				"south": {"uv": [7.625, 2.875, 8.375, 3.25], "texture": "#gravedigger_head"},
				"west": {"uv": [9.25, 2.875, 9.5, 3.25], "texture": "#gravedigger_head"},
				"up": {"uv": [7.625, 9.25, 8.375, 9.5], "texture": "#gravedigger_head"},
				"down": {"uv": [8.375, 9.5, 7.625, 9.25], "texture": "#gravedigger_head"}
			}
		},
		{
			"name": "gravedigger_head",
			"from": [7.625, 11, 9.375],
			"to": [8.375, 12.625, 9.625],
			"faces": {
				"north": {"uv": [7.625, 3.375, 8.375, 5], "texture": "#gravedigger_head"},
				"east": {"uv": [6.375, 3.375, 6.625, 5], "texture": "#gravedigger_head"},
				"south": {"uv": [7.625, 3.375, 8.375, 5], "texture": "#gravedigger_head"},
				"west": {"uv": [9.375, 3.375, 9.625, 5], "texture": "#gravedigger_head"},
				"up": {"uv": [7.625, 9.375, 8.375, 9.625], "texture": "#gravedigger_head"},
				"down": {"uv": [8.375, 9.625, 7.625, 9.375], "texture": "#gravedigger_head"}
			}
		},
		{
			"name": "gravedigger_head",
			"from": [7.75, 11, 6.625],
			"to": [8.125, 12.25, 9.375],
			"faces": {
				"north": {"uv": [7.875, 3.75, 8.25, 5], "texture": "#gravedigger_head"},
				"east": {"uv": [6.625, 3.75, 9.375, 5], "texture": "#gravedigger_head"},
				"south": {"uv": [7.75, 3.75, 8.125, 5], "texture": "#gravedigger_head"},
				"west": {"uv": [6.625, 3.75, 9.375, 5], "texture": "#gravedigger_head"},
				"up": {"uv": [7.75, 6.625, 8.125, 9.375], "texture": "#gravedigger_head"},
				"down": {"uv": [8.25, 9.375, 7.875, 6.625], "texture": "#gravedigger_head"}
			}
		},
		{
			"name": "gravedigger_head",
			"from": [7.75, 10.875, 6.875],
			"to": [8.25, 11, 9.125],
			"faces": {
				"north": {"uv": [7.75, 5, 8.25, 5.125], "texture": "#gravedigger_head"},
				"east": {"uv": [6.875, 5, 9.125, 5.125], "texture": "#gravedigger_head"},
				"south": {"uv": [7.75, 5, 8.25, 5.125], "texture": "#gravedigger_head"},
				"west": {"uv": [6.875, 5, 9.125, 5.125], "texture": "#gravedigger_head"},
				"up": {"uv": [7.75, 6.875, 8.25, 9.125], "texture": "#gravedigger_head"},
				"down": {"uv": [8.25, 9.125, 7.75, 6.875], "texture": "#gravedigger_head"}
			}
		},
		{
			"name": "gravedigger_head",
			"from": [7.75, 10.75, 7],
			"to": [8.25, 10.875, 9],
			"faces": {
				"north": {"uv": [7.75, 5.125, 8.25, 5.25], "texture": "#gravedigger_head"},
				"east": {"uv": [7, 5.125, 9, 5.25], "texture": "#gravedigger_head"},
				"south": {"uv": [7.75, 5.125, 8.25, 5.25], "texture": "#gravedigger_head"},
				"west": {"uv": [7, 5.125, 9, 5.25], "texture": "#gravedigger_head"},
				"up": {"uv": [7.75, 7, 8.25, 9], "texture": "#gravedigger_head"},
				"down": {"uv": [8.25, 9, 7.75, 7], "texture": "#gravedigger_head"}
			}
		},
		{
			"name": "gravedigger_head",
			"from": [7.75, 10.5, 7.125],
			"to": [8.25, 10.75, 8.875],
			"faces": {
				"north": {"uv": [7.75, 5.25, 8.25, 5.5], "texture": "#gravedigger_head"},
				"east": {"uv": [7.125, 5.25, 8.875, 5.5], "texture": "#gravedigger_head"},
				"south": {"uv": [7.75, 5.25, 8.25, 5.5], "texture": "#gravedigger_head"},
				"west": {"uv": [7.125, 5.25, 8.875, 5.5], "texture": "#gravedigger_head"},
				"up": {"uv": [7.75, 7.125, 8.25, 8.875], "texture": "#gravedigger_head"},
				"down": {"uv": [8.25, 8.875, 7.75, 7.125], "texture": "#gravedigger_head"}
			}
		},
		{
			"name": "gravedigger_head",
			"from": [7.75, 10.375, 7.625],
			"to": [8.25, 10.5, 8.375],
			"faces": {
				"north": {"uv": [7.75, 5.5, 8.25, 5.625], "texture": "#gravedigger_head"},
				"east": {"uv": [7.625, 5.5, 8.375, 5.625], "texture": "#gravedigger_head"},
				"south": {"uv": [7.75, 5.5, 8.25, 5.625], "texture": "#gravedigger_head"},
				"west": {"uv": [7.625, 5.5, 8.375, 5.625], "texture": "#gravedigger_head"},
				"up": {"uv": [7.75, 7.625, 8.25, 8.375], "texture": "#gravedigger_head"},
				"down": {"uv": [8.25, 8.375, 7.75, 7.625], "texture": "#gravedigger_head"}
			}
		},
		{
			"name": "gravedigger_head",
			"from": [7.875, 12.25, 6.625],
			"to": [8.125, 12.625, 9.375],
			"faces": {
				"north": {"uv": [7.875, 3.375, 8.125, 3.75], "texture": "#gravedigger_head"},
				"east": {"uv": [6.625, 3.375, 9.375, 3.75], "texture": "#gravedigger_head"},
				"south": {"uv": [7.875, 3.375, 8.125, 3.75], "texture": "#gravedigger_head"},
				"west": {"uv": [6.625, 3.375, 9.375, 3.75], "texture": "#gravedigger_head"},
				"up": {"uv": [7.875, 6.625, 8.125, 9.375], "texture": "#gravedigger_head"},
				"down": {"uv": [8.125, 9.375, 7.875, 6.625], "texture": "#gravedigger_head"}
			}
		},
		{
			"name": "gravedigger_head",
			"from": [7.875, 12.625, 6.75],
			"to": [8.125, 13.125, 9.25],
			"faces": {
				"north": {"uv": [7.875, 2.875, 8.125, 3.375], "texture": "#gravedigger_head"},
				"east": {"uv": [6.75, 2.875, 9.25, 3.375], "texture": "#gravedigger_head"},
				"south": {"uv": [7.875, 2.875, 8.125, 3.375], "texture": "#gravedigger_head"},
				"west": {"uv": [6.75, 2.875, 9.25, 3.375], "texture": "#gravedigger_head"},
				"up": {"uv": [7.875, 6.75, 8.125, 9.25], "texture": "#gravedigger_head"},
				"down": {"uv": [8.125, 9.25, 7.875, 6.75], "texture": "#gravedigger_head"}
			}
		},
		{
			"name": "gravedigger_head",
			"from": [7.875, 13.125, 6.875],
			"to": [8.125, 13.25, 9.125],
			"faces": {
				"north": {"uv": [7.875, 2.75, 8.125, 2.875], "texture": "#gravedigger_head"},
				"east": {"uv": [6.875, 2.75, 9.125, 2.875], "texture": "#gravedigger_head"},
				"south": {"uv": [7.875, 2.75, 8.125, 2.875], "texture": "#gravedigger_head"},
				"west": {"uv": [6.875, 2.75, 9.125, 2.875], "texture": "#gravedigger_head"},
				"up": {"uv": [7.875, 6.875, 8.125, 9.125], "texture": "#gravedigger_head"},
				"down": {"uv": [8.125, 9.125, 7.875, 6.875], "texture": "#gravedigger_head"}
			}
		},
		{
			"name": "gravedigger_head",
			"from": [7.875, 8, 7],
			"to": [8.125, 8.125, 7.125],
			"faces": {
				"north": {"uv": [7.875, 7.875, 8.125, 8], "texture": "#gravedigger_head"},
				"east": {"uv": [8.875, 7.875, 9, 8], "texture": "#gravedigger_head"},
				"south": {"uv": [7.875, 7.875, 8.125, 8], "texture": "#gravedigger_head"},
				"west": {"uv": [7, 7.875, 7.125, 8], "texture": "#gravedigger_head"},
				"up": {"uv": [7.875, 7, 8.125, 7.125], "texture": "#gravedigger_head"},
				"down": {"uv": [8.125, 7.125, 7.875, 7], "texture": "#gravedigger_head"}
			}
		},
		{
			"name": "gravedigger_head",
			"from": [7.875, 13.25, 7],
			"to": [8.125, 13.5, 9],
			"faces": {
				"north": {"uv": [7.875, 2.5, 8.125, 2.75], "texture": "#gravedigger_head"},
				"east": {"uv": [7, 2.5, 9, 2.75], "texture": "#gravedigger_head"},
				"south": {"uv": [7.875, 2.5, 8.125, 2.75], "texture": "#gravedigger_head"},
				"west": {"uv": [7, 2.5, 9, 2.75], "texture": "#gravedigger_head"},
				"up": {"uv": [7.875, 7, 8.125, 9], "texture": "#gravedigger_head"},
				"down": {"uv": [8.125, 9, 7.875, 7], "texture": "#gravedigger_head"}
			}
		},
		{
			"name": "gravedigger_head",
			"from": [7.875, 8.125, 7.125],
			"to": [8.125, 8.375, 7.25],
			"faces": {
				"north": {"uv": [7.875, 7.625, 8.125, 7.875], "texture": "#gravedigger_head"},
				"east": {"uv": [8.75, 7.625, 8.875, 7.875], "texture": "#gravedigger_head"},
				"south": {"uv": [7.875, 7.625, 8.125, 7.875], "texture": "#gravedigger_head"},
				"west": {"uv": [7.125, 7.625, 7.25, 7.875], "texture": "#gravedigger_head"},
				"up": {"uv": [7.875, 7.125, 8.125, 7.25], "texture": "#gravedigger_head"},
				"down": {"uv": [8.125, 7.25, 7.875, 7.125], "texture": "#gravedigger_head"}
			}
		},
		{
			"name": "gravedigger_head",
			"from": [7.875, 13.5, 7.125],
			"to": [8.125, 13.625, 8.875],
			"faces": {
				"north": {"uv": [7.875, 2.375, 8.125, 2.5], "texture": "#gravedigger_head"},
				"east": {"uv": [7.125, 2.375, 8.875, 2.5], "texture": "#gravedigger_head"},
				"south": {"uv": [7.875, 2.375, 8.125, 2.5], "texture": "#gravedigger_head"},
				"west": {"uv": [7.125, 2.375, 8.875, 2.5], "texture": "#gravedigger_head"},
				"up": {"uv": [7.875, 7.125, 8.125, 8.875], "texture": "#gravedigger_head"},
				"down": {"uv": [8.125, 8.875, 7.875, 7.125], "texture": "#gravedigger_head"}
			}
		},
		{
			"name": "gravedigger_head",
			"from": [7.875, 8.25, 7.25],
			"to": [8.125, 8.5, 7.75],
			"faces": {
				"north": {"uv": [7.875, 7.5, 8.125, 7.75], "texture": "#gravedigger_head"},
				"east": {"uv": [8.25, 7.5, 8.75, 7.75], "texture": "#gravedigger_head"},
				"south": {"uv": [7.875, 7.5, 8.125, 7.75], "texture": "#gravedigger_head"},
				"west": {"uv": [7.25, 7.5, 7.75, 7.75], "texture": "#gravedigger_head"},
				"up": {"uv": [7.875, 7.25, 8.125, 7.75], "texture": "#gravedigger_head"},
				"down": {"uv": [8.125, 7.75, 7.875, 7.25], "texture": "#gravedigger_head"}
			}
		},
		{
			"name": "gravedigger_head",
			"from": [7.875, 13.625, 7.25],
			"to": [8.125, 13.75, 8.75],
			"faces": {
				"north": {"uv": [7.875, 2.25, 8.125, 2.375], "texture": "#gravedigger_head"},
				"east": {"uv": [7.25, 2.25, 8.75, 2.375], "texture": "#gravedigger_head"},
				"south": {"uv": [7.875, 2.25, 8.125, 2.375], "texture": "#gravedigger_head"},
				"west": {"uv": [7.25, 2.25, 8.75, 2.375], "texture": "#gravedigger_head"},
				"up": {"uv": [7.875, 7.25, 8.125, 8.75], "texture": "#gravedigger_head"},
				"down": {"uv": [8.125, 8.75, 7.875, 7.25], "texture": "#gravedigger_head"}
			}
		},
		{
			"name": "gravedigger_head",
			"from": [7.875, 8.5, 7.375],
			"to": [8.125, 8.625, 7.75],
			"faces": {
				"north": {"uv": [7.875, 7.375, 8.125, 7.5], "texture": "#gravedigger_head"},
				"east": {"uv": [8.25, 7.375, 8.625, 7.5], "texture": "#gravedigger_head"},
				"south": {"uv": [7.875, 7.375, 8.125, 7.5], "texture": "#gravedigger_head"},
				"west": {"uv": [7.375, 7.375, 7.75, 7.5], "texture": "#gravedigger_head"},
				"up": {"uv": [7.875, 7.375, 8.125, 7.75], "texture": "#gravedigger_head"},
				"down": {"uv": [8.125, 7.75, 7.875, 7.375], "texture": "#gravedigger_head"}
			}
		},
		{
			"name": "gravedigger_head",
			"from": [7.875, 8.625, 7.5],
			"to": [8.125, 8.75, 7.75],
			"faces": {
				"north": {"uv": [7.875, 7.25, 8.125, 7.375], "texture": "#gravedigger_head"},
				"east": {"uv": [8.25, 7.25, 8.5, 7.375], "texture": "#gravedigger_head"},
				"south": {"uv": [7.875, 7.25, 8.125, 7.375], "texture": "#gravedigger_head"},
				"west": {"uv": [7.5, 7.25, 7.75, 7.375], "texture": "#gravedigger_head"},
				"up": {"uv": [7.875, 7.5, 8.125, 7.75], "texture": "#gravedigger_head"},
				"down": {"uv": [8.125, 7.75, 7.875, 7.5], "texture": "#gravedigger_head"}
			}
		},
		{
			"name": "gravedigger_head",
			"from": [7.875, 7.5, 7.625],
			"to": [8.125, 8.25, 7.75],
			"faces": {
				"north": {"uv": [7.875, 7.75, 8.125, 8.5], "texture": "#gravedigger_head"},
				"east": {"uv": [8.25, 7.75, 8.375, 8.5], "texture": "#gravedigger_head"},
				"south": {"uv": [7.875, 7.75, 8.125, 8.5], "texture": "#gravedigger_head"},
				"west": {"uv": [7.625, 7.75, 7.75, 8.5], "texture": "#gravedigger_head"},
				"up": {"uv": [7.875, 7.625, 8.125, 7.75], "texture": "#gravedigger_head"},
				"down": {"uv": [8.125, 7.75, 7.875, 7.625], "texture": "#gravedigger_head"}
			}
		},
		{
			"name": "gravedigger_head",
			"from": [7.875, 13.75, 7.625],
			"to": [8.125, 13.875, 8.375],
			"faces": {
				"north": {"uv": [7.875, 2.125, 8.125, 2.25], "texture": "#gravedigger_head"},
				"east": {"uv": [7.625, 2.125, 8.375, 2.25], "texture": "#gravedigger_head"},
				"south": {"uv": [7.875, 2.125, 8.125, 2.25], "texture": "#gravedigger_head"},
				"west": {"uv": [7.625, 2.125, 8.375, 2.25], "texture": "#gravedigger_head"},
				"up": {"uv": [7.875, 7.625, 8.125, 8.375], "texture": "#gravedigger_head"},
				"down": {"uv": [8.125, 8.375, 7.875, 7.625], "texture": "#gravedigger_head"}
			}
		},
		{
			"name": "gravedigger_head",
			"from": [7.875, 7.5, 8.25],
			"to": [8.125, 8.75, 8.375],
			"faces": {
				"north": {"uv": [7.875, 7.25, 8.125, 8.5], "texture": "#gravedigger_head"},
				"east": {"uv": [7.625, 7.25, 7.75, 8.5], "texture": "#gravedigger_head"},
				"south": {"uv": [7.875, 7.25, 8.125, 8.5], "texture": "#gravedigger_head"},
				"west": {"uv": [8.25, 7.25, 8.375, 8.5], "texture": "#gravedigger_head"},
				"up": {"uv": [7.875, 8.25, 8.125, 8.375], "texture": "#gravedigger_head"},
				"down": {"uv": [8.125, 8.375, 7.875, 8.25], "texture": "#gravedigger_head"}
			}
		},
		{
			"name": "gravedigger_head",
			"from": [7.875, 8.25, 8.375],
			"to": [8.125, 8.375, 8.875],
			"faces": {
				"north": {"uv": [7.875, 7.625, 8.125, 7.75], "texture": "#gravedigger_head"},
				"east": {"uv": [7.125, 7.625, 7.625, 7.75], "texture": "#gravedigger_head"},
				"south": {"uv": [7.875, 7.625, 8.125, 7.75], "texture": "#gravedigger_head"},
				"west": {"uv": [8.375, 7.625, 8.875, 7.75], "texture": "#gravedigger_head"},
				"up": {"uv": [7.875, 8.375, 8.125, 8.875], "texture": "#gravedigger_head"},
				"down": {"uv": [8.125, 8.875, 7.875, 8.375], "texture": "#gravedigger_head"}
			}
		},
		{
			"name": "gravedigger_head",
			"from": [7.875, 8.375, 8.375],
			"to": [8.125, 8.5, 8.75],
			"faces": {
				"north": {"uv": [7.875, 7.5, 8.125, 7.625], "texture": "#gravedigger_head"},
				"east": {"uv": [7.25, 7.5, 7.625, 7.625], "texture": "#gravedigger_head"},
				"south": {"uv": [7.875, 7.5, 8.125, 7.625], "texture": "#gravedigger_head"},
				"west": {"uv": [8.375, 7.5, 8.75, 7.625], "texture": "#gravedigger_head"},
				"up": {"uv": [7.875, 8.375, 8.125, 8.75], "texture": "#gravedigger_head"},
				"down": {"uv": [8.125, 8.75, 7.875, 8.375], "texture": "#gravedigger_head"}
			}
		},
		{
			"name": "gravedigger_head",
			"from": [7.875, 8.5, 8.375],
			"to": [8.125, 8.625, 8.625],
			"faces": {
				"north": {"uv": [7.875, 7.375, 8.125, 7.5], "texture": "#gravedigger_head"},
				"east": {"uv": [7.375, 7.375, 7.625, 7.5], "texture": "#gravedigger_head"},
				"south": {"uv": [7.875, 7.375, 8.125, 7.5], "texture": "#gravedigger_head"},
				"west": {"uv": [8.375, 7.375, 8.625, 7.5], "texture": "#gravedigger_head"},
				"up": {"uv": [7.875, 8.375, 8.125, 8.625], "texture": "#gravedigger_head"},
				"down": {"uv": [8.125, 8.625, 7.875, 8.375], "texture": "#gravedigger_head"}
			}
		},
		{
			"name": "gravedigger_head",
			"from": [7.875, 8.625, 8.375],
			"to": [8.125, 8.75, 8.5],
			"faces": {
				"north": {"uv": [7.875, 7.25, 8.125, 7.375], "texture": "#gravedigger_head"},
				"east": {"uv": [7.5, 7.25, 7.625, 7.375], "texture": "#gravedigger_head"},
				"south": {"uv": [7.875, 7.25, 8.125, 7.375], "texture": "#gravedigger_head"},
				"west": {"uv": [8.375, 7.25, 8.5, 7.375], "texture": "#gravedigger_head"},
				"up": {"uv": [7.875, 8.375, 8.125, 8.5], "texture": "#gravedigger_head"},
				"down": {"uv": [8.125, 8.5, 7.875, 8.375], "texture": "#gravedigger_head"}
			}
		},
		{
			"name": "gravedigger_head",
			"from": [7.875, 8.125, 8.75],
			"to": [8.125, 8.25, 8.875],
			"faces": {
				"north": {"uv": [7.875, 7.75, 8.125, 7.875], "texture": "#gravedigger_head"},
				"east": {"uv": [7.125, 7.75, 7.25, 7.875], "texture": "#gravedigger_head"},
				"south": {"uv": [7.875, 7.75, 8.125, 7.875], "texture": "#gravedigger_head"},
				"west": {"uv": [8.75, 7.75, 8.875, 7.875], "texture": "#gravedigger_head"},
				"up": {"uv": [7.875, 8.75, 8.125, 8.875], "texture": "#gravedigger_head"},
				"down": {"uv": [8.125, 8.875, 7.875, 8.75], "texture": "#gravedigger_head"}
			}
		},
		{
			"name": "gravedigger_head",
			"from": [7.875, 8, 8.875],
			"to": [8.125, 8.125, 9],
			"faces": {
				"north": {"uv": [7.875, 7.875, 8.125, 8], "texture": "#gravedigger_head"},
				"east": {"uv": [7, 7.875, 7.125, 8], "texture": "#gravedigger_head"},
				"south": {"uv": [7.875, 7.875, 8.125, 8], "texture": "#gravedigger_head"},
				"west": {"uv": [8.875, 7.875, 9, 8], "texture": "#gravedigger_head"},
				"up": {"uv": [7.875, 8.875, 8.125, 9], "texture": "#gravedigger_head"},
				"down": {"uv": [8.125, 9, 7.875, 8.875], "texture": "#gravedigger_head"}
			}
		},
		{
			"name": "gravedigger_head",
			"from": [8.125, 11, 6.625],
			"to": [8.25, 12, 9.375],
			"faces": {
				"north": {"uv": [7.75, 4, 7.875, 5], "texture": "#gravedigger_head"},
				"east": {"uv": [6.625, 4, 9.375, 5], "texture": "#gravedigger_head"},
				"south": {"uv": [8.125, 4, 8.25, 5], "texture": "#gravedigger_head"},
				"west": {"uv": [6.625, 4, 9.375, 5], "texture": "#gravedigger_head"},
				"up": {"uv": [8.125, 6.625, 8.25, 9.375], "texture": "#gravedigger_head"},
				"down": {"uv": [7.875, 9.375, 7.75, 6.625], "texture": "#gravedigger_head"}
			}
		},
		{
			"name": "gravedigger_head",
			"from": [8.125, 12, 6.625],
			"to": [8.25, 12.125, 8.625],
			"faces": {
				"north": {"uv": [7.75, 3.875, 7.875, 4], "texture": "#gravedigger_head"},
				"east": {"uv": [7.375, 3.875, 9.375, 4], "texture": "#gravedigger_head"},
				"south": {"uv": [8.125, 3.875, 8.25, 4], "texture": "#gravedigger_head"},
				"west": {"uv": [6.625, 3.875, 8.625, 4], "texture": "#gravedigger_head"},
				"up": {"uv": [8.125, 6.625, 8.25, 8.625], "texture": "#gravedigger_head"},
				"down": {"uv": [7.875, 8.625, 7.75, 6.625], "texture": "#gravedigger_head"}
			}
		},
		{
			"name": "gravedigger_head",
			"from": [8.125, 12.125, 6.625],
			"to": [8.25, 12.25, 7.75],
			"faces": {
				"north": {"uv": [7.75, 3.75, 7.875, 3.875], "texture": "#gravedigger_head"},
				"east": {"uv": [8.25, 3.75, 9.375, 3.875], "texture": "#gravedigger_head"},
				"south": {"uv": [8.125, 3.75, 8.25, 3.875], "texture": "#gravedigger_head"},
				"west": {"uv": [6.625, 3.75, 7.75, 3.875], "texture": "#gravedigger_head"},
				"up": {"uv": [8.125, 6.625, 8.25, 7.75], "texture": "#gravedigger_head"},
				"down": {"uv": [7.875, 7.75, 7.75, 6.625], "texture": "#gravedigger_head"}
			}
		},
		{
			"name": "gravedigger_head",
			"from": [8.125, 12, 9.125],
			"to": [8.25, 12.125, 9.375],
			"faces": {
				"north": {"uv": [7.75, 3.875, 7.875, 4], "texture": "#gravedigger_head"},
				"east": {"uv": [6.625, 3.875, 6.875, 4], "texture": "#gravedigger_head"},
				"south": {"uv": [8.125, 3.875, 8.25, 4], "texture": "#gravedigger_head"},
				"west": {"uv": [9.125, 3.875, 9.375, 4], "texture": "#gravedigger_head"},
				"up": {"uv": [8.125, 9.125, 8.25, 9.375], "texture": "#gravedigger_head"},
				"down": {"uv": [7.875, 9.375, 7.75, 9.125], "texture": "#gravedigger_head"}
			}
		},
		{
			"name": "gravedigger_acces",
			"from": [6.875, 14, 6.875],
			"to": [7, 14.125, 7.125],
			"faces": {
				"north": {"uv": [9, 1.875, 9.125, 2], "texture": "#gravedigger_accessory"},
				"east": {"uv": [8.875, 1.875, 9.125, 2], "texture": "#gravedigger_accessory"},
				"south": {"uv": [6.875, 1.875, 7, 2], "texture": "#gravedigger_accessory"},
				"west": {"uv": [6.875, 1.875, 7.125, 2], "texture": "#gravedigger_accessory"},
				"up": {"uv": [6.875, 6.875, 7, 7.125], "texture": "#gravedigger_accessory"},
				"down": {"uv": [9.125, 7.125, 9, 6.875], "texture": "#gravedigger_accessory"}
			}
		},
		{
			"name": "gravedigger_acces",
			"from": [6.875, 14.375, 7.875],
			"to": [7, 14.5, 8.125],
			"faces": {
				"north": {"uv": [9, 1.5, 9.125, 1.625], "texture": "#gravedigger_accessory"},
				"east": {"uv": [7.875, 1.5, 8.125, 1.625], "texture": "#gravedigger_accessory"},
				"south": {"uv": [6.875, 1.5, 7, 1.625], "texture": "#gravedigger_accessory"},
				"west": {"uv": [7.875, 1.5, 8.125, 1.625], "texture": "#gravedigger_accessory"},
				"up": {"uv": [6.875, 7.875, 7, 8.125], "texture": "#gravedigger_accessory"},
				"down": {"uv": [9.125, 8.125, 9, 7.875], "texture": "#gravedigger_accessory"}
			}
		},
		{
			"name": "gravedigger_acces",
			"from": [6.875, 14, 8.875],
			"to": [7, 14.125, 9.125],
			"faces": {
				"north": {"uv": [9, 1.875, 9.125, 2], "texture": "#gravedigger_accessory"},
				"east": {"uv": [6.875, 1.875, 7.125, 2], "texture": "#gravedigger_accessory"},
				"south": {"uv": [6.875, 1.875, 7, 2], "texture": "#gravedigger_accessory"},
				"west": {"uv": [8.875, 1.875, 9.125, 2], "texture": "#gravedigger_accessory"},
				"up": {"uv": [6.875, 8.875, 7, 9.125], "texture": "#gravedigger_accessory"},
				"down": {"uv": [9.125, 9.125, 9, 8.875], "texture": "#gravedigger_accessory"}
			}
		},
		{
			"name": "gravedigger_acces",
			"from": [7, 14, 6.875],
			"to": [7.125, 14.25, 7],
			"faces": {
				"north": {"uv": [8.875, 1.75, 9, 2], "texture": "#gravedigger_accessory"},
				"east": {"uv": [9, 1.75, 9.125, 2], "texture": "#gravedigger_accessory"},
				"south": {"uv": [7, 1.75, 7.125, 2], "texture": "#gravedigger_accessory"},
				"west": {"uv": [6.875, 1.75, 7, 2], "texture": "#gravedigger_accessory"},
				"up": {"uv": [7, 6.875, 7.125, 7], "texture": "#gravedigger_accessory"},
				"down": {"uv": [9, 7, 8.875, 6.875], "texture": "#gravedigger_accessory"}
			}
		},
		{
			"name": "gravedigger_acces",
			"from": [7, 14.125, 7],
			"to": [7.125, 14.25, 7.125],
			"faces": {
				"north": {"uv": [8.875, 1.75, 9, 1.875], "texture": "#gravedigger_accessory"},
				"east": {"uv": [8.875, 1.75, 9, 1.875], "texture": "#gravedigger_accessory"},
				"south": {"uv": [7, 1.75, 7.125, 1.875], "texture": "#gravedigger_accessory"},
				"west": {"uv": [7, 1.75, 7.125, 1.875], "texture": "#gravedigger_accessory"},
				"up": {"uv": [7, 7, 7.125, 7.125], "texture": "#gravedigger_accessory"},
				"down": {"uv": [9, 7.125, 8.875, 7], "texture": "#gravedigger_accessory"}
			}
		},
		{
			"name": "gravedigger_acces",
			"from": [7, 14.5, 7.875],
			"to": [7.125, 14.625, 8.125],
			"faces": {
				"north": {"uv": [8.875, 1.375, 9, 1.5], "texture": "#gravedigger_accessory"},
				"east": {"uv": [7.875, 1.375, 8.125, 1.5], "texture": "#gravedigger_accessory"},
				"south": {"uv": [7, 1.375, 7.125, 1.5], "texture": "#gravedigger_accessory"},
				"west": {"uv": [7.875, 1.375, 8.125, 1.5], "texture": "#gravedigger_accessory"},
				"up": {"uv": [7, 7.875, 7.125, 8.125], "texture": "#gravedigger_accessory"},
				"down": {"uv": [9, 8.125, 8.875, 7.875], "texture": "#gravedigger_accessory"}
			}
		},
		{
			"name": "gravedigger_acces",
			"from": [7, 14.125, 8.875],
			"to": [7.125, 14.25, 9.125],
			"faces": {
				"north": {"uv": [8.875, 1.75, 9, 1.875], "texture": "#gravedigger_accessory"},
				"east": {"uv": [6.875, 1.75, 7.125, 1.875], "texture": "#gravedigger_accessory"},
				"south": {"uv": [7, 1.75, 7.125, 1.875], "texture": "#gravedigger_accessory"},
				"west": {"uv": [8.875, 1.75, 9.125, 1.875], "texture": "#gravedigger_accessory"},
				"up": {"uv": [7, 8.875, 7.125, 9.125], "texture": "#gravedigger_accessory"},
				"down": {"uv": [9, 9.125, 8.875, 8.875], "texture": "#gravedigger_accessory"}
			}
		},
		{
			"name": "gravedigger_acces",
			"from": [7, 14, 9],
			"to": [7.125, 14.125, 9.125],
			"faces": {
				"north": {"uv": [8.875, 1.875, 9, 2], "texture": "#gravedigger_accessory"},
				"east": {"uv": [6.875, 1.875, 7, 2], "texture": "#gravedigger_accessory"},
				"south": {"uv": [7, 1.875, 7.125, 2], "texture": "#gravedigger_accessory"},
				"west": {"uv": [9, 1.875, 9.125, 2], "texture": "#gravedigger_accessory"},
				"up": {"uv": [7, 9, 7.125, 9.125], "texture": "#gravedigger_accessory"},
				"down": {"uv": [9, 9.125, 8.875, 9], "texture": "#gravedigger_accessory"}
			}
		},
		{
			"name": "gravedigger_acces",
			"from": [7.125, 14.125, 6.875],
			"to": [7.25, 14.375, 7],
			"faces": {
				"north": {"uv": [8.75, 1.625, 8.875, 1.875], "texture": "#gravedigger_accessory"},
				"east": {"uv": [9, 1.625, 9.125, 1.875], "texture": "#gravedigger_accessory"},
				"south": {"uv": [7.125, 1.625, 7.25, 1.875], "texture": "#gravedigger_accessory"},
				"west": {"uv": [6.875, 1.625, 7, 1.875], "texture": "#gravedigger_accessory"},
				"up": {"uv": [7.125, 6.875, 7.25, 7], "texture": "#gravedigger_accessory"},
				"down": {"uv": [8.875, 7, 8.75, 6.875], "texture": "#gravedigger_accessory"}
			}
		},
		{
			"name": "gravedigger_acces",
			"from": [7.125, 14.25, 7],
			"to": [8.875, 14.375, 7.125],
			"faces": {
				"north": {"uv": [7.125, 1.625, 8.875, 1.75], "texture": "#gravedigger_accessory"},
				"east": {"uv": [8.875, 1.625, 9, 1.75], "texture": "#gravedigger_accessory"},
				"south": {"uv": [7.125, 1.625, 8.875, 1.75], "texture": "#gravedigger_accessory"},
				"west": {"uv": [7, 1.625, 7.125, 1.75], "texture": "#gravedigger_accessory"},
				"up": {"uv": [7.125, 7, 8.875, 7.125], "texture": "#gravedigger_accessory"},
				"down": {"uv": [8.875, 7.125, 7.125, 7], "texture": "#gravedigger_accessory"}
			}
		},
		{
			"name": "gravedigger_acces",
			"from": [7.125, 14.625, 7.875],
			"to": [8.875, 14.75, 8.125],
			"faces": {
				"north": {"uv": [7.125, 1.25, 8.875, 1.375], "texture": "#gravedigger_accessory"},
				"east": {"uv": [7.875, 1.25, 8.125, 1.375], "texture": "#gravedigger_accessory"},
				"south": {"uv": [7.125, 1.25, 8.875, 1.375], "texture": "#gravedigger_accessory"},
				"west": {"uv": [7.875, 1.25, 8.125, 1.375], "texture": "#gravedigger_accessory"},
				"up": {"uv": [7.125, 7.875, 8.875, 8.125], "texture": "#gravedigger_accessory"},
				"down": {"uv": [8.875, 8.125, 7.125, 7.875], "texture": "#gravedigger_accessory"}
			}
		},
		{
			"name": "gravedigger_acces",
			"from": [7.125, 14.25, 8.875],
			"to": [8.875, 14.375, 9.125],
			"faces": {
				"north": {"uv": [7.125, 1.625, 8.875, 1.75], "texture": "#gravedigger_accessory"},
				"east": {"uv": [6.875, 1.625, 7.125, 1.75], "texture": "#gravedigger_accessory"},
				"south": {"uv": [7.125, 1.625, 8.875, 1.75], "texture": "#gravedigger_accessory"},
				"west": {"uv": [8.875, 1.625, 9.125, 1.75], "texture": "#gravedigger_accessory"},
				"up": {"uv": [7.125, 8.875, 8.875, 9.125], "texture": "#gravedigger_accessory"},
				"down": {"uv": [8.875, 9.125, 7.125, 8.875], "texture": "#gravedigger_accessory"}
			}
		},
		{
			"name": "gravedigger_acces",
			"from": [7.125, 14.125, 9],
			"to": [7.25, 14.25, 9.125],
			"faces": {
				"north": {"uv": [8.75, 1.75, 8.875, 1.875], "texture": "#gravedigger_accessory"},
				"east": {"uv": [6.875, 1.75, 7, 1.875], "texture": "#gravedigger_accessory"},
				"south": {"uv": [7.125, 1.75, 7.25, 1.875], "texture": "#gravedigger_accessory"},
				"west": {"uv": [9, 1.75, 9.125, 1.875], "texture": "#gravedigger_accessory"},
				"up": {"uv": [7.125, 9, 7.25, 9.125], "texture": "#gravedigger_accessory"},
				"down": {"uv": [8.875, 9.125, 8.75, 9], "texture": "#gravedigger_accessory"}
			}
		},
		{
			"name": "gravedigger_acces",
			"from": [7.25, 14.25, 6.875],
			"to": [8.75, 14.5, 7],
			"faces": {
				"north": {"uv": [7.25, 1.5, 8.75, 1.75], "texture": "#gravedigger_accessory"},
				"east": {"uv": [9, 1.5, 9.125, 1.75], "texture": "#gravedigger_accessory"},
				"south": {"uv": [7.25, 1.5, 8.75, 1.75], "texture": "#gravedigger_accessory"},
				"west": {"uv": [6.875, 1.5, 7, 1.75], "texture": "#gravedigger_accessory"},
				"up": {"uv": [7.25, 6.875, 8.75, 7], "texture": "#gravedigger_accessory"},
				"down": {"uv": [8.75, 7, 7.25, 6.875], "texture": "#gravedigger_accessory"}
			}
		},
		{
			"name": "gravedigger_acces",
			"from": [7.25, 14.375, 7],
			"to": [8.75, 14.5, 7.125],
			"faces": {
				"north": {"uv": [7.25, 1.5, 8.75, 1.625], "texture": "#gravedigger_accessory"},
				"east": {"uv": [8.875, 1.5, 9, 1.625], "texture": "#gravedigger_accessory"},
				"south": {"uv": [7.25, 1.5, 8.75, 1.625], "texture": "#gravedigger_accessory"},
				"west": {"uv": [7, 1.5, 7.125, 1.625], "texture": "#gravedigger_accessory"},
				"up": {"uv": [7.25, 7, 8.75, 7.125], "texture": "#gravedigger_accessory"},
				"down": {"uv": [8.75, 7.125, 7.25, 7], "texture": "#gravedigger_accessory"}
			}
		},
		{
			"name": "gravedigger_acces",
			"from": [7.25, 9.625, 7.375],
			"to": [8.75, 10.125, 8.625],
			"faces": {
				"north": {"uv": [7.25, 5.875, 8.75, 6.375], "texture": "#gravedigger_accessory"},
				"east": {"uv": [7.375, 5.875, 8.625, 6.375], "texture": "#gravedigger_accessory"},
				"south": {"uv": [7.25, 5.875, 8.75, 6.375], "texture": "#gravedigger_accessory"},
				"west": {"uv": [7.375, 5.875, 8.625, 6.375], "texture": "#gravedigger_accessory"},
				"up": {"uv": [7.25, 7.375, 8.75, 8.625], "texture": "#gravedigger_accessory"},
				"down": {"uv": [8.75, 8.625, 7.25, 7.375], "texture": "#gravedigger_accessory"}
			}
		},
		{
			"name": "gravedigger_acces",
			"from": [7.25, 10.125, 7.5],
			"to": [8.75, 10.25, 8.5],
			"faces": {
				"north": {"uv": [7.25, 5.75, 8.75, 5.875], "texture": "#gravedigger_accessory"},
				"east": {"uv": [7.5, 5.75, 8.5, 5.875], "texture": "#gravedigger_accessory"},
				"south": {"uv": [7.25, 5.75, 8.75, 5.875], "texture": "#gravedigger_accessory"},
				"west": {"uv": [7.5, 5.75, 8.5, 5.875], "texture": "#gravedigger_accessory"},
				"up": {"uv": [7.25, 7.5, 8.75, 8.5], "texture": "#gravedigger_accessory"},
				"down": {"uv": [8.75, 8.5, 7.25, 7.5], "texture": "#gravedigger_accessory"}
			}
		},
		{
			"name": "gravedigger_acces",
			"from": [7.25, 9.5, 7.75],
			"to": [8.75, 9.625, 8.25],
			"faces": {
				"north": {"uv": [7.25, 6.375, 8.75, 6.5], "texture": "#gravedigger_accessory"},
				"east": {"uv": [7.75, 6.375, 8.25, 6.5], "texture": "#gravedigger_accessory"},
				"south": {"uv": [7.25, 6.375, 8.75, 6.5], "texture": "#gravedigger_accessory"},
				"west": {"uv": [7.75, 6.375, 8.25, 6.5], "texture": "#gravedigger_accessory"},
				"up": {"uv": [7.25, 7.75, 8.75, 8.25], "texture": "#gravedigger_accessory"},
				"down": {"uv": [8.75, 8.25, 7.25, 7.75], "texture": "#gravedigger_accessory"}
			}
		},
		{
			"name": "gravedigger_acces",
			"from": [7.25, 14.375, 7.875],
			"to": [8.75, 14.5, 8.125],
			"faces": {
				"north": {"uv": [7.25, 1.5, 8.75, 1.625], "texture": "#gravedigger_accessory"},
				"east": {"uv": [7.875, 1.5, 8.125, 1.625], "texture": "#gravedigger_accessory"},
				"south": {"uv": [7.25, 1.5, 8.75, 1.625], "texture": "#gravedigger_accessory"},
				"west": {"uv": [7.875, 1.5, 8.125, 1.625], "texture": "#gravedigger_accessory"},
				"up": {"uv": [7.25, 7.875, 8.75, 8.125], "texture": "#gravedigger_accessory"},
				"down": {"uv": [8.75, 8.125, 7.25, 7.875], "texture": "#gravedigger_accessory"}
			}
		},
		{
			"name": "gravedigger_acces",
			"from": [7.25, 14.75, 7.875],
			"to": [8.75, 14.875, 8.125],
			"faces": {
				"north": {"uv": [7.25, 1.125, 8.75, 1.25], "texture": "#gravedigger_accessory"},
				"east": {"uv": [7.875, 1.125, 8.125, 1.25], "texture": "#gravedigger_accessory"},
				"south": {"uv": [7.25, 1.125, 8.75, 1.25], "texture": "#gravedigger_accessory"},
				"west": {"uv": [7.875, 1.125, 8.125, 1.25], "texture": "#gravedigger_accessory"},
				"up": {"uv": [7.25, 7.875, 8.75, 8.125], "texture": "#gravedigger_accessory"},
				"down": {"uv": [8.75, 8.125, 7.25, 7.875], "texture": "#gravedigger_accessory"}
			}
		},
		{
			"name": "gravedigger_acces",
			"from": [7.25, 14.375, 8.875],
			"to": [8.75, 14.5, 9.125],
			"faces": {
				"north": {"uv": [7.25, 1.5, 8.75, 1.625], "texture": "#gravedigger_accessory"},
				"east": {"uv": [6.875, 1.5, 7.125, 1.625], "texture": "#gravedigger_accessory"},
				"south": {"uv": [7.25, 1.5, 8.75, 1.625], "texture": "#gravedigger_accessory"},
				"west": {"uv": [8.875, 1.5, 9.125, 1.625], "texture": "#gravedigger_accessory"},
				"up": {"uv": [7.25, 8.875, 8.75, 9.125], "texture": "#gravedigger_accessory"},
				"down": {"uv": [8.75, 9.125, 7.25, 8.875], "texture": "#gravedigger_accessory"}
			}
		},
		{
			"name": "gravedigger_acces",
			"from": [7.375, 9.625, 6.625],
			"to": [8.625, 10.125, 7.375],
			"faces": {
				"north": {"uv": [7.375, 5.875, 8.625, 6.375], "texture": "#gravedigger_accessory"},
				"east": {"uv": [8.625, 5.875, 9.375, 6.375], "texture": "#gravedigger_accessory"},
				"south": {"uv": [7.375, 5.875, 8.625, 6.375], "texture": "#gravedigger_accessory"},
				"west": {"uv": [6.625, 5.875, 7.375, 6.375], "texture": "#gravedigger_accessory"},
				"up": {"uv": [7.375, 6.625, 8.625, 7.375], "texture": "#gravedigger_accessory"},
				"down": {"uv": [8.625, 7.375, 7.375, 6.625], "texture": "#gravedigger_accessory"}
			}
		},
		{
			"name": "gravedigger_acces",
			"from": [7.375, 14.5, 6.75],
			"to": [8.625, 14.625, 7],
			"faces": {
				"north": {"uv": [7.375, 1.375, 8.625, 1.5], "texture": "#gravedigger_accessory"},
				"east": {"uv": [9, 1.375, 9.25, 1.5], "texture": "#gravedigger_accessory"},
				"south": {"uv": [7.375, 1.375, 8.625, 1.5], "texture": "#gravedigger_accessory"},
				"west": {"uv": [6.75, 1.375, 7, 1.5], "texture": "#gravedigger_accessory"},
				"up": {"uv": [7.375, 6.75, 8.625, 7], "texture": "#gravedigger_accessory"},
				"down": {"uv": [8.625, 7, 7.375, 6.75], "texture": "#gravedigger_accessory"}
			}
		},
		{
			"name": "gravedigger_acces",
			"from": [7.375, 14.125, 6.875],
			"to": [8.625, 14.25, 7.125],
			"faces": {
				"north": {"uv": [7.375, 1.75, 8.625, 1.875], "texture": "#gravedigger_accessory"},
				"east": {"uv": [8.875, 1.75, 9.125, 1.875], "texture": "#gravedigger_accessory"},
				"south": {"uv": [7.375, 1.75, 8.625, 1.875], "texture": "#gravedigger_accessory"},
				"west": {"uv": [6.875, 1.75, 7.125, 1.875], "texture": "#gravedigger_accessory"},
				"up": {"uv": [7.375, 6.875, 8.625, 7.125], "texture": "#gravedigger_accessory"},
				"down": {"uv": [8.625, 7.125, 7.375, 6.875], "texture": "#gravedigger_accessory"}
			}
		},
		{
			"name": "gravedigger_acces",
			"from": [7.375, 0.875, 7.875],
			"to": [8.625, 1.5, 8.125],
			"faces": {
				"north": {"uv": [7.375, 14.5, 8.625, 15.125], "texture": "#gravedigger_accessory"},
				"east": {"uv": [7.875, 14.5, 8.125, 15.125], "texture": "#gravedigger_accessory"},
				"south": {"uv": [7.375, 14.5, 8.625, 15.125], "texture": "#gravedigger_accessory"},
				"west": {"uv": [7.875, 14.5, 8.125, 15.125], "texture": "#gravedigger_accessory"},
				"up": {"uv": [7.375, 7.875, 8.625, 8.125], "texture": "#gravedigger_accessory"},
				"down": {"uv": [8.625, 8.125, 7.375, 7.875], "texture": "#gravedigger_accessory"}
			}
		},
		{
			"name": "gravedigger_acces",
			"from": [7.375, 8.5, 7.875],
			"to": [8.625, 9.25, 8.125],
			"faces": {
				"north": {"uv": [7.375, 6.75, 8.625, 7.5], "texture": "#gravedigger_accessory"},
				"east": {"uv": [7.875, 6.75, 8.125, 7.5], "texture": "#gravedigger_accessory"},
				"south": {"uv": [7.375, 6.75, 8.625, 7.5], "texture": "#gravedigger_accessory"},
				"west": {"uv": [7.875, 6.75, 8.125, 7.5], "texture": "#gravedigger_accessory"},
				"up": {"uv": [7.375, 7.875, 8.625, 8.125], "texture": "#gravedigger_accessory"},
				"down": {"uv": [8.625, 8.125, 7.375, 7.875], "texture": "#gravedigger_accessory"}
			}
		},
		{
			"name": "gravedigger_acces",
			"from": [7.375, 14.5, 7.875],
			"to": [8.625, 14.625, 8.125],
			"faces": {
				"north": {"uv": [7.375, 1.375, 8.625, 1.5], "texture": "#gravedigger_accessory"},
				"east": {"uv": [7.875, 1.375, 8.125, 1.5], "texture": "#gravedigger_accessory"},
				"south": {"uv": [7.375, 1.375, 8.625, 1.5], "texture": "#gravedigger_accessory"},
				"west": {"uv": [7.875, 1.375, 8.125, 1.5], "texture": "#gravedigger_accessory"},
				"up": {"uv": [7.375, 7.875, 8.625, 8.125], "texture": "#gravedigger_accessory"},
				"down": {"uv": [8.625, 8.125, 7.375, 7.875], "texture": "#gravedigger_accessory"}
			}
		},
		{
			"name": "gravedigger_acces",
			"from": [7.375, 14.875, 7.875],
			"to": [8.625, 15, 8.125],
			"faces": {
				"north": {"uv": [7.375, 1, 8.625, 1.125], "texture": "#gravedigger_accessory"},
				"east": {"uv": [7.875, 1, 8.125, 1.125], "texture": "#gravedigger_accessory"},
				"south": {"uv": [7.375, 1, 8.625, 1.125], "texture": "#gravedigger_accessory"},
				"west": {"uv": [7.875, 1, 8.125, 1.125], "texture": "#gravedigger_accessory"},
				"up": {"uv": [7.375, 7.875, 8.625, 8.125], "texture": "#gravedigger_accessory"},
				"down": {"uv": [8.625, 8.125, 7.375, 7.875], "texture": "#gravedigger_accessory"}
			}
		},
		{
			"name": "gravedigger_acces",
			"from": [7.375, 9.625, 8.625],
			"to": [8.625, 10.125, 9.375],
			"faces": {
				"north": {"uv": [7.375, 5.875, 8.625, 6.375], "texture": "#gravedigger_accessory"},
				"east": {"uv": [6.625, 5.875, 7.375, 6.375], "texture": "#gravedigger_accessory"},
				"south": {"uv": [7.375, 5.875, 8.625, 6.375], "texture": "#gravedigger_accessory"},
				"west": {"uv": [8.625, 5.875, 9.375, 6.375], "texture": "#gravedigger_accessory"},
				"up": {"uv": [7.375, 8.625, 8.625, 9.375], "texture": "#gravedigger_accessory"},
				"down": {"uv": [8.625, 9.375, 7.375, 8.625], "texture": "#gravedigger_accessory"}
			}
		},
		{
			"name": "gravedigger_acces",
			"from": [7.375, 14.125, 8.875],
			"to": [8.625, 14.25, 9.125],
			"faces": {
				"north": {"uv": [7.375, 1.75, 8.625, 1.875], "texture": "#gravedigger_accessory"},
				"east": {"uv": [6.875, 1.75, 7.125, 1.875], "texture": "#gravedigger_accessory"},
				"south": {"uv": [7.375, 1.75, 8.625, 1.875], "texture": "#gravedigger_accessory"},
				"west": {"uv": [8.875, 1.75, 9.125, 1.875], "texture": "#gravedigger_accessory"},
				"up": {"uv": [7.375, 8.875, 8.625, 9.125], "texture": "#gravedigger_accessory"},
				"down": {"uv": [8.625, 9.125, 7.375, 8.875], "texture": "#gravedigger_accessory"}
			}
		},
		{
			"name": "gravedigger_acces",
			"from": [7.375, 14.5, 9],
			"to": [8.625, 14.625, 9.125],
			"faces": {
				"north": {"uv": [7.375, 1.375, 8.625, 1.5], "texture": "#gravedigger_accessory"},
				"east": {"uv": [6.875, 1.375, 7, 1.5], "texture": "#gravedigger_accessory"},
				"south": {"uv": [7.375, 1.375, 8.625, 1.5], "texture": "#gravedigger_accessory"},
				"west": {"uv": [9, 1.375, 9.125, 1.5], "texture": "#gravedigger_accessory"},
				"up": {"uv": [7.375, 9, 8.625, 9.125], "texture": "#gravedigger_accessory"},
				"down": {"uv": [8.625, 9.125, 7.375, 9], "texture": "#gravedigger_accessory"}
			}
		},
		{
			"name": "gravedigger_acces",
			"from": [7.5, 9.75, 6],
			"to": [8.5, 10.125, 6.625],
			"faces": {
				"north": {"uv": [7.5, 5.875, 8.5, 6.25], "texture": "#gravedigger_accessory"},
				"east": {"uv": [9.375, 5.875, 10, 6.25], "texture": "#gravedigger_accessory"},
				"south": {"uv": [7.5, 5.875, 8.5, 6.25], "texture": "#gravedigger_accessory"},
				"west": {"uv": [6, 5.875, 6.625, 6.25], "texture": "#gravedigger_accessory"},
				"up": {"uv": [7.5, 6, 8.5, 6.625], "texture": "#gravedigger_accessory"},
				"down": {"uv": [8.5, 6.625, 7.5, 6], "texture": "#gravedigger_accessory"}
			}
		},
		{
			"name": "gravedigger_acces",
			"from": [7.5, 14, 6.875],
			"to": [8.5, 14.125, 7.125],
			"faces": {
				"north": {"uv": [7.5, 1.875, 8.5, 2], "texture": "#gravedigger_accessory"},
				"east": {"uv": [8.875, 1.875, 9.125, 2], "texture": "#gravedigger_accessory"},
				"south": {"uv": [7.5, 1.875, 8.5, 2], "texture": "#gravedigger_accessory"},
				"west": {"uv": [6.875, 1.875, 7.125, 2], "texture": "#gravedigger_accessory"},
				"up": {"uv": [7.5, 6.875, 8.5, 7.125], "texture": "#gravedigger_accessory"},
				"down": {"uv": [8.5, 7.125, 7.5, 6.875], "texture": "#gravedigger_accessory"}
			}
		},
		{
			"name": "gravedigger_acces",
			"from": [7.5, 14.625, 6.875],
			"to": [8.5, 14.75, 7],
			"faces": {
				"north": {"uv": [7.5, 1.25, 8.5, 1.375], "texture": "#gravedigger_accessory"},
				"east": {"uv": [9, 1.25, 9.125, 1.375], "texture": "#gravedigger_accessory"},
				"south": {"uv": [7.5, 1.25, 8.5, 1.375], "texture": "#gravedigger_accessory"},
				"west": {"uv": [6.875, 1.25, 7, 1.375], "texture": "#gravedigger_accessory"},
				"up": {"uv": [7.5, 6.875, 8.5, 7], "texture": "#gravedigger_accessory"},
				"down": {"uv": [8.5, 7, 7.5, 6.875], "texture": "#gravedigger_accessory"}
			}
		},
		{
			"name": "gravedigger_acces",
			"from": [7.5, 13.5, 7],
			"to": [8.5, 14, 7.25],
			"faces": {
				"north": {"uv": [7.5, 2, 8.5, 2.5], "texture": "#gravedigger_accessory"},
				"east": {"uv": [8.75, 2, 9, 2.5], "texture": "#gravedigger_accessory"},
				"south": {"uv": [7.5, 2, 8.5, 2.5], "texture": "#gravedigger_accessory"},
				"west": {"uv": [7, 2, 7.25, 2.5], "texture": "#gravedigger_accessory"},
				"up": {"uv": [7.5, 7, 8.5, 7.25], "texture": "#gravedigger_accessory"},
				"down": {"uv": [8.5, 7.25, 7.5, 7], "texture": "#gravedigger_accessory"}
			}
		},
		{
			"name": "gravedigger_acces",
			"from": [7.5, 13.375, 7.125],
			"to": [8.5, 13.5, 7.375],
			"faces": {
				"north": {"uv": [7.5, 2.5, 8.5, 2.625], "texture": "#gravedigger_accessory"},
				"east": {"uv": [8.625, 2.5, 8.875, 2.625], "texture": "#gravedigger_accessory"},
				"south": {"uv": [7.5, 2.5, 8.5, 2.625], "texture": "#gravedigger_accessory"},
				"west": {"uv": [7.125, 2.5, 7.375, 2.625], "texture": "#gravedigger_accessory"},
				"up": {"uv": [7.5, 7.125, 8.5, 7.375], "texture": "#gravedigger_accessory"},
				"down": {"uv": [8.5, 7.375, 7.5, 7.125], "texture": "#gravedigger_accessory"}
			}
		},
		{
			"name": "gravedigger_acces",
			"from": [7.5, 8.625, 7.25],
			"to": [8.5, 9.125, 7.875],
			"faces": {
				"north": {"uv": [7.5, 6.875, 8.5, 7.375], "texture": "#gravedigger_accessory"},
				"east": {"uv": [8.125, 6.875, 8.75, 7.375], "texture": "#gravedigger_accessory"},
				"south": {"uv": [7.5, 6.875, 8.5, 7.375], "texture": "#gravedigger_accessory"},
				"west": {"uv": [7.25, 6.875, 7.875, 7.375], "texture": "#gravedigger_accessory"},
				"up": {"uv": [7.5, 7.25, 8.5, 7.875], "texture": "#gravedigger_accessory"},
				"down": {"uv": [8.5, 7.875, 7.5, 7.25], "texture": "#gravedigger_accessory"}
			}
		},
		{
			"name": "gravedigger_acces",
			"from": [7.5, 1, 7.625],
			"to": [8.5, 1.5, 7.875],
			"faces": {
				"north": {"uv": [7.5, 14.5, 8.5, 15], "texture": "#gravedigger_accessory"},
				"east": {"uv": [8.125, 14.5, 8.375, 15], "texture": "#gravedigger_accessory"},
				"south": {"uv": [7.5, 14.5, 8.5, 15], "texture": "#gravedigger_accessory"},
				"west": {"uv": [7.625, 14.5, 7.875, 15], "texture": "#gravedigger_accessory"},
				"up": {"uv": [7.5, 7.625, 8.5, 7.875], "texture": "#gravedigger_accessory"},
				"down": {"uv": [8.5, 7.875, 7.5, 7.625], "texture": "#gravedigger_accessory"}
			}
		},
		{
			"name": "gravedigger_acces",
			"from": [7.5, 8.5, 7.625],
			"to": [8.5, 8.625, 7.875],
			"faces": {
				"north": {"uv": [7.5, 7.375, 8.5, 7.5], "texture": "#gravedigger_accessory"},
				"east": {"uv": [8.125, 7.375, 8.375, 7.5], "texture": "#gravedigger_accessory"},
				"south": {"uv": [7.5, 7.375, 8.5, 7.5], "texture": "#gravedigger_accessory"},
				"west": {"uv": [7.625, 7.375, 7.875, 7.5], "texture": "#gravedigger_accessory"},
				"up": {"uv": [7.5, 7.625, 8.5, 7.875], "texture": "#gravedigger_accessory"},
				"down": {"uv": [8.5, 7.875, 7.5, 7.625], "texture": "#gravedigger_accessory"}
			}
		},
		{
			"name": "gravedigger_acces",
			"from": [7.5, 0.875, 7.75],
			"to": [8.5, 1, 7.875],
			"faces": {
				"north": {"uv": [7.5, 15, 8.5, 15.125], "texture": "#gravedigger_accessory"},
				"east": {"uv": [8.125, 15, 8.25, 15.125], "texture": "#gravedigger_accessory"},
				"south": {"uv": [7.5, 15, 8.5, 15.125], "texture": "#gravedigger_accessory"},
				"west": {"uv": [7.75, 15, 7.875, 15.125], "texture": "#gravedigger_accessory"},
				"up": {"uv": [7.5, 7.75, 8.5, 7.875], "texture": "#gravedigger_accessory"},
				"down": {"uv": [8.5, 7.875, 7.5, 7.75], "texture": "#gravedigger_accessory"}
			}
		},
		{
			"name": "gravedigger_acces",
			"from": [7.5, 13.75, 7.875],
			"to": [8.5, 14.375, 8.125],
			"faces": {
				"north": {"uv": [7.5, 1.625, 8.5, 2.25], "texture": "#gravedigger_accessory"},
				"east": {"uv": [7.875, 1.625, 8.125, 2.25], "texture": "#gravedigger_accessory"},
				"south": {"uv": [7.5, 1.625, 8.5, 2.25], "texture": "#gravedigger_accessory"},
				"west": {"uv": [7.875, 1.625, 8.125, 2.25], "texture": "#gravedigger_accessory"},
				"up": {"uv": [7.5, 7.875, 8.5, 8.125], "texture": "#gravedigger_accessory"},
				"down": {"uv": [8.5, 8.125, 7.5, 7.875], "texture": "#gravedigger_accessory"}
			}
		},
		{
			"name": "gravedigger_acces",
			"from": [7.5, 15, 7.875],
			"to": [8.5, 15.125, 8.125],
			"faces": {
				"north": {"uv": [7.5, 0.875, 8.5, 1], "texture": "#gravedigger_accessory"},
				"east": {"uv": [7.875, 0.875, 8.125, 1], "texture": "#gravedigger_accessory"},
				"south": {"uv": [7.5, 0.875, 8.5, 1], "texture": "#gravedigger_accessory"},
				"west": {"uv": [7.875, 0.875, 8.125, 1], "texture": "#gravedigger_accessory"},
				"up": {"uv": [7.5, 7.875, 8.5, 8.125], "texture": "#gravedigger_accessory"},
				"down": {"uv": [8.5, 8.125, 7.5, 7.875], "texture": "#gravedigger_accessory"}
			}
		},
		{
			"name": "gravedigger_acces",
			"from": [7.5, 0.875, 8.125],
			"to": [8.5, 1.5, 8.25],
			"faces": {
				"north": {"uv": [7.5, 14.5, 8.5, 15.125], "texture": "#gravedigger_accessory"},
				"east": {"uv": [7.75, 14.5, 7.875, 15.125], "texture": "#gravedigger_accessory"},
				"south": {"uv": [7.5, 14.5, 8.5, 15.125], "texture": "#gravedigger_accessory"},
				"west": {"uv": [8.125, 14.5, 8.25, 15.125], "texture": "#gravedigger_accessory"},
				"up": {"uv": [7.5, 8.125, 8.5, 8.25], "texture": "#gravedigger_accessory"},
				"down": {"uv": [8.5, 8.25, 7.5, 8.125], "texture": "#gravedigger_accessory"}
			}
		},
		{
			"name": "gravedigger_acces",
			"from": [7.5, 8.5, 8.125],
			"to": [8.5, 9.125, 8.375],
			"faces": {
				"north": {"uv": [7.5, 6.875, 8.5, 7.5], "texture": "#gravedigger_accessory"},
				"east": {"uv": [7.625, 6.875, 7.875, 7.5], "texture": "#gravedigger_accessory"},
				"south": {"uv": [7.5, 6.875, 8.5, 7.5], "texture": "#gravedigger_accessory"},
				"west": {"uv": [8.125, 6.875, 8.375, 7.5], "texture": "#gravedigger_accessory"},
				"up": {"uv": [7.5, 8.125, 8.5, 8.375], "texture": "#gravedigger_accessory"},
				"down": {"uv": [8.5, 8.375, 7.5, 8.125], "texture": "#gravedigger_accessory"}
			}
		},
		{
			"name": "gravedigger_acces",
			"from": [7.5, 1, 8.25],
			"to": [8.5, 1.5, 8.375],
			"faces": {
				"north": {"uv": [7.5, 14.5, 8.5, 15], "texture": "#gravedigger_accessory"},
				"east": {"uv": [7.625, 14.5, 7.75, 15], "texture": "#gravedigger_accessory"},
				"south": {"uv": [7.5, 14.5, 8.5, 15], "texture": "#gravedigger_accessory"},
				"west": {"uv": [8.25, 14.5, 8.375, 15], "texture": "#gravedigger_accessory"},
				"up": {"uv": [7.5, 8.25, 8.5, 8.375], "texture": "#gravedigger_accessory"},
				"down": {"uv": [8.5, 8.375, 7.5, 8.25], "texture": "#gravedigger_accessory"}
			}
		},
		{
			"name": "gravedigger_acces",
			"from": [7.5, 8.625, 8.375],
			"to": [8.5, 9.125, 8.75],
			"faces": {
				"north": {"uv": [7.5, 6.875, 8.5, 7.375], "texture": "#gravedigger_accessory"},
				"east": {"uv": [7.25, 6.875, 7.625, 7.375], "texture": "#gravedigger_accessory"},
				"south": {"uv": [7.5, 6.875, 8.5, 7.375], "texture": "#gravedigger_accessory"},
				"west": {"uv": [8.375, 6.875, 8.75, 7.375], "texture": "#gravedigger_accessory"},
				"up": {"uv": [7.5, 8.375, 8.5, 8.75], "texture": "#gravedigger_accessory"},
				"down": {"uv": [8.5, 8.75, 7.5, 8.375], "texture": "#gravedigger_accessory"}
			}
		},
		{
			"name": "gravedigger_acces",
			"from": [7.5, 13.375, 8.75],
			"to": [8.5, 14, 8.875],
			"faces": {
				"north": {"uv": [7.5, 2, 8.5, 2.625], "texture": "#gravedigger_accessory"},
				"east": {"uv": [7.125, 2, 7.25, 2.625], "texture": "#gravedigger_accessory"},
				"south": {"uv": [7.5, 2, 8.5, 2.625], "texture": "#gravedigger_accessory"},
				"west": {"uv": [8.75, 2, 8.875, 2.625], "texture": "#gravedigger_accessory"},
				"up": {"uv": [7.5, 8.75, 8.5, 8.875], "texture": "#gravedigger_accessory"},
				"down": {"uv": [8.5, 8.875, 7.5, 8.75], "texture": "#gravedigger_accessory"}
			}
		},
		{
			"name": "gravedigger_acces",
			"from": [7.5, 13.5, 8.875],
			"to": [8.25, 14.125, 9],
			"faces": {
				"north": {"uv": [7.75, 1.875, 8.5, 2.5], "texture": "#gravedigger_accessory"},
				"east": {"uv": [7, 1.875, 7.125, 2.5], "texture": "#gravedigger_accessory"},
				"south": {"uv": [7.5, 1.875, 8.25, 2.5], "texture": "#gravedigger_accessory"},
				"west": {"uv": [8.875, 1.875, 9, 2.5], "texture": "#gravedigger_accessory"},
				"up": {"uv": [7.5, 8.875, 8.25, 9], "texture": "#gravedigger_accessory"},
				"down": {"uv": [8.5, 9, 7.75, 8.875], "texture": "#gravedigger_accessory"}
			}
		},
		{
			"name": "gravedigger_acces",
			"from": [7.5, 14, 9],
			"to": [8.5, 14.125, 9.125],
			"faces": {
				"north": {"uv": [7.5, 1.875, 8.5, 2], "texture": "#gravedigger_accessory"},
				"east": {"uv": [6.875, 1.875, 7, 2], "texture": "#gravedigger_accessory"},
				"south": {"uv": [7.5, 1.875, 8.5, 2], "texture": "#gravedigger_accessory"},
				"west": {"uv": [9, 1.875, 9.125, 2], "texture": "#gravedigger_accessory"},
				"up": {"uv": [7.5, 9, 8.5, 9.125], "texture": "#gravedigger_accessory"},
				"down": {"uv": [8.5, 9.125, 7.5, 9], "texture": "#gravedigger_accessory"}
			}
		},
		{
			"name": "gravedigger_acces",
			"from": [7.5, 14.625, 9],
			"to": [8.5, 14.75, 9.125],
			"faces": {
				"north": {"uv": [7.5, 1.25, 8.5, 1.375], "texture": "#gravedigger_accessory"},
				"east": {"uv": [6.875, 1.25, 7, 1.375], "texture": "#gravedigger_accessory"},
				"south": {"uv": [7.5, 1.25, 8.5, 1.375], "texture": "#gravedigger_accessory"},
				"west": {"uv": [9, 1.25, 9.125, 1.375], "texture": "#gravedigger_accessory"},
				"up": {"uv": [7.5, 9, 8.5, 9.125], "texture": "#gravedigger_accessory"},
				"down": {"uv": [8.5, 9.125, 7.5, 9], "texture": "#gravedigger_accessory"}
			}
		},
		{
			"name": "gravedigger_acces",
			"from": [7.5, 14.5, 9.125],
			"to": [8.625, 14.625, 9.25],
			"faces": {
				"north": {"uv": [7.375, 1.375, 8.5, 1.5], "texture": "#gravedigger_accessory"},
				"east": {"uv": [6.75, 1.375, 6.875, 1.5], "texture": "#gravedigger_accessory"},
				"south": {"uv": [7.5, 1.375, 8.625, 1.5], "texture": "#gravedigger_accessory"},
				"west": {"uv": [9.125, 1.375, 9.25, 1.5], "texture": "#gravedigger_accessory"},
				"up": {"uv": [7.5, 9.125, 8.625, 9.25], "texture": "#gravedigger_accessory"},
				"down": {"uv": [8.5, 9.25, 7.375, 9.125], "texture": "#gravedigger_accessory"}
			}
		},
		{
			"name": "gravedigger_acces",
			"from": [7.5, 9.75, 9.375],
			"to": [8.5, 10.125, 10],
			"faces": {
				"north": {"uv": [7.5, 5.875, 8.5, 6.25], "texture": "#gravedigger_accessory"},
				"east": {"uv": [6, 5.875, 6.625, 6.25], "texture": "#gravedigger_accessory"},
				"south": {"uv": [7.5, 5.875, 8.5, 6.25], "texture": "#gravedigger_accessory"},
				"west": {"uv": [9.375, 5.875, 10, 6.25], "texture": "#gravedigger_accessory"},
				"up": {"uv": [7.5, 9.375, 8.5, 10], "texture": "#gravedigger_accessory"},
				"down": {"uv": [8.5, 10, 7.5, 9.375], "texture": "#gravedigger_accessory"}
			}
		},
		{
			"name": "gravedigger_acces",
			"from": [7.625, 8.75, 6.75],
			"to": [8.375, 9, 7.25],
			"faces": {
				"north": {"uv": [7.625, 7, 8.375, 7.25], "texture": "#gravedigger_accessory"},
				"east": {"uv": [8.75, 7, 9.25, 7.25], "texture": "#gravedigger_accessory"},
				"south": {"uv": [7.625, 7, 8.375, 7.25], "texture": "#gravedigger_accessory"},
				"west": {"uv": [6.75, 7, 7.25, 7.25], "texture": "#gravedigger_accessory"},
				"up": {"uv": [7.625, 6.75, 8.375, 7.25], "texture": "#gravedigger_accessory"},
				"down": {"uv": [8.375, 7.25, 7.625, 6.75], "texture": "#gravedigger_accessory"}
			}
		},
		{
			"name": "gravedigger_acces",
			"from": [7.625, 8.625, 6.875],
			"to": [8.375, 8.75, 7.25],
			"faces": {
				"north": {"uv": [7.625, 7.25, 8.375, 7.375], "texture": "#gravedigger_accessory"},
				"east": {"uv": [8.75, 7.25, 9.125, 7.375], "texture": "#gravedigger_accessory"},
				"south": {"uv": [7.625, 7.25, 8.375, 7.375], "texture": "#gravedigger_accessory"},
				"west": {"uv": [6.875, 7.25, 7.25, 7.375], "texture": "#gravedigger_accessory"},
				"up": {"uv": [7.625, 6.875, 8.375, 7.25], "texture": "#gravedigger_accessory"},
				"down": {"uv": [8.375, 7.25, 7.625, 6.875], "texture": "#gravedigger_accessory"}
			}
		},
		{
			"name": "gravedigger_acces",
			"from": [7.625, 9, 7],
			"to": [8.375, 9.125, 7.25],
			"faces": {
				"north": {"uv": [7.625, 6.875, 8.375, 7], "texture": "#gravedigger_accessory"},
				"east": {"uv": [8.75, 6.875, 9, 7], "texture": "#gravedigger_accessory"},
				"south": {"uv": [7.625, 6.875, 8.375, 7], "texture": "#gravedigger_accessory"},
				"west": {"uv": [7, 6.875, 7.25, 7], "texture": "#gravedigger_accessory"},
				"up": {"uv": [7.625, 7, 8.375, 7.25], "texture": "#gravedigger_accessory"},
				"down": {"uv": [8.375, 7.25, 7.625, 7], "texture": "#gravedigger_accessory"}
			}
		},
		{
			"name": "gravedigger_acces",
			"from": [7.625, 13.125, 7.125],
			"to": [8.375, 13.375, 7.375],
			"faces": {
				"north": {"uv": [7.625, 2.625, 8.375, 2.875], "texture": "#gravedigger_accessory"},
				"east": {"uv": [8.625, 2.625, 8.875, 2.875], "texture": "#gravedigger_accessory"},
				"south": {"uv": [7.625, 2.625, 8.375, 2.875], "texture": "#gravedigger_accessory"},
				"west": {"uv": [7.125, 2.625, 7.375, 2.875], "texture": "#gravedigger_accessory"},
				"up": {"uv": [7.625, 7.125, 8.375, 7.375], "texture": "#gravedigger_accessory"},
				"down": {"uv": [8.375, 7.375, 7.625, 7.125], "texture": "#gravedigger_accessory"}
			}
		},
		{
			"name": "gravedigger_acces",
			"from": [7.625, 1.125, 7.25],
			"to": [8.375, 1.375, 7.625],
			"faces": {
				"north": {"uv": [7.625, 14.625, 8.375, 14.875], "texture": "#gravedigger_accessory"},
				"east": {"uv": [8.375, 14.625, 8.75, 14.875], "texture": "#gravedigger_accessory"},
				"south": {"uv": [7.625, 14.625, 8.375, 14.875], "texture": "#gravedigger_accessory"},
				"west": {"uv": [7.25, 14.625, 7.625, 14.875], "texture": "#gravedigger_accessory"},
				"up": {"uv": [7.625, 7.25, 8.375, 7.625], "texture": "#gravedigger_accessory"},
				"down": {"uv": [8.375, 7.625, 7.625, 7.25], "texture": "#gravedigger_accessory"}
			}
		},
		{
			"name": "gravedigger_acces",
			"from": [7.625, 12.75, 7.25],
			"to": [8.375, 13.125, 7.5],
			"faces": {
				"north": {"uv": [7.625, 2.875, 8.375, 3.25], "texture": "#gravedigger_accessory"},
				"east": {"uv": [8.5, 2.875, 8.75, 3.25], "texture": "#gravedigger_accessory"},
				"south": {"uv": [7.625, 2.875, 8.375, 3.25], "texture": "#gravedigger_accessory"},
				"west": {"uv": [7.25, 2.875, 7.5, 3.25], "texture": "#gravedigger_accessory"},
				"up": {"uv": [7.625, 7.25, 8.375, 7.5], "texture": "#gravedigger_accessory"},
				"down": {"uv": [8.375, 7.5, 7.625, 7.25], "texture": "#gravedigger_accessory"}
			}
		},
		{
			"name": "gravedigger_acces",
			"from": [7.625, 1, 7.375],
			"to": [8.375, 1.125, 7.625],
			"faces": {
				"north": {"uv": [7.625, 14.875, 8.375, 15], "texture": "#gravedigger_accessory"},
				"east": {"uv": [8.375, 14.875, 8.625, 15], "texture": "#gravedigger_accessory"},
				"south": {"uv": [7.625, 14.875, 8.375, 15], "texture": "#gravedigger_accessory"},
				"west": {"uv": [7.375, 14.875, 7.625, 15], "texture": "#gravedigger_accessory"},
				"up": {"uv": [7.625, 7.375, 8.375, 7.625], "texture": "#gravedigger_accessory"},
				"down": {"uv": [8.375, 7.625, 7.625, 7.375], "texture": "#gravedigger_accessory"}
			}
		},
		{
			"name": "gravedigger_acces",
			"from": [7.625, 1.375, 7.5],
			"to": [8.375, 1.5, 7.625],
			"faces": {
				"north": {"uv": [7.625, 14.5, 8.375, 14.625], "texture": "#gravedigger_accessory"},
				"east": {"uv": [8.375, 14.5, 8.5, 14.625], "texture": "#gravedigger_accessory"},
				"south": {"uv": [7.625, 14.5, 8.375, 14.625], "texture": "#gravedigger_accessory"},
				"west": {"uv": [7.5, 14.5, 7.625, 14.625], "texture": "#gravedigger_accessory"},
				"up": {"uv": [7.625, 7.5, 8.375, 7.625], "texture": "#gravedigger_accessory"},
				"down": {"uv": [8.375, 7.625, 7.625, 7.5], "texture": "#gravedigger_accessory"}
			}
		},
		{
			"name": "gravedigger_acces",
			"from": [7.625, 13.125, 7.875],
			"to": [8.375, 13.75, 8.125],
			"faces": {
				"north": {"uv": [7.625, 2.25, 8.375, 2.875], "texture": "#gravedigger_accessory"},
				"east": {"uv": [7.875, 2.25, 8.125, 2.875], "texture": "#gravedigger_accessory"},
				"south": {"uv": [7.625, 2.25, 8.375, 2.875], "texture": "#gravedigger_accessory"},
				"west": {"uv": [7.875, 2.25, 8.125, 2.875], "texture": "#gravedigger_accessory"},
				"up": {"uv": [7.625, 7.875, 8.375, 8.125], "texture": "#gravedigger_accessory"},
				"down": {"uv": [8.375, 8.125, 7.625, 7.875], "texture": "#gravedigger_accessory"}
			}
		},
		{
			"name": "gravedigger_acces",
			"from": [7.625, 1, 8.375],
			"to": [8.375, 1.375, 8.625],
			"faces": {
				"north": {"uv": [7.625, 14.625, 8.375, 15], "texture": "#gravedigger_accessory"},
				"east": {"uv": [7.375, 14.625, 7.625, 15], "texture": "#gravedigger_accessory"},
				"south": {"uv": [7.625, 14.625, 8.375, 15], "texture": "#gravedigger_accessory"},
				"west": {"uv": [8.375, 14.625, 8.625, 15], "texture": "#gravedigger_accessory"},
				"up": {"uv": [7.625, 8.375, 8.375, 8.625], "texture": "#gravedigger_accessory"},
				"down": {"uv": [8.375, 8.625, 7.625, 8.375], "texture": "#gravedigger_accessory"}
			}
		},
		{
			"name": "gravedigger_acces",
			"from": [7.625, 1.375, 8.375],
			"to": [8.375, 1.5, 8.5],
			"faces": {
				"north": {"uv": [7.625, 14.5, 8.375, 14.625], "texture": "#gravedigger_accessory"},
				"east": {"uv": [7.5, 14.5, 7.625, 14.625], "texture": "#gravedigger_accessory"},
				"south": {"uv": [7.625, 14.5, 8.375, 14.625], "texture": "#gravedigger_accessory"},
				"west": {"uv": [8.375, 14.5, 8.5, 14.625], "texture": "#gravedigger_accessory"},
				"up": {"uv": [7.625, 8.375, 8.375, 8.5], "texture": "#gravedigger_accessory"},
				"down": {"uv": [8.375, 8.5, 7.625, 8.375], "texture": "#gravedigger_accessory"}
			}
		},
		{
			"name": "gravedigger_acces",
			"from": [7.625, 12.75, 8.5],
			"to": [8.375, 13.125, 8.75],
			"faces": {
				"north": {"uv": [7.625, 2.875, 8.375, 3.25], "texture": "#gravedigger_accessory"},
				"east": {"uv": [7.25, 2.875, 7.5, 3.25], "texture": "#gravedigger_accessory"},
				"south": {"uv": [7.625, 2.875, 8.375, 3.25], "texture": "#gravedigger_accessory"},
				"west": {"uv": [8.5, 2.875, 8.75, 3.25], "texture": "#gravedigger_accessory"},
				"up": {"uv": [7.625, 8.5, 8.375, 8.75], "texture": "#gravedigger_accessory"},
				"down": {"uv": [8.375, 8.75, 7.625, 8.5], "texture": "#gravedigger_accessory"}
			}
		},
		{
			"name": "gravedigger_acces",
			"from": [7.625, 1.125, 8.625],
			"to": [8.375, 1.375, 8.75],
			"faces": {
				"north": {"uv": [7.625, 14.625, 8.375, 14.875], "texture": "#gravedigger_accessory"},
				"east": {"uv": [7.25, 14.625, 7.375, 14.875], "texture": "#gravedigger_accessory"},
				"south": {"uv": [7.625, 14.625, 8.375, 14.875], "texture": "#gravedigger_accessory"},
				"west": {"uv": [8.625, 14.625, 8.75, 14.875], "texture": "#gravedigger_accessory"},
				"up": {"uv": [7.625, 8.625, 8.375, 8.75], "texture": "#gravedigger_accessory"},
				"down": {"uv": [8.375, 8.75, 7.625, 8.625], "texture": "#gravedigger_accessory"}
			}
		},
		{
			"name": "gravedigger_acces",
			"from": [7.625, 13.125, 8.625],
			"to": [8.375, 13.375, 8.875],
			"faces": {
				"north": {"uv": [7.625, 2.625, 8.375, 2.875], "texture": "#gravedigger_accessory"},
				"east": {"uv": [7.125, 2.625, 7.375, 2.875], "texture": "#gravedigger_accessory"},
				"south": {"uv": [7.625, 2.625, 8.375, 2.875], "texture": "#gravedigger_accessory"},
				"west": {"uv": [8.625, 2.625, 8.875, 2.875], "texture": "#gravedigger_accessory"},
				"up": {"uv": [7.625, 8.625, 8.375, 8.875], "texture": "#gravedigger_accessory"},
				"down": {"uv": [8.375, 8.875, 7.625, 8.625], "texture": "#gravedigger_accessory"}
			}
		},
		{
			"name": "gravedigger_acces",
			"from": [7.625, 13.375, 8.625],
			"to": [8.5, 13.5, 8.75],
			"faces": {
				"north": {"uv": [7.5, 2.5, 8.375, 2.625], "texture": "#gravedigger_accessory"},
				"east": {"uv": [7.25, 2.5, 7.375, 2.625], "texture": "#gravedigger_accessory"},
				"south": {"uv": [7.625, 2.5, 8.5, 2.625], "texture": "#gravedigger_accessory"},
				"west": {"uv": [8.625, 2.5, 8.75, 2.625], "texture": "#gravedigger_accessory"},
				"up": {"uv": [7.625, 8.625, 8.5, 8.75], "texture": "#gravedigger_accessory"},
				"down": {"uv": [8.375, 8.75, 7.5, 8.625], "texture": "#gravedigger_accessory"}
			}
		},
		{
			"name": "gravedigger_acces",
			"from": [7.625, 8.625, 8.75],
			"to": [8.375, 9, 9.125],
			"faces": {
				"north": {"uv": [7.625, 7, 8.375, 7.375], "texture": "#gravedigger_accessory"},
				"east": {"uv": [6.875, 7, 7.25, 7.375], "texture": "#gravedigger_accessory"},
				"south": {"uv": [7.625, 7, 8.375, 7.375], "texture": "#gravedigger_accessory"},
				"west": {"uv": [8.75, 7, 9.125, 7.375], "texture": "#gravedigger_accessory"},
				"up": {"uv": [7.625, 8.75, 8.375, 9.125], "texture": "#gravedigger_accessory"},
				"down": {"uv": [8.375, 9.125, 7.625, 8.75], "texture": "#gravedigger_accessory"}
			}
		},
		{
			"name": "gravedigger_acces",
			"from": [7.625, 9, 8.75],
			"to": [8.375, 9.125, 9],
			"faces": {
				"north": {"uv": [7.625, 6.875, 8.375, 7], "texture": "#gravedigger_accessory"},
				"east": {"uv": [7, 6.875, 7.25, 7], "texture": "#gravedigger_accessory"},
				"south": {"uv": [7.625, 6.875, 8.375, 7], "texture": "#gravedigger_accessory"},
				"west": {"uv": [8.75, 6.875, 9, 7], "texture": "#gravedigger_accessory"},
				"up": {"uv": [7.625, 8.75, 8.375, 9], "texture": "#gravedigger_accessory"},
				"down": {"uv": [8.375, 9, 7.625, 8.75], "texture": "#gravedigger_accessory"}
			}
		},
		{
			"name": "gravedigger_acces",
			"from": [7.625, 8.75, 9.125],
			"to": [8.375, 9, 9.25],
			"faces": {
				"north": {"uv": [7.625, 7, 8.375, 7.25], "texture": "#gravedigger_accessory"},
				"east": {"uv": [6.75, 7, 6.875, 7.25], "texture": "#gravedigger_accessory"},
				"south": {"uv": [7.625, 7, 8.375, 7.25], "texture": "#gravedigger_accessory"},
				"west": {"uv": [9.125, 7, 9.25, 7.25], "texture": "#gravedigger_accessory"},
				"up": {"uv": [7.625, 9.125, 8.375, 9.25], "texture": "#gravedigger_accessory"},
				"down": {"uv": [8.375, 9.25, 7.625, 9.125], "texture": "#gravedigger_accessory"}
			}
		},
		{
			"name": "gravedigger_acces",
			"from": [7.75, 12.625, 7.25],
			"to": [8.25, 12.75, 7.5],
			"faces": {
				"north": {"uv": [7.75, 3.25, 8.25, 3.375], "texture": "#gravedigger_accessory"},
				"east": {"uv": [8.5, 3.25, 8.75, 3.375], "texture": "#gravedigger_accessory"},
				"south": {"uv": [7.75, 3.25, 8.25, 3.375], "texture": "#gravedigger_accessory"},
				"west": {"uv": [7.25, 3.25, 7.5, 3.375], "texture": "#gravedigger_accessory"},
				"up": {"uv": [7.75, 7.25, 8.25, 7.5], "texture": "#gravedigger_accessory"},
				"down": {"uv": [8.25, 7.5, 7.75, 7.25], "texture": "#gravedigger_accessory"}
			}
		},
		{
			"name": "gravedigger_acces",
			"from": [7.75, 13, 7.875],
			"to": [8.25, 13.125, 8.125],
			"faces": {
				"north": {"uv": [7.75, 2.875, 8.25, 3], "texture": "#gravedigger_accessory"},
				"east": {"uv": [7.875, 2.875, 8.125, 3], "texture": "#gravedigger_accessory"},
				"south": {"uv": [7.75, 2.875, 8.25, 3], "texture": "#gravedigger_accessory"},
				"west": {"uv": [7.875, 2.875, 8.125, 3], "texture": "#gravedigger_accessory"},
				"up": {"uv": [7.75, 7.875, 8.25, 8.125], "texture": "#gravedigger_accessory"},
				"down": {"uv": [8.25, 8.125, 7.75, 7.875], "texture": "#gravedigger_accessory"}
			}
		},
		{
			"name": "gravedigger_acces",
			"from": [7.75, 12.625, 8.5],
			"to": [8.25, 12.75, 8.75],
			"faces": {
				"north": {"uv": [7.75, 3.25, 8.25, 3.375], "texture": "#gravedigger_accessory"},
				"east": {"uv": [7.25, 3.25, 7.5, 3.375], "texture": "#gravedigger_accessory"},
				"south": {"uv": [7.75, 3.25, 8.25, 3.375], "texture": "#gravedigger_accessory"},
				"west": {"uv": [8.5, 3.25, 8.75, 3.375], "texture": "#gravedigger_accessory"},
				"up": {"uv": [7.75, 8.5, 8.25, 8.75], "texture": "#gravedigger_accessory"},
				"down": {"uv": [8.25, 8.75, 7.75, 8.5], "texture": "#gravedigger_accessory"}
			}
		},
		{
			"name": "gravedigger_acces",
			"from": [8.25, 13.625, 8.875],
			"to": [8.5, 14.125, 9],
			"faces": {
				"north": {"uv": [7.5, 1.875, 7.75, 2.375], "texture": "#gravedigger_accessory"},
				"east": {"uv": [7, 1.875, 7.125, 2.375], "texture": "#gravedigger_accessory"},
				"south": {"uv": [8.25, 1.875, 8.5, 2.375], "texture": "#gravedigger_accessory"},
				"west": {"uv": [8.875, 1.875, 9, 2.375], "texture": "#gravedigger_accessory"},
				"up": {"uv": [8.25, 8.875, 8.5, 9], "texture": "#gravedigger_accessory"},
				"down": {"uv": [7.75, 9, 7.5, 8.875], "texture": "#gravedigger_accessory"}
			}
		},
		{
			"name": "gravedigger_acces",
			"from": [8.375, 13.25, 8.625],
			"to": [8.5, 13.375, 8.875],
			"faces": {
				"north": {"uv": [7.5, 2.625, 7.625, 2.75], "texture": "#gravedigger_accessory"},
				"east": {"uv": [7.125, 2.625, 7.375, 2.75], "texture": "#gravedigger_accessory"},
				"south": {"uv": [8.375, 2.625, 8.5, 2.75], "texture": "#gravedigger_accessory"},
				"west": {"uv": [8.625, 2.625, 8.875, 2.75], "texture": "#gravedigger_accessory"},
				"up": {"uv": [8.375, 8.625, 8.5, 8.875], "texture": "#gravedigger_accessory"},
				"down": {"uv": [7.625, 8.875, 7.5, 8.625], "texture": "#gravedigger_accessory"}
			}
		},
		{
			"name": "gravedigger_acces",
			"from": [8.75, 14.125, 6.875],
			"to": [8.875, 14.375, 7],
			"faces": {
				"north": {"uv": [7.125, 1.625, 7.25, 1.875], "texture": "#gravedigger_accessory"},
				"east": {"uv": [9, 1.625, 9.125, 1.875], "texture": "#gravedigger_accessory"},
				"south": {"uv": [8.75, 1.625, 8.875, 1.875], "texture": "#gravedigger_accessory"},
				"west": {"uv": [6.875, 1.625, 7, 1.875], "texture": "#gravedigger_accessory"},
				"up": {"uv": [8.75, 6.875, 8.875, 7], "texture": "#gravedigger_accessory"},
				"down": {"uv": [7.25, 7, 7.125, 6.875], "texture": "#gravedigger_accessory"}
			}
		},
		{
			"name": "gravedigger_acces",
			"from": [8.75, 14.125, 9],
			"to": [9, 14.25, 9.125],
			"faces": {
				"north": {"uv": [7, 1.75, 7.25, 1.875], "texture": "#gravedigger_accessory"},
				"east": {"uv": [6.875, 1.75, 7, 1.875], "texture": "#gravedigger_accessory"},
				"south": {"uv": [8.75, 1.75, 9, 1.875], "texture": "#gravedigger_accessory"},
				"west": {"uv": [9, 1.75, 9.125, 1.875], "texture": "#gravedigger_accessory"},
				"up": {"uv": [8.75, 9, 9, 9.125], "texture": "#gravedigger_accessory"},
				"down": {"uv": [7.25, 9.125, 7, 9], "texture": "#gravedigger_accessory"}
			}
		},
		{
			"name": "gravedigger_acces",
			"from": [8.875, 14, 6.875],
			"to": [9, 14.25, 7],
			"faces": {
				"north": {"uv": [7, 1.75, 7.125, 2], "texture": "#gravedigger_accessory"},
				"east": {"uv": [9, 1.75, 9.125, 2], "texture": "#gravedigger_accessory"},
				"south": {"uv": [8.875, 1.75, 9, 2], "texture": "#gravedigger_accessory"},
				"west": {"uv": [6.875, 1.75, 7, 2], "texture": "#gravedigger_accessory"},
				"up": {"uv": [8.875, 6.875, 9, 7], "texture": "#gravedigger_accessory"},
				"down": {"uv": [7.125, 7, 7, 6.875], "texture": "#gravedigger_accessory"}
			}
		},
		{
			"name": "gravedigger_acces",
			"from": [8.875, 14.125, 7],
			"to": [9, 14.25, 7.125],
			"faces": {
				"north": {"uv": [7, 1.75, 7.125, 1.875], "texture": "#gravedigger_accessory"},
				"east": {"uv": [8.875, 1.75, 9, 1.875], "texture": "#gravedigger_accessory"},
				"south": {"uv": [8.875, 1.75, 9, 1.875], "texture": "#gravedigger_accessory"},
				"west": {"uv": [7, 1.75, 7.125, 1.875], "texture": "#gravedigger_accessory"},
				"up": {"uv": [8.875, 7, 9, 7.125], "texture": "#gravedigger_accessory"},
				"down": {"uv": [7.125, 7.125, 7, 7], "texture": "#gravedigger_accessory"}
			}
		},
		{
			"name": "gravedigger_acces",
			"from": [8.875, 14.5, 7.875],
			"to": [9, 14.625, 8.125],
			"faces": {
				"north": {"uv": [7, 1.375, 7.125, 1.5], "texture": "#gravedigger_accessory"},
				"east": {"uv": [7.875, 1.375, 8.125, 1.5], "texture": "#gravedigger_accessory"},
				"south": {"uv": [8.875, 1.375, 9, 1.5], "texture": "#gravedigger_accessory"},
				"west": {"uv": [7.875, 1.375, 8.125, 1.5], "texture": "#gravedigger_accessory"},
				"up": {"uv": [8.875, 7.875, 9, 8.125], "texture": "#gravedigger_accessory"},
				"down": {"uv": [7.125, 8.125, 7, 7.875], "texture": "#gravedigger_accessory"}
			}
		},
		{
			"name": "gravedigger_acces",
			"from": [8.875, 14.125, 8.875],
			"to": [9, 14.25, 9],
			"faces": {
				"north": {"uv": [7, 1.75, 7.125, 1.875], "texture": "#gravedigger_accessory"},
				"east": {"uv": [7, 1.75, 7.125, 1.875], "texture": "#gravedigger_accessory"},
				"south": {"uv": [8.875, 1.75, 9, 1.875], "texture": "#gravedigger_accessory"},
				"west": {"uv": [8.875, 1.75, 9, 1.875], "texture": "#gravedigger_accessory"},
				"up": {"uv": [8.875, 8.875, 9, 9], "texture": "#gravedigger_accessory"},
				"down": {"uv": [7.125, 9, 7, 8.875], "texture": "#gravedigger_accessory"}
			}
		},
		{
			"name": "gravedigger_acces",
			"from": [9, 14, 6.875],
			"to": [9.125, 14.125, 7.125],
			"faces": {
				"north": {"uv": [6.875, 1.875, 7, 2], "texture": "#gravedigger_accessory"},
				"east": {"uv": [8.875, 1.875, 9.125, 2], "texture": "#gravedigger_accessory"},
				"south": {"uv": [9, 1.875, 9.125, 2], "texture": "#gravedigger_accessory"},
				"west": {"uv": [6.875, 1.875, 7.125, 2], "texture": "#gravedigger_accessory"},
				"up": {"uv": [9, 6.875, 9.125, 7.125], "texture": "#gravedigger_accessory"},
				"down": {"uv": [7, 7.125, 6.875, 6.875], "texture": "#gravedigger_accessory"}
			}
		},
		{
			"name": "gravedigger_acces",
			"from": [9, 14.375, 7.875],
			"to": [9.125, 14.5, 8.125],
			"faces": {
				"north": {"uv": [6.875, 1.5, 7, 1.625], "texture": "#gravedigger_accessory"},
				"east": {"uv": [7.875, 1.5, 8.125, 1.625], "texture": "#gravedigger_accessory"},
				"south": {"uv": [9, 1.5, 9.125, 1.625], "texture": "#gravedigger_accessory"},
				"west": {"uv": [7.875, 1.5, 8.125, 1.625], "texture": "#gravedigger_accessory"},
				"up": {"uv": [9, 7.875, 9.125, 8.125], "texture": "#gravedigger_accessory"},
				"down": {"uv": [7, 8.125, 6.875, 7.875], "texture": "#gravedigger_accessory"}
			}
		},
		{
			"name": "gravedigger_acces",
			"from": [9, 14, 8.875],
			"to": [9.125, 14.125, 9.125],
			"faces": {
				"north": {"uv": [6.875, 1.875, 7, 2], "texture": "#gravedigger_accessory"},
				"east": {"uv": [6.875, 1.875, 7.125, 2], "texture": "#gravedigger_accessory"},
				"south": {"uv": [9, 1.875, 9.125, 2], "texture": "#gravedigger_accessory"},
				"west": {"uv": [8.875, 1.875, 9.125, 2], "texture": "#gravedigger_accessory"},
				"up": {"uv": [9, 8.875, 9.125, 9.125], "texture": "#gravedigger_accessory"},
				"down": {"uv": [7, 9.125, 6.875, 8.875], "texture": "#gravedigger_accessory"}
			}
		},
		{
			"name": "gravedigger_handl",
			"from": [7.75, 1.125, 7.75],
			"to": [8.25, 8.75, 8.25],
			"faces": {
				"north": {"uv": [7.75, 7.25, 8.25, 14.875], "texture": "#gravedigger_handle"},
				"east": {"uv": [7.75, 7.25, 8.25, 14.875], "texture": "#gravedigger_handle"},
				"south": {"uv": [7.75, 7.25, 8.25, 14.875], "texture": "#gravedigger_handle"},
				"west": {"uv": [7.75, 7.25, 8.25, 14.875], "texture": "#gravedigger_handle"},
				"up": {"uv": [7.75, 7.75, 8.25, 8.25], "texture": "#gravedigger_handle"},
				"down": {"uv": [8.25, 8.25, 7.75, 7.75], "texture": "#gravedigger_handle"}
			}
		}
	],
	"display": {
		"thirdperson": {
			"rotation": [-90, 0, 0],
			"translation": [0, 0.4, -3.1],
			"scale": [2, 2, 2]
		},
		"ground": {
			"rotation": [0, 0, 0],
			"translation": [0, -5.1, 0],
			"scale": [2, 2, 2]
		},
		"fixed": {
			"rotation": [0, 90, 0],
			"translation": [0, 0, 0]
		},
		"firstperson": {
			"rotation": [-16, -37, -20],
			"translation": [0, 0, 0],
			"scale": [3, 3, 3]
		},
		"gui": {
			"rotation": [90, -45, 90],
			"translation": [0, 0, 0],
			"scale": [1.5, 1.5, 1.5]
		},
		"thirdperson_righthand": {
			"scale": [1.5, 1.5, 1.5],
			"translation": [0, 4.5, 1]
		},
		"thirdperson_lefthand": {
			"scale": [1.5, 1.5, 1.5],
			"translation": [0, 4.5, 1]
		},
		"firstperson_righthand": {
			"scale": [1.3, 1.3, 1.3],
			"rotation": [10, 10, -10],
			"translation": [0, 2, 0]
		},
		"firstperson_lefthand": {
			"scale": [1.3, 1.3, 1.3],
			"rotation": [10, 10, -10],
			"translation": [0, 2, 0]
		}
	}
}