{
"__comment": "Gnomish Googles",
"__comment": "Not to be reused. Created for the Buffalo Wizard Servers",
"textures": {
    "Band": "block/hats/hats_goggles1",
    "Googles": "block/hats/hats_goggles2"
},
"elements": [ 
{
    "__comment": "Googles_Band",
    "from": [ -1, 6, -0.5 ],
    "to": [ 0, 10, 16 ],
    "faces": {
        "down":  { "uv": [ 0, 16, 0, 0 ], "texture": "#Band" },
        "up":    { "uv": [ 0, 0, 0, 16 ], "texture": "#Band" },
        "north": { "uv": [ 16, 6, 16, 10 ], "texture": "#Band" },
        "south": { "uv": [ 0, 6, 0, 10 ], "texture": "#Band" },
        "west":  { "uv": [ 0, 6, 16, 10 ], "texture": "#Band" },
        "east":  { "uv": [ 0, 6, 16, 10 ], "texture": "#Band" }
    }
},
{
    "__comment": "Googles_Band",
    "from": [ -1, 6, 16 ],
    "to": [ 17, 10, 17 ],
    "faces": {
        "down":  { "uv": [ 0, 16, 16, 16 ], "texture": "#Band" },
        "up":    { "uv": [ 0, 16, 16, 16 ], "texture": "#Band" },
        "north": { "uv": [ 0, 6, 16, 10 ], "texture": "#Band" },
        "south": { "uv": [ 0, 6, 16, 10 ], "texture": "#Band" },
        "west":  { "uv": [ 16, 6, 16, 10 ], "texture": "#Band" },
        "east":  { "uv": [ 0, 6, 0, 10 ], "texture": "#Band" }
    }
},
{
    "__comment": "Googles_Band",
    "from": [ 7, 6, -0.5 ],
    "to": [ 9, 10, 1.5 ],
    "faces": {
        "down":  { "uv": [ 7, 1.5, 9, 0 ], "texture": "#Band" },
        "up":    { "uv": [ 7, 0, 9, 1.5 ], "texture": "#Band" },
        "north": { "uv": [ 7, 6, 9, 10 ], "texture": "#Band" },
        "south": { "uv": [ 7, 6, 9, 10 ], "texture": "#Band" },
        "west":  { "uv": [ 0, 6, 1.5, 10 ], "texture": "#Band" },
        "east":  { "uv": [ 14.5, 6, 16, 10 ], "texture": "#Band" }
    }
},
{
    "__comment": "Googles_Band",
    "from": [ 16, 6, -0.5 ],
    "to": [ 17, 10, 16 ],
    "faces": {
        "down":  { "uv": [ 16, 16, 16, 0 ], "texture": "#Band" },
        "up":    { "uv": [ 16, 0, 16, 16 ], "texture": "#Band" },
        "north": { "uv": [ 0, 6, 0, 10 ], "texture": "#Band" },
        "south": { "uv": [ 16, 6, 16, 10 ], "texture": "#Band" },
        "west":  { "uv": [ 0, 6, 16, 10 ], "texture": "#Band" },
        "east":  { "uv": [ 0, 6, 16, 10 ], "texture": "#Band" }
    }
},
{
    "__comment": "Googles_face",
    "from": [ 15, 5, -1.5 ],
    "to": [ 16, 11, 1.5 ],
    "faces": {
        "down":  { "uv": [ 15, 1.5, 16, 0 ], "texture": "#Googles" },
        "up":    { "uv": [ 15, 0, 16, 1.5 ], "texture": "#Googles" },
        "north": { "uv": [ 0, 5, 1, 11 ], "texture": "#Googles" },
        "south": { "uv": [ 15, 5, 16, 11 ], "texture": "#Googles" },
        "west":  { "uv": [ 0, 5, 1.5, 11 ], "texture": "#Googles" },
        "east":  { "uv": [ 14.5, 5, 16, 11 ], "texture": "#Googles" }
    }
},
{
    "__comment": "Googles_face",
    "from": [ 10, 11, -1.5 ],
    "to": [ 16, 12.5, 1.5 ],
    "faces": {
        "down":  { "uv": [ 10, 1.5, 16, 0 ], "texture": "#Googles" },
        "up":    { "uv": [ 10, 0, 16, 1.5 ], "texture": "#Googles" },
        "north": { "uv": [ 0, 3.5, 6, 5 ], "texture": "#Googles" },
        "south": { "uv": [ 10, 3.5, 16, 5 ], "texture": "#Googles" },
        "west":  { "uv": [ 0, 3.5, 1.5, 5 ], "texture": "#Googles" },
        "east":  { "uv": [ 14.5, 3.5, 16, 5 ], "texture": "#Googles" }
    }
},
{
    "__comment": "Googles_face",
    "from": [ 10, 3.5, -1.5 ],
    "to": [ 16, 5, 1.5 ],
    "faces": {
        "down":  { "uv": [ 10, 1.5, 16, 0 ], "texture": "#Googles" },
        "up":    { "uv": [ 10, 0, 16, 1.5 ], "texture": "#Googles" },
        "north": { "uv": [ 0, 11, 6, 12.5 ], "texture": "#Googles" },
        "south": { "uv": [ 10, 11, 16, 12.5 ], "texture": "#Googles" },
        "west":  { "uv": [ 0, 11, 1.5, 12.5 ], "texture": "#Googles" },
        "east":  { "uv": [ 14.5, 11, 16, 12.5 ], "texture": "#Googles" }
    }
},
{
    "__comment": "Googles_face",
    "from": [ 9, 10.5, -1.5 ],
    "to": [ 10, 12.5, 0.5 ],
    "faces": {
        "down":  { "uv": [ 9, 0.5, 10, 0 ], "texture": "#Googles" },
        "up":    { "uv": [ 9, 0, 10, 0.5 ], "texture": "#Googles" },
        "north": { "uv": [ 6, 3.5, 7, 5.5 ], "texture": "#Googles" },
        "south": { "uv": [ 9, 3.5, 10, 5.5 ], "texture": "#Googles" },
        "west":  { "uv": [ 0, 3.5, 0.5, 5.5 ], "texture": "#Googles" },
        "east":  { "uv": [ 15.5, 3.5, 16, 5.5 ], "texture": "#Googles" }
    }
},
{
    "__comment": "Googles_face",
    "from": [ 9, 5.5, 0.5 ],
    "to": [ 10, 12.5, 1.5 ],
    "faces": {
        "down":  { "uv": [ 9, 1.5, 10, 0.5 ], "texture": "#Googles" },
        "up":    { "uv": [ 9, 0.5, 10, 1.5 ], "texture": "#Googles" },
        "north": { "uv": [ 6, 3.5, 7, 10.5 ], "texture": "#Googles" },
        "south": { "uv": [ 9, 3.5, 10, 10.5 ], "texture": "#Googles" },
        "west":  { "uv": [ 0.5, 3.5, 1.5, 10.5 ], "texture": "#Googles" },
        "east":  { "uv": [ 14.5, 3.5, 15.5, 10.5 ], "texture": "#Googles" }
    }
},
{
    "__comment": "Googles_face",
    "from": [ 9, 3.5, -1.5 ],
    "to": [ 10, 5.5, 1.5 ],
    "faces": {
        "down":  { "uv": [ 9, 1.5, 10, 0 ], "texture": "#Googles" },
        "up":    { "uv": [ 9, 0, 10, 1.5 ], "texture": "#Googles" },
        "north": { "uv": [ 6, 10.5, 7, 12.5 ], "texture": "#Googles" },
        "south": { "uv": [ 9, 10.5, 10, 12.5 ], "texture": "#Googles" },
        "west":  { "uv": [ 0, 10.5, 1.5, 12.5 ], "texture": "#Googles" },
        "east":  { "uv": [ 14.5, 10.5, 16, 12.5 ], "texture": "#Googles" }
    }
},
{
    "__comment": "Googles_face",
    "from": [ 9, 5.5, -1.5 ],
    "to": [ 10, 10.5, 0.5 ],
    "faces": {
        "down":  { "uv": [ 9, 0.5, 10, 0 ], "texture": "#Googles" },
        "up":    { "uv": [ 9, 0, 10, 0.5 ], "texture": "#Googles" },
        "north": { "uv": [ 6, 5.5, 7, 10.5 ], "texture": "#Googles" },
        "south": { "uv": [ 9, 5.5, 10, 10.5 ], "texture": "#Googles" },
        "west":  { "uv": [ 0, 5.5, 0.5, 10.5 ], "texture": "#Googles" },
        "east":  { "uv": [ 15.5, 5.5, 16, 10.5 ], "texture": "#Googles" }
    }
},
{
    "__comment": "Googles_face",
    "from": [ 6, 5, -1.5 ],
    "to": [ 7, 11, 1.5 ],
    "faces": {
        "down":  { "uv": [ 6, 1.5, 7, 0 ], "texture": "#Googles" },
        "up":    { "uv": [ 6, 0, 7, 1.5 ], "texture": "#Googles" },
        "north": { "uv": [ 9, 5, 10, 11 ], "texture": "#Googles" },
        "south": { "uv": [ 6, 5, 7, 11 ], "texture": "#Googles" },
        "west":  { "uv": [ 0, 5, 1.5, 11 ], "texture": "#Googles" },
        "east":  { "uv": [ 14.5, 5, 16, 11 ], "texture": "#Googles" }
    }
},
{
    "__comment": "Googles_face",
    "from": [ 1, 11, -1.5 ],
    "to": [ 7, 12.5, 1.5 ],
    "faces": {
        "down":  { "uv": [ 1, 1.5, 7, 0 ], "texture": "#Googles" },
        "up":    { "uv": [ 1, 0, 7, 1.5 ], "texture": "#Googles" },
        "north": { "uv": [ 9, 3.5, 15, 5 ], "texture": "#Googles" },
        "south": { "uv": [ 1, 3.5, 7, 5 ], "texture": "#Googles" },
        "west":  { "uv": [ 0, 3.5, 1.5, 5 ], "texture": "#Googles" },
        "east":  { "uv": [ 14.5, 3.5, 16, 5 ], "texture": "#Googles" }
    }
},
{
    "__comment": "Googles_face",
    "from": [ 1, 3.5, -1.5 ],
    "to": [ 7, 5, 1.5 ],
    "faces": {
        "down":  { "uv": [ 1, 1.5, 7, 0 ], "texture": "#Googles" },
        "up":    { "uv": [ 1, 0, 7, 1.5 ], "texture": "#Googles" },
        "north": { "uv": [ 9, 11, 15, 12.5 ], "texture": "#Googles" },
        "south": { "uv": [ 1, 11, 7, 12.5 ], "texture": "#Googles" },
        "west":  { "uv": [ 0, 11, 1.5, 12.5 ], "texture": "#Googles" },
        "east":  { "uv": [ 14.5, 11, 16, 12.5 ], "texture": "#Googles" }
    }
},
{
    "__comment": "Googles_face",
    "from": [ 0, 3.5, -1.5 ],
    "to": [ 1, 12.5, 1.5 ],
    "faces": {
        "down":  { "uv": [ 0, 1.5, 1, 0 ], "texture": "#Googles" },
        "up":    { "uv": [ 0, 0, 1, 1.5 ], "texture": "#Googles" },
        "north": { "uv": [ 15, 3.5, 16, 12.5 ], "texture": "#Googles" },
        "south": { "uv": [ 0, 3.5, 1, 12.5 ], "texture": "#Googles" },
        "west":  { "uv": [ 0, 3.5, 1.5, 12.5 ], "texture": "#Googles" },
        "east":  { "uv": [ 14.5, 3.5, 16, 12.5 ], "texture": "#Googles" }
    }
}
],
"display": {
    "thirdperson": {
        "rotation": [ 0, 0, 0 ],
        "translation": [ 0, 1.1, -1.1 ],
        "scale": [ 0.5, 0.5, 0.5 ]
    },
    "head": {
        "rotation": [ 0, 0, 0 ],
        "translation": [ 0, 0, 0 ],
        "scale": [ 1, 1, 1 ]
    },
    "firstperson": {
        "rotation": [ 23, -44, 0 ],
        "translation": [ 0, 0, 0 ],
        "scale": [ 1, 1, 1 ]
    },
    "gui": {
        "rotation": [ 0, -90, 0 ],
        "translation": [ 0, 0, 0 ],
        "scale": [ 1, 1, 1 ]
    }
}
}