{
"__comment": "Rainbow Kitty",
"__comment": "Not to be reused. Created for the Lords of Minecraft Server",
"textures": {
    "Face": "block/hats/hats_rainbowkitty2",
    "Fur": "block/hats/hats_rainbowkitty1"
},
"elements": [ 
{
    "__comment": "Gimpy_cat",
    "from": [ 3.5, 11, 11.5 ],
    "to": [ 4.5, 12.5, 13.5 ],
    "faces": {
        "down":  { "uv": [ 3.5, 13.5, 4.5, 11.5 ], "texture": "#Fur" },
        "up":    { "uv": [ 3.5, 11.5, 4.5, 13.5 ], "texture": "#Fur" },
        "north": { "uv": [ 11.5, 3.5, 12.5, 5 ], "texture": "#Fur" },
        "south": { "uv": [ 3.5, 3.5, 4.5, 5 ], "texture": "#Fur" },
        "west":  { "uv": [ 11.5, 3.5, 13.5, 5 ], "texture": "#Fur" },
        "east":  { "uv": [ 2.5, 3.5, 4.5, 5 ], "texture": "#Fur" }
    }
},
{
    "__comment": "Gimpy_cat",
    "from": [ 3.5, 12.5, 11.5 ],
    "to": [ 4.5, 13, 13 ],
    "faces": {
        "down":  { "uv": [ 3.5, 13, 4.5, 11.5 ], "texture": "#Fur" },
        "up":    { "uv": [ 3.5, 11.5, 4.5, 13 ], "texture": "#Fur" },
        "north": { "uv": [ 11.5, 3, 12.5, 3.5 ], "texture": "#Fur" },
        "south": { "uv": [ 3.5, 3, 4.5, 3.5 ], "texture": "#Fur" },
        "west":  { "uv": [ 11.5, 3, 13, 3.5 ], "texture": "#Fur" },
        "east":  { "uv": [ 3, 3, 4.5, 3.5 ], "texture": "#Fur" }
    }
},
{
    "__comment": "Gimpy_cat",
    "from": [ 3.5, 10.5, 12 ],
    "to": [ 12, 11, 12.5 ],
    "faces": {
        "down":  { "uv": [ 3.5, 12.5, 12, 12 ], "texture": "#Fur" },
        "up":    { "uv": [ 3.5, 12, 12, 12.5 ], "texture": "#Fur" },
        "north": { "uv": [ 4, 5, 12.5, 5.5 ], "texture": "#Fur" },
        "south": { "uv": [ 3.5, 5, 12, 5.5 ], "texture": "#Fur" },
        "west":  { "uv": [ 12, 5, 12.5, 5.5 ], "texture": "#Fur" },
        "east":  { "uv": [ 3.5, 5, 4, 5.5 ], "texture": "#Fur" }
    }
},
{
    "__comment": "Gimpy_cat",
    "from": [ 4, 8, 12 ],
    "to": [ 12, 8.5, 13.5 ],
    "faces": {
        "down":  { "uv": [ 4, 13.5, 12, 12 ], "texture": "#Fur" },
        "up":    { "uv": [ 4, 12, 12, 13.5 ], "texture": "#Fur" },
        "north": { "uv": [ 4, 7.5, 12, 8 ], "texture": "#Fur" },
        "south": { "uv": [ 4, 7.5, 12, 8 ], "texture": "#Fur" },
        "west":  { "uv": [ 12, 7.5, 13.5, 8 ], "texture": "#Fur" },
        "east":  { "uv": [ 2.5, 7.5, 4, 8 ], "texture": "#Fur" }
    }
},
{
    "__comment": "Gimpy_cat",
    "from": [ 4, 8.5, 12 ],
    "to": [ 12, 9, 13 ],
    "faces": {
        "down":  { "uv": [ 4, 13, 12, 12 ], "texture": "#Fur" },
        "up":    { "uv": [ 4, 12, 12, 13 ], "texture": "#Fur" },
        "north": { "uv": [ 4, 7, 12, 7.5 ], "texture": "#Fur" },
        "south": { "uv": [ 4, 7, 12, 7.5 ], "texture": "#Fur" },
        "west":  { "uv": [ 12, 7, 13, 7.5 ], "texture": "#Fur" },
        "east":  { "uv": [ 3, 7, 4, 7.5 ], "texture": "#Fur" }
    }
},
{
    "__comment": "Gimpy_cat",
    "from": [ 4, 10, 12 ],
    "to": [ 12, 10.5, 12.5 ],
    "faces": {
        "down":  { "uv": [ 4, 12.5, 12, 12 ], "texture": "#Fur" },
        "up":    { "uv": [ 4, 12, 12, 12.5 ], "texture": "#Fur" },
        "north": { "uv": [ 4, 5.5, 12, 6 ], "texture": "#Fur" },
        "south": { "uv": [ 4, 5.5, 12, 6 ], "texture": "#Fur" },
        "west":  { "uv": [ 12, 5.5, 12.5, 6 ], "texture": "#Fur" },
        "east":  { "uv": [ 3.5, 5.5, 4, 6 ], "texture": "#Fur" }
    }
},
{
    "__comment": "Gimpy_cat",
    "from": [ 4, 10.5, 12.5 ],
    "to": [ 5, 11, 13.5 ],
    "faces": {
        "down":  { "uv": [ 4, 13.5, 5, 12.5 ], "texture": "#Fur" },
        "up":    { "uv": [ 4, 12.5, 5, 13.5 ], "texture": "#Fur" },
        "north": { "uv": [ 11, 5, 12, 5.5 ], "texture": "#Fur" },
        "south": { "uv": [ 4, 5, 5, 5.5 ], "texture": "#Fur" },
        "west":  { "uv": [ 12.5, 5, 13.5, 5.5 ], "texture": "#Fur" },
        "east":  { "uv": [ 2.5, 5, 3.5, 5.5 ], "texture": "#Fur" }
    }
},
{
    "__comment": "Gimpy_cat",
    "from": [ 4.5, 6, 3.5 ],
    "to": [ 12, 8, 11 ],
    "faces": {
        "down":  { "uv": [ 4.5, 11, 12, 3.5 ], "texture": "#Fur" },
        "up":    { "uv": [ 4.5, 3.5, 12, 11 ], "texture": "#Fur" },
        "north": { "uv": [ 4, 8, 11.5, 10 ], "texture": "#Fur" },
        "south": { "uv": [ 4.5, 8, 12, 10 ], "texture": "#Fur" },
        "west":  { "uv": [ 3.5, 8, 11, 10 ], "texture": "#Fur" },
        "east":  { "uv": [ 5, 8, 12.5, 10 ], "texture": "#Fur" }
    }
},
{
    "__comment": "Gimpy_cat",
    "from": [ 4.5, 8, 11.5 ],
    "to": [ 11.5, 9, 12 ],
    "faces": {
        "down":  { "uv": [ 4.5, 12, 11.5, 11.5 ], "texture": "#Fur" },
        "up":    { "uv": [ 4.5, 11.5, 11.5, 12 ], "texture": "#Fur" },
        "north": { "uv": [ 4.5, 7, 11.5, 8 ], "texture": "#Fur" },
        "south": { "uv": [ 4.5, 7, 11.5, 8 ], "texture": "#Fur" },
        "west":  { "uv": [ 11.5, 7, 12, 8 ], "texture": "#Fur" },
        "east":  { "uv": [ 4, 7, 4.5, 8 ], "texture": "#Fur" }
    }
},
{
    "__comment": "Gimpy_cat",
    "from": [ 4.5, 10.5, 11.5 ],
    "to": [ 5.5, 12.5, 12 ],
    "faces": {
        "down":  { "uv": [ 4.5, 12, 5.5, 11.5 ], "texture": "#Fur" },
        "up":    { "uv": [ 4.5, 11.5, 5.5, 12 ], "texture": "#Fur" },
        "north": { "uv": [ 10.5, 3.5, 11.5, 5.5 ], "texture": "#Fur" },
        "south": { "uv": [ 4.5, 3.5, 5.5, 5.5 ], "texture": "#Fur" },
        "west":  { "uv": [ 11.5, 3.5, 12, 5.5 ], "texture": "#Fur" },
        "east":  { "uv": [ 4, 3.5, 4.5, 5.5 ], "texture": "#Fur" }
    }
},
{
    "__comment": "Gimpy_cat",
    "from": [ 4.5, 7.5, 12 ],
    "to": [ 11.5, 8, 14 ],
    "faces": {
        "down":  { "uv": [ 4.5, 14, 11.5, 12 ], "texture": "#Fur" },
        "up":    { "uv": [ 4.5, 12, 11.5, 14 ], "texture": "#Fur" },
        "north": { "uv": [ 4.5, 8, 11.5, 8.5 ], "texture": "#Fur" },
        "south": { "uv": [ 4.5, 8, 11.5, 8.5 ], "texture": "#Fur" },
        "west":  { "uv": [ 12, 8, 14, 8.5 ], "texture": "#Fur" },
        "east":  { "uv": [ 2, 8, 4, 8.5 ], "texture": "#Fur" }
    }
},
{
    "__comment": "Gimpy_cat",
    "from": [ 4.5, 9, 12 ],
    "to": [ 11.5, 9.5, 13.5 ],
    "faces": {
        "down":  { "uv": [ 4.5, 13.5, 11.5, 12 ], "texture": "#Fur" },
        "up":    { "uv": [ 4.5, 12, 11.5, 13.5 ], "texture": "#Fur" },
        "north": { "uv": [ 4.5, 6.5, 11.5, 7 ], "texture": "#Fur" },
        "south": { "uv": [ 4.5, 6.5, 11.5, 7 ], "texture": "#Fur" },
        "west":  { "uv": [ 12, 6.5, 13.5, 7 ], "texture": "#Fur" },
        "east":  { "uv": [ 2.5, 6.5, 4, 7 ], "texture": "#Fur" }
    }
},
{
    "__comment": "Gimpy_cat",
    "from": [ 4.5, 9.5, 12 ],
    "to": [ 11.5, 10, 13 ],
    "faces": {
        "down":  { "uv": [ 4.5, 13, 11.5, 12 ], "texture": "#Fur" },
        "up":    { "uv": [ 4.5, 12, 11.5, 13 ], "texture": "#Fur" },
        "north": { "uv": [ 4.5, 6, 11.5, 6.5 ], "texture": "#Fur" },
        "south": { "uv": [ 4.5, 6, 11.5, 6.5 ], "texture": "#Fur" },
        "west":  { "uv": [ 12, 6, 13, 6.5 ], "texture": "#Fur" },
        "east":  { "uv": [ 3, 6, 4, 6.5 ], "texture": "#Fur" }
    }
},
{
    "__comment": "Gimpy_cat",
    "from": [ 4.5, 11, 12 ],
    "to": [ 5, 13, 12.5 ],
    "faces": {
        "down":  { "uv": [ 4.5, 12.5, 5, 12 ], "texture": "#Fur" },
        "up":    { "uv": [ 4.5, 12, 5, 12.5 ], "texture": "#Fur" },
        "north": { "uv": [ 11, 3, 11.5, 5 ], "texture": "#Fur" },
        "south": { "uv": [ 4.5, 3, 5, 5 ], "texture": "#Fur" },
        "west":  { "uv": [ 12, 3, 12.5, 5 ], "texture": "#Fur" },
        "east":  { "uv": [ 3.5, 3, 4, 5 ], "texture": "#Fur" }
    }
},
{
    "__comment": "Gimpy_cat",
    "from": [ 4.5, 7, 12.5 ],
    "to": [ 11.5, 7.5, 13 ],
    "faces": {
        "down":  { "uv": [ 4.5, 13, 11.5, 12.5 ], "texture": "#Fur" },
        "up":    { "uv": [ 4.5, 12.5, 11.5, 13 ], "texture": "#Fur" },
        "north": { "uv": [ 4.5, 8.5, 11.5, 9 ], "texture": "#Fur" },
        "south": { "uv": [ 4.5, 8.5, 11.5, 9 ], "texture": "#Fur" },
        "west":  { "uv": [ 12.5, 8.5, 13, 9 ], "texture": "#Fur" },
        "east":  { "uv": [ 3, 8.5, 3.5, 9 ], "texture": "#Fur" }
    }
},
{
    "__comment": "Gimpy_cat",
    "from": [ 4.5, 10, 12.5 ],
    "to": [ 11.5, 10.5, 13.5 ],
    "faces": {
        "down":  { "uv": [ 4.5, 13.5, 11.5, 12.5 ], "texture": "#Fur" },
        "up":    { "uv": [ 4.5, 12.5, 11.5, 13.5 ], "texture": "#Fur" },
        "north": { "uv": [ 4.5, 5.5, 11.5, 6 ], "texture": "#Fur" },
        "south": { "uv": [ 4.5, 5.5, 11.5, 6 ], "texture": "#Fur" },
        "west":  { "uv": [ 12.5, 5.5, 13.5, 6 ], "texture": "#Fur" },
        "east":  { "uv": [ 2.5, 5.5, 3.5, 6 ], "texture": "#Fur" }
    }
},
{
    "__comment": "Gimpy_cat",
    "from": [ 4.5, 12, 12.5 ],
    "to": [ 5, 13, 13 ],
    "faces": {
        "down":  { "uv": [ 4.5, 13, 5, 12.5 ], "texture": "#Fur" },
        "up":    { "uv": [ 4.5, 12.5, 5, 13 ], "texture": "#Fur" },
        "north": { "uv": [ 11, 3, 11.5, 4 ], "texture": "#Fur" },
        "south": { "uv": [ 4.5, 3, 5, 4 ], "texture": "#Fur" },
        "west":  { "uv": [ 12.5, 3, 13, 4 ], "texture": "#Fur" },
        "east":  { "uv": [ 3, 3, 3.5, 4 ], "texture": "#Fur" }
    }
},
{
    "__comment": "Gimpy_cat",
    "from": [ 4.5, 8.5, 13 ],
    "to": [ 11.5, 9, 14.5 ],
    "faces": {
        "down":  { "uv": [ 4.5, 14.5, 11.5, 13 ], "texture": "#Fur" },
        "up":    { "uv": [ 4.5, 13, 11.5, 14.5 ], "texture": "#Fur" },
        "north": { "uv": [ 4.5, 7, 11.5, 7.5 ], "texture": "#Fur" },
        "south": { "uv": [ 4.5, 7, 11.5, 7.5 ], "texture": "#Fur" },
        "west":  { "uv": [ 13, 7, 14.5, 7.5 ], "texture": "#Fur" },
        "east":  { "uv": [ 1.5, 7, 3, 7.5 ], "texture": "#Fur" }
    }
},
{
    "__comment": "Gimpy_cat",
    "from": [ 4.5, 8, 13.5 ],
    "to": [ 11.5, 8.5, 14.5 ],
    "faces": {
        "down":  { "uv": [ 4.5, 14.5, 11.5, 13.5 ], "texture": "#Fur" },
        "up":    { "uv": [ 4.5, 13.5, 11.5, 14.5 ], "texture": "#Fur" },
        "north": { "uv": [ 4.5, 7.5, 11.5, 8 ], "texture": "#Fur" },
        "south": { "uv": [ 4.5, 7.5, 11.5, 8 ], "texture": "#Fur" },
        "west":  { "uv": [ 13.5, 7.5, 14.5, 8 ], "texture": "#Fur" },
        "east":  { "uv": [ 1.5, 7.5, 2.5, 8 ], "texture": "#Fur" }
    }
},
{
    "__comment": "Gimpy_cat",
    "from": [ 5, 5.5, 3 ],
    "to": [ 7, 6, 13 ],
    "faces": {
        "down":  { "uv": [ 5, 13, 7, 3 ], "texture": "#Fur" },
        "up":    { "uv": [ 5, 3, 7, 13 ], "texture": "#Fur" },
        "north": { "uv": [ 9, 10, 11, 10.5 ], "texture": "#Fur" },
        "south": { "uv": [ 5, 10, 7, 10.5 ], "texture": "#Fur" },
        "west":  { "uv": [ 3, 10, 13, 10.5 ], "texture": "#Fur" },
        "east":  { "uv": [ 3, 10, 13, 10.5 ], "texture": "#Fur" }
    }
},
{
    "__comment": "Gimpy_cat",
    "from": [ 5, 6, 3 ],
    "to": [ 11.5, 8.5, 3.5 ],
    "faces": {
        "down":  { "uv": [ 5, 3.5, 11.5, 3 ], "texture": "#Fur" },
        "up":    { "uv": [ 5, 3, 11.5, 3.5 ], "texture": "#Fur" },
        "north": { "uv": [ 4.5, 7.5, 11, 10 ], "texture": "#Fur" },
        "south": { "uv": [ 5, 7.5, 11.5, 10 ], "texture": "#Fur" },
        "west":  { "uv": [ 3, 7.5, 3.5, 10 ], "texture": "#Fur" },
        "east":  { "uv": [ 12.5, 7.5, 13, 10 ], "texture": "#Fur" }
    }
},
{
    "__comment": "Gimpy_cat",
    "from": [ 5, 8, 3.5 ],
    "to": [ 11.5, 8.5, 11.5 ],
    "faces": {
        "down":  { "uv": [ 5, 11.5, 11.5, 3.5 ], "texture": "#Fur" },
        "up":    { "uv": [ 5, 3.5, 11.5, 11.5 ], "texture": "#Fur" },
        "north": { "uv": [ 4.5, 7.5, 11, 8 ], "texture": "#Fur" },
        "south": { "uv": [ 5, 7.5, 11.5, 8 ], "texture": "#Fur" },
        "west":  { "uv": [ 3.5, 7.5, 11.5, 8 ], "texture": "#Fur" },
        "east":  { "uv": [ 4.5, 7.5, 12.5, 8 ], "texture": "#Fur" }
    }
},
{
    "__comment": "Gimpy_cat",
    "from": [ 5, 8.5, 10.5 ],
    "to": [ 11, 9, 11.5 ],
    "faces": {
        "down":  { "uv": [ 5, 11.5, 11, 10.5 ], "texture": "#Fur" },
        "up":    { "uv": [ 5, 10.5, 11, 11.5 ], "texture": "#Fur" },
        "north": { "uv": [ 5, 7, 11, 7.5 ], "texture": "#Fur" },
        "south": { "uv": [ 5, 7, 11, 7.5 ], "texture": "#Fur" },
        "west":  { "uv": [ 10.5, 7, 11.5, 7.5 ], "texture": "#Fur" },
        "east":  { "uv": [ 4.5, 7, 5.5, 7.5 ], "texture": "#Fur" }
    }
},
{
    "__comment": "Gimpy_cat",
    "from": [ 5, 2.5, 11 ],
    "to": [ 7, 5.5, 13 ],
    "faces": {
        "down":  { "uv": [ 5, 13, 7, 11 ], "texture": "#Fur" },
        "up":    { "uv": [ 5, 11, 7, 13 ], "texture": "#Fur" },
        "north": { "uv": [ 9, 10.5, 11, 13.5 ], "texture": "#Fur" },
        "south": { "uv": [ 5, 10.5, 7, 13.5 ], "texture": "#Fur" },
        "west":  { "uv": [ 11, 10.5, 13, 13.5 ], "texture": "#Fur" },
        "east":  { "uv": [ 3, 10.5, 5, 13.5 ], "texture": "#Fur" }
    }
},
{
    "__comment": "Gimpy_cat",
    "from": [ 5, 6, 11 ],
    "to": [ 11, 7.5, 12.5 ],
    "faces": {
        "down":  { "uv": [ 5, 12.5, 11, 11 ], "texture": "#Fur" },
        "up":    { "uv": [ 5, 11, 11, 12.5 ], "texture": "#Fur" },
        "north": { "uv": [ 5, 8.5, 11, 10 ], "texture": "#Fur" },
        "south": { "uv": [ 5, 8.5, 11, 10 ], "texture": "#Fur" },
        "west":  { "uv": [ 11, 8.5, 12.5, 10 ], "texture": "#Fur" },
        "east":  { "uv": [ 3.5, 8.5, 5, 10 ], "texture": "#Fur" }
    }
},
{
    "__comment": "Gimpy_cat",
    "from": [ 5, 7.5, 11 ],
    "to": [ 11.5, 8, 12 ],
    "faces": {
        "down":  { "uv": [ 5, 12, 11.5, 11 ], "texture": "#Fur" },
        "up":    { "uv": [ 5, 11, 11.5, 12 ], "texture": "#Fur" },
        "north": { "uv": [ 4.5, 8, 11, 8.5 ], "texture": "#Fur" },
        "south": { "uv": [ 5, 8, 11.5, 8.5 ], "texture": "#Fur" },
        "west":  { "uv": [ 11, 8, 12, 8.5 ], "texture": "#Fur" },
        "east":  { "uv": [ 4, 8, 5, 8.5 ], "texture": "#Fur" }
    }
},
{
    "__comment": "Gimpy_cat",
    "from": [ 5, 9, 11 ],
    "to": [ 11, 9.5, 12 ],
    "faces": {
        "down":  { "uv": [ 5, 12, 11, 11 ], "texture": "#Fur" },
        "up":    { "uv": [ 5, 11, 11, 12 ], "texture": "#Fur" },
        "north": { "uv": [ 5, 6.5, 11, 7 ], "texture": "#Fur" },
        "south": { "uv": [ 5, 6.5, 11, 7 ], "texture": "#Fur" },
        "west":  { "uv": [ 11, 6.5, 12, 7 ], "texture": "#Fur" },
        "east":  { "uv": [ 4, 6.5, 5, 7 ], "texture": "#Fur" }
    }
},
{
    "__comment": "Gimpy_cat",
    "from": [ 5, 9.5, 11.5 ],
    "to": [ 11.5, 10, 12 ],
    "faces": {
        "down":  { "uv": [ 5, 12, 11.5, 11.5 ], "texture": "#Fur" },
        "up":    { "uv": [ 5, 11.5, 11.5, 12 ], "texture": "#Fur" },
        "north": { "uv": [ 4.5, 6, 11, 6.5 ], "texture": "#Fur" },
        "south": { "uv": [ 5, 6, 11.5, 6.5 ], "texture": "#Fur" },
        "west":  { "uv": [ 11.5, 6, 12, 6.5 ], "texture": "#Fur" },
        "east":  { "uv": [ 4, 6, 4.5, 6.5 ], "texture": "#Fur" }
    }
},
{
    "__comment": "Gimpy_cat",
    "from": [ 5, 11, 12 ],
    "to": [ 5.5, 12.5, 12.5 ],
    "faces": {
        "down":  { "uv": [ 5, 12.5, 5.5, 12 ], "texture": "#Fur" },
        "up":    { "uv": [ 5, 12, 5.5, 12.5 ], "texture": "#Fur" },
        "north": { "uv": [ 10.5, 3.5, 11, 5 ], "texture": "#Fur" },
        "south": { "uv": [ 5, 3.5, 5.5, 5 ], "texture": "#Fur" },
        "west":  { "uv": [ 12, 3.5, 12.5, 5 ], "texture": "#Fur" },
        "east":  { "uv": [ 3.5, 3.5, 4, 5 ], "texture": "#Fur" }
    }
},
{
    "__comment": "Gimpy_cat",
    "from": [ 5, 6.5, 12.5 ],
    "to": [ 11, 7, 13.5 ],
    "faces": {
        "down":  { "uv": [ 5, 13.5, 11, 12.5 ], "texture": "#Fur" },
        "up":    { "uv": [ 5, 12.5, 11, 13.5 ], "texture": "#Fur" },
        "north": { "uv": [ 5, 9, 11, 9.5 ], "texture": "#Fur" },
        "south": { "uv": [ 5, 9, 11, 9.5 ], "texture": "#Fur" },
        "west":  { "uv": [ 12.5, 9, 13.5, 9.5 ], "texture": "#Fur" },
        "east":  { "uv": [ 2.5, 9, 3.5, 9.5 ], "texture": "#Fur" }
    }
},
{
    "__comment": "Gimpy_cat",
    "from": [ 5, 11.5, 12.5 ],
    "to": [ 5.5, 12.5, 13 ],
    "faces": {
        "down":  { "uv": [ 5, 13, 5.5, 12.5 ], "texture": "#Fur" },
        "up":    { "uv": [ 5, 12.5, 5.5, 13 ], "texture": "#Fur" },
        "north": { "uv": [ 10.5, 3.5, 11, 4.5 ], "texture": "#Fur" },
        "south": { "uv": [ 5, 3.5, 5.5, 4.5 ], "texture": "#Fur" },
        "west":  { "uv": [ 12.5, 3.5, 13, 4.5 ], "texture": "#Fur" },
        "east":  { "uv": [ 3, 3.5, 3.5, 4.5 ], "texture": "#Fur" }
    }
},
{
    "__comment": "Gimpy_cat",
    "from": [ 5, 7, 13 ],
    "to": [ 11.5, 7.5, 14 ],
    "faces": {
        "down":  { "uv": [ 5, 14, 11.5, 13 ], "texture": "#Fur" },
        "up":    { "uv": [ 5, 13, 11.5, 14 ], "texture": "#Fur" },
        "north": { "uv": [ 4.5, 8.5, 11, 9 ], "texture": "#Fur" },
        "south": { "uv": [ 5, 8.5, 11.5, 9 ], "texture": "#Fur" },
        "west":  { "uv": [ 13, 8.5, 14, 9 ], "texture": "#Fur" },
        "east":  { "uv": [ 2, 8.5, 3, 9 ], "texture": "#Fur" }
    }
},
{
    "__comment": "Gimpy_cat",
    "from": [ 5, 9.5, 13 ],
    "to": [ 11, 10, 14.5 ],
    "faces": {
        "down":  { "uv": [ 5, 14.5, 11, 13 ], "texture": "#Fur" },
        "up":    { "uv": [ 5, 13, 11, 14.5 ], "texture": "#Fur" },
        "north": { "uv": [ 5, 6, 11, 6.5 ], "texture": "#Fur" },
        "south": { "uv": [ 5, 6, 11, 6.5 ], "texture": "#Fur" },
        "west":  { "uv": [ 13, 6, 14.5, 6.5 ], "texture": "#Fur" },
        "east":  { "uv": [ 1.5, 6, 3, 6.5 ], "texture": "#Fur" }
    }
},
{
    "__comment": "Gimpy_cat",
    "from": [ 5, 9, 13.5 ],
    "to": [ 11, 9.5, 14.5 ],
    "faces": {
        "down":  { "uv": [ 5, 14.5, 11, 13.5 ], "texture": "#Fur" },
        "up":    { "uv": [ 5, 13.5, 11, 14.5 ], "texture": "#Fur" },
        "north": { "uv": [ 5, 6.5, 11, 7 ], "texture": "#Fur" },
        "south": { "uv": [ 5, 6.5, 11, 7 ], "texture": "#Fur" },
        "west":  { "uv": [ 13.5, 6.5, 14.5, 7 ], "texture": "#Fur" },
        "east":  { "uv": [ 1.5, 6.5, 2.5, 7 ], "texture": "#Fur" }
    }
},
{
    "__comment": "Gimpy_cat",
    "from": [ 5, 7.5, 14 ],
    "to": [ 11, 8, 15 ],
    "faces": {
        "down":  { "uv": [ 5, 15, 11, 14 ], "texture": "#Fur" },
        "up":    { "uv": [ 5, 14, 11, 15 ], "texture": "#Fur" },
        "north": { "uv": [ 5, 8, 11, 8.5 ], "texture": "#Fur" },
        "south": { "uv": [ 5, 8, 11, 8.5 ], "texture": "#Fur" },
        "west":  { "uv": [ 14, 8, 15, 8.5 ], "texture": "#Fur" },
        "east":  { "uv": [ 1, 8, 2, 8.5 ], "texture": "#Fur" }
    }
},
{
    "__comment": "Gimpy_cat",
    "from": [ 5, 8, 14.5 ],
    "to": [ 11, 9, 15.5 ],
    "faces": {
        "down":  { "uv": [ 5, 15.5, 11, 14.5 ], "texture": "#Fur" },
        "up":    { "uv": [ 5, 14.5, 11, 15.5 ], "texture": "#Fur" },
        "north": { "uv": [ 5, 7, 11, 8 ], "texture": "#Fur" },
        "south": { "uv": [ 5, 7, 11, 8 ], "texture": "#Fur" },
        "west":  { "uv": [ 14.5, 7, 15.5, 8 ], "texture": "#Fur" },
        "east":  { "uv": [ 0.5, 7, 1.5, 8 ], "texture": "#Fur" }
    }
},
{
    "__comment": "Gimpy_cat",
    "from": [ 5.5, 8.5, 3 ],
    "to": [ 11, 9, 10.5 ],
    "faces": {
        "down":  { "uv": [ 5.5, 10.5, 11, 3 ], "texture": "#Fur" },
        "up":    { "uv": [ 5.5, 3, 11, 10.5 ], "texture": "#Fur" },
        "north": { "uv": [ 5, 7, 10.5, 7.5 ], "texture": "#Fur" },
        "south": { "uv": [ 5.5, 7, 11, 7.5 ], "texture": "#Fur" },
        "west":  { "uv": [ 3, 7, 10.5, 7.5 ], "texture": "#Fur" },
        "east":  { "uv": [ 5.5, 7, 13, 7.5 ], "texture": "#Fur" }
    }
},
{
    "__comment": "Gimpy_cat",
    "from": [ 5.5, 9, 10.5 ],
    "to": [ 11, 9.5, 11 ],
    "faces": {
        "down":  { "uv": [ 5.5, 11, 11, 10.5 ], "texture": "#Fur" },
        "up":    { "uv": [ 5.5, 10.5, 11, 11 ], "texture": "#Fur" },
        "north": { "uv": [ 5, 6.5, 10.5, 7 ], "texture": "#Fur" },
        "south": { "uv": [ 5.5, 6.5, 11, 7 ], "texture": "#Fur" },
        "west":  { "uv": [ 10.5, 6.5, 11, 7 ], "texture": "#Fur" },
        "east":  { "uv": [ 5, 6.5, 5.5, 7 ], "texture": "#Fur" }
    }
},
{
    "__comment": "Gimpy_cat",
    "from": [ 5.5, 9.5, 11 ],
    "to": [ 10.5, 10.5, 11.5 ],
    "faces": {
        "down":  { "uv": [ 5.5, 11.5, 10.5, 11 ], "texture": "#Fur" },
        "up":    { "uv": [ 5.5, 11, 10.5, 11.5 ], "texture": "#Fur" },
        "north": { "uv": [ 5.5, 5.5, 10.5, 6.5 ], "texture": "#Fur" },
        "south": { "uv": [ 5.5, 5.5, 10.5, 6.5 ], "texture": "#Fur" },
        "west":  { "uv": [ 11, 5.5, 11.5, 6.5 ], "texture": "#Fur" },
        "east":  { "uv": [ 4.5, 5.5, 5, 6.5 ], "texture": "#Fur" }
    }
},
{
    "__comment": "Gimpy_cat",
    "from": [ 5.5, 10, 11.5 ],
    "to": [ 6, 12, 12 ],
    "faces": {
        "down":  { "uv": [ 5.5, 12, 6, 11.5 ], "texture": "#Fur" },
        "up":    { "uv": [ 5.5, 11.5, 6, 12 ], "texture": "#Fur" },
        "north": { "uv": [ 10, 4, 10.5, 6 ], "texture": "#Fur" },
        "south": { "uv": [ 5.5, 4, 6, 6 ], "texture": "#Fur" },
        "west":  { "uv": [ 11.5, 4, 12, 6 ], "texture": "#Fur" },
        "east":  { "uv": [ 4, 4, 4.5, 6 ], "texture": "#Fur" }
    }
},
{
    "__comment": "Gimpy_cat",
    "from": [ 5.5, 11, 12 ],
    "to": [ 6, 12, 13 ],
    "faces": {
        "down":  { "uv": [ 5.5, 13, 6, 12 ], "texture": "#Fur" },
        "up":    { "uv": [ 5.5, 12, 6, 13 ], "texture": "#Fur" },
        "north": { "uv": [ 10, 4, 10.5, 5 ], "texture": "#Fur" },
        "south": { "uv": [ 5.5, 4, 6, 5 ], "texture": "#Fur" },
        "west":  { "uv": [ 12, 4, 13, 5 ], "texture": "#Fur" },
        "east":  { "uv": [ 3, 4, 4, 5 ], "texture": "#Fur" }
    }
},
{
    "__comment": "Gimpy_cat",
    "from": [ 5.5, 6, 12.5 ],
    "to": [ 10.5, 6.5, 14 ],
    "faces": {
        "down":  { "uv": [ 5.5, 14, 10.5, 12.5 ], "texture": "#Fur" },
        "up":    { "uv": [ 5.5, 12.5, 10.5, 14 ], "texture": "#Fur" },
        "north": { "uv": [ 5.5, 9.5, 10.5, 10 ], "texture": "#Fur" },
        "south": { "uv": [ 5.5, 9.5, 10.5, 10 ], "texture": "#Fur" },
        "west":  { "uv": [ 12.5, 9.5, 14, 10 ], "texture": "#Fur" },
        "east":  { "uv": [ 2, 9.5, 3.5, 10 ], "texture": "#Fur" }
    }
},
{
    "__comment": "Gimpy_cat",
    "from": [ 5.5, 10.5, 12.5 ],
    "to": [ 10.5, 11, 13.5 ],
    "faces": {
        "down":  { "uv": [ 5.5, 13.5, 10.5, 12.5 ], "texture": "#Fur" },
        "up":    { "uv": [ 5.5, 12.5, 10.5, 13.5 ], "texture": "#Fur" },
        "north": { "uv": [ 5.5, 5, 10.5, 5.5 ], "texture": "#Fur" },
        "south": { "uv": [ 5.5, 5, 10.5, 5.5 ], "texture": "#Fur" },
        "west":  { "uv": [ 12.5, 5, 13.5, 5.5 ], "texture": "#Fur" },
        "east":  { "uv": [ 2.5, 5, 3.5, 5.5 ], "texture": "#Fur" }
    }
},
{
    "__comment": "Gimpy_cat",
    "from": [ 5.5, 6.5, 13.5 ],
    "to": [ 10.5, 7, 14.5 ],
    "faces": {
        "down":  { "uv": [ 5.5, 14.5, 10.5, 13.5 ], "texture": "#Fur" },
        "up":    { "uv": [ 5.5, 13.5, 10.5, 14.5 ], "texture": "#Fur" },
        "north": { "uv": [ 5.5, 9, 10.5, 9.5 ], "texture": "#Fur" },
        "south": { "uv": [ 5.5, 9, 10.5, 9.5 ], "texture": "#Fur" },
        "west":  { "uv": [ 13.5, 9, 14.5, 9.5 ], "texture": "#Fur" },
        "east":  { "uv": [ 1.5, 9, 2.5, 9.5 ], "texture": "#Fur" }
    }
},
{
    "__comment": "Gimpy_cat",
    "from": [ 5.5, 10, 13.5 ],
    "to": [ 10.5, 10.5, 14.5 ],
    "faces": {
        "down":  { "uv": [ 5.5, 14.5, 10.5, 13.5 ], "texture": "#Fur" },
        "up":    { "uv": [ 5.5, 13.5, 10.5, 14.5 ], "texture": "#Fur" },
        "north": { "uv": [ 5.5, 5.5, 10.5, 6 ], "texture": "#Fur" },
        "south": { "uv": [ 5.5, 5.5, 10.5, 6 ], "texture": "#Fur" },
        "west":  { "uv": [ 13.5, 5.5, 14.5, 6 ], "texture": "#Fur" },
        "east":  { "uv": [ 1.5, 5.5, 2.5, 6 ], "texture": "#Fur" }
    }
},
{
    "__comment": "Gimpy_cat",
    "from": [ 5.5, 7, 14 ],
    "to": [ 11, 7.5, 15 ],
    "faces": {
        "down":  { "uv": [ 5.5, 15, 11, 14 ], "texture": "#Fur" },
        "up":    { "uv": [ 5.5, 14, 11, 15 ], "texture": "#Fur" },
        "north": { "uv": [ 5, 8.5, 10.5, 9 ], "texture": "#Fur" },
        "south": { "uv": [ 5.5, 8.5, 11, 9 ], "texture": "#Fur" },
        "west":  { "uv": [ 14, 8.5, 15, 9 ], "texture": "#Fur" },
        "east":  { "uv": [ 1, 8.5, 2, 9 ], "texture": "#Fur" }
    }
},
{
    "__comment": "Face",
    "from": [ 6, 9.5, 14 ],
    "to": [ 10.5, 10, 15 ],
    "faces": {
        "down":  { "uv": [ 6, 15, 10.5, 14 ], "texture": "#Face" },
        "up":    { "uv": [ 6, 14, 10.5, 15 ], "texture": "#Face" },
        "north": { "uv": [ 5.5, 6, 10, 6.5 ], "texture": "#Face" },
        "south": { "uv": [ 6, 6, 10.5, 6.5 ], "texture": "#Face" },
        "west":  { "uv": [ 14, 6, 15, 6.5 ], "texture": "#Face" },
        "east":  { "uv": [ 1, 6, 2, 6.5 ], "texture": "#Face" }
    }
},
{
    "__comment": "Gimpy_cat",
    "from": [ 5.5, 9, 14.5 ],
    "to": [ 11, 9.5, 15 ],
    "faces": {
        "down":  { "uv": [ 5.5, 15, 11, 14.5 ], "texture": "#Fur" },
        "up":    { "uv": [ 5.5, 14.5, 11, 15 ], "texture": "#Fur" },
        "north": { "uv": [ 5, 6.5, 10.5, 7 ], "texture": "#Fur" },
        "south": { "uv": [ 5.5, 6.5, 11, 7 ], "texture": "#Fur" },
        "west":  { "uv": [ 14.5, 6.5, 15, 7 ], "texture": "#Fur" },
        "east":  { "uv": [ 1, 6.5, 1.5, 7 ], "texture": "#Fur" }
    }
},
{
    "__comment": "Gimpy_cat",
    "from": [ 5.5, 7.5, 15 ],
    "to": [ 10.5, 8, 15.5 ],
    "faces": {
        "down":  { "uv": [ 5.5, 15.5, 10.5, 15 ], "texture": "#Fur" },
        "up":    { "uv": [ 5.5, 15, 10.5, 15.5 ], "texture": "#Fur" },
        "north": { "uv": [ 5.5, 8, 10.5, 8.5 ], "texture": "#Fur" },
        "south": { "uv": [ 5.5, 8, 10.5, 8.5 ], "texture": "#Fur" },
        "west":  { "uv": [ 15, 8, 15.5, 8.5 ], "texture": "#Fur" },
        "east":  { "uv": [ 0.5, 8, 1, 8.5 ], "texture": "#Fur" }
    }
},
{
    "__comment": "Gimpy_cat",
    "from": [ 6, 9, 3.5 ],
    "to": [ 10.5, 9.5, 10.5 ],
    "faces": {
        "down":  { "uv": [ 6, 10.5, 10.5, 3.5 ], "texture": "#Fur" },
        "up":    { "uv": [ 6, 3.5, 10.5, 10.5 ], "texture": "#Fur" },
        "north": { "uv": [ 5.5, 6.5, 10, 7 ], "texture": "#Fur" },
        "south": { "uv": [ 6, 6.5, 10.5, 7 ], "texture": "#Fur" },
        "west":  { "uv": [ 3.5, 6.5, 10.5, 7 ], "texture": "#Fur" },
        "east":  { "uv": [ 5.5, 6.5, 12.5, 7 ], "texture": "#Fur" }
    }
},
{
    "__comment": "Gimpy_cat",
    "from": [ 6, 9.5, 10.5 ],
    "to": [ 10, 10, 11 ],
    "faces": {
        "down":  { "uv": [ 6, 11, 10, 10.5 ], "texture": "#Fur" },
        "up":    { "uv": [ 6, 10.5, 10, 11 ], "texture": "#Fur" },
        "north": { "uv": [ 6, 6, 10, 6.5 ], "texture": "#Fur" },
        "south": { "uv": [ 6, 6, 10, 6.5 ], "texture": "#Fur" },
        "west":  { "uv": [ 10.5, 6, 11, 6.5 ], "texture": "#Fur" },
        "east":  { "uv": [ 5, 6, 5.5, 6.5 ], "texture": "#Fur" }
    }
},
{
    "__comment": "Gimpy_cat",
    "from": [ 6, 10, 11.5 ],
    "to": [ 12, 11, 12 ],
    "faces": {
        "down":  { "uv": [ 6, 12, 12, 11.5 ], "texture": "#Fur" },
        "up":    { "uv": [ 6, 11.5, 12, 12 ], "texture": "#Fur" },
        "north": { "uv": [ 4, 5, 10, 6 ], "texture": "#Fur" },
        "south": { "uv": [ 6, 5, 12, 6 ], "texture": "#Fur" },
        "west":  { "uv": [ 11.5, 5, 12, 6 ], "texture": "#Fur" },
        "east":  { "uv": [ 4, 5, 4.5, 6 ], "texture": "#Fur" }
    }
},
{
    "__comment": "Gimpy_cat",
    "from": [ 6, 11, 12 ],
    "to": [ 6.5, 11.5, 13 ],
    "faces": {
        "down":  { "uv": [ 6, 13, 6.5, 12 ], "texture": "#Fur" },
        "up":    { "uv": [ 6, 12, 6.5, 13 ], "texture": "#Fur" },
        "north": { "uv": [ 9.5, 4.5, 10, 5 ], "texture": "#Fur" },
        "south": { "uv": [ 6, 4.5, 6.5, 5 ], "texture": "#Fur" },
        "west":  { "uv": [ 12, 4.5, 13, 5 ], "texture": "#Fur" },
        "east":  { "uv": [ 3, 4.5, 4, 5 ], "texture": "#Fur" }
    }
},
{
    "__comment": "Gimpy_cat",
    "from": [ 6, 6, 14 ],
    "to": [ 10.5, 6.5, 14.5 ],
    "faces": {
        "down":  { "uv": [ 6, 14.5, 10.5, 14 ], "texture": "#Fur" },
        "up":    { "uv": [ 6, 14, 10.5, 14.5 ], "texture": "#Fur" },
        "north": { "uv": [ 5.5, 9.5, 10, 10 ], "texture": "#Fur" },
        "south": { "uv": [ 6, 9.5, 10.5, 10 ], "texture": "#Fur" },
        "west":  { "uv": [ 14, 9.5, 14.5, 10 ], "texture": "#Fur" },
        "east":  { "uv": [ 1.5, 9.5, 2, 10 ], "texture": "#Fur" }
    }
},
{
    "__comment": "Gimpy_cat",
    "from": [ 6, 6.5, 14.5 ],
    "to": [ 10.5, 7, 15 ],
    "faces": {
        "down":  { "uv": [ 6, 15, 10.5, 14.5 ], "texture": "#Fur" },
        "up":    { "uv": [ 6, 14.5, 10.5, 15 ], "texture": "#Fur" },
        "north": { "uv": [ 5.5, 9, 10, 9.5 ], "texture": "#Fur" },
        "south": { "uv": [ 6, 9, 10.5, 9.5 ], "texture": "#Fur" },
        "west":  { "uv": [ 14.5, 9, 15, 9.5 ], "texture": "#Fur" },
        "east":  { "uv": [ 1, 9, 1.5, 9.5 ], "texture": "#Fur" }
    }
},
{
    "__comment": "Gimpy_cat",
    "from": [ 6, 7, 15 ],
    "to": [ 9.5, 7.5, 15.5 ],
    "faces": {
        "down":  { "uv": [ 6, 15.5, 9.5, 15 ], "texture": "#Fur" },
        "up":    { "uv": [ 6, 15, 9.5, 15.5 ], "texture": "#Fur" },
        "north": { "uv": [ 6.5, 8.5, 10, 9 ], "texture": "#Fur" },
        "south": { "uv": [ 6, 8.5, 9.5, 9 ], "texture": "#Fur" },
        "west":  { "uv": [ 15, 8.5, 15.5, 9 ], "texture": "#Fur" },
        "east":  { "uv": [ 0.5, 8.5, 1, 9 ], "texture": "#Fur" }
    }
},
{
    "__comment": "Gimpy_cat",
    "from": [ 6, 9, 15 ],
    "to": [ 10.5, 9.5, 15.5 ],
    "faces": {
        "down":  { "uv": [ 6, 15.5, 10.5, 15 ], "texture": "#Fur" },
        "up":    { "uv": [ 6, 15, 10.5, 15.5 ], "texture": "#Fur" },
        "north": { "uv": [ 5.5, 6.5, 10, 7 ], "texture": "#Fur" },
        "south": { "uv": [ 6, 6.5, 10.5, 7 ], "texture": "#Fur" },
        "west":  { "uv": [ 15, 6.5, 15.5, 7 ], "texture": "#Fur" },
        "east":  { "uv": [ 0.5, 6.5, 1, 7 ], "texture": "#Fur" }
    }
},
{
    "__comment": "Gimpy_cat",
    "from": [ 6.5, 10.5, 13.5 ],
    "to": [ 10, 11, 14 ],
    "faces": {
        "down":  { "uv": [ 6.5, 14, 10, 13.5 ], "texture": "#Fur" },
        "up":    { "uv": [ 6.5, 13.5, 10, 14 ], "texture": "#Fur" },
        "north": { "uv": [ 6, 5, 9.5, 5.5 ], "texture": "#Fur" },
        "south": { "uv": [ 6.5, 5, 10, 5.5 ], "texture": "#Fur" },
        "west":  { "uv": [ 13.5, 5, 14, 5.5 ], "texture": "#Fur" },
        "east":  { "uv": [ 2, 5, 2.5, 5.5 ], "texture": "#Fur" }
    }
},
{
    "__comment": "Gimpy_cat",
    "from": [ 6.5, 6, 14.5 ],
    "to": [ 9.5, 6.5, 15 ],
    "faces": {
        "down":  { "uv": [ 6.5, 15, 9.5, 14.5 ], "texture": "#Fur" },
        "up":    { "uv": [ 6.5, 14.5, 9.5, 15 ], "texture": "#Fur" },
        "north": { "uv": [ 6.5, 9.5, 9.5, 10 ], "texture": "#Fur" },
        "south": { "uv": [ 6.5, 9.5, 9.5, 10 ], "texture": "#Fur" },
        "west":  { "uv": [ 14.5, 9.5, 15, 10 ], "texture": "#Fur" },
        "east":  { "uv": [ 1, 9.5, 1.5, 10 ], "texture": "#Fur" }
    }
},
{
    "__comment": "Gimpy_cat",
    "from": [ 6.5, 9.5, 14.5 ],
    "to": [ 10, 10.5, 15.5 ],
    "faces": {
        "down":  { "uv": [ 6.5, 15.5, 10, 14.5 ], "texture": "#Fur" },
        "up":    { "uv": [ 6.5, 14.5, 10, 15.5 ], "texture": "#Fur" },
        "north": { "uv": [ 6, 5.5, 9.5, 6.5 ], "texture": "#Fur" },
        "south": { "uv": [ 6.5, 5.5, 10, 6.5 ], "texture": "#Fur" },
        "west":  { "uv": [ 14.5, 5.5, 15.5, 6.5 ], "texture": "#Fur" },
        "east":  { "uv": [ 0.5, 5.5, 1.5, 6.5 ], "texture": "#Fur" }
    }
},
{
    "__comment": "Gimpy_cat",
    "from": [ 6.5, 9.5, 14.5 ],
    "to": [ 10, 10, 15 ],
    "faces": {
        "down":  { "uv": [ 6.5, 15, 10, 14.5 ], "texture": "#Fur" },
        "up":    { "uv": [ 6.5, 14.5, 10, 15 ], "texture": "#Fur" },
        "north": { "uv": [ 6, 6, 9.5, 6.5 ], "texture": "#Fur" },
        "south": { "uv": [ 6.5, 6, 10, 6.5 ], "texture": "#Fur" },
        "west":  { "uv": [ 14.5, 6, 15, 6.5 ], "texture": "#Fur" },
        "east":  { "uv": [ 1, 6, 1.5, 6.5 ], "texture": "#Fur" }
    }
},
{
    "__comment": "Face",
    "from": [ 6.5, 8, 15.5 ],
    "to": [ 10, 8.5, 16 ],
    "faces": {
        "down":  { "uv": [ 6.5, 16, 10, 15.5 ], "texture": "#Face" },
        "up":    { "uv": [ 6.5, 15.5, 10, 16 ], "texture": "#Face" },
        "north": { "uv": [ 6, 7.5, 9.5, 8 ], "texture": "#Face" },
        "south": { "uv": [ 6.5, 7.5, 10, 8 ], "texture": "#Face" },
        "west":  { "uv": [ 15.5, 7.5, 16, 8 ], "texture": "#Face" },
        "east":  { "uv": [ 0, 7.5, 0.5, 8 ], "texture": "#Face" }
    }
},
{
    "__comment": "Gimpy_cat",
    "from": [ 7, 5.5, 3 ],
    "to": [ 11.5, 6, 11.5 ],
    "faces": {
        "down":  { "uv": [ 7, 11.5, 11.5, 3 ], "texture": "#Fur" },
        "up":    { "uv": [ 7, 3, 11.5, 11.5 ], "texture": "#Fur" },
        "north": { "uv": [ 4.5, 10, 9, 10.5 ], "texture": "#Fur" },
        "south": { "uv": [ 7, 10, 11.5, 10.5 ], "texture": "#Fur" },
        "west":  { "uv": [ 3, 10, 11.5, 10.5 ], "texture": "#Fur" },
        "east":  { "uv": [ 4.5, 10, 13, 10.5 ], "texture": "#Fur" }
    }
},
{
    "__comment": "Gimpy_cat",
    "from": [ 7, 10, 10.5 ],
    "to": [ 9.5, 10.5, 11 ],
    "faces": {
        "down":  { "uv": [ 7, 11, 9.5, 10.5 ], "texture": "#Fur" },
        "up":    { "uv": [ 7, 10.5, 9.5, 11 ], "texture": "#Fur" },
        "north": { "uv": [ 6.5, 5.5, 9, 6 ], "texture": "#Fur" },
        "south": { "uv": [ 7, 5.5, 9.5, 6 ], "texture": "#Fur" },
        "west":  { "uv": [ 10.5, 5.5, 11, 6 ], "texture": "#Fur" },
        "east":  { "uv": [ 5, 5.5, 5.5, 6 ], "texture": "#Fur" }
    }
},
{
    "__comment": "Gimpy_cat",
    "from": [ 7, 10.5, 11 ],
    "to": [ 9, 11, 11.5 ],
    "faces": {
        "down":  { "uv": [ 7, 11.5, 9, 11 ], "texture": "#Fur" },
        "up":    { "uv": [ 7, 11, 9, 11.5 ], "texture": "#Fur" },
        "north": { "uv": [ 7, 5, 9, 5.5 ], "texture": "#Fur" },
        "south": { "uv": [ 7, 5, 9, 5.5 ], "texture": "#Fur" },
        "west":  { "uv": [ 11, 5, 11.5, 5.5 ], "texture": "#Fur" },
        "east":  { "uv": [ 4.5, 5, 5, 5.5 ], "texture": "#Fur" }
    }
},
{
    "__comment": "Gimpy_cat",
    "from": [ 7, 5.5, 12 ],
    "to": [ 9, 6, 13.5 ],
    "faces": {
        "down":  { "uv": [ 7, 13.5, 9, 12 ], "texture": "#Fur" },
        "up":    { "uv": [ 7, 12, 9, 13.5 ], "texture": "#Fur" },
        "north": { "uv": [ 7, 10, 9, 10.5 ], "texture": "#Fur" },
        "south": { "uv": [ 7, 10, 9, 10.5 ], "texture": "#Fur" },
        "west":  { "uv": [ 12, 10, 13.5, 10.5 ], "texture": "#Fur" },
        "east":  { "uv": [ 2.5, 10, 4, 10.5 ], "texture": "#Fur" }
    }
},
{
    "__comment": "Gimpy_cat",
    "from": [ 7, 10.5, 14 ],
    "to": [ 9, 11, 14.5 ],
    "faces": {
        "down":  { "uv": [ 7, 14.5, 9, 14 ], "texture": "#Fur" },
        "up":    { "uv": [ 7, 14, 9, 14.5 ], "texture": "#Fur" },
        "north": { "uv": [ 7, 5, 9, 5.5 ], "texture": "#Fur" },
        "south": { "uv": [ 7, 5, 9, 5.5 ], "texture": "#Fur" },
        "west":  { "uv": [ 14, 5, 14.5, 5.5 ], "texture": "#Fur" },
        "east":  { "uv": [ 1.5, 5, 2, 5.5 ], "texture": "#Fur" }
    }
},
{
    "__comment": "Gimpy_cat",
    "from": [ 7, 6.5, 15 ],
    "to": [ 9, 7, 15.5 ],
    "faces": {
        "down":  { "uv": [ 7, 15.5, 9, 15 ], "texture": "#Fur" },
        "up":    { "uv": [ 7, 15, 9, 15.5 ], "texture": "#Fur" },
        "north": { "uv": [ 7, 9, 9, 9.5 ], "texture": "#Fur" },
        "south": { "uv": [ 7, 9, 9, 9.5 ], "texture": "#Fur" },
        "west":  { "uv": [ 15, 9, 15.5, 9.5 ], "texture": "#Fur" },
        "east":  { "uv": [ 0.5, 9, 1, 9.5 ], "texture": "#Fur" }
    }
},
{
    "__comment": "Face",
    "from": [ 7, 7.5, 15.5 ],
    "to": [ 9.5, 8, 16 ],
    "faces": {
        "down":  { "uv": [ 7, 16, 9.5, 15.5 ], "texture": "#Face" },
        "up":    { "uv": [ 7, 15.5, 9.5, 16 ], "texture": "#Face" },
        "north": { "uv": [ 6.5, 8, 9, 8.5 ], "texture": "#Face" },
        "south": { "uv": [ 7, 8, 9.5, 8.5 ], "texture": "#Face" },
        "west":  { "uv": [ 15.5, 8, 16, 8.5 ], "texture": "#Face" },
        "east":  { "uv": [ 0, 8, 0.5, 8.5 ], "texture": "#Face" }
    }
},
{
    "__comment": "Gimpy_cat",
    "from": [ 7, 8.5, 15.5 ],
    "to": [ 9.5, 9, 16 ],
    "faces": {
        "down":  { "uv": [ 7, 16, 9.5, 15.5 ], "texture": "#Fur" },
        "up":    { "uv": [ 7, 15.5, 9.5, 16 ], "texture": "#Fur" },
        "north": { "uv": [ 6.5, 7, 9, 7.5 ], "texture": "#Fur" },
        "south": { "uv": [ 7, 7, 9.5, 7.5 ], "texture": "#Fur" },
        "west":  { "uv": [ 15.5, 7, 16, 7.5 ], "texture": "#Fur" },
        "east":  { "uv": [ 0, 7, 0.5, 7.5 ], "texture": "#Fur" }
    }
},
{
    "__comment": "Gimpy_cat",
    "from": [ 7.5, 9.5, 0 ],
    "to": [ 9, 10, 2.5 ],
    "faces": {
        "down":  { "uv": [ 7.5, 2.5, 9, 0 ], "texture": "#Fur" },
        "up":    { "uv": [ 7.5, 0, 9, 2.5 ], "texture": "#Fur" },
        "north": { "uv": [ 7, 6, 8.5, 6.5 ], "texture": "#Fur" },
        "south": { "uv": [ 7.5, 6, 9, 6.5 ], "texture": "#Fur" },
        "west":  { "uv": [ 0, 6, 2.5, 6.5 ], "texture": "#Fur" },
        "east":  { "uv": [ 13.5, 6, 16, 6.5 ], "texture": "#Fur" }
    }
},
{
    "__comment": "Gimpy_cat",
    "from": [ 7.5, 10, 0 ],
    "to": [ 9, 10.5, 2 ],
    "faces": {
        "down":  { "uv": [ 7.5, 2, 9, 0 ], "texture": "#Fur" },
        "up":    { "uv": [ 7.5, 0, 9, 2 ], "texture": "#Fur" },
        "north": { "uv": [ 7, 5.5, 8.5, 6 ], "texture": "#Fur" },
        "south": { "uv": [ 7.5, 5.5, 9, 6 ], "texture": "#Fur" },
        "west":  { "uv": [ 0, 5.5, 2, 6 ], "texture": "#Fur" },
        "east":  { "uv": [ 14, 5.5, 16, 6 ], "texture": "#Fur" }
    }
},
{
    "__comment": "Gimpy_cat",
    "from": [ 7.5, 9, 0.5 ],
    "to": [ 9, 9.5, 3.5 ],
    "faces": {
        "down":  { "uv": [ 7.5, 3.5, 9, 0.5 ], "texture": "#Fur" },
        "up":    { "uv": [ 7.5, 0.5, 9, 3.5 ], "texture": "#Fur" },
        "north": { "uv": [ 7, 6.5, 8.5, 7 ], "texture": "#Fur" },
        "south": { "uv": [ 7.5, 6.5, 9, 7 ], "texture": "#Fur" },
        "west":  { "uv": [ 0.5, 6.5, 3.5, 7 ], "texture": "#Fur" },
        "east":  { "uv": [ 12.5, 6.5, 15.5, 7 ], "texture": "#Fur" }
    }
},
{
    "__comment": "Gimpy_cat",
    "from": [ 7.5, 10.5, 0.5 ],
    "to": [ 9, 11, 1.5 ],
    "faces": {
        "down":  { "uv": [ 7.5, 1.5, 9, 0.5 ], "texture": "#Fur" },
        "up":    { "uv": [ 7.5, 0.5, 9, 1.5 ], "texture": "#Fur" },
        "north": { "uv": [ 7, 5, 8.5, 5.5 ], "texture": "#Fur" },
        "south": { "uv": [ 7.5, 5, 9, 5.5 ], "texture": "#Fur" },
        "west":  { "uv": [ 0.5, 5, 1.5, 5.5 ], "texture": "#Fur" },
        "east":  { "uv": [ 14.5, 5, 15.5, 5.5 ], "texture": "#Fur" }
    }
},
{
    "__comment": "Gimpy_cat",
    "from": [ 7.5, 8.5, 1 ],
    "to": [ 9, 9, 3 ],
    "faces": {
        "down":  { "uv": [ 7.5, 3, 9, 1 ], "texture": "#Fur" },
        "up":    { "uv": [ 7.5, 1, 9, 3 ], "texture": "#Fur" },
        "north": { "uv": [ 7, 7, 8.5, 7.5 ], "texture": "#Fur" },
        "south": { "uv": [ 7.5, 7, 9, 7.5 ], "texture": "#Fur" },
        "west":  { "uv": [ 1, 7, 3, 7.5 ], "texture": "#Fur" },
        "east":  { "uv": [ 13, 7, 15, 7.5 ], "texture": "#Fur" }
    }
},
{
    "__comment": "Gimpy_cat",
    "from": [ 7.5, 8, 1.5 ],
    "to": [ 9, 8.5, 3 ],
    "faces": {
        "down":  { "uv": [ 7.5, 3, 9, 1.5 ], "texture": "#Fur" },
        "up":    { "uv": [ 7.5, 1.5, 9, 3 ], "texture": "#Fur" },
        "north": { "uv": [ 7, 7.5, 8.5, 8 ], "texture": "#Fur" },
        "south": { "uv": [ 7.5, 7.5, 9, 8 ], "texture": "#Fur" },
        "west":  { "uv": [ 1.5, 7.5, 3, 8 ], "texture": "#Fur" },
        "east":  { "uv": [ 13, 7.5, 14.5, 8 ], "texture": "#Fur" }
    }
},
{
    "__comment": "Gimpy_cat",
    "from": [ 7.5, 7.5, 2 ],
    "to": [ 9, 8, 3 ],
    "faces": {
        "down":  { "uv": [ 7.5, 3, 9, 2 ], "texture": "#Fur" },
        "up":    { "uv": [ 7.5, 2, 9, 3 ], "texture": "#Fur" },
        "north": { "uv": [ 7, 8, 8.5, 8.5 ], "texture": "#Fur" },
        "south": { "uv": [ 7.5, 8, 9, 8.5 ], "texture": "#Fur" },
        "west":  { "uv": [ 2, 8, 3, 8.5 ], "texture": "#Fur" },
        "east":  { "uv": [ 13, 8, 14, 8.5 ], "texture": "#Fur" }
    }
},
{
    "__comment": "Gimpy_cat",
    "from": [ 7.5, 7, 2.5 ],
    "to": [ 9, 7.5, 3 ],
    "faces": {
        "down":  { "uv": [ 7.5, 3, 9, 2.5 ], "texture": "#Fur" },
        "up":    { "uv": [ 7.5, 2.5, 9, 3 ], "texture": "#Fur" },
        "north": { "uv": [ 7, 8.5, 8.5, 9 ], "texture": "#Fur" },
        "south": { "uv": [ 7.5, 8.5, 9, 9 ], "texture": "#Fur" },
        "west":  { "uv": [ 2.5, 8.5, 3, 9 ], "texture": "#Fur" },
        "east":  { "uv": [ 13, 8.5, 13.5, 9 ], "texture": "#Fur" }
    }
},
{
    "__comment": "Gimpy_cat",
    "from": [ 7.5, 11, 12.5 ],
    "to": [ 8.5, 11.5, 13 ],
    "faces": {
        "down":  { "uv": [ 7.5, 13, 8.5, 12.5 ], "texture": "#Fur" },
        "up":    { "uv": [ 7.5, 12.5, 8.5, 13 ], "texture": "#Fur" },
        "north": { "uv": [ 7.5, 4.5, 8.5, 5 ], "texture": "#Fur" },
        "south": { "uv": [ 7.5, 4.5, 8.5, 5 ], "texture": "#Fur" },
        "west":  { "uv": [ 12.5, 4.5, 13, 5 ], "texture": "#Fur" },
        "east":  { "uv": [ 3, 4.5, 3.5, 5 ], "texture": "#Fur" }
    }
},
{
    "__comment": "Gimpy_cat",
    "from": [ 7.5, 9, 15.5 ],
    "to": [ 8.5, 9.5, 16 ],
    "faces": {
        "down":  { "uv": [ 7.5, 16, 8.5, 15.5 ], "texture": "#Fur" },
        "up":    { "uv": [ 7.5, 15.5, 8.5, 16 ], "texture": "#Fur" },
        "north": { "uv": [ 7.5, 6.5, 8.5, 7 ], "texture": "#Fur" },
        "south": { "uv": [ 7.5, 6.5, 8.5, 7 ], "texture": "#Fur" },
        "west":  { "uv": [ 15.5, 6.5, 16, 7 ], "texture": "#Fur" },
        "east":  { "uv": [ 0, 6.5, 0.5, 7 ], "texture": "#Fur" }
    }
},
{
    "__comment": "Gimpy_cat",
    "from": [ 8, 9.5, 10 ],
    "to": [ 8.5, 10, 10.5 ],
    "faces": {
        "down":  { "uv": [ 8, 10.5, 8.5, 10 ], "texture": "#Fur" },
        "up":    { "uv": [ 8, 10, 8.5, 10.5 ], "texture": "#Fur" },
        "north": { "uv": [ 7.5, 6, 8, 6.5 ], "texture": "#Fur" },
        "south": { "uv": [ 8, 6, 8.5, 6.5 ], "texture": "#Fur" },
        "west":  { "uv": [ 10, 6, 10.5, 6.5 ], "texture": "#Fur" },
        "east":  { "uv": [ 5.5, 6, 6, 6.5 ], "texture": "#Fur" }
    }
},
{
    "__comment": "Gimpy_cat",
    "from": [ 8, 11, 12 ],
    "to": [ 8.5, 11.5, 12.5 ],
    "faces": {
        "down":  { "uv": [ 8, 12.5, 8.5, 12 ], "texture": "#Fur" },
        "up":    { "uv": [ 8, 12, 8.5, 12.5 ], "texture": "#Fur" },
        "north": { "uv": [ 7.5, 4.5, 8, 5 ], "texture": "#Fur" },
        "south": { "uv": [ 8, 4.5, 8.5, 5 ], "texture": "#Fur" },
        "west":  { "uv": [ 12, 4.5, 12.5, 5 ], "texture": "#Fur" },
        "east":  { "uv": [ 3.5, 4.5, 4, 5 ], "texture": "#Fur" }
    }
},
{
    "__comment": "Gimpy_cat",
    "from": [ 8, 6, 15 ],
    "to": [ 8.5, 6.5, 15.5 ],
    "faces": {
        "down":  { "uv": [ 8, 15.5, 8.5, 15 ], "texture": "#Fur" },
        "up":    { "uv": [ 8, 15, 8.5, 15.5 ], "texture": "#Fur" },
        "north": { "uv": [ 7.5, 9.5, 8, 10 ], "texture": "#Fur" },
        "south": { "uv": [ 8, 9.5, 8.5, 10 ], "texture": "#Fur" },
        "west":  { "uv": [ 15, 9.5, 15.5, 10 ], "texture": "#Fur" },
        "east":  { "uv": [ 0.5, 9.5, 1, 10 ], "texture": "#Fur" }
    }
},
{
    "__comment": "Gimpy_cat",
    "from": [ 8, 10, 15 ],
    "to": [ 8.5, 10.5, 15.5 ],
    "faces": {
        "down":  { "uv": [ 8, 15.5, 8.5, 15 ], "texture": "#Fur" },
        "up":    { "uv": [ 8, 15, 8.5, 15.5 ], "texture": "#Fur" },
        "north": { "uv": [ 7.5, 5.5, 8, 6 ], "texture": "#Fur" },
        "south": { "uv": [ 8, 5.5, 8.5, 6 ], "texture": "#Fur" },
        "west":  { "uv": [ 15, 5.5, 15.5, 6 ], "texture": "#Fur" },
        "east":  { "uv": [ 0.5, 5.5, 1, 6 ], "texture": "#Fur" }
    }
},
{
    "__comment": "Face",
    "from": [ 8, 7, 15.5 ],
    "to": [ 8.5, 7.5, 16 ],
    "faces": {
        "down":  { "uv": [ 8, 16, 8.5, 15.5 ], "texture": "#Face" },
        "up":    { "uv": [ 8, 15.5, 8.5, 16 ], "texture": "#Face" },
        "north": { "uv": [ 7.5, 8.5, 8, 9 ], "texture": "#Face" },
        "south": { "uv": [ 8, 8.5, 8.5, 9 ], "texture": "#Face" },
        "west":  { "uv": [ 15.5, 8.5, 16, 9 ], "texture": "#Face" },
        "east":  { "uv": [ 0, 8.5, 0.5, 9 ], "texture": "#Face" }
    }
},
{
    "__comment": "Gimpy_cat",
    "from": [ 9.5, 2.5, 11 ],
    "to": [ 11, 5.5, 13 ],
    "faces": {
        "down":  { "uv": [ 9.5, 13, 11, 11 ], "texture": "#Fur" },
        "up":    { "uv": [ 9.5, 11, 11, 13 ], "texture": "#Fur" },
        "north": { "uv": [ 5, 10.5, 6.5, 13.5 ], "texture": "#Fur" },
        "south": { "uv": [ 9.5, 10.5, 11, 13.5 ], "texture": "#Fur" },
        "west":  { "uv": [ 11, 10.5, 13, 13.5 ], "texture": "#Fur" },
        "east":  { "uv": [ 3, 10.5, 5, 13.5 ], "texture": "#Fur" }
    }
},
{
    "__comment": "Gimpy_cat",
    "from": [ 9.5, 5.5, 11.5 ],
    "to": [ 11, 6, 13 ],
    "faces": {
        "down":  { "uv": [ 9.5, 13, 11, 11.5 ], "texture": "#Fur" },
        "up":    { "uv": [ 9.5, 11.5, 11, 13 ], "texture": "#Fur" },
        "north": { "uv": [ 5, 10, 6.5, 10.5 ], "texture": "#Fur" },
        "south": { "uv": [ 9.5, 10, 11, 10.5 ], "texture": "#Fur" },
        "west":  { "uv": [ 11.5, 10, 13, 10.5 ], "texture": "#Fur" },
        "east":  { "uv": [ 3, 10, 4.5, 10.5 ], "texture": "#Fur" }
    }
},
{
    "__comment": "Gimpy_cat",
    "from": [ 9.5, 11, 11.5 ],
    "to": [ 10.5, 11.5, 13.5 ],
    "faces": {
        "down":  { "uv": [ 9.5, 13.5, 10.5, 11.5 ], "texture": "#Fur" },
        "up":    { "uv": [ 9.5, 11.5, 10.5, 13.5 ], "texture": "#Fur" },
        "north": { "uv": [ 5.5, 4.5, 6.5, 5 ], "texture": "#Fur" },
        "south": { "uv": [ 9.5, 4.5, 10.5, 5 ], "texture": "#Fur" },
        "west":  { "uv": [ 11.5, 4.5, 13.5, 5 ], "texture": "#Fur" },
        "east":  { "uv": [ 2.5, 4.5, 4.5, 5 ], "texture": "#Fur" }
    }
},
{
    "__comment": "Gimpy_cat",
    "from": [ 10, 11.5, 11.5 ],
    "to": [ 11, 12, 13 ],
    "faces": {
        "down":  { "uv": [ 10, 13, 11, 11.5 ], "texture": "#Fur" },
        "up":    { "uv": [ 10, 11.5, 11, 13 ], "texture": "#Fur" },
        "north": { "uv": [ 5, 4, 6, 4.5 ], "texture": "#Fur" },
        "south": { "uv": [ 10, 4, 11, 4.5 ], "texture": "#Fur" },
        "west":  { "uv": [ 11.5, 4, 13, 4.5 ], "texture": "#Fur" },
        "east":  { "uv": [ 3, 4, 4.5, 4.5 ], "texture": "#Fur" }
    }
},
{
    "__comment": "Gimpy_cat",
    "from": [ 10.5, 9.5, 11 ],
    "to": [ 11, 10, 11.5 ],
    "faces": {
        "down":  { "uv": [ 10.5, 11.5, 11, 11 ], "texture": "#Fur" },
        "up":    { "uv": [ 10.5, 11, 11, 11.5 ], "texture": "#Fur" },
        "north": { "uv": [ 5, 6, 5.5, 6.5 ], "texture": "#Fur" },
        "south": { "uv": [ 10.5, 6, 11, 6.5 ], "texture": "#Fur" },
        "west":  { "uv": [ 11, 6, 11.5, 6.5 ], "texture": "#Fur" },
        "east":  { "uv": [ 4.5, 6, 5, 6.5 ], "texture": "#Fur" }
    }
},
{
    "__comment": "Gimpy_cat",
    "from": [ 10.5, 11.5, 11 ],
    "to": [ 12.5, 12.5, 11.5 ],
    "faces": {
        "down":  { "uv": [ 10.5, 11.5, 12.5, 11 ], "texture": "#Fur" },
        "up":    { "uv": [ 10.5, 11, 12.5, 11.5 ], "texture": "#Fur" },
        "north": { "uv": [ 3.5, 3.5, 5.5, 4.5 ], "texture": "#Fur" },
        "south": { "uv": [ 10.5, 3.5, 12.5, 4.5 ], "texture": "#Fur" },
        "west":  { "uv": [ 11, 3.5, 11.5, 4.5 ], "texture": "#Fur" },
        "east":  { "uv": [ 4.5, 3.5, 5, 4.5 ], "texture": "#Fur" }
    }
},
{
    "__comment": "Gimpy_cat",
    "from": [ 10.5, 11, 11.5 ],
    "to": [ 11, 11.5, 12.5 ],
    "faces": {
        "down":  { "uv": [ 10.5, 12.5, 11, 11.5 ], "texture": "#Fur" },
        "up":    { "uv": [ 10.5, 11.5, 11, 12.5 ], "texture": "#Fur" },
        "north": { "uv": [ 5, 4.5, 5.5, 5 ], "texture": "#Fur" },
        "south": { "uv": [ 10.5, 4.5, 11, 5 ], "texture": "#Fur" },
        "west":  { "uv": [ 11.5, 4.5, 12.5, 5 ], "texture": "#Fur" },
        "east":  { "uv": [ 3.5, 4.5, 4.5, 5 ], "texture": "#Fur" }
    }
},
{
    "__comment": "Gimpy_cat",
    "from": [ 10.5, 12, 11.5 ],
    "to": [ 11.5, 12.5, 13 ],
    "faces": {
        "down":  { "uv": [ 10.5, 13, 11.5, 11.5 ], "texture": "#Fur" },
        "up":    { "uv": [ 10.5, 11.5, 11.5, 13 ], "texture": "#Fur" },
        "north": { "uv": [ 4.5, 3.5, 5.5, 4 ], "texture": "#Fur" },
        "south": { "uv": [ 10.5, 3.5, 11.5, 4 ], "texture": "#Fur" },
        "west":  { "uv": [ 11.5, 3.5, 13, 4 ], "texture": "#Fur" },
        "east":  { "uv": [ 3, 3.5, 4.5, 4 ], "texture": "#Fur" }
    }
},
{
    "__comment": "Gimpy_cat",
    "from": [ 10.5, 12.5, 12 ],
    "to": [ 11.5, 13, 13 ],
    "faces": {
        "down":  { "uv": [ 10.5, 13, 11.5, 12 ], "texture": "#Fur" },
        "up":    { "uv": [ 10.5, 12, 11.5, 13 ], "texture": "#Fur" },
        "north": { "uv": [ 4.5, 3, 5.5, 3.5 ], "texture": "#Fur" },
        "south": { "uv": [ 10.5, 3, 11.5, 3.5 ], "texture": "#Fur" },
        "west":  { "uv": [ 12, 3, 13, 3.5 ], "texture": "#Fur" },
        "east":  { "uv": [ 3, 3, 4, 3.5 ], "texture": "#Fur" }
    }
},
{
    "__comment": "Gimpy_cat",
    "from": [ 10.5, 6, 12.5 ],
    "to": [ 11, 6.5, 13.5 ],
    "faces": {
        "down":  { "uv": [ 10.5, 13.5, 11, 12.5 ], "texture": "#Fur" },
        "up":    { "uv": [ 10.5, 12.5, 11, 13.5 ], "texture": "#Fur" },
        "north": { "uv": [ 5, 9.5, 5.5, 10 ], "texture": "#Fur" },
        "south": { "uv": [ 10.5, 9.5, 11, 10 ], "texture": "#Fur" },
        "west":  { "uv": [ 12.5, 9.5, 13.5, 10 ], "texture": "#Fur" },
        "east":  { "uv": [ 2.5, 9.5, 3.5, 10 ], "texture": "#Fur" }
    }
},
{
    "__comment": "Gimpy_cat",
    "from": [ 10.5, 6.5, 13.5 ],
    "to": [ 11, 7, 14 ],
    "faces": {
        "down":  { "uv": [ 10.5, 14, 11, 13.5 ], "texture": "#Fur" },
        "up":    { "uv": [ 10.5, 13.5, 11, 14 ], "texture": "#Fur" },
        "north": { "uv": [ 5, 9, 5.5, 9.5 ], "texture": "#Fur" },
        "south": { "uv": [ 10.5, 9, 11, 9.5 ], "texture": "#Fur" },
        "west":  { "uv": [ 13.5, 9, 14, 9.5 ], "texture": "#Fur" },
        "east":  { "uv": [ 2, 9, 2.5, 9.5 ], "texture": "#Fur" }
    }
},
{
    "__comment": "Gimpy_cat",
    "from": [ 10.5, 10, 13.5 ],
    "to": [ 11, 10.5, 14 ],
    "faces": {
        "down":  { "uv": [ 10.5, 14, 11, 13.5 ], "texture": "#Fur" },
        "up":    { "uv": [ 10.5, 13.5, 11, 14 ], "texture": "#Fur" },
        "north": { "uv": [ 5, 5.5, 5.5, 6 ], "texture": "#Fur" },
        "south": { "uv": [ 10.5, 5.5, 11, 6 ], "texture": "#Fur" },
        "west":  { "uv": [ 13.5, 5.5, 14, 6 ], "texture": "#Fur" },
        "east":  { "uv": [ 2, 5.5, 2.5, 6 ], "texture": "#Fur" }
    }
},
{
    "__comment": "Gimpy_cat",
    "from": [ 10.5, 9.5, 14 ],
    "to": [ 11, 10, 14.5 ],
    "faces": {
        "down":  { "uv": [ 10.5, 14.5, 11, 14 ], "texture": "#Fur" },
        "up":    { "uv": [ 10.5, 14, 11, 14.5 ], "texture": "#Fur" },
        "north": { "uv": [ 5, 6, 5.5, 6.5 ], "texture": "#Fur" },
        "south": { "uv": [ 10.5, 6, 11, 6.5 ], "texture": "#Fur" },
        "west":  { "uv": [ 14, 6, 14.5, 6.5 ], "texture": "#Fur" },
        "east":  { "uv": [ 1.5, 6, 2, 6.5 ], "texture": "#Fur" }
    }
},
{
    "__comment": "Gimpy_cat",
    "from": [ 11, 6, 11 ],
    "to": [ 11.5, 7.5, 11.5 ],
    "faces": {
        "down":  { "uv": [ 11, 11.5, 11.5, 11 ], "texture": "#Fur" },
        "up":    { "uv": [ 11, 11, 11.5, 11.5 ], "texture": "#Fur" },
        "north": { "uv": [ 4.5, 8.5, 5, 10 ], "texture": "#Fur" },
        "south": { "uv": [ 11, 8.5, 11.5, 10 ], "texture": "#Fur" },
        "west":  { "uv": [ 11, 8.5, 11.5, 10 ], "texture": "#Fur" },
        "east":  { "uv": [ 4.5, 8.5, 5, 10 ], "texture": "#Fur" }
    }
},
{
    "__comment": "Gimpy_cat",
    "from": [ 11, 8.5, 11 ],
    "to": [ 11.5, 9, 11.5 ],
    "faces": {
        "down":  { "uv": [ 11, 11.5, 11.5, 11 ], "texture": "#Fur" },
        "up":    { "uv": [ 11, 11, 11.5, 11.5 ], "texture": "#Fur" },
        "north": { "uv": [ 4.5, 7, 5, 7.5 ], "texture": "#Fur" },
        "south": { "uv": [ 11, 7, 11.5, 7.5 ], "texture": "#Fur" },
        "west":  { "uv": [ 11, 7, 11.5, 7.5 ], "texture": "#Fur" },
        "east":  { "uv": [ 4.5, 7, 5, 7.5 ], "texture": "#Fur" }
    }
},
{
    "__comment": "Gimpy_cat",
    "from": [ 11, 12.5, 11 ],
    "to": [ 12, 13, 12 ],
    "faces": {
        "down":  { "uv": [ 11, 12, 12, 11 ], "texture": "#Fur" },
        "up":    { "uv": [ 11, 11, 12, 12 ], "texture": "#Fur" },
        "north": { "uv": [ 4, 3, 5, 3.5 ], "texture": "#Fur" },
        "south": { "uv": [ 11, 3, 12, 3.5 ], "texture": "#Fur" },
        "west":  { "uv": [ 11, 3, 12, 3.5 ], "texture": "#Fur" },
        "east":  { "uv": [ 4, 3, 5, 3.5 ], "texture": "#Fur" }
    }
},
{
    "__comment": "Gimpy_cat",
    "from": [ 11, 9, 11.5 ],
    "to": [ 11.5, 9.5, 12 ],
    "faces": {
        "down":  { "uv": [ 11, 12, 11.5, 11.5 ], "texture": "#Fur" },
        "up":    { "uv": [ 11, 11.5, 11.5, 12 ], "texture": "#Fur" },
        "north": { "uv": [ 4.5, 6.5, 5, 7 ], "texture": "#Fur" },
        "south": { "uv": [ 11, 6.5, 11.5, 7 ], "texture": "#Fur" },
        "west":  { "uv": [ 11.5, 6.5, 12, 7 ], "texture": "#Fur" },
        "east":  { "uv": [ 4, 6.5, 4.5, 7 ], "texture": "#Fur" }
    }
},
{
    "__comment": "Gimpy_cat",
    "from": [ 11, 11, 11.5 ],
    "to": [ 12.5, 12, 12 ],
    "faces": {
        "down":  { "uv": [ 11, 12, 12.5, 11.5 ], "texture": "#Fur" },
        "up":    { "uv": [ 11, 11.5, 12.5, 12 ], "texture": "#Fur" },
        "north": { "uv": [ 3.5, 4, 5, 5 ], "texture": "#Fur" },
        "south": { "uv": [ 11, 4, 12.5, 5 ], "texture": "#Fur" },
        "west":  { "uv": [ 11.5, 4, 12, 5 ], "texture": "#Fur" },
        "east":  { "uv": [ 4, 4, 4.5, 5 ], "texture": "#Fur" }
    }
},
{
    "__comment": "Gimpy_cat",
    "from": [ 11, 7, 12 ],
    "to": [ 11.5, 7.5, 12.5 ],
    "faces": {
        "down":  { "uv": [ 11, 12.5, 11.5, 12 ], "texture": "#Fur" },
        "up":    { "uv": [ 11, 12, 11.5, 12.5 ], "texture": "#Fur" },
        "north": { "uv": [ 4.5, 8.5, 5, 9 ], "texture": "#Fur" },
        "south": { "uv": [ 11, 8.5, 11.5, 9 ], "texture": "#Fur" },
        "west":  { "uv": [ 12, 8.5, 12.5, 9 ], "texture": "#Fur" },
        "east":  { "uv": [ 3.5, 8.5, 4, 9 ], "texture": "#Fur" }
    }
},
{
    "__comment": "Gimpy_cat",
    "from": [ 11, 11.5, 12 ],
    "to": [ 12.5, 12, 12.5 ],
    "faces": {
        "down":  { "uv": [ 11, 12.5, 12.5, 12 ], "texture": "#Fur" },
        "up":    { "uv": [ 11, 12, 12.5, 12.5 ], "texture": "#Fur" },
        "north": { "uv": [ 3.5, 4, 5, 4.5 ], "texture": "#Fur" },
        "south": { "uv": [ 11, 4, 12.5, 4.5 ], "texture": "#Fur" },
        "west":  { "uv": [ 12, 4, 12.5, 4.5 ], "texture": "#Fur" },
        "east":  { "uv": [ 3.5, 4, 4, 4.5 ], "texture": "#Fur" }
    }
},
{
    "__comment": "Gimpy_cat",
    "from": [ 11, 6.5, 12.5 ],
    "to": [ 11.5, 7, 13 ],
    "faces": {
        "down":  { "uv": [ 11, 13, 11.5, 12.5 ], "texture": "#Fur" },
        "up":    { "uv": [ 11, 12.5, 11.5, 13 ], "texture": "#Fur" },
        "north": { "uv": [ 4.5, 9, 5, 9.5 ], "texture": "#Fur" },
        "south": { "uv": [ 11, 9, 11.5, 9.5 ], "texture": "#Fur" },
        "west":  { "uv": [ 12.5, 9, 13, 9.5 ], "texture": "#Fur" },
        "east":  { "uv": [ 3, 9, 3.5, 9.5 ], "texture": "#Fur" }
    }
},
{
    "__comment": "Gimpy_cat",
    "from": [ 11, 10.5, 12.5 ],
    "to": [ 12, 11, 13 ],
    "faces": {
        "down":  { "uv": [ 11, 13, 12, 12.5 ], "texture": "#Fur" },
        "up":    { "uv": [ 11, 12.5, 12, 13 ], "texture": "#Fur" },
        "north": { "uv": [ 4, 5, 5, 5.5 ], "texture": "#Fur" },
        "south": { "uv": [ 11, 5, 12, 5.5 ], "texture": "#Fur" },
        "west":  { "uv": [ 12.5, 5, 13, 5.5 ], "texture": "#Fur" },
        "east":  { "uv": [ 3, 5, 3.5, 5.5 ], "texture": "#Fur" }
    }
},
{
    "__comment": "Gimpy_cat",
    "from": [ 11, 9.5, 13 ],
    "to": [ 11.5, 10, 13.5 ],
    "faces": {
        "down":  { "uv": [ 11, 13.5, 11.5, 13 ], "texture": "#Fur" },
        "up":    { "uv": [ 11, 13, 11.5, 13.5 ], "texture": "#Fur" },
        "north": { "uv": [ 4.5, 6, 5, 6.5 ], "texture": "#Fur" },
        "south": { "uv": [ 11, 6, 11.5, 6.5 ], "texture": "#Fur" },
        "west":  { "uv": [ 13, 6, 13.5, 6.5 ], "texture": "#Fur" },
        "east":  { "uv": [ 2.5, 6, 3, 6.5 ], "texture": "#Fur" }
    }
},
{
    "__comment": "Gimpy_cat",
    "from": [ 11, 9, 13.5 ],
    "to": [ 11.5, 9.5, 14 ],
    "faces": {
        "down":  { "uv": [ 11, 14, 11.5, 13.5 ], "texture": "#Fur" },
        "up":    { "uv": [ 11, 13.5, 11.5, 14 ], "texture": "#Fur" },
        "north": { "uv": [ 4.5, 6.5, 5, 7 ], "texture": "#Fur" },
        "south": { "uv": [ 11, 6.5, 11.5, 7 ], "texture": "#Fur" },
        "west":  { "uv": [ 13.5, 6.5, 14, 7 ], "texture": "#Fur" },
        "east":  { "uv": [ 2, 6.5, 2.5, 7 ], "texture": "#Fur" }
    }
},
{
    "__comment": "Gimpy_cat",
    "from": [ 11, 7.5, 14 ],
    "to": [ 11.5, 8, 14.5 ],
    "faces": {
        "down":  { "uv": [ 11, 14.5, 11.5, 14 ], "texture": "#Fur" },
        "up":    { "uv": [ 11, 14, 11.5, 14.5 ], "texture": "#Fur" },
        "north": { "uv": [ 4.5, 8, 5, 8.5 ], "texture": "#Fur" },
        "south": { "uv": [ 11, 8, 11.5, 8.5 ], "texture": "#Fur" },
        "west":  { "uv": [ 14, 8, 14.5, 8.5 ], "texture": "#Fur" },
        "east":  { "uv": [ 1.5, 8, 2, 8.5 ], "texture": "#Fur" }
    }
},
{
    "__comment": "Gimpy_cat",
    "from": [ 11, 8, 14.5 ],
    "to": [ 11.5, 9, 15 ],
    "faces": {
        "down":  { "uv": [ 11, 15, 11.5, 14.5 ], "texture": "#Fur" },
        "up":    { "uv": [ 11, 14.5, 11.5, 15 ], "texture": "#Fur" },
        "north": { "uv": [ 4.5, 7, 5, 8 ], "texture": "#Fur" },
        "south": { "uv": [ 11, 7, 11.5, 8 ], "texture": "#Fur" },
        "west":  { "uv": [ 14.5, 7, 15, 8 ], "texture": "#Fur" },
        "east":  { "uv": [ 1, 7, 1.5, 8 ], "texture": "#Fur" }
    }
},
{
    "__comment": "Gimpy_cat",
    "from": [ 11.5, 11, 11 ],
    "to": [ 12.5, 11.5, 11.5 ],
    "faces": {
        "down":  { "uv": [ 11.5, 11.5, 12.5, 11 ], "texture": "#Fur" },
        "up":    { "uv": [ 11.5, 11, 12.5, 11.5 ], "texture": "#Fur" },
        "north": { "uv": [ 3.5, 4.5, 4.5, 5 ], "texture": "#Fur" },
        "south": { "uv": [ 11.5, 4.5, 12.5, 5 ], "texture": "#Fur" },
        "west":  { "uv": [ 11, 4.5, 11.5, 5 ], "texture": "#Fur" },
        "east":  { "uv": [ 4.5, 4.5, 5, 5 ], "texture": "#Fur" }
    }
},
{
    "__comment": "Gimpy_cat",
    "from": [ 11.5, 8, 11.5 ],
    "to": [ 12, 8.5, 12 ],
    "faces": {
        "down":  { "uv": [ 11.5, 12, 12, 11.5 ], "texture": "#Fur" },
        "up":    { "uv": [ 11.5, 11.5, 12, 12 ], "texture": "#Fur" },
        "north": { "uv": [ 4, 7.5, 4.5, 8 ], "texture": "#Fur" },
        "south": { "uv": [ 11.5, 7.5, 12, 8 ], "texture": "#Fur" },
        "west":  { "uv": [ 11.5, 7.5, 12, 8 ], "texture": "#Fur" },
        "east":  { "uv": [ 4, 7.5, 4.5, 8 ], "texture": "#Fur" }
    }
},
{
    "__comment": "Gimpy_cat",
    "from": [ 11.5, 12, 11.5 ],
    "to": [ 12.5, 12.5, 12.5 ],
    "faces": {
        "down":  { "uv": [ 11.5, 12.5, 12.5, 11.5 ], "texture": "#Fur" },
        "up":    { "uv": [ 11.5, 11.5, 12.5, 12.5 ], "texture": "#Fur" },
        "north": { "uv": [ 3.5, 3.5, 4.5, 4 ], "texture": "#Fur" },
        "south": { "uv": [ 11.5, 3.5, 12.5, 4 ], "texture": "#Fur" },
        "west":  { "uv": [ 11.5, 3.5, 12.5, 4 ], "texture": "#Fur" },
        "east":  { "uv": [ 3.5, 3.5, 4.5, 4 ], "texture": "#Fur" }
    }
},
{
    "__comment": "Gimpy_cat",
    "from": [ 11.5, 7.5, 12 ],
    "to": [ 12, 8, 13.5 ],
    "faces": {
        "down":  { "uv": [ 11.5, 13.5, 12, 12 ], "texture": "#Fur" },
        "up":    { "uv": [ 11.5, 12, 12, 13.5 ], "texture": "#Fur" },
        "north": { "uv": [ 4, 8, 4.5, 8.5 ], "texture": "#Fur" },
        "south": { "uv": [ 11.5, 8, 12, 8.5 ], "texture": "#Fur" },
        "west":  { "uv": [ 12, 8, 13.5, 8.5 ], "texture": "#Fur" },
        "east":  { "uv": [ 2.5, 8, 4, 8.5 ], "texture": "#Fur" }
    }
},
{
    "__comment": "Gimpy_cat",
    "from": [ 11.5, 11, 12 ],
    "to": [ 12.5, 11.5, 13 ],
    "faces": {
        "down":  { "uv": [ 11.5, 13, 12.5, 12 ], "texture": "#Fur" },
        "up":    { "uv": [ 11.5, 12, 12.5, 13 ], "texture": "#Fur" },
        "north": { "uv": [ 3.5, 4.5, 4.5, 5 ], "texture": "#Fur" },
        "south": { "uv": [ 11.5, 4.5, 12.5, 5 ], "texture": "#Fur" },
        "west":  { "uv": [ 12, 4.5, 13, 5 ], "texture": "#Fur" },
        "east":  { "uv": [ 3, 4.5, 4, 5 ], "texture": "#Fur" }
    }
},
{
    "__comment": "Gimpy_cat",
    "from": [ 11.5, 12.5, 12 ],
    "to": [ 12.5, 13, 12.5 ],
    "faces": {
        "down":  { "uv": [ 11.5, 12.5, 12.5, 12 ], "texture": "#Fur" },
        "up":    { "uv": [ 11.5, 12, 12.5, 12.5 ], "texture": "#Fur" },
        "north": { "uv": [ 3.5, 3, 4.5, 3.5 ], "texture": "#Fur" },
        "south": { "uv": [ 11.5, 3, 12.5, 3.5 ], "texture": "#Fur" },
        "west":  { "uv": [ 12, 3, 12.5, 3.5 ], "texture": "#Fur" },
        "east":  { "uv": [ 3.5, 3, 4, 3.5 ], "texture": "#Fur" }
    }
},
{
    "__comment": "Gimpy_cat",
    "from": [ 11.5, 9, 12.5 ],
    "to": [ 12, 9.5, 13 ],
    "faces": {
        "down":  { "uv": [ 11.5, 13, 12, 12.5 ], "texture": "#Fur" },
        "up":    { "uv": [ 11.5, 12.5, 12, 13 ], "texture": "#Fur" },
        "north": { "uv": [ 4, 6.5, 4.5, 7 ], "texture": "#Fur" },
        "south": { "uv": [ 11.5, 6.5, 12, 7 ], "texture": "#Fur" },
        "west":  { "uv": [ 12.5, 6.5, 13, 7 ], "texture": "#Fur" },
        "east":  { "uv": [ 3, 6.5, 3.5, 7 ], "texture": "#Fur" }
    }
},
{
    "__comment": "Gimpy_cat",
    "from": [ 11.5, 10, 12.5 ],
    "to": [ 12, 10.5, 13 ],
    "faces": {
        "down":  { "uv": [ 11.5, 13, 12, 12.5 ], "texture": "#Fur" },
        "up":    { "uv": [ 11.5, 12.5, 12, 13 ], "texture": "#Fur" },
        "north": { "uv": [ 4, 5.5, 4.5, 6 ], "texture": "#Fur" },
        "south": { "uv": [ 11.5, 5.5, 12, 6 ], "texture": "#Fur" },
        "west":  { "uv": [ 12.5, 5.5, 13, 6 ], "texture": "#Fur" },
        "east":  { "uv": [ 3, 5.5, 3.5, 6 ], "texture": "#Fur" }
    }
},
{
    "__comment": "Gimpy_cat",
    "from": [ 11.5, 11.5, 12.5 ],
    "to": [ 12.5, 12, 13 ],
    "faces": {
        "down":  { "uv": [ 11.5, 13, 12.5, 12.5 ], "texture": "#Fur" },
        "up":    { "uv": [ 11.5, 12.5, 12.5, 13 ], "texture": "#Fur" },
        "north": { "uv": [ 3.5, 4, 4.5, 4.5 ], "texture": "#Fur" },
        "south": { "uv": [ 11.5, 4, 12.5, 4.5 ], "texture": "#Fur" },
        "west":  { "uv": [ 12.5, 4, 13, 4.5 ], "texture": "#Fur" },
        "east":  { "uv": [ 3, 4, 3.5, 4.5 ], "texture": "#Fur" }
    }
},
{
    "__comment": "Gimpy_cat",
    "from": [ 11.5, 8.5, 13 ],
    "to": [ 12, 9, 14 ],
    "faces": {
        "down":  { "uv": [ 11.5, 14, 12, 13 ], "texture": "#Fur" },
        "up":    { "uv": [ 11.5, 13, 12, 14 ], "texture": "#Fur" },
        "north": { "uv": [ 4, 7, 4.5, 7.5 ], "texture": "#Fur" },
        "south": { "uv": [ 11.5, 7, 12, 7.5 ], "texture": "#Fur" },
        "west":  { "uv": [ 13, 7, 14, 7.5 ], "texture": "#Fur" },
        "east":  { "uv": [ 2, 7, 3, 7.5 ], "texture": "#Fur" }
    }
},
{
    "__comment": "Gimpy_cat",
    "from": [ 11.5, 8, 13.5 ],
    "to": [ 12, 8.5, 14 ],
    "faces": {
        "down":  { "uv": [ 11.5, 14, 12, 13.5 ], "texture": "#Fur" },
        "up":    { "uv": [ 11.5, 13.5, 12, 14 ], "texture": "#Fur" },
        "north": { "uv": [ 4, 7.5, 4.5, 8 ], "texture": "#Fur" },
        "south": { "uv": [ 11.5, 7.5, 12, 8 ], "texture": "#Fur" },
        "west":  { "uv": [ 13.5, 7.5, 14, 8 ], "texture": "#Fur" },
        "east":  { "uv": [ 2, 7.5, 2.5, 8 ], "texture": "#Fur" }
    }
},
{
    "__comment": "Gimpy_cat",
    "from": [ 12, 12.5, 11.5 ],
    "to": [ 12.5, 13, 12 ],
    "faces": {
        "down":  { "uv": [ 12, 12, 12.5, 11.5 ], "texture": "#Fur" },
        "up":    { "uv": [ 12, 11.5, 12.5, 12 ], "texture": "#Fur" },
        "north": { "uv": [ 3.5, 3, 4, 3.5 ], "texture": "#Fur" },
        "south": { "uv": [ 12, 3, 12.5, 3.5 ], "texture": "#Fur" },
        "west":  { "uv": [ 11.5, 3, 12, 3.5 ], "texture": "#Fur" },
        "east":  { "uv": [ 4, 3, 4.5, 3.5 ], "texture": "#Fur" }
    }
},
{
    "__comment": "Gimpy_cat",
    "from": [ 12, 12, 12.5 ],
    "to": [ 12.5, 12.5, 13 ],
    "faces": {
        "down":  { "uv": [ 12, 13, 12.5, 12.5 ], "texture": "#Fur" },
        "up":    { "uv": [ 12, 12.5, 12.5, 13 ], "texture": "#Fur" },
        "north": { "uv": [ 3.5, 3.5, 4, 4 ], "texture": "#Fur" },
        "south": { "uv": [ 12, 3.5, 12.5, 4 ], "texture": "#Fur" },
        "west":  { "uv": [ 12.5, 3.5, 13, 4 ], "texture": "#Fur" },
        "east":  { "uv": [ 3, 3.5, 3.5, 4 ], "texture": "#Fur" }
    }
}
],
"display": {
    "thirdperson": {
        "rotation": [ -90, 0, 0 ],
        "translation": [ 0, 1.6, -2.5 ],
        "scale": [ 0.5, 0.5, 0.5 ]
    },
    "head": {
        "rotation": [ 0, 180, 0 ],
        "translation": [ 0, 12.8, -1.6 ],
        "scale": [ 2, 2, 2 ]
    },
    "firstperson": {
        "rotation": [ -180, -32, 0 ],
        "translation": [ 1.3, -0.8, 0 ],
        "scale": [ 2, 2, 2 ]
    },
    "gui": {
        "rotation": [ 0, 90, 0 ],
        "translation": [ 0, 0, 0 ],
        "scale": [ 2, 2, 2 ]
    }
}
}