{
	"__comment": "Not to be reused. Created for the Buffalo Wizard Servers",
	"textures": {
		"0": "block/characters/zombie/head - back",
		"1": "block/characters/zombie/head - left",
		"2": "block/characters/zombie/head - front",
		"3": "block/characters/zombie/head - right",
		"4": "block/characters/zombie/head - top",
		"5": "block/characters/zombie/head - bottom",
		"6": "block/characters/zombie/body - back",
		"7": "block/characters/zombie/body - left",
		"8": "block/characters/zombie/body - front",
		"9": "block/characters/zombie/body - right",
		"10": "block/characters/zombie/body - top",
		"11": "block/characters/zombie/body - bottom",
		"12": "block/characters/zombie/right shoulder - back",
		"13": "block/characters/zombie/right shoulder - left",
		"14": "block/characters/zombie/right shoulder - front",
		"15": "block/characters/zombie/right shoulder - right",
		"16": "block/characters/zombie/right shoulder - top",
		"17": "block/characters/zombie/right shoulder - bottom",
		"18": "block/characters/zombie/left shoulder - back",
		"19": "block/characters/zombie/left shoulder - left",
		"20": "block/characters/zombie/left shoulder - front",
		"21": "block/characters/zombie/left shoulder - right",
		"22": "block/characters/zombie/left shoulder - top",
		"23": "block/characters/zombie/left shoulder - bottom",
		"24": "block/characters/zombie/right arm - back",
		"25": "block/characters/zombie/right arm - left",
		"26": "block/characters/zombie/right arm - front",
		"27": "block/characters/zombie/right arm - right",
		"28": "block/characters/zombie/right arm - top",
		"29": "block/characters/zombie/right arm - bottom",
		"30": "block/characters/zombie/left arm - back",
		"31": "block/characters/zombie/left arm - left",
		"32": "block/characters/zombie/left arm - front",
		"33": "block/characters/zombie/left arm - right",
		"34": "block/characters/zombie/left arm - top",
		"35": "block/characters/zombie/left arm - bottom",
		"36": "block/characters/zombie/right thigh - back",
		"37": "block/characters/zombie/right thigh - left",
		"38": "block/characters/zombie/right thigh - front",
		"39": "block/characters/zombie/right thigh - right",
		"40": "block/characters/zombie/right thigh - top",
		"41": "block/characters/zombie/right thigh - bottom",
		"42": "block/characters/zombie/left thigh - back",
		"43": "block/characters/zombie/left thigh - left",
		"44": "block/characters/zombie/left thigh - front",
		"45": "block/characters/zombie/left thigh - right",
		"46": "block/characters/zombie/left thigh - top",
		"47": "block/characters/zombie/left thigh - bottom",
		"48": "block/characters/zombie/right foot - back",
		"49": "block/characters/zombie/right foot - left",
		"50": "block/characters/zombie/right foot - front",
		"51": "block/characters/zombie/right foot - right",
		"52": "block/characters/zombie/right foot - top",
		"53": "block/characters/zombie/right foot - bottom",
		"54": "block/characters/zombie/left foot - back",
		"55": "block/characters/zombie/left foot - left",
		"56": "block/characters/zombie/left foot - front",
		"57": "block/characters/zombie/left foot - right",
		"58": "block/characters/zombie/left foot - top",
		"59": "block/characters/zombie/left foot - bottom"
	},
	"elements": [
		{
			"from": [ 4, 21, 11 ],
			"to": [ 12, 29, 19 ],
			"shade": false,
			"faces": {
				"down": { "uv": [ 0, 0, 8, 8 ], "texture": "#5" },
				"up": { "uv": [ 0, 0, 8, 8 ], "texture": "#4" },
				"north": { "uv": [ 0, 0, 8, 8 ], "texture": "#0" },
				"south": { "uv": [ 0, 0, 8, 8 ], "texture": "#2" },
				"west": { "uv": [ 0, 0, 8, 8 ], "texture": "#3" },
				"east": { "uv": [ 0, 0, 8, 8 ], "texture": "#1" }
			}
		},
		{
			"from": [ 4, 9.9983, 0.9995 ],
			"to": [ 12, 21.9983, 4.9995 ],
			"rotation": { "origin": [ 8, 8, 8 ], "axis": "x", "angle": 45 },
			"faces": {
				"down": { "uv": [ 0, 0, 8, 4 ], "texture": "#11" },
				"up": { "uv": [ 0, 0, 8, 4 ], "texture": "#10" },
				"north": { "uv": [ 0, 0, 8, 12 ], "texture": "#6" },
				"south": { "uv": [ 0, 0, 8, 12 ], "texture": "#8" },
				"west": { "uv": [ 0, 0, 4, 12 ], "texture": "#9" },
				"east": { "uv": [ 0, 0, 4, 12 ], "texture": "#7" }
			}
		},
		{
			"from": [ 0, 14.9989, 15.0011 ],
			"to": [ 4, 18.9989, 19.0011 ],
			"rotation": { "origin": [ 8, 8, 8 ], "axis": "x", "angle": -22.5 },
			"faces": {
				"down": { "uv": [ 0, 0, 4, 4 ], "texture": "#17" },
				"up": { "uv": [ 0, 0, 4, 4 ], "texture": "#16" },
				"north": { "uv": [ 0, 0, 4, 4 ], "texture": "#12" },
				"south": { "uv": [ 0, 0, 4, 4 ], "texture": "#14" },
				"west": { "uv": [ 0, 0, 4, 4 ], "texture": "#15" },
				"east": { "uv": [ 0, 0, 4, 4 ], "texture": "#13" }
			}
		},
		{
			"from": [ 12, 19.9997, 5.9981 ],
			"to": [ 16, 23.9997, 9.9981 ],
			"rotation": { "origin": [ 8, 8, 8 ], "axis": "x", "angle": 22.5 },
			"faces": {
				"down": { "uv": [ 0, 0, 4, 4 ], "texture": "#23" },
				"up": { "uv": [ 0, 0, 4, 4 ], "texture": "#22" },
				"north": { "uv": [ 0, 0, 4, 4 ], "texture": "#18" },
				"south": { "uv": [ 0, 0, 4, 4 ], "texture": "#20" },
				"west": { "uv": [ 0, 0, 4, 4 ], "texture": "#21" },
				"east": { "uv": [ 0, 0, 4, 4 ], "texture": "#19" }
			}
		},
		{
			"from": [ 0, 1.9978, 16.9986 ],
			"to": [ 4, 10.9978, 20.9986 ],
			"rotation": { "origin": [ 8, 8, 8 ], "axis": "x", "angle": -45 },
			"faces": {
				"down": { "uv": [ 0, 0, 4, 4 ], "texture": "#29" },
				"up": { "uv": [ 0, 0, 4, 4 ], "texture": "#28" },
				"north": { "uv": [ 0, 0, 4, 9 ], "texture": "#24" },
				"south": { "uv": [ 0, 0, 4, 9 ], "texture": "#26" },
				"west": { "uv": [ 0, 0, 4, 9 ], "texture": "#27" },
				"east": { "uv": [ 0, 0, 4, 9 ], "texture": "#25" }
			}
		},
		{
			"from": [ 12, 7.9991, 14 ],
			"to": [ 16, 16.9991, 18 ],
			"rotation": { "origin": [ 8, 8, 8 ], "axis": "x", "angle": -22.5 },
			"faces": {
				"down": { "uv": [ 0, 0, 4, 4 ], "texture": "#35" },
				"up": { "uv": [ 0, 0, 4, 4 ], "texture": "#34" },
				"north": { "uv": [ 0, 0, 4, 9 ], "texture": "#30" },
				"south": { "uv": [ 0, 0, 4, 9 ], "texture": "#32" },
				"west": { "uv": [ 0, 0, 2, 9 ], "texture": "#33" },
				"east": { "uv": [ 0, 0, 4, 9 ], "texture": "#31" }
			}
		},
		{
			"from": [ 4, 5, 7.9995 ],
			"to": [ 8, 13, 11.9995 ],
			"rotation": { "origin": [ 8, 8, 8 ], "axis": "x", "angle": -22.5 },
			"faces": {
				"down": { "uv": [ 0, 0, 4, 4 ], "texture": "#41" },
				"up": { "uv": [ 0, 0, 4, 4 ], "texture": "#40" },
				"north": { "uv": [ 0, 0, 4, 8 ], "texture": "#36" },
				"south": { "uv": [ 0, 0, 4, 8 ], "texture": "#38" },
				"west": { "uv": [ 0, 0, 4, 8 ], "texture": "#39" },
				"east": { "uv": [ 0, 0, 4, 8 ], "texture": "#37" }
			}
		},
		{
			"from": [ 8, 4.9992, 3.0005 ],
			"to": [ 12, 12.9992, 7.0005 ],
			"rotation": { "origin": [ 8, 8, 8 ], "axis": "x", "angle": 22.5 },
			"faces": {
				"down": { "uv": [ 0, 0, 4, 4 ], "texture": "#47" },
				"up": { "uv": [ 0, 0, 4, 4 ], "texture": "#46" },
				"north": { "uv": [ 0, 0, 4, 8 ], "texture": "#42" },
				"south": { "uv": [ 0, 0, 4, 8 ], "texture": "#44" },
				"west": { "uv": [ 0, 0, 4, 8 ], "texture": "#45" },
				"east": { "uv": [ 0, 0, 4, 8 ], "texture": "#43" }
			}
		},
		{
			"from": [ 4, 0, 9 ],
			"to": [ 8, 7, 13 ],
			"faces": {
				"down": { "uv": [ 0, 0, 4, 4 ], "texture": "#53" },
				"up": { "uv": [ 0, 0, 4, 4 ], "texture": "#52" },
				"north": { "uv": [ 0, 0, 4, 7 ], "texture": "#48" },
				"south": { "uv": [ 0, 0, 4, 7 ], "texture": "#50" },
				"west": { "uv": [ 0, 0, 4, 7 ], "texture": "#51" },
				"east": { "uv": [ 0, 0, 2, 7 ], "texture": "#49" }
			}
		},
		{
			"from": [ 8, -3.001, 4.0027 ],
			"to": [ 12, 3.999, 8.0027 ],
			"rotation": { "origin": [ 8, 8, 8 ], "axis": "x", "angle": 45 },
			"faces": {
				"down": { "uv": [ 0, 0, 4, 4 ], "texture": "#59" },
				"up": { "uv": [ 0, 0, 4, 4 ], "texture": "#58" },
				"north": { "uv": [ 0, 0, 4, 7 ], "texture": "#54" },
				"south": { "uv": [ 0, 0, 4, 7 ], "texture": "#56" },
				"west": { "uv": [ 0, 0, 4, 7 ], "texture": "#57" },
				"east": { "uv": [ 0, 0, 4, 7 ], "texture": "#55" }
			}
		}
	],
	"display": {
		"thirdperson_righthand": {
			"scale":  [ 0.5, 0.5, 0.5 ]
		},
		"thirdperson_lefthand": {
			"scale":  [ 0.5, 0.5, 0.5 ]
		},
		"firstperson_righthand": {
			"rotation":  [ 0, 180, 0 ],
			"scale":  [ 0.5, 0.5, 0.5 ]
		},
		"firstperson_lefthand": {
			"rotation":  [ 0, 180, 0 ],
			"scale":  [ 0.5, 0.5, 0.5 ]
		},
		"gui": {
			"translation":  [ 0, -3.25, 0 ],
			"scale":  [ 0.5, 0.5, 0.5 ]
		},
		"fixed": {
			"rotation":  [ 0, 180, 0 ]
		}
	}
}