{
	"__comment": "Not to be reused. Created for the Buffalo Wizard Servers",
	"textures": {
		"Beard": "block/hats/hat_beard1"
	},
	"elements": [
		{
			"from": [ 4.5, 6, 8.5 ],
			"to": [ 6.5, 7, 8.5625 ],
			"faces": {
				"down": { "uv": [ 4.5, 8.5625, 6.5, 8.5 ], "texture": "#Beard" },
				"up": { "uv": [ 4.5, 8.5, 6.5, 8.5625 ], "texture": "#Beard" },
				"north": { "uv": [ 9.5, 9, 11.5, 10 ], "texture": "#Beard" },
				"south": { "uv": [ 4.5, 9, 6.5, 10 ], "texture": "#Beard" },
				"west": { "uv": [ 8.5, 9, 8.5625, 10 ], "texture": "#Beard" },
				"east": { "uv": [ 7.4375, 9, 7.5, 10 ], "texture": "#Beard" }
			}
		},
		{
			"from": [ 9.5, 6, 8.5 ],
			"to": [ 11.5, 7, 8.5625 ],
			"faces": {
				"down": { "uv": [ 9.5, 8.5625, 11.5, 8.5 ], "texture": "#Beard" },
				"up": { "uv": [ 9.5, 8.5, 11.5, 8.5625 ], "texture": "#Beard" },
				"north": { "uv": [ 4.5, 9, 6.5, 10 ], "texture": "#Beard" },
				"south": { "uv": [ 9.5, 9, 11.5, 10 ], "texture": "#Beard" },
				"west": { "uv": [ 8.5, 9, 8.5625, 10 ], "texture": "#Beard" },
				"east": { "uv": [ 7.4375, 9, 7.5, 10 ], "texture": "#Beard" }
			}
		},
		{
			"from": [ 7, 4.5, 8.5 ],
			"to": [ 9, 5.5, 8.5625 ],
			"faces": {
				"down": { "uv": [ 7, 8.5625, 9, 8.5 ], "texture": "#Beard" },
				"up": { "uv": [ 7, 8.5, 9, 8.5625 ], "texture": "#Beard" },
				"north": { "uv": [ 7, 10.5, 9, 11.5 ], "texture": "#Beard" },
				"south": { "uv": [ 7, 10.5, 9, 11.5 ], "texture": "#Beard" },
				"west": { "uv": [ 8.5, 10.5, 8.5625, 11.5 ], "texture": "#Beard" },
				"east": { "uv": [ 7.4375, 10.5, 7.5, 11.5 ], "texture": "#Beard" }
			}
		},
		{
			"from": [ 7, 1.5, 8.5 ],
			"to": [ 9, 2.5, 8.5625 ],
			"faces": {
				"down": { "uv": [ 7, 8.5625, 9, 8.5 ], "texture": "#Beard" },
				"up": { "uv": [ 7, 8.5, 9, 8.5625 ], "texture": "#Beard" },
				"north": { "uv": [ 7, 13.5, 9, 14.5 ], "texture": "#Beard" },
				"south": { "uv": [ 7, 13.5, 9, 14.5 ], "texture": "#Beard" },
				"west": { "uv": [ 8.5, 13.5, 8.5625, 14.5 ], "texture": "#Beard" },
				"east": { "uv": [ 7.4375, 13.5, 7.5, 14.5 ], "texture": "#Beard" }
			}
		},
		{
			"__comment": "Oldman_beard",
			"from": [ 3, 8, 7.5 ],
			"to": [ 4, 9.5, 8.5 ],
			"faces": {
				"down": { "uv": [ 3, 8.5, 4, 7.5 ], "texture": "#Beard" },
				"up": { "uv": [ 3, 7.5, 4, 8.5 ], "texture": "#Beard" },
				"north": { "uv": [ 12, 6.5, 13, 8 ], "texture": "#Beard" },
				"south": { "uv": [ 3, 6.5, 4, 8 ], "texture": "#Beard" },
				"west": { "uv": [ 7.5, 6.5, 8.5, 8 ], "texture": "#Beard" },
				"east": { "uv": [ 7.5, 6.5, 8.5, 8 ], "texture": "#Beard" }
			}
		},
		{
			"__comment": "Oldman_beard",
			"from": [ 4, 7, 7.5 ],
			"to": [ 12, 9, 8.5 ],
			"faces": {
				"down": { "uv": [ 4, 8.5, 12, 7.5 ], "texture": "#Beard" },
				"up": { "uv": [ 4, 7.5, 12, 8.5 ], "texture": "#Beard" },
				"north": { "uv": [ 4, 7, 12, 9 ], "texture": "#Beard" },
				"south": { "uv": [ 4, 7, 12, 9 ], "texture": "#Beard" },
				"west": { "uv": [ 7.5, 7, 8.5, 9 ], "texture": "#Beard" },
				"east": { "uv": [ 7.5, 7, 8.5, 9 ], "texture": "#Beard" }
			}
		},
		{
			"__comment": "Oldman_beard",
			"from": [ 4.5, 9, 7.5 ],
			"to": [ 11.5, 10, 8.5 ],
			"faces": {
				"down": { "uv": [ 4.5, 8.5, 11.5, 7.5 ], "texture": "#Beard" },
				"up": { "uv": [ 4.5, 7.5, 11.5, 8.5 ], "texture": "#Beard" },
				"north": { "uv": [ 4.5, 6, 11.5, 7 ], "texture": "#Beard" },
				"south": { "uv": [ 4.5, 6, 11.5, 7 ], "texture": "#Beard" },
				"west": { "uv": [ 7.5, 6, 8.5, 7 ], "texture": "#Beard" },
				"east": { "uv": [ 7.5, 6, 8.5, 7 ], "texture": "#Beard" }
			}
		},
		{
			"__comment": "Oldman_beard",
			"from": [ 4.5, 11, 8.5 ],
			"to": [ 7.5, 12, 9 ],
			"faces": {
				"down": { "uv": [ 4.5, 9, 7.5, 8.5 ], "texture": "#Beard" },
				"up": { "uv": [ 4.5, 8.5, 7.5, 9 ], "texture": "#Beard" },
				"north": { "uv": [ 8.5, 4, 11.5, 5 ], "texture": "#Beard" },
				"south": { "uv": [ 4.5, 4, 7.5, 5 ], "texture": "#Beard" },
				"west": { "uv": [ 8.5, 4, 9, 5 ], "texture": "#Beard" },
				"east": { "uv": [ 7, 4, 7.5, 5 ], "texture": "#Beard" }
			}
		},
		{
			"__comment": "Oldman_beard",
			"from": [ 4.5, 14.5, 8.5 ],
			"to": [ 7, 16, 9 ],
			"faces": {
				"down": { "uv": [ 4.5, 9, 7, 8.5 ], "texture": "#Beard" },
				"up": { "uv": [ 4.5, 8.5, 7, 9 ], "texture": "#Beard" },
				"north": { "uv": [ 9, 0, 11.5, 1.5 ], "texture": "#Beard" },
				"south": { "uv": [ 4.5, 0, 7, 1.5 ], "texture": "#Beard" },
				"west": { "uv": [ 8.5, 0, 9, 1.5 ], "texture": "#Beard" },
				"east": { "uv": [ 7, 0, 7.5, 1.5 ], "texture": "#Beard" }
			}
		},
		{
			"__comment": "Oldman_beard",
			"from": [ 5, 5, 7.5 ],
			"to": [ 11, 7, 8.5 ],
			"faces": {
				"down": { "uv": [ 5, 8.5, 11, 7.5 ], "texture": "#Beard" },
				"up": { "uv": [ 5, 7.5, 11, 8.5 ], "texture": "#Beard" },
				"north": { "uv": [ 5, 9, 11, 11 ], "texture": "#Beard" },
				"south": { "uv": [ 5, 9, 11, 11 ], "texture": "#Beard" },
				"west": { "uv": [ 7.5, 9, 8.5, 11 ], "texture": "#Beard" },
				"east": { "uv": [ 7.5, 9, 8.5, 11 ], "texture": "#Beard" }
			}
		},
		{
			"__comment": "Oldman_beard",
			"from": [ 5, 10, 7.5 ],
			"to": [ 11, 11, 8.5 ],
			"faces": {
				"down": { "uv": [ 5, 8.5, 11, 7.5 ], "texture": "#Beard" },
				"up": { "uv": [ 5, 7.5, 11, 8.5 ], "texture": "#Beard" },
				"north": { "uv": [ 5, 5, 11, 6 ], "texture": "#Beard" },
				"south": { "uv": [ 5, 5, 11, 6 ], "texture": "#Beard" },
				"west": { "uv": [ 7.5, 5, 8.5, 6 ], "texture": "#Beard" },
				"east": { "uv": [ 7.5, 5, 8.5, 6 ], "texture": "#Beard" }
			}
		},
		{
			"__comment": "Oldman_beard",
			"from": [ 5, 11, 7.5 ],
			"to": [ 11, 11.5, 8.5 ],
			"faces": {
				"down": { "uv": [ 5, 8.5, 11, 7.5 ], "texture": "#Beard" },
				"up": { "uv": [ 5, 7.5, 11, 8.5 ], "texture": "#Beard" },
				"north": { "uv": [ 5, 4.5, 11, 5 ], "texture": "#Beard" },
				"south": { "uv": [ 5, 4.5, 11, 5 ], "texture": "#Beard" },
				"west": { "uv": [ 7.5, 4.5, 8.5, 5 ], "texture": "#Beard" },
				"east": { "uv": [ 7.5, 4.5, 8.5, 5 ], "texture": "#Beard" }
			}
		},
		{
			"__comment": "Oldman_beard",
			"from": [ 6, 4.5, 7.5 ],
			"to": [ 10, 5, 8.5 ],
			"faces": {
				"down": { "uv": [ 6, 8.5, 10, 7.5 ], "texture": "#Beard" },
				"up": { "uv": [ 6, 7.5, 10, 8.5 ], "texture": "#Beard" },
				"north": { "uv": [ 6, 11, 10, 11.5 ], "texture": "#Beard" },
				"south": { "uv": [ 6, 11, 10, 11.5 ], "texture": "#Beard" },
				"west": { "uv": [ 7.5, 11, 8.5, 11.5 ], "texture": "#Beard" },
				"east": { "uv": [ 7.5, 11, 8.5, 11.5 ], "texture": "#Beard" }
			}
		},
		{
			"__comment": "Oldman_beard",
			"from": [ 6.5, 0.5, 7.5 ],
			"to": [ 9.5, 1.5, 8.5 ],
			"faces": {
				"down": { "uv": [ 6.5, 8.5, 9.5, 7.5 ], "texture": "#Beard" },
				"up": { "uv": [ 6.5, 7.5, 9.5, 8.5 ], "texture": "#Beard" },
				"north": { "uv": [ 6.5, 14.5, 9.5, 15.5 ], "texture": "#Beard" },
				"south": { "uv": [ 6.5, 14.5, 9.5, 15.5 ], "texture": "#Beard" },
				"west": { "uv": [ 7.5, 14.5, 8.5, 15.5 ], "texture": "#Beard" },
				"east": { "uv": [ 7.5, 14.5, 8.5, 15.5 ], "texture": "#Beard" }
			}
		},
		{
			"__comment": "Oldman_beard",
			"from": [ 6.5, 3, 7.5 ],
			"to": [ 9.5, 4.5, 8.5 ],
			"faces": {
				"down": { "uv": [ 6.5, 8.5, 9.5, 7.5 ], "texture": "#Beard" },
				"up": { "uv": [ 6.5, 7.5, 9.5, 8.5 ], "texture": "#Beard" },
				"north": { "uv": [ 6.5, 11.5, 9.5, 13 ], "texture": "#Beard" },
				"south": { "uv": [ 6.5, 11.5, 9.5, 13 ], "texture": "#Beard" },
				"west": { "uv": [ 7.5, 11.5, 8.5, 13 ], "texture": "#Beard" },
				"east": { "uv": [ 7.5, 11.5, 8.5, 13 ], "texture": "#Beard" }
			}
		},
		{
			"__comment": "Oldman_beard",
			"from": [ 6.5, 12, 8.5 ],
			"to": [ 9.5, 13, 9 ],
			"faces": {
				"down": { "uv": [ 6.5, 9, 9.5, 8.5 ], "texture": "#Beard" },
				"up": { "uv": [ 6.5, 8.5, 9.5, 9 ], "texture": "#Beard" },
				"north": { "uv": [ 6.5, 3, 9.5, 4 ], "texture": "#Beard" },
				"south": { "uv": [ 6.5, 3, 9.5, 4 ], "texture": "#Beard" },
				"west": { "uv": [ 8.5, 3, 9, 4 ], "texture": "#Beard" },
				"east": { "uv": [ 7, 3, 7.5, 4 ], "texture": "#Beard" }
			}
		},
		{
			"__comment": "Oldman_beard",
			"from": [ 7, 0, 7.5 ],
			"to": [ 9, 0.5, 8.5 ],
			"faces": {
				"down": { "uv": [ 7, 8.5, 9, 7.5 ], "texture": "#Beard" },
				"up": { "uv": [ 7, 7.5, 9, 8.5 ], "texture": "#Beard" },
				"north": { "uv": [ 7, 15.5, 9, 16 ], "texture": "#Beard" },
				"south": { "uv": [ 7, 15.5, 9, 16 ], "texture": "#Beard" },
				"west": { "uv": [ 7.5, 15.5, 8.5, 16 ], "texture": "#Beard" },
				"east": { "uv": [ 7.5, 15.5, 8.5, 16 ], "texture": "#Beard" }
			}
		},
		{
			"__comment": "Oldman_beard",
			"from": [ 7, 1.5, 7.5 ],
			"to": [ 9, 3, 8.5 ],
			"faces": {
				"down": { "uv": [ 7, 8.5, 9, 7.5 ], "texture": "#Beard" },
				"up": { "uv": [ 7, 7.5, 9, 8.5 ], "texture": "#Beard" },
				"north": { "uv": [ 7, 13, 9, 14.5 ], "texture": "#Beard" },
				"south": { "uv": [ 7, 13, 9, 14.5 ], "texture": "#Beard" },
				"west": { "uv": [ 7.5, 13, 8.5, 14.5 ], "texture": "#Beard" },
				"east": { "uv": [ 7.5, 13, 8.5, 14.5 ], "texture": "#Beard" }
			}
		},
		{
			"__comment": "Oldman_beard",
			"from": [ 7, 14.5, 8.5 ],
			"to": [ 7.5, 15.5, 9 ],
			"faces": {
				"down": { "uv": [ 7, 9, 7.5, 8.5 ], "texture": "#Beard" },
				"up": { "uv": [ 7, 8.5, 7.5, 9 ], "texture": "#Beard" },
				"north": { "uv": [ 8.5, 0.5, 9, 1.5 ], "texture": "#Beard" },
				"south": { "uv": [ 7, 0.5, 7.5, 1.5 ], "texture": "#Beard" },
				"west": { "uv": [ 8.5, 0.5, 9, 1.5 ], "texture": "#Beard" },
				"east": { "uv": [ 7, 0.5, 7.5, 1.5 ], "texture": "#Beard" }
			}
		},
		{
			"__comment": "Oldman_beard",
			"from": [ 8.5, 11, 8.5 ],
			"to": [ 11.5, 11.5, 9 ],
			"faces": {
				"down": { "uv": [ 8.5, 9, 11.5, 8.5 ], "texture": "#Beard" },
				"up": { "uv": [ 8.5, 8.5, 11.5, 9 ], "texture": "#Beard" },
				"north": { "uv": [ 4.5, 4.5, 7.5, 5 ], "texture": "#Beard" },
				"south": { "uv": [ 8.5, 4.5, 11.5, 5 ], "texture": "#Beard" },
				"west": { "uv": [ 8.5, 4.5, 9, 5 ], "texture": "#Beard" },
				"east": { "uv": [ 7, 4.5, 7.5, 5 ], "texture": "#Beard" }
			}
		},
		{
			"__comment": "Oldman_beard",
			"from": [ 8.5, 11.5, 8.5 ],
			"to": [ 11.5, 12, 9 ],
			"faces": {
				"down": { "uv": [ 8.5, 9, 11.5, 8.5 ], "texture": "#Beard" },
				"up": { "uv": [ 8.5, 8.5, 11.5, 9 ], "texture": "#Beard" },
				"north": { "uv": [ 4.5, 4, 7.5, 4.5 ], "texture": "#Beard" },
				"south": { "uv": [ 8.5, 4, 11.5, 4.5 ], "texture": "#Beard" },
				"west": { "uv": [ 8.5, 4, 9, 4.5 ], "texture": "#Beard" },
				"east": { "uv": [ 7, 4, 7.5, 4.5 ], "texture": "#Beard" }
			}
		},
		{
			"__comment": "Oldman_beard",
			"from": [ 8.5, 14.5, 8.5 ],
			"to": [ 11.5, 15.5, 9 ],
			"faces": {
				"down": { "uv": [ 8.5, 9, 11.5, 8.5 ], "texture": "#Beard" },
				"up": { "uv": [ 8.5, 8.5, 11.5, 9 ], "texture": "#Beard" },
				"north": { "uv": [ 4.5, 0.5, 7.5, 1.5 ], "texture": "#Beard" },
				"south": { "uv": [ 8.5, 0.5, 11.5, 1.5 ], "texture": "#Beard" },
				"west": { "uv": [ 8.5, 0.5, 9, 1.5 ], "texture": "#Beard" },
				"east": { "uv": [ 7, 0.5, 7.5, 1.5 ], "texture": "#Beard" }
			}
		},
		{
			"__comment": "Oldman_beard",
			"from": [ 9, 15.5, 8.5 ],
			"to": [ 11.5, 16, 9 ],
			"faces": {
				"down": { "uv": [ 9, 9, 11.5, 8.5 ], "texture": "#Beard" },
				"up": { "uv": [ 9, 8.5, 11.5, 9 ], "texture": "#Beard" },
				"north": { "uv": [ 4.5, 0, 7, 0.5 ], "texture": "#Beard" },
				"south": { "uv": [ 9, 0, 11.5, 0.5 ], "texture": "#Beard" },
				"west": { "uv": [ 8.5, 0, 9, 0.5 ], "texture": "#Beard" },
				"east": { "uv": [ 7, 0, 7.5, 0.5 ], "texture": "#Beard" }
			}
		},
		{
			"__comment": "Oldman_beard",
			"from": [ 12, 8, 7.5 ],
			"to": [ 13, 9.5, 8.5 ],
			"faces": {
				"down": { "uv": [ 12, 8.5, 13, 7.5 ], "texture": "#Beard" },
				"up": { "uv": [ 12, 7.5, 13, 8.5 ], "texture": "#Beard" },
				"north": { "uv": [ 3, 6.5, 4, 8 ], "texture": "#Beard" },
				"south": { "uv": [ 12, 6.5, 13, 8 ], "texture": "#Beard" },
				"west": { "uv": [ 7.5, 6.5, 8.5, 8 ], "texture": "#Beard" },
				"east": { "uv": [ 7.5, 6.5, 8.5, 8 ], "texture": "#Beard" }
			}
		}
	],
	"display": {
		"firstperson_righthand": {
			"translation":  [ -2, 0, 0 ]
		},
		"firstperson_lefthand": {
			"translation":  [ -2, 0, 0 ]
		},
		"gui": {
			"translation":  [ 0, 0, -1 ]
		},
		"head": {
			"rotation":  [ 0, 180, 0 ],
			"translation":  [ 0, -11, -6 ],
			"scale":  [ 2, 2, 2 ]
		}
	}
}