{
"__comment": "Pharaoh",
"__comment": "Not to be reused. Created for the Buffalo Wizard Servers",
"textures": {
    "Luna_Base": "blocks/hats/hats_pharaoh1",
    "Luna_Crest": "blocks/hats/hats_pharaoh2",
    "Luna_Tassle": "blocks/hats/hats_pharaoh3",
    "Luna_Base_Bottom": "blocks/hats/hats_pharaoh4"
},
"elements": [ 
{
    "__comment": "Luna_Tassle",
    "from": [ 0, 1.5, 4 ],
    "to": [ 2, 6.5, 7 ],
    "faces": {
        "down":  { "uv": [ 16, 7, 14, 4 ], "texture": "#Luna_Tassle" },
        "up":    { "uv": [ 0, 4, 2, 7 ], "texture": "#Luna_Tassle" },
        "north": { "uv": [ 14, 9.5, 16, 14.5 ], "texture": "#Luna_Tassle" },
        "south": { "uv": [ 0, 9.5, 2, 14.5 ], "texture": "#Luna_Tassle" },
        "west":  { "uv": [ 4, 9.5, 7, 14.5 ], "texture": "#Luna_Tassle" },
        "east":  { "uv": [ 9, 9.5, 12, 14.5 ], "texture": "#Luna_Tassle" }
    }
},
{
    "__comment": "Luna_Tassle",
    "from": [ 0.5, 6.5, 4 ],
    "to": [ 15.5, 8.5, 7 ],
    "faces": {
        "down":  { "uv": [ 15.5, 7, 0.5, 4 ], "texture": "#Luna_Tassle" },
        "up":    { "uv": [ 0.5, 4, 15.5, 7 ], "texture": "#Luna_Tassle" },
        "north": { "uv": [ 0.5, 7.5, 15.5, 9.5 ], "texture": "#Luna_Tassle" },
        "south": { "uv": [ 0.5, 7.5, 15.5, 9.5 ], "texture": "#Luna_Tassle" },
        "west":  { "uv": [ 4, 7.5, 7, 9.5 ], "texture": "#Luna_Tassle" },
        "east":  { "uv": [ 9, 7.5, 12, 9.5 ], "texture": "#Luna_Tassle" }
    }
},
{
    "__comment": "Luna",
    "from": [ 1, 10, 3.5 ],
    "to": [ 15, 12, 7.5 ],
    "faces": {
        "down":  { "uv": [ 15, 7.5, 1, 3.5 ], "texture": "#Luna_Base_Bottom" },
        "up":    { "uv": [ 1, 3.5, 15, 7.5 ], "texture": "#Luna_Base" },
        "north": { "uv": [ 1, 4, 15, 6 ], "texture": "#Luna_Base" },
        "south": { "uv": [ 1, 4, 15, 6 ], "texture": "#Luna_Base" },
        "west":  { "uv": [ 3.5, 4, 7.5, 6 ], "texture": "#Luna_Base" },
        "east":  { "uv": [ 8.5, 4, 12.5, 6 ], "texture": "#Luna_Base" }
    }
},
{
    "__comment": "Luna_Tassle",
    "from": [ 1, 8.5, 4 ],
    "to": [ 15, 10, 7 ],
    "faces": {
        "down":  { "uv": [ 15, 7, 1, 4 ], "texture": "#Luna_Tassle" },
        "up":    { "uv": [ 1, 4, 15, 7 ], "texture": "#Luna_Tassle" },
        "north": { "uv": [ 1, 6, 15, 7.5 ], "texture": "#Luna_Tassle" },
        "south": { "uv": [ 1, 6, 15, 7.5 ], "texture": "#Luna_Tassle" },
        "west":  { "uv": [ 4, 6, 7, 7.5 ], "texture": "#Luna_Tassle" },
        "east":  { "uv": [ 9, 6, 12, 7.5 ], "texture": "#Luna_Tassle" }
    }
},
{
    "__comment": "Luna",
    "from": [ 1.5, 8.5, 3.5 ],
    "to": [ 14.5, 10, 4 ],
    "faces": {
        "down":  { "uv": [ 14.5, 4, 1.5, 3.5 ], "texture": "#Luna_Base_Bottom" },
        "up":    { "uv": [ 1.5, 3.5, 14.5, 4 ], "texture": "#Luna_Base" },
        "north": { "uv": [ 1.5, 6, 14.5, 7.5 ], "texture": "#Luna_Base" },
        "south": { "uv": [ 1.5, 6, 14.5, 7.5 ], "texture": "#Luna_Base" },
        "west":  { "uv": [ 3.5, 6, 4, 7.5 ], "texture": "#Luna_Base" },
        "east":  { "uv": [ 12, 6, 12.5, 7.5 ], "texture": "#Luna_Base" }
    }
},
{
    "__comment": "Luna",
    "from": [ 1.5, 12, 3.5 ],
    "to": [ 14.5, 12.5, 8 ],
    "faces": {
        "down":  { "uv": [ 14.5, 8, 1.5, 3.5 ], "texture": "#Luna_Base_Bottom" },
        "up":    { "uv": [ 1.5, 3.5, 14.5, 8 ], "texture": "#Luna_Base" },
        "north": { "uv": [ 1.5, 3.5, 14.5, 4 ], "texture": "#Luna_Base" },
        "south": { "uv": [ 1.5, 3.5, 14.5, 4 ], "texture": "#Luna_Base" },
        "west":  { "uv": [ 3.5, 3.5, 8, 4 ], "texture": "#Luna_Base" },
        "east":  { "uv": [ 8, 3.5, 12.5, 4 ], "texture": "#Luna_Base" }
    }
},
{
    "__comment": "Luna",
    "from": [ 1.5, 12.5, 3.5 ],
    "to": [ 14.5, 13, 7.5 ],
    "faces": {
        "down":  { "uv": [ 14.5, 7.5, 1.5, 3.5 ], "texture": "#Luna_Base_Bottom" },
        "up":    { "uv": [ 1.5, 3.5, 14.5, 7.5 ], "texture": "#Luna_Base" },
        "north": { "uv": [ 1.5, 3, 14.5, 3.5 ], "texture": "#Luna_Base" },
        "south": { "uv": [ 1.5, 3, 14.5, 3.5 ], "texture": "#Luna_Base" },
        "west":  { "uv": [ 3.5, 3, 7.5, 3.5 ], "texture": "#Luna_Base" },
        "east":  { "uv": [ 8.5, 3, 12.5, 3.5 ], "texture": "#Luna_Base" }
    }
},
{
    "__comment": "Luna",
    "from": [ 1.5, 8.5, 7 ],
    "to": [ 14.5, 10, 7.5 ],
    "faces": {
        "down":  { "uv": [ 14.5, 7.5, 1.5, 7 ], "texture": "#Luna_Base_Bottom" },
        "up":    { "uv": [ 1.5, 7, 14.5, 7.5 ], "texture": "#Luna_Base" },
        "north": { "uv": [ 1.5, 6, 14.5, 7.5 ], "texture": "#Luna_Base" },
        "south": { "uv": [ 1.5, 6, 14.5, 7.5 ], "texture": "#Luna_Base" },
        "west":  { "uv": [ 7, 6, 7.5, 7.5 ], "texture": "#Luna_Base" },
        "east":  { "uv": [ 8.5, 6, 9, 7.5 ], "texture": "#Luna_Base" }
    }
},
{
    "__comment": "Luna",
    "from": [ 1.5, 9, 7.5 ],
    "to": [ 14.5, 12, 8 ],
    "faces": {
        "down":  { "uv": [ 14.5, 8, 1.5, 7.5 ], "texture": "#Luna_Base_Bottom" },
        "up":    { "uv": [ 1.5, 7.5, 14.5, 8 ], "texture": "#Luna_Base" },
        "north": { "uv": [ 1.5, 4, 14.5, 7 ], "texture": "#Luna_Base" },
        "south": { "uv": [ 1.5, 4, 14.5, 7 ], "texture": "#Luna_Base" },
        "west":  { "uv": [ 7.5, 4, 8, 7 ], "texture": "#Luna_Base" },
        "east":  { "uv": [ 8, 4, 8.5, 7 ], "texture": "#Luna_Base" }
    }
},
{
    "__comment": "Luna",
    "from": [ 2, 8, 3.5 ],
    "to": [ 14, 8.5, 4 ],
    "faces": {
        "down":  { "uv": [ 14, 4, 2, 3.5 ], "texture": "#Luna_Base_Bottom" },
        "up":    { "uv": [ 2, 3.5, 14, 4 ], "texture": "#Luna_Base" },
        "north": { "uv": [ 2, 7.5, 14, 8 ], "texture": "#Luna_Base" },
        "south": { "uv": [ 2, 7.5, 14, 8 ], "texture": "#Luna_Base" },
        "west":  { "uv": [ 3.5, 7.5, 4, 8 ], "texture": "#Luna_Base" },
        "east":  { "uv": [ 12, 7.5, 12.5, 8 ], "texture": "#Luna_Base" }
    }
},
{
    "__comment": "Luna",
    "from": [ 2, 13, 3.5 ],
    "to": [ 14, 13.5, 7.5 ],
    "faces": {
        "down":  { "uv": [ 14, 7.5, 2, 3.5 ], "texture": "#Luna_Base_Bottom" },
        "up":    { "uv": [ 2, 3.5, 14, 7.5 ], "texture": "#Luna_Base" },
        "north": { "uv": [ 2, 2.5, 14, 3 ], "texture": "#Luna_Base" },
        "south": { "uv": [ 2, 2.5, 14, 3 ], "texture": "#Luna_Base" },
        "west":  { "uv": [ 3.5, 2.5, 7.5, 3 ], "texture": "#Luna_Base" },
        "east":  { "uv": [ 8.5, 2.5, 12.5, 3 ], "texture": "#Luna_Base" }
    }
},
{
    "__comment": "Luna_Tassle",
    "from": [ 2, 2, 4 ],
    "to": [ 2.5, 6.5, 7 ],
    "faces": {
        "down":  { "uv": [ 14, 7, 13.5, 4 ], "texture": "#Luna_Tassle" },
        "up":    { "uv": [ 2, 4, 2.5, 7 ], "texture": "#Luna_Tassle" },
        "north": { "uv": [ 13.5, 9.5, 14, 14 ], "texture": "#Luna_Tassle" },
        "south": { "uv": [ 2, 9.5, 2.5, 14 ], "texture": "#Luna_Tassle" },
        "west":  { "uv": [ 4, 9.5, 7, 14 ], "texture": "#Luna_Tassle" },
        "east":  { "uv": [ 9, 9.5, 12, 14 ], "texture": "#Luna_Tassle" }
    }
},
{
    "__comment": "Luna",
    "from": [ 2, 8, 7 ],
    "to": [ 14, 8.5, 7.5 ],
    "faces": {
        "down":  { "uv": [ 14, 7.5, 2, 7 ], "texture": "#Luna_Base_Bottom" },
        "up":    { "uv": [ 2, 7, 14, 7.5 ], "texture": "#Luna_Base" },
        "north": { "uv": [ 2, 7.5, 14, 8 ], "texture": "#Luna_Base" },
        "south": { "uv": [ 2, 7.5, 14, 8 ], "texture": "#Luna_Base" },
        "west":  { "uv": [ 7, 7.5, 7.5, 8 ], "texture": "#Luna_Base" },
        "east":  { "uv": [ 8.5, 7.5, 9, 8 ], "texture": "#Luna_Base" }
    }
},
{
    "__comment": "Luna",
    "from": [ 2, 8.5, 7.5 ],
    "to": [ 14, 9, 8 ],
    "faces": {
        "down":  { "uv": [ 14, 8, 2, 7.5 ], "texture": "#Luna_Base_Bottom" },
        "up":    { "uv": [ 2, 7.5, 14, 8 ], "texture": "#Luna_Base" },
        "north": { "uv": [ 2, 7, 14, 7.5 ], "texture": "#Luna_Base" },
        "south": { "uv": [ 2, 7, 14, 7.5 ], "texture": "#Luna_Base" },
        "west":  { "uv": [ 7.5, 7, 8, 7.5 ], "texture": "#Luna_Base" },
        "east":  { "uv": [ 8, 7, 8.5, 7.5 ], "texture": "#Luna_Base" }
    }
},
{
    "__comment": "Luna",
    "from": [ 2, 12.5, 7.5 ],
    "to": [ 14, 13, 8 ],
    "faces": {
        "down":  { "uv": [ 14, 8, 2, 7.5 ], "texture": "#Luna_Base_Bottom" },
        "up":    { "uv": [ 2, 7.5, 14, 8 ], "texture": "#Luna_Base" },
        "north": { "uv": [ 2, 3, 14, 3.5 ], "texture": "#Luna_Base" },
        "south": { "uv": [ 2, 3, 14, 3.5 ], "texture": "#Luna_Base" },
        "west":  { "uv": [ 7.5, 3, 8, 3.5 ], "texture": "#Luna_Base" },
        "east":  { "uv": [ 8, 3, 8.5, 3.5 ], "texture": "#Luna_Base" }
    }
},
{
    "__comment": "Luna",
    "from": [ 2, 9.5, 8 ],
    "to": [ 14, 12, 8.5 ],
    "faces": {
        "down":  { "uv": [ 14, 8.5, 2, 8 ], "texture": "#Luna_Base_Bottom" },
        "up":    { "uv": [ 2, 8, 14, 8.5 ], "texture": "#Luna_Base" },
        "north": { "uv": [ 2, 4, 14, 6.5 ], "texture": "#Luna_Base" },
        "south": { "uv": [ 2, 4, 14, 6.5 ], "texture": "#Luna_Base" },
        "west":  { "uv": [ 8, 4, 8.5, 6.5 ], "texture": "#Luna_Base" },
        "east":  { "uv": [ 7.5, 4, 8, 6.5 ], "texture": "#Luna_Base" }
    }
},
{
    "__comment": "Luna",
    "from": [ 2.5, 7.5, 2.5 ],
    "to": [ 13.5, 8, 4 ],
    "faces": {
        "down":  { "uv": [ 13.5, 4, 2.5, 2.5 ], "texture": "#Luna_Base_Bottom" },
        "up":    { "uv": [ 2.5, 2.5, 13.5, 4 ], "texture": "#Luna_Base" },
        "north": { "uv": [ 2.5, 8, 13.5, 8.5 ], "texture": "#Luna_Base" },
        "south": { "uv": [ 2.5, 8, 13.5, 8.5 ], "texture": "#Luna_Base" },
        "west":  { "uv": [ 2.5, 8, 4, 8.5 ], "texture": "#Luna_Base" },
        "east":  { "uv": [ 12, 8, 13.5, 8.5 ], "texture": "#Luna_Base" }
    }
},
{
    "__comment": "Luna",
    "from": [ 2.5, 8, 2.5 ],
    "to": [ 13.5, 8.5, 3.5 ],
    "faces": {
        "down":  { "uv": [ 13.5, 3.5, 2.5, 2.5 ], "texture": "#Luna_Base_Bottom" },
        "up":    { "uv": [ 2.5, 2.5, 13.5, 3.5 ], "texture": "#Luna_Base" },
        "north": { "uv": [ 2.5, 7.5, 13.5, 8 ], "texture": "#Luna_Base" },
        "south": { "uv": [ 2.5, 7.5, 13.5, 8 ], "texture": "#Luna_Base" },
        "west":  { "uv": [ 2.5, 7.5, 3.5, 8 ], "texture": "#Luna_Base" },
        "east":  { "uv": [ 12.5, 7.5, 13.5, 8 ], "texture": "#Luna_Base" }
    }
},
{
    "__comment": "Luna",
    "from": [ 2.5, 13.5, 3.5 ],
    "to": [ 7, 14, 7.5 ],
    "faces": {
        "down":  { "uv": [ 13.5, 7.5, 9, 3.5 ], "texture": "#Luna_Base_Bottom" },
        "up":    { "uv": [ 2.5, 3.5, 7, 7.5 ], "texture": "#Luna_Base" },
        "north": { "uv": [ 9, 2, 13.5, 2.5 ], "texture": "#Luna_Base" },
        "south": { "uv": [ 2.5, 2, 7, 2.5 ], "texture": "#Luna_Base" },
        "west":  { "uv": [ 3.5, 2, 7.5, 2.5 ], "texture": "#Luna_Base" },
        "east":  { "uv": [ 8.5, 2, 12.5, 2.5 ], "texture": "#Luna_Base" }
    }
},
{
    "__comment": "Luna_Tassle",
    "from": [ 2.5, 3, 4 ],
    "to": [ 3.5, 6.5, 7 ],
    "faces": {
        "down":  { "uv": [ 13.5, 7, 12.5, 4 ], "texture": "#Luna_Tassle" },
        "up":    { "uv": [ 2.5, 4, 3.5, 7 ], "texture": "#Luna_Tassle" },
        "north": { "uv": [ 12.5, 9.5, 13.5, 13 ], "texture": "#Luna_Tassle" },
        "south": { "uv": [ 2.5, 9.5, 3.5, 13 ], "texture": "#Luna_Tassle" },
        "west":  { "uv": [ 4, 9.5, 7, 13 ], "texture": "#Luna_Tassle" },
        "east":  { "uv": [ 9, 9.5, 12, 13 ], "texture": "#Luna_Tassle" }
    }
},
{
    "__comment": "Luna",
    "from": [ 2.5, 7.5, 7 ],
    "to": [ 13.5, 8, 8.5 ],
    "faces": {
        "down":  { "uv": [ 13.5, 8.5, 2.5, 7 ], "texture": "#Luna_Base_Bottom" },
        "up":    { "uv": [ 2.5, 7, 13.5, 8.5 ], "texture": "#Luna_Base" },
        "north": { "uv": [ 2.5, 8, 13.5, 8.5 ], "texture": "#Luna_Base" },
        "south": { "uv": [ 2.5, 8, 13.5, 8.5 ], "texture": "#Luna_Base" },
        "west":  { "uv": [ 7, 8, 8.5, 8.5 ], "texture": "#Luna_Base" },
        "east":  { "uv": [ 7.5, 8, 9, 8.5 ], "texture": "#Luna_Base" }
    }
},
{
    "__comment": "Luna",
    "from": [ 2.5, 8, 7.5 ],
    "to": [ 5, 8.5, 12.5 ],
    "faces": {
        "down":  { "uv": [ 13.5, 12.5, 11, 7.5 ], "texture": "#Luna_Base_Bottom" },
        "up":    { "uv": [ 2.5, 7.5, 5, 12.5 ], "texture": "#Luna_Base" },
        "north": { "uv": [ 11, 7.5, 13.5, 8 ], "texture": "#Luna_Base" },
        "south": { "uv": [ 2.5, 7.5, 5, 8 ], "texture": "#Luna_Base" },
        "west":  { "uv": [ 7.5, 7.5, 12.5, 8 ], "texture": "#Luna_Base" },
        "east":  { "uv": [ 3.5, 7.5, 8.5, 8 ], "texture": "#Luna_Base" }
    }
},
{
    "__comment": "Luna",
    "from": [ 2.5, 13, 7.5 ],
    "to": [ 13.5, 13.5, 8 ],
    "faces": {
        "down":  { "uv": [ 13.5, 8, 2.5, 7.5 ], "texture": "#Luna_Base_Bottom" },
        "up":    { "uv": [ 2.5, 7.5, 13.5, 8 ], "texture": "#Luna_Base" },
        "north": { "uv": [ 2.5, 2.5, 13.5, 3 ], "texture": "#Luna_Base" },
        "south": { "uv": [ 2.5, 2.5, 13.5, 3 ], "texture": "#Luna_Base" },
        "west":  { "uv": [ 7.5, 2.5, 8, 3 ], "texture": "#Luna_Base" },
        "east":  { "uv": [ 8, 2.5, 8.5, 3 ], "texture": "#Luna_Base" }
    }
},
{
    "__comment": "Luna",
    "from": [ 2.5, 9, 8 ],
    "to": [ 13.5, 9.5, 8.5 ],
    "faces": {
        "down":  { "uv": [ 13.5, 8.5, 2.5, 8 ], "texture": "#Luna_Base_Bottom" },
        "up":    { "uv": [ 2.5, 8, 13.5, 8.5 ], "texture": "#Luna_Base" },
        "north": { "uv": [ 2.5, 6.5, 13.5, 7 ], "texture": "#Luna_Base" },
        "south": { "uv": [ 2.5, 6.5, 13.5, 7 ], "texture": "#Luna_Base" },
        "west":  { "uv": [ 8, 6.5, 8.5, 7 ], "texture": "#Luna_Base" },
        "east":  { "uv": [ 7.5, 6.5, 8, 7 ], "texture": "#Luna_Base" }
    }
},
{
    "__comment": "Luna",
    "from": [ 2.5, 12, 8 ],
    "to": [ 13.5, 12.5, 8.5 ],
    "faces": {
        "down":  { "uv": [ 13.5, 8.5, 2.5, 8 ], "texture": "#Luna_Base_Bottom" },
        "up":    { "uv": [ 2.5, 8, 13.5, 8.5 ], "texture": "#Luna_Base" },
        "north": { "uv": [ 2.5, 3.5, 13.5, 4 ], "texture": "#Luna_Base" },
        "south": { "uv": [ 2.5, 3.5, 13.5, 4 ], "texture": "#Luna_Base" },
        "west":  { "uv": [ 8, 3.5, 8.5, 4 ], "texture": "#Luna_Base" },
        "east":  { "uv": [ 7.5, 3.5, 8, 4 ], "texture": "#Luna_Base" }
    }
},
{
    "__comment": "Luna",
    "from": [ 2.5, 10, 8.5 ],
    "to": [ 13.5, 12, 9 ],
    "faces": {
        "down":  { "uv": [ 13.5, 9, 2.5, 8.5 ], "texture": "#Luna_Base_Bottom" },
        "up":    { "uv": [ 2.5, 8.5, 13.5, 9 ], "texture": "#Luna_Base" },
        "north": { "uv": [ 2.5, 4, 13.5, 6 ], "texture": "#Luna_Base" },
        "south": { "uv": [ 2.5, 4, 13.5, 6 ], "texture": "#Luna_Base" },
        "west":  { "uv": [ 8.5, 4, 9, 6 ], "texture": "#Luna_Base" },
        "east":  { "uv": [ 7, 4, 7.5, 6 ], "texture": "#Luna_Base" }
    }
},
{
    "__comment": "Luna",
    "from": [ 3, 8, 2 ],
    "to": [ 13, 8.5, 2.5 ],
    "faces": {
        "down":  { "uv": [ 13, 2.5, 3, 2 ], "texture": "#Luna_Base_Bottom" },
        "up":    { "uv": [ 3, 2, 13, 2.5 ], "texture": "#Luna_Base" },
        "north": { "uv": [ 3, 7.5, 13, 8 ], "texture": "#Luna_Base" },
        "south": { "uv": [ 3, 7.5, 13, 8 ], "texture": "#Luna_Base" },
        "west":  { "uv": [ 2, 7.5, 2.5, 8 ], "texture": "#Luna_Base" },
        "east":  { "uv": [ 13.5, 7.5, 14, 8 ], "texture": "#Luna_Base" }
    }
},
{
    "__comment": "Luna",
    "from": [ 3, 5.5, 2.5 ],
    "to": [ 13, 7.5, 4 ],
    "faces": {
        "down":  { "uv": [ 13, 4, 3, 2.5 ], "texture": "#Luna_Base_Bottom" },
        "up":    { "uv": [ 3, 2.5, 13, 4 ], "texture": "#Luna_Base" },
        "north": { "uv": [ 3, 8.5, 13, 10.5 ], "texture": "#Luna_Base" },
        "south": { "uv": [ 3, 8.5, 13, 10.5 ], "texture": "#Luna_Base" },
        "west":  { "uv": [ 2.5, 8.5, 4, 10.5 ], "texture": "#Luna_Base" },
        "east":  { "uv": [ 12, 8.5, 13.5, 10.5 ], "texture": "#Luna_Base" }
    }
},
{
    "__comment": "Luna",
    "from": [ 3, 8.5, 2.5 ],
    "to": [ 13, 10.5, 3.5 ],
    "faces": {
        "down":  { "uv": [ 13, 3.5, 3, 2.5 ], "texture": "#Luna_Base_Bottom" },
        "up":    { "uv": [ 3, 2.5, 13, 3.5 ], "texture": "#Luna_Base" },
        "north": { "uv": [ 3, 5.5, 13, 7.5 ], "texture": "#Luna_Base" },
        "south": { "uv": [ 3, 5.5, 13, 7.5 ], "texture": "#Luna_Base" },
        "west":  { "uv": [ 2.5, 5.5, 3.5, 7.5 ], "texture": "#Luna_Base" },
        "east":  { "uv": [ 12.5, 5.5, 13.5, 7.5 ], "texture": "#Luna_Base" }
    }
},
{
    "__comment": "Luna",
    "from": [ 3, 5.5, 7 ],
    "to": [ 13, 7.5, 8 ],
    "faces": {
        "down":  { "uv": [ 13, 8, 3, 7 ], "texture": "#Luna_Base_Bottom" },
        "up":    { "uv": [ 3, 7, 13, 8 ], "texture": "#Luna_Base" },
        "north": { "uv": [ 3, 8.5, 13, 10.5 ], "texture": "#Luna_Base" },
        "south": { "uv": [ 3, 8.5, 13, 10.5 ], "texture": "#Luna_Base" },
        "west":  { "uv": [ 7, 8.5, 8, 10.5 ], "texture": "#Luna_Base" },
        "east":  { "uv": [ 8, 8.5, 9, 10.5 ], "texture": "#Luna_Base" }
    }
},
{
    "__comment": "Luna",
    "from": [ 3, 13.5, 7.5 ],
    "to": [ 6.5, 14, 8 ],
    "faces": {
        "down":  { "uv": [ 13, 8, 9.5, 7.5 ], "texture": "#Luna_Base_Bottom" },
        "up":    { "uv": [ 3, 7.5, 6.5, 8 ], "texture": "#Luna_Base" },
        "north": { "uv": [ 9.5, 2, 13, 2.5 ], "texture": "#Luna_Base" },
        "south": { "uv": [ 3, 2, 6.5, 2.5 ], "texture": "#Luna_Base" },
        "west":  { "uv": [ 7.5, 2, 8, 2.5 ], "texture": "#Luna_Base" },
        "east":  { "uv": [ 8, 2, 8.5, 2.5 ], "texture": "#Luna_Base" }
    }
},
{
    "__comment": "Luna",
    "from": [ 3, 6.5, 8 ],
    "to": [ 4.5, 7.5, 8.5 ],
    "faces": {
        "down":  { "uv": [ 13, 8.5, 11.5, 8 ], "texture": "#Luna_Base_Bottom" },
        "up":    { "uv": [ 3, 8, 4.5, 8.5 ], "texture": "#Luna_Base" },
        "north": { "uv": [ 11.5, 8.5, 13, 9.5 ], "texture": "#Luna_Base" },
        "south": { "uv": [ 3, 8.5, 4.5, 9.5 ], "texture": "#Luna_Base" },
        "west":  { "uv": [ 8, 8.5, 8.5, 9.5 ], "texture": "#Luna_Base" },
        "east":  { "uv": [ 7.5, 8.5, 8, 9.5 ], "texture": "#Luna_Base" }
    }
},
{
    "__comment": "Luna",
    "from": [ 3, 8.5, 8 ],
    "to": [ 6.5, 9, 12.5 ],
    "faces": {
        "down":  { "uv": [ 13, 12.5, 9.5, 8 ], "texture": "#Luna_Base_Bottom" },
        "up":    { "uv": [ 3, 8, 6.5, 12.5 ], "texture": "#Luna_Base" },
        "north": { "uv": [ 9.5, 7, 13, 7.5 ], "texture": "#Luna_Base" },
        "south": { "uv": [ 3, 7, 6.5, 7.5 ], "texture": "#Luna_Base" },
        "west":  { "uv": [ 8, 7, 12.5, 7.5 ], "texture": "#Luna_Base" },
        "east":  { "uv": [ 3.5, 7, 8, 7.5 ], "texture": "#Luna_Base" }
    }
},
{
    "__comment": "Luna",
    "from": [ 3, 12.5, 8 ],
    "to": [ 13, 13, 8.5 ],
    "faces": {
        "down":  { "uv": [ 13, 8.5, 3, 8 ], "texture": "#Luna_Base_Bottom" },
        "up":    { "uv": [ 3, 8, 13, 8.5 ], "texture": "#Luna_Base" },
        "north": { "uv": [ 3, 3, 13, 3.5 ], "texture": "#Luna_Base" },
        "south": { "uv": [ 3, 3, 13, 3.5 ], "texture": "#Luna_Base" },
        "west":  { "uv": [ 8, 3, 8.5, 3.5 ], "texture": "#Luna_Base" },
        "east":  { "uv": [ 7.5, 3, 8, 3.5 ], "texture": "#Luna_Base" }
    }
},
{
    "__comment": "Luna",
    "from": [ 3, 9, 8.5 ],
    "to": [ 13, 10, 12.5 ],
    "faces": {
        "down":  { "uv": [ 13, 12.5, 3, 8.5 ], "texture": "#Luna_Base_Bottom" },
        "up":    { "uv": [ 3, 8.5, 13, 12.5 ], "texture": "#Luna_Base" },
        "north": { "uv": [ 3, 6, 13, 7 ], "texture": "#Luna_Base" },
        "south": { "uv": [ 3, 6, 13, 7 ], "texture": "#Luna_Base" },
        "west":  { "uv": [ 8.5, 6, 12.5, 7 ], "texture": "#Luna_Base" },
        "east":  { "uv": [ 3.5, 6, 7.5, 7 ], "texture": "#Luna_Base" }
    }
},
{
    "__comment": "Luna",
    "from": [ 3, 10, 9 ],
    "to": [ 13, 10.5, 12.5 ],
    "faces": {
        "down":  { "uv": [ 13, 12.5, 3, 9 ], "texture": "#Luna_Base_Bottom" },
        "up":    { "uv": [ 3, 9, 13, 12.5 ], "texture": "#Luna_Base" },
        "north": { "uv": [ 3, 5.5, 13, 6 ], "texture": "#Luna_Base" },
        "south": { "uv": [ 3, 5.5, 13, 6 ], "texture": "#Luna_Base" },
        "west":  { "uv": [ 9, 5.5, 12.5, 6 ], "texture": "#Luna_Base" },
        "east":  { "uv": [ 3.5, 5.5, 7, 6 ], "texture": "#Luna_Base" }
    }
},
{
    "__comment": "Luna",
    "from": [ 3, 10.5, 9 ],
    "to": [ 13, 11.5, 9.5 ],
    "faces": {
        "down":  { "uv": [ 13, 9.5, 3, 9 ], "texture": "#Luna_Base_Bottom" },
        "up":    { "uv": [ 3, 9, 13, 9.5 ], "texture": "#Luna_Base" },
        "north": { "uv": [ 3, 4.5, 13, 5.5 ], "texture": "#Luna_Base" },
        "south": { "uv": [ 3, 4.5, 13, 5.5 ], "texture": "#Luna_Base" },
        "west":  { "uv": [ 9, 4.5, 9.5, 5.5 ], "texture": "#Luna_Base" },
        "east":  { "uv": [ 6.5, 4.5, 7, 5.5 ], "texture": "#Luna_Base" }
    }
},
{
    "__comment": "Luna",
    "from": [ 3.5, 5.5, 2 ],
    "to": [ 12.5, 8, 2.5 ],
    "faces": {
        "down":  { "uv": [ 12.5, 2.5, 3.5, 2 ], "texture": "#Luna_Base_Bottom" },
        "up":    { "uv": [ 3.5, 2, 12.5, 2.5 ], "texture": "#Luna_Base" },
        "north": { "uv": [ 3.5, 8, 12.5, 10.5 ], "texture": "#Luna_Base" },
        "south": { "uv": [ 3.5, 8, 12.5, 10.5 ], "texture": "#Luna_Base" },
        "west":  { "uv": [ 2, 8, 2.5, 10.5 ], "texture": "#Luna_Base" },
        "east":  { "uv": [ 13.5, 8, 14, 10.5 ], "texture": "#Luna_Base" }
    }
},
{
    "__comment": "Luna",
    "from": [ 3.5, 8.5, 2 ],
    "to": [ 12.5, 10, 2.5 ],
    "faces": {
        "down":  { "uv": [ 12.5, 2.5, 3.5, 2 ], "texture": "#Luna_Base_Bottom" },
        "up":    { "uv": [ 3.5, 2, 12.5, 2.5 ], "texture": "#Luna_Base" },
        "north": { "uv": [ 3.5, 6, 12.5, 7.5 ], "texture": "#Luna_Base" },
        "south": { "uv": [ 3.5, 6, 12.5, 7.5 ], "texture": "#Luna_Base" },
        "west":  { "uv": [ 2, 6, 2.5, 7.5 ], "texture": "#Luna_Base" },
        "east":  { "uv": [ 13.5, 6, 14, 7.5 ], "texture": "#Luna_Base" }
    }
},
{
    "__comment": "Luna",
    "from": [ 3.5, 5, 2.5 ],
    "to": [ 12.5, 5.5, 7.5 ],
    "faces": {
        "down":  { "uv": [ 12.5, 7.5, 3.5, 2.5 ], "texture": "#Luna_Base_Bottom" },
        "up":    { "uv": [ 3.5, 2.5, 12.5, 7.5 ], "texture": "#Luna_Base" },
        "north": { "uv": [ 3.5, 10.5, 12.5, 11 ], "texture": "#Luna_Base" },
        "south": { "uv": [ 3.5, 10.5, 12.5, 11 ], "texture": "#Luna_Base" },
        "west":  { "uv": [ 2.5, 10.5, 7.5, 11 ], "texture": "#Luna_Base" },
        "east":  { "uv": [ 8.5, 10.5, 13.5, 11 ], "texture": "#Luna_Base" }
    }
},
{
    "__comment": "Luna",
    "from": [ 3.5, 10.5, 2.5 ],
    "to": [ 12.5, 11, 3.5 ],
    "faces": {
        "down":  { "uv": [ 12.5, 3.5, 3.5, 2.5 ], "texture": "#Luna_Base_Bottom" },
        "up":    { "uv": [ 3.5, 2.5, 12.5, 3.5 ], "texture": "#Luna_Base" },
        "north": { "uv": [ 3.5, 5, 12.5, 5.5 ], "texture": "#Luna_Base" },
        "south": { "uv": [ 3.5, 5, 12.5, 5.5 ], "texture": "#Luna_Base" },
        "west":  { "uv": [ 2.5, 5, 3.5, 5.5 ], "texture": "#Luna_Base" },
        "east":  { "uv": [ 12.5, 5, 13.5, 5.5 ], "texture": "#Luna_Base" }
    }
},
{
    "__comment": "Luna",
    "from": [ 3.5, 11, 3 ],
    "to": [ 12.5, 11.5, 3.5 ],
    "faces": {
        "down":  { "uv": [ 12.5, 3.5, 3.5, 3 ], "texture": "#Luna_Base_Bottom" },
        "up":    { "uv": [ 3.5, 3, 12.5, 3.5 ], "texture": "#Luna_Base" },
        "north": { "uv": [ 3.5, 4.5, 12.5, 5 ], "texture": "#Luna_Base" },
        "south": { "uv": [ 3.5, 4.5, 12.5, 5 ], "texture": "#Luna_Base" },
        "west":  { "uv": [ 3, 4.5, 3.5, 5 ], "texture": "#Luna_Base" },
        "east":  { "uv": [ 12.5, 4.5, 13, 5 ], "texture": "#Luna_Base" }
    }
},
{
    "__comment": "Luna",
    "from": [ 3.5, 14, 3.5 ],
    "to": [ 6.5, 14.5, 7.5 ],
    "faces": {
        "down":  { "uv": [ 12.5, 7.5, 9.5, 3.5 ], "texture": "#Luna_Base_Bottom" },
        "up":    { "uv": [ 3.5, 3.5, 6.5, 7.5 ], "texture": "#Luna_Base" },
        "north": { "uv": [ 9.5, 1.5, 12.5, 2 ], "texture": "#Luna_Base" },
        "south": { "uv": [ 3.5, 1.5, 6.5, 2 ], "texture": "#Luna_Base" },
        "west":  { "uv": [ 3.5, 1.5, 7.5, 2 ], "texture": "#Luna_Base" },
        "east":  { "uv": [ 8.5, 1.5, 12.5, 2 ], "texture": "#Luna_Base" }
    }
},
{
    "__comment": "Luna_Tassle",
    "from": [ 3.5, 3.5, 4 ],
    "to": [ 4, 5, 7 ],
    "faces": {
        "down":  { "uv": [ 12.5, 7, 12, 4 ], "texture": "#Luna_Tassle" },
        "up":    { "uv": [ 3.5, 4, 4, 7 ], "texture": "#Luna_Tassle" },
        "north": { "uv": [ 12, 11, 12.5, 12.5 ], "texture": "#Luna_Tassle" },
        "south": { "uv": [ 3.5, 11, 4, 12.5 ], "texture": "#Luna_Tassle" },
        "west":  { "uv": [ 4, 11, 7, 12.5 ], "texture": "#Luna_Tassle" },
        "east":  { "uv": [ 9, 11, 12, 12.5 ], "texture": "#Luna_Tassle" }
    }
},
{
    "__comment": "Luna_Tassle",
    "from": [ 3.5, 5.5, 4 ],
    "to": [ 16, 6.5, 7 ],
    "faces": {
        "down":  { "uv": [ 12.5, 7, 0, 4 ], "texture": "#Luna_Tassle" },
        "up":    { "uv": [ 3.5, 4, 16, 7 ], "texture": "#Luna_Tassle" },
        "north": { "uv": [ 0, 9.5, 12.5, 10.5 ], "texture": "#Luna_Tassle" },
        "south": { "uv": [ 3.5, 9.5, 16, 10.5 ], "texture": "#Luna_Tassle" },
        "west":  { "uv": [ 4, 9.5, 7, 10.5 ], "texture": "#Luna_Tassle" },
        "east":  { "uv": [ 9, 9.5, 12, 10.5 ], "texture": "#Luna_Tassle" }
    }
},
{
    "__comment": "Luna",
    "from": [ 3.5, 13, 8 ],
    "to": [ 9.5, 13.5, 8.5 ],
    "faces": {
        "down":  { "uv": [ 12.5, 8.5, 6.5, 8 ], "texture": "#Luna_Base_Bottom" },
        "up":    { "uv": [ 3.5, 8, 9.5, 8.5 ], "texture": "#Luna_Base" },
        "north": { "uv": [ 6.5, 2.5, 12.5, 3 ], "texture": "#Luna_Base" },
        "south": { "uv": [ 3.5, 2.5, 9.5, 3 ], "texture": "#Luna_Base" },
        "west":  { "uv": [ 8, 2.5, 8.5, 3 ], "texture": "#Luna_Base" },
        "east":  { "uv": [ 7.5, 2.5, 8, 3 ], "texture": "#Luna_Base" }
    }
},
{
    "__comment": "Luna",
    "from": [ 3, 12, 8.5 ],
    "to": [ 13, 12.5, 9 ],
    "faces": {
        "down":  { "uv": [ 13, 9, 3, 8.5 ], "texture": "#Luna_Base_Bottom" },
        "up":    { "uv": [ 3, 8.5, 13, 9 ], "texture": "#Luna_Base" },
        "north": { "uv": [ 3, 3.5, 13, 4 ], "texture": "#Luna_Base" },
        "south": { "uv": [ 3, 3.5, 13, 4 ], "texture": "#Luna_Base" },
        "west":  { "uv": [ 8.5, 3.5, 9, 4 ], "texture": "#Luna_Base" },
        "east":  { "uv": [ 7, 3.5, 7.5, 4 ], "texture": "#Luna_Base" }
    }
},
{
    "__comment": "Luna",
    "from": [ 3.5, 11.5, 9 ],
    "to": [ 12.5, 12, 9.5 ],
    "faces": {
        "down":  { "uv": [ 12.5, 9.5, 3.5, 9 ], "texture": "#Luna_Base_Bottom" },
        "up":    { "uv": [ 3.5, 9, 12.5, 9.5 ], "texture": "#Luna_Base" },
        "north": { "uv": [ 3.5, 4, 12.5, 4.5 ], "texture": "#Luna_Base" },
        "south": { "uv": [ 3.5, 4, 12.5, 4.5 ], "texture": "#Luna_Base" },
        "west":  { "uv": [ 9, 4, 9.5, 4.5 ], "texture": "#Luna_Base" },
        "east":  { "uv": [ 6.5, 4, 7, 4.5 ], "texture": "#Luna_Base" }
    }
},
{
    "__comment": "Luna",
    "from": [ 3.5, 10.5, 9.5 ],
    "to": [ 12.5, 11.5, 12.5 ],
    "faces": {
        "down":  { "uv": [ 12.5, 12.5, 3.5, 9.5 ], "texture": "#Luna_Base_Bottom" },
        "up":    { "uv": [ 3.5, 9.5, 12.5, 12.5 ], "texture": "#Luna_Base" },
        "north": { "uv": [ 3.5, 4.5, 12.5, 5.5 ], "texture": "#Luna_Base" },
        "south": { "uv": [ 3.5, 4.5, 12.5, 5.5 ], "texture": "#Luna_Base" },
        "west":  { "uv": [ 9.5, 4.5, 12.5, 5.5 ], "texture": "#Luna_Base" },
        "east":  { "uv": [ 3.5, 4.5, 6.5, 5.5 ], "texture": "#Luna_Base" }
    }
},
{
    "__comment": "Luna",
    "from": [ 4, 6, 1.5 ],
    "to": [ 12, 9, 2 ],
    "faces": {
        "down":  { "uv": [ 12, 2, 4, 1.5 ], "texture": "#Luna_Base_Bottom" },
        "up":    { "uv": [ 4, 1.5, 12, 2 ], "texture": "#Luna_Base" },
        "north": { "uv": [ 4, 7, 12, 10 ], "texture": "#Luna_Base" },
        "south": { "uv": [ 4, 7, 12, 10 ], "texture": "#Luna_Base" },
        "west":  { "uv": [ 1.5, 7, 2, 10 ], "texture": "#Luna_Base" },
        "east":  { "uv": [ 14, 7, 14.5, 10 ], "texture": "#Luna_Base" }
    }
},
{
    "__comment": "Luna",
    "from": [ 4, 5, 2 ],
    "to": [ 12.5, 5.5, 2.5 ],
    "faces": {
        "down":  { "uv": [ 12, 2.5, 3.5, 2 ], "texture": "#Luna_Base_Bottom" },
        "up":    { "uv": [ 4, 2, 12.5, 2.5 ], "texture": "#Luna_Base" },
        "north": { "uv": [ 3.5, 10.5, 12, 11 ], "texture": "#Luna_Base" },
        "south": { "uv": [ 4, 10.5, 12.5, 11 ], "texture": "#Luna_Base" },
        "west":  { "uv": [ 2, 10.5, 2.5, 11 ], "texture": "#Luna_Base" },
        "east":  { "uv": [ 13.5, 10.5, 14, 11 ], "texture": "#Luna_Base" }
    }
},
{
    "__comment": "Luna",
    "from": [ 4, 10, 2 ],
    "to": [ 12, 11, 2.5 ],
    "faces": {
        "down":  { "uv": [ 12, 2.5, 4, 2 ], "texture": "#Luna_Base_Bottom" },
        "up":    { "uv": [ 4, 2, 12, 2.5 ], "texture": "#Luna_Base" },
        "north": { "uv": [ 4, 5, 12, 6 ], "texture": "#Luna_Base" },
        "south": { "uv": [ 4, 5, 12, 6 ], "texture": "#Luna_Base" },
        "west":  { "uv": [ 2, 5, 2.5, 6 ], "texture": "#Luna_Base" },
        "east":  { "uv": [ 13.5, 5, 14, 6 ], "texture": "#Luna_Base" }
    }
},
{
    "__comment": "Luna",
    "from": [ 4, 4.5, 2.5 ],
    "to": [ 12, 5, 7.5 ],
    "faces": {
        "down":  { "uv": [ 12, 7.5, 4, 2.5 ], "texture": "#Luna_Base_Bottom" },
        "up":    { "uv": [ 4, 2.5, 12, 7.5 ], "texture": "#Luna_Base" },
        "north": { "uv": [ 4, 11, 12, 11.5 ], "texture": "#Luna_Base" },
        "south": { "uv": [ 4, 11, 12, 11.5 ], "texture": "#Luna_Base" },
        "west":  { "uv": [ 2.5, 11, 7.5, 11.5 ], "texture": "#Luna_Base" },
        "east":  { "uv": [ 8.5, 11, 13.5, 11.5 ], "texture": "#Luna_Base" }
    }
},
{
    "__comment": "Luna",
    "from": [ 4, 11, 2.5 ],
    "to": [ 12.5, 11.5, 3 ],
    "faces": {
        "down":  { "uv": [ 12, 3, 3.5, 2.5 ], "texture": "#Luna_Base_Bottom" },
        "up":    { "uv": [ 4, 2.5, 12.5, 3 ], "texture": "#Luna_Base" },
        "north": { "uv": [ 3.5, 4.5, 12, 5 ], "texture": "#Luna_Base" },
        "south": { "uv": [ 4, 4.5, 12.5, 5 ], "texture": "#Luna_Base" },
        "west":  { "uv": [ 2.5, 4.5, 3, 5 ], "texture": "#Luna_Base" },
        "east":  { "uv": [ 13, 4.5, 13.5, 5 ], "texture": "#Luna_Base" }
    }
},
{
    "__comment": "Luna",
    "from": [ 4, 11.5, 3 ],
    "to": [ 12, 12, 3.5 ],
    "faces": {
        "down":  { "uv": [ 12, 3.5, 4, 3 ], "texture": "#Luna_Base_Bottom" },
        "up":    { "uv": [ 4, 3, 12, 3.5 ], "texture": "#Luna_Base" },
        "north": { "uv": [ 4, 4, 12, 4.5 ], "texture": "#Luna_Base" },
        "south": { "uv": [ 4, 4, 12, 4.5 ], "texture": "#Luna_Base" },
        "west":  { "uv": [ 3, 4, 3.5, 4.5 ], "texture": "#Luna_Base" },
        "east":  { "uv": [ 12.5, 4, 13, 4.5 ], "texture": "#Luna_Base" }
    }
},
{
    "__comment": "Luna_Tassle",
    "from": [ 4, 4, 4 ],
    "to": [ 16, 4.5, 7 ],
    "faces": {
        "down":  { "uv": [ 12, 7, 0, 4 ], "texture": "#Luna_Tassle" },
        "up":    { "uv": [ 4, 4, 16, 7 ], "texture": "#Luna_Tassle" },
        "north": { "uv": [ 0, 11.5, 12, 12 ], "texture": "#Luna_Tassle" },
        "south": { "uv": [ 4, 11.5, 16, 12 ], "texture": "#Luna_Tassle" },
        "west":  { "uv": [ 4, 11.5, 7, 12 ], "texture": "#Luna_Tassle" },
        "east":  { "uv": [ 9, 11.5, 12, 12 ], "texture": "#Luna_Tassle" }
    }
},
{
    "__comment": "Luna",
    "from": [ 4, 12.5, 8.5 ],
    "to": [ 12, 13, 9 ],
    "faces": {
        "down":  { "uv": [ 12, 9, 4, 8.5 ], "texture": "#Luna_Base_Bottom" },
        "up":    { "uv": [ 4, 8.5, 12, 9 ], "texture": "#Luna_Base" },
        "north": { "uv": [ 4, 3, 12, 3.5 ], "texture": "#Luna_Base" },
        "south": { "uv": [ 4, 3, 12, 3.5 ], "texture": "#Luna_Base" },
        "west":  { "uv": [ 8.5, 3, 9, 3.5 ], "texture": "#Luna_Base" },
        "east":  { "uv": [ 7, 3, 7.5, 3.5 ], "texture": "#Luna_Base" }
    }
},
{
    "__comment": "Luna",
    "from": [ 4, 11.5, 9.5 ],
    "to": [ 12, 12, 12.5 ],
    "faces": {
        "down":  { "uv": [ 12, 12.5, 4, 9.5 ], "texture": "#Luna_Base_Bottom" },
        "up":    { "uv": [ 4, 9.5, 12, 12.5 ], "texture": "#Luna_Base" },
        "north": { "uv": [ 4, 4, 12, 4.5 ], "texture": "#Luna_Base" },
        "south": { "uv": [ 4, 4, 12, 4.5 ], "texture": "#Luna_Base" },
        "west":  { "uv": [ 9.5, 4, 12.5, 4.5 ], "texture": "#Luna_Base" },
        "east":  { "uv": [ 3.5, 4, 6.5, 4.5 ], "texture": "#Luna_Base" }
    }
},
{
    "__comment": "Luna",
    "from": [ 4, 8, 12.5 ],
    "to": [ 5, 11.5, 13 ],
    "faces": {
        "down":  { "uv": [ 12, 13, 11, 12.5 ], "texture": "#Luna_Base_Bottom" },
        "up":    { "uv": [ 4, 12.5, 5, 13 ], "texture": "#Luna_Base" },
        "north": { "uv": [ 11, 4.5, 12, 8 ], "texture": "#Luna_Base" },
        "south": { "uv": [ 4, 4.5, 5, 8 ], "texture": "#Luna_Base" },
        "west":  { "uv": [ 12.5, 4.5, 13, 8 ], "texture": "#Luna_Base" },
        "east":  { "uv": [ 3, 4.5, 3.5, 8 ], "texture": "#Luna_Base" }
    }
},
{
    "__comment": "Luna",
    "from": [ 4.5, 5, 1.5 ],
    "to": [ 11.5, 6, 2 ],
    "faces": {
        "down":  { "uv": [ 11.5, 2, 4.5, 1.5 ], "texture": "#Luna_Base_Bottom" },
        "up":    { "uv": [ 4.5, 1.5, 11.5, 2 ], "texture": "#Luna_Base" },
        "north": { "uv": [ 4.5, 10, 11.5, 11 ], "texture": "#Luna_Base" },
        "south": { "uv": [ 4.5, 10, 11.5, 11 ], "texture": "#Luna_Base" },
        "west":  { "uv": [ 1.5, 10, 2, 11 ], "texture": "#Luna_Base" },
        "east":  { "uv": [ 14, 10, 14.5, 11 ], "texture": "#Luna_Base" }
    }
},
{
    "__comment": "Luna",
    "from": [ 4.5, 4.5, 2 ],
    "to": [ 12, 5, 2.5 ],
    "faces": {
        "down":  { "uv": [ 11.5, 2.5, 4, 2 ], "texture": "#Luna_Base_Bottom" },
        "up":    { "uv": [ 4.5, 2, 12, 2.5 ], "texture": "#Luna_Base" },
        "north": { "uv": [ 4, 11, 11.5, 11.5 ], "texture": "#Luna_Base" },
        "south": { "uv": [ 4.5, 11, 12, 11.5 ], "texture": "#Luna_Base" },
        "west":  { "uv": [ 2, 11, 2.5, 11.5 ], "texture": "#Luna_Base" },
        "east":  { "uv": [ 13.5, 11, 14, 11.5 ], "texture": "#Luna_Base" }
    }
},
{
    "__comment": "Luna",
    "from": [ 4.5, 4, 2.5 ],
    "to": [ 11.5, 4.5, 4 ],
    "faces": {
        "down":  { "uv": [ 11.5, 4, 4.5, 2.5 ], "texture": "#Luna_Base_Bottom" },
        "up":    { "uv": [ 4.5, 2.5, 11.5, 4 ], "texture": "#Luna_Base" },
        "north": { "uv": [ 4.5, 11.5, 11.5, 12 ], "texture": "#Luna_Base" },
        "south": { "uv": [ 4.5, 11.5, 11.5, 12 ], "texture": "#Luna_Base" },
        "west":  { "uv": [ 2.5, 11.5, 4, 12 ], "texture": "#Luna_Base" },
        "east":  { "uv": [ 12, 11.5, 13.5, 12 ], "texture": "#Luna_Base" }
    }
},
{
    "__comment": "Luna",
    "from": [ 4.5, 11.5, 2.5 ],
    "to": [ 12, 12, 3 ],
    "faces": {
        "down":  { "uv": [ 11.5, 3, 4, 2.5 ], "texture": "#Luna_Base_Bottom" },
        "up":    { "uv": [ 4.5, 2.5, 12, 3 ], "texture": "#Luna_Base" },
        "north": { "uv": [ 4, 4, 11.5, 4.5 ], "texture": "#Luna_Base" },
        "south": { "uv": [ 4.5, 4, 12, 4.5 ], "texture": "#Luna_Base" },
        "west":  { "uv": [ 2.5, 4, 3, 4.5 ], "texture": "#Luna_Base" },
        "east":  { "uv": [ 13, 4, 13.5, 4.5 ], "texture": "#Luna_Base" }
    }
},
{
    "__comment": "Luna",
    "from": [ 4.5, 12, 3 ],
    "to": [ 11.5, 12.5, 3.5 ],
    "faces": {
        "down":  { "uv": [ 11.5, 3.5, 4.5, 3 ], "texture": "#Luna_Base_Bottom" },
        "up":    { "uv": [ 4.5, 3, 11.5, 3.5 ], "texture": "#Luna_Base" },
        "north": { "uv": [ 4.5, 3.5, 11.5, 4 ], "texture": "#Luna_Base" },
        "south": { "uv": [ 4.5, 3.5, 11.5, 4 ], "texture": "#Luna_Base" },
        "west":  { "uv": [ 3, 3.5, 3.5, 4 ], "texture": "#Luna_Base" },
        "east":  { "uv": [ 12.5, 3.5, 13, 4 ], "texture": "#Luna_Base" }
    }
},
{
    "__comment": "Luna",
    "from": [ 4.5, 4, 7 ],
    "to": [ 11.5, 4.5, 7.5 ],
    "faces": {
        "down":  { "uv": [ 11.5, 7.5, 4.5, 7 ], "texture": "#Luna_Base_Bottom" },
        "up":    { "uv": [ 4.5, 7, 11.5, 7.5 ], "texture": "#Luna_Base" },
        "north": { "uv": [ 4.5, 11.5, 11.5, 12 ], "texture": "#Luna_Base" },
        "south": { "uv": [ 4.5, 11.5, 11.5, 12 ], "texture": "#Luna_Base" },
        "west":  { "uv": [ 7, 11.5, 7.5, 12 ], "texture": "#Luna_Base" },
        "east":  { "uv": [ 8.5, 11.5, 9, 12 ], "texture": "#Luna_Base" }
    }
},
{
    "__comment": "Luna",
    "from": [ 4.5, 7, 8 ],
    "to": [ 13.5, 7.5, 8.5 ],
    "faces": {
        "down":  { "uv": [ 11.5, 8.5, 2.5, 8 ], "texture": "#Luna_Base_Bottom" },
        "up":    { "uv": [ 4.5, 8, 13.5, 8.5 ], "texture": "#Luna_Base" },
        "north": { "uv": [ 2.5, 8.5, 11.5, 9 ], "texture": "#Luna_Base" },
        "south": { "uv": [ 4.5, 8.5, 13.5, 9 ], "texture": "#Luna_Base" },
        "west":  { "uv": [ 8, 8.5, 8.5, 9 ], "texture": "#Luna_Base" },
        "east":  { "uv": [ 7.5, 8.5, 8, 9 ], "texture": "#Luna_Base" }
    }
},
{
    "__comment": "Luna",
    "from": [ 4.5, 12, 9 ],
    "to": [ 11.5, 12.5, 12.5 ],
    "faces": {
        "down":  { "uv": [ 11.5, 12.5, 4.5, 9 ], "texture": "#Luna_Base_Bottom" },
        "up":    { "uv": [ 4.5, 9, 11.5, 12.5 ], "texture": "#Luna_Base" },
        "north": { "uv": [ 4.5, 3.5, 11.5, 4 ], "texture": "#Luna_Base" },
        "south": { "uv": [ 4.5, 3.5, 11.5, 4 ], "texture": "#Luna_Base" },
        "west":  { "uv": [ 9, 3.5, 12.5, 4 ], "texture": "#Luna_Base" },
        "east":  { "uv": [ 3.5, 3.5, 7, 4 ], "texture": "#Luna_Base" }
    }
},
{
    "__comment": "Luna",
    "from": [ 4.5, 11.5, 12.5 ],
    "to": [ 11.5, 12, 13 ],
    "faces": {
        "down":  { "uv": [ 11.5, 13, 4.5, 12.5 ], "texture": "#Luna_Base_Bottom" },
        "up":    { "uv": [ 4.5, 12.5, 11.5, 13 ], "texture": "#Luna_Base" },
        "north": { "uv": [ 4.5, 4, 11.5, 4.5 ], "texture": "#Luna_Base" },
        "south": { "uv": [ 4.5, 4, 11.5, 4.5 ], "texture": "#Luna_Base" },
        "west":  { "uv": [ 12.5, 4, 13, 4.5 ], "texture": "#Luna_Base" },
        "east":  { "uv": [ 3, 4, 3.5, 4.5 ], "texture": "#Luna_Base" }
    }
},
{
    "__comment": "Luna",
    "from": [ 5, 9, 1.5 ],
    "to": [ 11.5, 9.5, 2 ],
    "faces": {
        "down":  { "uv": [ 11, 2, 4.5, 1.5 ], "texture": "#Luna_Base_Bottom" },
        "up":    { "uv": [ 5, 1.5, 11.5, 2 ], "texture": "#Luna_Base" },
        "north": { "uv": [ 4.5, 6.5, 11, 7 ], "texture": "#Luna_Base" },
        "south": { "uv": [ 5, 6.5, 11.5, 7 ], "texture": "#Luna_Base" },
        "west":  { "uv": [ 1.5, 6.5, 2, 7 ], "texture": "#Luna_Base" },
        "east":  { "uv": [ 14, 6.5, 14.5, 7 ], "texture": "#Luna_Base" }
    }
},
{
    "__comment": "Luna",
    "from": [ 5, 4, 2 ],
    "to": [ 11.5, 4.5, 2.5 ],
    "faces": {
        "down":  { "uv": [ 11, 2.5, 4.5, 2 ], "texture": "#Luna_Base_Bottom" },
        "up":    { "uv": [ 5, 2, 11.5, 2.5 ], "texture": "#Luna_Base" },
        "north": { "uv": [ 4.5, 11.5, 11, 12 ], "texture": "#Luna_Base" },
        "south": { "uv": [ 5, 11.5, 11.5, 12 ], "texture": "#Luna_Base" },
        "west":  { "uv": [ 2, 11.5, 2.5, 12 ], "texture": "#Luna_Base" },
        "east":  { "uv": [ 13.5, 11.5, 14, 12 ], "texture": "#Luna_Base" }
    }
},
{
    "__comment": "Luna",
    "from": [ 5, 11, 2 ],
    "to": [ 11, 11.5, 2.5 ],
    "faces": {
        "down":  { "uv": [ 11, 2.5, 5, 2 ], "texture": "#Luna_Base_Bottom" },
        "up":    { "uv": [ 5, 2, 11, 2.5 ], "texture": "#Luna_Base" },
        "north": { "uv": [ 5, 4.5, 11, 5 ], "texture": "#Luna_Base" },
        "south": { "uv": [ 5, 4.5, 11, 5 ], "texture": "#Luna_Base" },
        "west":  { "uv": [ 2, 4.5, 2.5, 5 ], "texture": "#Luna_Base" },
        "east":  { "uv": [ 13.5, 4.5, 14, 5 ], "texture": "#Luna_Base" }
    }
},
{
    "__comment": "Luna",
    "from": [ 5, 3.5, 2.5 ],
    "to": [ 11, 4, 7.5 ],
    "faces": {
        "down":  { "uv": [ 11, 7.5, 5, 2.5 ], "texture": "#Luna_Base_Bottom" },
        "up":    { "uv": [ 5, 2.5, 11, 7.5 ], "texture": "#Luna_Base" },
        "north": { "uv": [ 5, 12, 11, 12.5 ], "texture": "#Luna_Base" },
        "south": { "uv": [ 5, 12, 11, 12.5 ], "texture": "#Luna_Base" },
        "west":  { "uv": [ 2.5, 12, 7.5, 12.5 ], "texture": "#Luna_Base" },
        "east":  { "uv": [ 8.5, 12, 13.5, 12.5 ], "texture": "#Luna_Base" }
    }
},
{
    "__comment": "Luna",
    "from": [ 5, 12, 2.5 ],
    "to": [ 11, 12.5, 3 ],
    "faces": {
        "down":  { "uv": [ 11, 3, 5, 2.5 ], "texture": "#Luna_Base_Bottom" },
        "up":    { "uv": [ 5, 2.5, 11, 3 ], "texture": "#Luna_Base" },
        "north": { "uv": [ 5, 3.5, 11, 4 ], "texture": "#Luna_Base" },
        "south": { "uv": [ 5, 3.5, 11, 4 ], "texture": "#Luna_Base" },
        "west":  { "uv": [ 2.5, 3.5, 3, 4 ], "texture": "#Luna_Base" },
        "east":  { "uv": [ 13, 3.5, 13.5, 4 ], "texture": "#Luna_Base" }
    }
},
{
    "__comment": "Luna",
    "from": [ 5, 12.5, 3 ],
    "to": [ 11, 13, 3.5 ],
    "faces": {
        "down":  { "uv": [ 11, 3.5, 5, 3 ], "texture": "#Luna_Base_Bottom" },
        "up":    { "uv": [ 5, 3, 11, 3.5 ], "texture": "#Luna_Base" },
        "north": { "uv": [ 5, 3, 11, 3.5 ], "texture": "#Luna_Base" },
        "south": { "uv": [ 5, 3, 11, 3.5 ], "texture": "#Luna_Base" },
        "west":  { "uv": [ 3, 3, 3.5, 3.5 ], "texture": "#Luna_Base" },
        "east":  { "uv": [ 12.5, 3, 13, 3.5 ], "texture": "#Luna_Base" }
    }
},
{
    "__comment": "Luna",
    "from": [ 5, 8, 7.5 ],
    "to": [ 13.5, 8.5, 8.5 ],
    "faces": {
        "down":  { "uv": [ 11, 8.5, 2.5, 7.5 ], "texture": "#Luna_Base_Bottom" },
        "up":    { "uv": [ 5, 7.5, 13.5, 8.5 ], "texture": "#Luna_Base" },
        "north": { "uv": [ 2.5, 7.5, 11, 8 ], "texture": "#Luna_Base" },
        "south": { "uv": [ 5, 7.5, 13.5, 8 ], "texture": "#Luna_Base" },
        "west":  { "uv": [ 7.5, 7.5, 8.5, 8 ], "texture": "#Luna_Base" },
        "east":  { "uv": [ 7.5, 7.5, 8.5, 8 ], "texture": "#Luna_Base" }
    }
},
{
    "__comment": "Luna",
    "from": [ 5, 12.5, 9 ],
    "to": [ 11, 13, 12.5 ],
    "faces": {
        "down":  { "uv": [ 11, 12.5, 5, 9 ], "texture": "#Luna_Base_Bottom" },
        "up":    { "uv": [ 5, 9, 11, 12.5 ], "texture": "#Luna_Base" },
        "north": { "uv": [ 5, 3, 11, 3.5 ], "texture": "#Luna_Base" },
        "south": { "uv": [ 5, 3, 11, 3.5 ], "texture": "#Luna_Base" },
        "west":  { "uv": [ 9, 3, 12.5, 3.5 ], "texture": "#Luna_Base" },
        "east":  { "uv": [ 3.5, 3, 7, 3.5 ], "texture": "#Luna_Base" }
    }
},
{
    "__comment": "Luna",
    "from": [ 5, 8.5, 12.5 ],
    "to": [ 6.5, 11.5, 13 ],
    "faces": {
        "down":  { "uv": [ 11, 13, 9.5, 12.5 ], "texture": "#Luna_Base_Bottom" },
        "up":    { "uv": [ 5, 12.5, 6.5, 13 ], "texture": "#Luna_Base" },
        "north": { "uv": [ 9.5, 4.5, 11, 7.5 ], "texture": "#Luna_Base" },
        "south": { "uv": [ 5, 4.5, 6.5, 7.5 ], "texture": "#Luna_Base" },
        "west":  { "uv": [ 12.5, 4.5, 13, 7.5 ], "texture": "#Luna_Base" },
        "east":  { "uv": [ 3, 4.5, 3.5, 7.5 ], "texture": "#Luna_Base" }
    }
},
{
    "__comment": "Luna",
    "from": [ 5, 12, 12.5 ],
    "to": [ 11, 12.5, 13 ],
    "faces": {
        "down":  { "uv": [ 11, 13, 5, 12.5 ], "texture": "#Luna_Base_Bottom" },
        "up":    { "uv": [ 5, 12.5, 11, 13 ], "texture": "#Luna_Base" },
        "north": { "uv": [ 5, 3.5, 11, 4 ], "texture": "#Luna_Base" },
        "south": { "uv": [ 5, 3.5, 11, 4 ], "texture": "#Luna_Base" },
        "west":  { "uv": [ 12.5, 3.5, 13, 4 ], "texture": "#Luna_Base" },
        "east":  { "uv": [ 3, 3.5, 3.5, 4 ], "texture": "#Luna_Base" }
    }
},
{
    "__comment": "Luna",
    "from": [ 5.5, 4.5, 1.5 ],
    "to": [ 10.5, 5, 2 ],
    "faces": {
        "down":  { "uv": [ 10.5, 2, 5.5, 1.5 ], "texture": "#Luna_Base_Bottom" },
        "up":    { "uv": [ 5.5, 1.5, 10.5, 2 ], "texture": "#Luna_Base" },
        "north": { "uv": [ 5.5, 11, 10.5, 11.5 ], "texture": "#Luna_Base" },
        "south": { "uv": [ 5.5, 11, 10.5, 11.5 ], "texture": "#Luna_Base" },
        "west":  { "uv": [ 1.5, 11, 2, 11.5 ], "texture": "#Luna_Base" },
        "east":  { "uv": [ 14, 11, 14.5, 11.5 ], "texture": "#Luna_Base" }
    }
},
{
    "__comment": "Luna",
    "from": [ 5.5, 3.5, 2 ],
    "to": [ 10.5, 4, 2.5 ],
    "faces": {
        "down":  { "uv": [ 10.5, 2.5, 5.5, 2 ], "texture": "#Luna_Base_Bottom" },
        "up":    { "uv": [ 5.5, 2, 10.5, 2.5 ], "texture": "#Luna_Base" },
        "north": { "uv": [ 5.5, 12, 10.5, 12.5 ], "texture": "#Luna_Base" },
        "south": { "uv": [ 5.5, 12, 10.5, 12.5 ], "texture": "#Luna_Base" },
        "west":  { "uv": [ 2, 12, 2.5, 12.5 ], "texture": "#Luna_Base" },
        "east":  { "uv": [ 13.5, 12, 14, 12.5 ], "texture": "#Luna_Base" }
    }
},
{
    "__comment": "Luna_Crest",
    "from": [ 5.5, 10.5, 13 ],
    "to": [ 7, 13, 14.5 ],
    "faces": {
        "down":  { "uv": [ 10.5, 14.5, 9, 13 ], "texture": "#Luna_Crest" },
        "up":    { "uv": [ 5.5, 13, 7, 14.5 ], "texture": "#Luna_Crest" },
        "north": { "uv": [ 9, 3, 10.5, 5.5 ], "texture": "#Luna_Crest" },
        "south": { "uv": [ 5.5, 3, 7, 5.5 ], "texture": "#Luna_Crest" },
        "west":  { "uv": [ 13, 3, 14.5, 5.5 ], "texture": "#Luna_Crest" },
        "east":  { "uv": [ 1.5, 3, 3, 5.5 ], "texture": "#Luna_Crest" }
    }
},
{
    "__comment": "Luna",
    "from": [ 6, 3, 2 ],
    "to": [ 10, 3.5, 7.5 ],
    "faces": {
        "down":  { "uv": [ 10, 7.5, 6, 2 ], "texture": "#Luna_Base_Bottom" },
        "up":    { "uv": [ 6, 2, 10, 7.5 ], "texture": "#Luna_Base" },
        "north": { "uv": [ 6, 12.5, 10, 13 ], "texture": "#Luna_Base" },
        "south": { "uv": [ 6, 12.5, 10, 13 ], "texture": "#Luna_Base" },
        "west":  { "uv": [ 2, 12.5, 7.5, 13 ], "texture": "#Luna_Base" },
        "east":  { "uv": [ 8.5, 12.5, 14, 13 ], "texture": "#Luna_Base" }
    }
},
{
    "__comment": "Luna_Crest",
    "from": [ 6, 9, 13 ],
    "to": [ 7, 10.5, 14.5 ],
    "faces": {
        "down":  { "uv": [ 10, 14.5, 9, 13 ], "texture": "#Luna_Crest" },
        "up":    { "uv": [ 6, 13, 7, 14.5 ], "texture": "#Luna_Crest" },
        "north": { "uv": [ 9, 5.5, 10, 7 ], "texture": "#Luna_Crest" },
        "south": { "uv": [ 6, 5.5, 7, 7 ], "texture": "#Luna_Crest" },
        "west":  { "uv": [ 13, 5.5, 14.5, 7 ], "texture": "#Luna_Crest" },
        "east":  { "uv": [ 1.5, 5.5, 3, 7 ], "texture": "#Luna_Crest" }
    }
},
{
    "__comment": "Luna_Crest",
    "from": [ 6, 13, 13 ],
    "to": [ 7, 14, 14.5 ],
    "faces": {
        "down":  { "uv": [ 10, 14.5, 9, 13 ], "texture": "#Luna_Crest" },
        "up":    { "uv": [ 6, 13, 7, 14.5 ], "texture": "#Luna_Crest" },
        "north": { "uv": [ 9, 2, 10, 3 ], "texture": "#Luna_Crest" },
        "south": { "uv": [ 6, 2, 7, 3 ], "texture": "#Luna_Crest" },
        "west":  { "uv": [ 13, 2, 14.5, 3 ], "texture": "#Luna_Crest" },
        "east":  { "uv": [ 1.5, 2, 3, 3 ], "texture": "#Luna_Crest" }
    }
},
{
    "__comment": "Luna",
    "from": [ 6.5, 13, 3 ],
    "to": [ 9.5, 13.5, 3.5 ],
    "faces": {
        "down":  { "uv": [ 9.5, 3.5, 6.5, 3 ], "texture": "#Luna_Base_Bottom" },
        "up":    { "uv": [ 6.5, 3, 9.5, 3.5 ], "texture": "#Luna_Base" },
        "north": { "uv": [ 6.5, 2.5, 9.5, 3 ], "texture": "#Luna_Base" },
        "south": { "uv": [ 6.5, 2.5, 9.5, 3 ], "texture": "#Luna_Base" },
        "west":  { "uv": [ 3, 2.5, 3.5, 3 ], "texture": "#Luna_Base" },
        "east":  { "uv": [ 12.5, 2.5, 13, 3 ], "texture": "#Luna_Base" }
    }
},
{
    "__comment": "Luna",
    "from": [ 6.5, 13, 8.5 ],
    "to": [ 9.5, 13.5, 12.5 ],
    "faces": {
        "down":  { "uv": [ 9.5, 12.5, 6.5, 8.5 ], "texture": "#Luna_Base_Bottom" },
        "up":    { "uv": [ 6.5, 8.5, 9.5, 12.5 ], "texture": "#Luna_Base" },
        "north": { "uv": [ 6.5, 2.5, 9.5, 3 ], "texture": "#Luna_Base" },
        "south": { "uv": [ 6.5, 2.5, 9.5, 3 ], "texture": "#Luna_Base" },
        "west":  { "uv": [ 8.5, 2.5, 12.5, 3 ], "texture": "#Luna_Base" },
        "east":  { "uv": [ 3.5, 2.5, 7.5, 3 ], "texture": "#Luna_Base" }
    }
},
{
    "__comment": "Luna",
    "from": [ 6.5, 9, 12.5 ],
    "to": [ 12, 11.5, 13 ],
    "faces": {
        "down":  { "uv": [ 9.5, 13, 4, 12.5 ], "texture": "#Luna_Base_Bottom" },
        "up":    { "uv": [ 6.5, 12.5, 12, 13 ], "texture": "#Luna_Base" },
        "north": { "uv": [ 4, 4.5, 9.5, 7 ], "texture": "#Luna_Base" },
        "south": { "uv": [ 6.5, 4.5, 12, 7 ], "texture": "#Luna_Base" },
        "west":  { "uv": [ 12.5, 4.5, 13, 7 ], "texture": "#Luna_Base" },
        "east":  { "uv": [ 3, 4.5, 3.5, 7 ], "texture": "#Luna_Base" }
    }
},
{
    "__comment": "Luna",
    "from": [ 6.5, 12.5, 12.5 ],
    "to": [ 10, 13, 13 ],
    "faces": {
        "down":  { "uv": [ 9.5, 13, 6, 12.5 ], "texture": "#Luna_Base_Bottom" },
        "up":    { "uv": [ 6.5, 12.5, 10, 13 ], "texture": "#Luna_Base" },
        "north": { "uv": [ 6, 3, 9.5, 3.5 ], "texture": "#Luna_Base" },
        "south": { "uv": [ 6.5, 3, 10, 3.5 ], "texture": "#Luna_Base" },
        "west":  { "uv": [ 12.5, 3, 13, 3.5 ], "texture": "#Luna_Base" },
        "east":  { "uv": [ 3, 3, 3.5, 3.5 ], "texture": "#Luna_Base" }
    }
},
{
    "__comment": "Luna_Crest",
    "from": [ 6.5, 14, 13 ],
    "to": [ 7, 14.5, 14.5 ],
    "faces": {
        "down":  { "uv": [ 9.5, 14.5, 9, 13 ], "texture": "#Luna_Crest" },
        "up":    { "uv": [ 6.5, 13, 7, 14.5 ], "texture": "#Luna_Crest" },
        "north": { "uv": [ 9, 1.5, 9.5, 2 ], "texture": "#Luna_Crest" },
        "south": { "uv": [ 6.5, 1.5, 7, 2 ], "texture": "#Luna_Crest" },
        "west":  { "uv": [ 13, 1.5, 14.5, 2 ], "texture": "#Luna_Crest" },
        "east":  { "uv": [ 1.5, 1.5, 3, 2 ], "texture": "#Luna_Crest" }
    }
},
{
    "__comment": "Luna",
    "from": [ 7, 12.5, 2.5 ],
    "to": [ 9, 13, 3 ],
    "faces": {
        "down":  { "uv": [ 9, 3, 7, 2.5 ], "texture": "#Luna_Base_Bottom" },
        "up":    { "uv": [ 7, 2.5, 9, 3 ], "texture": "#Luna_Base" },
        "north": { "uv": [ 7, 3, 9, 3.5 ], "texture": "#Luna_Base" },
        "south": { "uv": [ 7, 3, 9, 3.5 ], "texture": "#Luna_Base" },
        "west":  { "uv": [ 2.5, 3, 3, 3.5 ], "texture": "#Luna_Base" },
        "east":  { "uv": [ 13, 3, 13.5, 3.5 ], "texture": "#Luna_Base" }
    }
},
{
    "__comment": "Luna",
    "from": [ 6.5, 8.5, 8 ],
    "to": [ 13.5, 9, 8.5 ],
    "faces": {
        "down":  { "uv": [ 9.5, 8.5, 2.5, 8 ], "texture": "#Luna_Base_Bottom" },
        "up":    { "uv": [ 6.5, 8, 13.5, 8.5 ], "texture": "#Luna_Base" },
        "north": { "uv": [ 2.5, 7, 9.5, 7.5 ], "texture": "#Luna_Base" },
        "south": { "uv": [ 6.5, 7, 13.5, 7.5 ], "texture": "#Luna_Base" },
        "west":  { "uv": [ 8, 7, 8.5, 7.5 ], "texture": "#Luna_Base" },
        "east":  { "uv": [ 7.5, 7, 8, 7.5 ], "texture": "#Luna_Base" }
    }
},
{
    "__comment": "Luna_Crest",
    "from": [ 7, 8.5, 13 ],
    "to": [ 9, 10, 14.5 ],
    "faces": {
        "down":  { "uv": [ 9, 14.5, 7, 13 ], "texture": "#Luna_Crest" },
        "up":    { "uv": [ 7, 13, 9, 14.5 ], "texture": "#Luna_Crest" },
        "north": { "uv": [ 7, 6, 9, 7.5 ], "texture": "#Luna_Crest" },
        "south": { "uv": [ 7, 6, 9, 7.5 ], "texture": "#Luna_Crest" },
        "west":  { "uv": [ 13, 6, 14.5, 7.5 ], "texture": "#Luna_Crest" },
        "east":  { "uv": [ 1.5, 6, 3, 7.5 ], "texture": "#Luna_Crest" }
    }
},
{
    "__comment": "Luna",
    "from": [ 7, 10.5, 13 ],
    "to": [ 9, 11, 13.5 ],
    "faces": {
        "down":  { "uv": [ 9, 13.5, 7, 13 ], "texture": "#Luna_Base_Bottom" },
        "up":    { "uv": [ 7, 13, 9, 13.5 ], "texture": "#Luna_Base" },
        "north": { "uv": [ 7, 5, 9, 5.5 ], "texture": "#Luna_Base" },
        "south": { "uv": [ 7, 5, 9, 5.5 ], "texture": "#Luna_Base" },
        "west":  { "uv": [ 13, 5, 13.5, 5.5 ], "texture": "#Luna_Base" },
        "east":  { "uv": [ 2.5, 5, 3, 5.5 ], "texture": "#Luna_Base" }
    }
},
{
    "__comment": "Luna",
    "from": [ 7.5, 13, 12.5 ],
    "to": [ 8.5, 13.5, 13 ],
    "faces": {
        "down":  { "uv": [ 8.5, 13, 7.5, 12.5 ], "texture": "#Luna_Base_Bottom" },
        "up":    { "uv": [ 7.5, 12.5, 8.5, 13 ], "texture": "#Luna_Base" },
        "north": { "uv": [ 7.5, 2.5, 8.5, 3 ], "texture": "#Luna_Base" },
        "south": { "uv": [ 7.5, 2.5, 8.5, 3 ], "texture": "#Luna_Base" },
        "west":  { "uv": [ 12.5, 2.5, 13, 3 ], "texture": "#Luna_Base" },
        "east":  { "uv": [ 3, 2.5, 3.5, 3 ], "texture": "#Luna_Base" }
    }
},
{
    "__comment": "Luna",
    "from": [ 7.5, 10, 13 ],
    "to": [ 8.5, 10.5, 13.5 ],
    "faces": {
        "down":  { "uv": [ 8.5, 13.5, 7.5, 13 ], "texture": "#Luna_Base_Bottom" },
        "up":    { "uv": [ 7.5, 13, 8.5, 13.5 ], "texture": "#Luna_Base" },
        "north": { "uv": [ 7.5, 5.5, 8.5, 6 ], "texture": "#Luna_Base" },
        "south": { "uv": [ 7.5, 5.5, 8.5, 6 ], "texture": "#Luna_Base" },
        "west":  { "uv": [ 13, 5.5, 13.5, 6 ], "texture": "#Luna_Base" },
        "east":  { "uv": [ 2.5, 5.5, 3, 6 ], "texture": "#Luna_Base" }
    }
},
{
    "__comment": "Luna",
    "from": [ 7.5, 11, 13 ],
    "to": [ 8.5, 11.5, 13.5 ],
    "faces": {
        "down":  { "uv": [ 8.5, 13.5, 7.5, 13 ], "texture": "#Luna_Base_Bottom" },
        "up":    { "uv": [ 7.5, 13, 8.5, 13.5 ], "texture": "#Luna_Base" },
        "north": { "uv": [ 7.5, 4.5, 8.5, 5 ], "texture": "#Luna_Base" },
        "south": { "uv": [ 7.5, 4.5, 8.5, 5 ], "texture": "#Luna_Base" },
        "west":  { "uv": [ 13, 4.5, 13.5, 5 ], "texture": "#Luna_Base" },
        "east":  { "uv": [ 2.5, 4.5, 3, 5 ], "texture": "#Luna_Base" }
    }
},
{
    "__comment": "Luna",
    "from": [ 9, 13.5, 3.5 ],
    "to": [ 13.5, 14, 7.5 ],
    "faces": {
        "down":  { "uv": [ 7, 7.5, 2.5, 3.5 ], "texture": "#Luna_Base_Bottom" },
        "up":    { "uv": [ 9, 3.5, 13.5, 7.5 ], "texture": "#Luna_Base" },
        "north": { "uv": [ 2.5, 2, 7, 2.5 ], "texture": "#Luna_Base" },
        "south": { "uv": [ 9, 2, 13.5, 2.5 ], "texture": "#Luna_Base" },
        "west":  { "uv": [ 3.5, 2, 7.5, 2.5 ], "texture": "#Luna_Base" },
        "east":  { "uv": [ 8.5, 2, 12.5, 2.5 ], "texture": "#Luna_Base" }
    }
},
{
    "__comment": "Luna",
    "from": [ 9.5, 8.5, 8.5 ],
    "to": [ 13, 9, 9 ],
    "faces": {
        "down":  { "uv": [ 6.5, 9, 3, 8.5 ], "texture": "#Luna_Base_Bottom" },
        "up":    { "uv": [ 9.5, 8.5, 13, 9 ], "texture": "#Luna_Base" },
        "north": { "uv": [ 3, 7, 6.5, 7.5 ], "texture": "#Luna_Base" },
        "south": { "uv": [ 9.5, 7, 13, 7.5 ], "texture": "#Luna_Base" },
        "west":  { "uv": [ 8.5, 7, 9, 7.5 ], "texture": "#Luna_Base" },
        "east":  { "uv": [ 7, 7, 7.5, 7.5 ], "texture": "#Luna_Base" }
    }
},
{
    "__comment": "Luna_Crest",
    "from": [ 9, 9, 13 ],
    "to": [ 10, 10, 14.5 ],
    "faces": {
        "down":  { "uv": [ 7, 14.5, 6, 13 ], "texture": "#Luna_Crest" },
        "up":    { "uv": [ 9, 13, 10, 14.5 ], "texture": "#Luna_Crest" },
        "north": { "uv": [ 6, 6, 7, 7 ], "texture": "#Luna_Crest" },
        "south": { "uv": [ 9, 6, 10, 7 ], "texture": "#Luna_Crest" },
        "west":  { "uv": [ 13, 6, 14.5, 7 ], "texture": "#Luna_Crest" },
        "east":  { "uv": [ 1.5, 6, 3, 7 ], "texture": "#Luna_Crest" }
    }
},
{
    "__comment": "Luna_Crest",
    "from": [ 9, 11, 13 ],
    "to": [ 9.5, 14.5, 14.5 ],
    "faces": {
        "down":  { "uv": [ 7, 14.5, 6.5, 13 ], "texture": "#Luna_Crest" },
        "up":    { "uv": [ 9, 13, 9.5, 14.5 ], "texture": "#Luna_Crest" },
        "north": { "uv": [ 6.5, 1.5, 7, 5 ], "texture": "#Luna_Crest" },
        "south": { "uv": [ 9, 1.5, 9.5, 5 ], "texture": "#Luna_Crest" },
        "west":  { "uv": [ 13, 1.5, 14.5, 5 ], "texture": "#Luna_Crest" },
        "east":  { "uv": [ 1.5, 1.5, 3, 5 ], "texture": "#Luna_Crest" }
    }
},
{
    "__comment": "Luna_Crest",
    "from": [ 9, 10, 13.5 ],
    "to": [ 10, 11, 14.5 ],
    "faces": {
        "down":  { "uv": [ 7, 14.5, 6, 13.5 ], "texture": "#Luna_Crest" },
        "up":    { "uv": [ 9, 13.5, 10, 14.5 ], "texture": "#Luna_Crest" },
        "north": { "uv": [ 6, 5, 7, 6 ], "texture": "#Luna_Crest" },
        "south": { "uv": [ 9, 5, 10, 6 ], "texture": "#Luna_Crest" },
        "west":  { "uv": [ 13.5, 5, 14.5, 6 ], "texture": "#Luna_Crest" },
        "east":  { "uv": [ 1.5, 5, 2.5, 6 ], "texture": "#Luna_Crest" }
    }
},
{
    "__comment": "Luna",
    "from": [ 9.5, 14, 3.5 ],
    "to": [ 13, 14.5, 7.5 ],
    "faces": {
        "down":  { "uv": [ 6.5, 7.5, 3, 3.5 ], "texture": "#Luna_Base_Bottom" },
        "up":    { "uv": [ 9.5, 3.5, 13, 7.5 ], "texture": "#Luna_Base" },
        "north": { "uv": [ 3, 1.5, 6.5, 2 ], "texture": "#Luna_Base" },
        "south": { "uv": [ 9.5, 1.5, 13, 2 ], "texture": "#Luna_Base" },
        "west":  { "uv": [ 3.5, 1.5, 7.5, 2 ], "texture": "#Luna_Base" },
        "east":  { "uv": [ 8.5, 1.5, 12.5, 2 ], "texture": "#Luna_Base" }
    }
},
{
    "__comment": "Luna",
    "from": [ 9.5, 13.5, 7.5 ],
    "to": [ 13, 14, 8 ],
    "faces": {
        "down":  { "uv": [ 6.5, 8, 3, 7.5 ], "texture": "#Luna_Base_Bottom" },
        "up":    { "uv": [ 9.5, 7.5, 13, 8 ], "texture": "#Luna_Base" },
        "north": { "uv": [ 3, 2, 6.5, 2.5 ], "texture": "#Luna_Base" },
        "south": { "uv": [ 9.5, 2, 13, 2.5 ], "texture": "#Luna_Base" },
        "west":  { "uv": [ 7.5, 2, 8, 2.5 ], "texture": "#Luna_Base" },
        "east":  { "uv": [ 8, 2, 8.5, 2.5 ], "texture": "#Luna_Base" }
    }
},
{
    "__comment": "Luna",
    "from": [ 9.5, 8.5, 9 ],
    "to": [ 12, 9, 13 ],
    "faces": {
        "down":  { "uv": [ 6.5, 13, 4, 9 ], "texture": "#Luna_Base_Bottom" },
        "up":    { "uv": [ 9.5, 9, 12, 13 ], "texture": "#Luna_Base" },
        "north": { "uv": [ 4, 7, 6.5, 7.5 ], "texture": "#Luna_Base" },
        "south": { "uv": [ 9.5, 7, 12, 7.5 ], "texture": "#Luna_Base" },
        "west":  { "uv": [ 9, 7, 13, 7.5 ], "texture": "#Luna_Base" },
        "east":  { "uv": [ 3, 7, 7, 7.5 ], "texture": "#Luna_Base" }
    }
},
{
    "__comment": "Luna_Crest",
    "from": [ 9.5, 11, 13 ],
    "to": [ 10, 14, 14.5 ],
    "faces": {
        "down":  { "uv": [ 6.5, 14.5, 6, 13 ], "texture": "#Luna_Crest" },
        "up":    { "uv": [ 9.5, 13, 10, 14.5 ], "texture": "#Luna_Crest" },
        "north": { "uv": [ 6, 2, 6.5, 5 ], "texture": "#Luna_Crest" },
        "south": { "uv": [ 9.5, 2, 10, 5 ], "texture": "#Luna_Crest" },
        "west":  { "uv": [ 13, 2, 14.5, 5 ], "texture": "#Luna_Crest" },
        "east":  { "uv": [ 1.5, 2, 3, 5 ], "texture": "#Luna_Crest" }
    }
},
{
    "__comment": "Luna",
    "from": [ 10, 13, 8 ],
    "to": [ 12.5, 13.5, 8.5 ],
    "faces": {
        "down":  { "uv": [ 6, 8.5, 3.5, 8 ], "texture": "#Luna_Base_Bottom" },
        "up":    { "uv": [ 10, 8, 12.5, 8.5 ], "texture": "#Luna_Base" },
        "north": { "uv": [ 3.5, 2.5, 6, 3 ], "texture": "#Luna_Base" },
        "south": { "uv": [ 10, 2.5, 12.5, 3 ], "texture": "#Luna_Base" },
        "west":  { "uv": [ 8, 2.5, 8.5, 3 ], "texture": "#Luna_Base" },
        "east":  { "uv": [ 7.5, 2.5, 8, 3 ], "texture": "#Luna_Base" }
    }
},
{
    "__comment": "Luna_Crest",
    "from": [ 10, 10.5, 13 ],
    "to": [ 10.5, 13, 14.5 ],
    "faces": {
        "down":  { "uv": [ 6, 14.5, 5.5, 13 ], "texture": "#Luna_Crest" },
        "up":    { "uv": [ 10, 13, 10.5, 14.5 ], "texture": "#Luna_Crest" },
        "north": { "uv": [ 5.5, 3, 6, 5.5 ], "texture": "#Luna_Crest" },
        "south": { "uv": [ 10, 3, 10.5, 5.5 ], "texture": "#Luna_Crest" },
        "west":  { "uv": [ 13, 3, 14.5, 5.5 ], "texture": "#Luna_Crest" },
        "east":  { "uv": [ 1.5, 3, 3, 5.5 ], "texture": "#Luna_Crest" }
    }
},
{
    "__comment": "Luna",
    "from": [ 11, 8, 8.5 ],
    "to": [ 12, 8.5, 13 ],
    "faces": {
        "down":  { "uv": [ 5, 13, 4, 8.5 ], "texture": "#Luna_Base_Bottom" },
        "up":    { "uv": [ 11, 8.5, 12, 13 ], "texture": "#Luna_Base" },
        "north": { "uv": [ 4, 7.5, 5, 8 ], "texture": "#Luna_Base" },
        "south": { "uv": [ 11, 7.5, 12, 8 ], "texture": "#Luna_Base" },
        "west":  { "uv": [ 8.5, 7.5, 13, 8 ], "texture": "#Luna_Base" },
        "east":  { "uv": [ 3, 7.5, 7.5, 8 ], "texture": "#Luna_Base" }
    }
},
{
    "__comment": "Luna",
    "from": [ 11.5, 5.5, 1.5 ],
    "to": [ 12, 6, 2 ],
    "faces": {
        "down":  { "uv": [ 4.5, 2, 4, 1.5 ], "texture": "#Luna_Base_Bottom" },
        "up":    { "uv": [ 11.5, 1.5, 12, 2 ], "texture": "#Luna_Base" },
        "north": { "uv": [ 4, 10, 4.5, 10.5 ], "texture": "#Luna_Base" },
        "south": { "uv": [ 11.5, 10, 12, 10.5 ], "texture": "#Luna_Base" },
        "west":  { "uv": [ 1.5, 10, 2, 10.5 ], "texture": "#Luna_Base" },
        "east":  { "uv": [ 14, 10, 14.5, 10.5 ], "texture": "#Luna_Base" }
    }
},
{
    "__comment": "Luna",
    "from": [ 11.5, 6.5, 8 ],
    "to": [ 13, 7, 8.5 ],
    "faces": {
        "down":  { "uv": [ 4.5, 8.5, 3, 8 ], "texture": "#Luna_Base_Bottom" },
        "up":    { "uv": [ 11.5, 8, 13, 8.5 ], "texture": "#Luna_Base" },
        "north": { "uv": [ 3, 9, 4.5, 9.5 ], "texture": "#Luna_Base" },
        "south": { "uv": [ 11.5, 9, 13, 9.5 ], "texture": "#Luna_Base" },
        "west":  { "uv": [ 8, 9, 8.5, 9.5 ], "texture": "#Luna_Base" },
        "east":  { "uv": [ 7.5, 9, 8, 9.5 ], "texture": "#Luna_Base" }
    }
},
{
    "__comment": "Luna_Tassle",
    "from": [ 12, 3.5, 4 ],
    "to": [ 16, 4, 7 ],
    "faces": {
        "down":  { "uv": [ 4, 7, 0, 4 ], "texture": "#Luna_Tassle" },
        "up":    { "uv": [ 12, 4, 16, 7 ], "texture": "#Luna_Tassle" },
        "north": { "uv": [ 0, 12, 4, 12.5 ], "texture": "#Luna_Tassle" },
        "south": { "uv": [ 12, 12, 16, 12.5 ], "texture": "#Luna_Tassle" },
        "west":  { "uv": [ 4, 12, 7, 12.5 ], "texture": "#Luna_Tassle" },
        "east":  { "uv": [ 9, 12, 12, 12.5 ], "texture": "#Luna_Tassle" }
    }
},
{
    "__comment": "Luna_Tassle",
    "from": [ 12, 4.5, 4 ],
    "to": [ 16, 5, 7 ],
    "faces": {
        "down":  { "uv": [ 4, 7, 0, 4 ], "texture": "#Luna_Tassle" },
        "up":    { "uv": [ 12, 4, 16, 7 ], "texture": "#Luna_Tassle" },
        "north": { "uv": [ 0, 11, 4, 11.5 ], "texture": "#Luna_Tassle" },
        "south": { "uv": [ 12, 11, 16, 11.5 ], "texture": "#Luna_Tassle" },
        "west":  { "uv": [ 4, 11, 7, 11.5 ], "texture": "#Luna_Tassle" },
        "east":  { "uv": [ 9, 11, 12, 11.5 ], "texture": "#Luna_Tassle" }
    }
},
{
    "__comment": "Luna",
    "from": [ 12, 8, 8.5 ],
    "to": [ 13.5, 8.5, 12.5 ],
    "faces": {
        "down":  { "uv": [ 4, 12.5, 2.5, 8.5 ], "texture": "#Luna_Base_Bottom" },
        "up":    { "uv": [ 12, 8.5, 13.5, 12.5 ], "texture": "#Luna_Base" },
        "north": { "uv": [ 2.5, 7.5, 4, 8 ], "texture": "#Luna_Base" },
        "south": { "uv": [ 12, 7.5, 13.5, 8 ], "texture": "#Luna_Base" },
        "west":  { "uv": [ 8.5, 7.5, 12.5, 8 ], "texture": "#Luna_Base" },
        "east":  { "uv": [ 3.5, 7.5, 7.5, 8 ], "texture": "#Luna_Base" }
    }
},
{
    "__comment": "Luna",
    "from": [ 12, 8.5, 9 ],
    "to": [ 13, 9, 12.5 ],
    "faces": {
        "down":  { "uv": [ 4, 12.5, 3, 9 ], "texture": "#Luna_Base_Bottom" },
        "up":    { "uv": [ 12, 9, 13, 12.5 ], "texture": "#Luna_Base" },
        "north": { "uv": [ 3, 7, 4, 7.5 ], "texture": "#Luna_Base" },
        "south": { "uv": [ 12, 7, 13, 7.5 ], "texture": "#Luna_Base" },
        "west":  { "uv": [ 9, 7, 12.5, 7.5 ], "texture": "#Luna_Base" },
        "east":  { "uv": [ 3.5, 7, 7, 7.5 ], "texture": "#Luna_Base" }
    }
},
{
    "__comment": "Luna",
    "from": [ 12.5, 7.5, 2 ],
    "to": [ 13, 8, 2.5 ],
    "faces": {
        "down":  { "uv": [ 3.5, 2.5, 3, 2 ], "texture": "#Luna_Base_Bottom" },
        "up":    { "uv": [ 12.5, 2, 13, 2.5 ], "texture": "#Luna_Base" },
        "north": { "uv": [ 3, 8, 3.5, 8.5 ], "texture": "#Luna_Base" },
        "south": { "uv": [ 12.5, 8, 13, 8.5 ], "texture": "#Luna_Base" },
        "west":  { "uv": [ 2, 8, 2.5, 8.5 ], "texture": "#Luna_Base" },
        "east":  { "uv": [ 13.5, 8, 14, 8.5 ], "texture": "#Luna_Base" }
    }
},
{
    "__comment": "Luna",
    "from": [ 12.5, 8.5, 2 ],
    "to": [ 13, 9, 2.5 ],
    "faces": {
        "down":  { "uv": [ 3.5, 2.5, 3, 2 ], "texture": "#Luna_Base_Bottom" },
        "up":    { "uv": [ 12.5, 2, 13, 2.5 ], "texture": "#Luna_Base" },
        "north": { "uv": [ 3, 7, 3.5, 7.5 ], "texture": "#Luna_Base" },
        "south": { "uv": [ 12.5, 7, 13, 7.5 ], "texture": "#Luna_Base" },
        "west":  { "uv": [ 2, 7, 2.5, 7.5 ], "texture": "#Luna_Base" },
        "east":  { "uv": [ 13.5, 7, 14, 7.5 ], "texture": "#Luna_Base" }
    }
},
{
    "__comment": "Luna",
    "from": [ 12.5, 10.5, 3 ],
    "to": [ 13, 11, 3.5 ],
    "faces": {
        "down":  { "uv": [ 3.5, 3.5, 3, 3 ], "texture": "#Luna_Base_Bottom" },
        "up":    { "uv": [ 12.5, 3, 13, 3.5 ], "texture": "#Luna_Base" },
        "north": { "uv": [ 3, 5, 3.5, 5.5 ], "texture": "#Luna_Base" },
        "south": { "uv": [ 12.5, 5, 13, 5.5 ], "texture": "#Luna_Base" },
        "west":  { "uv": [ 3, 5, 3.5, 5.5 ], "texture": "#Luna_Base" },
        "east":  { "uv": [ 12.5, 5, 13, 5.5 ], "texture": "#Luna_Base" }
    }
},
{
    "__comment": "Luna_Tassle",
    "from": [ 12.5, 3, 4 ],
    "to": [ 16, 3.5, 7 ],
    "faces": {
        "down":  { "uv": [ 3.5, 7, 0, 4 ], "texture": "#Luna_Tassle" },
        "up":    { "uv": [ 12.5, 4, 16, 7 ], "texture": "#Luna_Tassle" },
        "north": { "uv": [ 0, 12.5, 3.5, 13 ], "texture": "#Luna_Tassle" },
        "south": { "uv": [ 12.5, 12.5, 16, 13 ], "texture": "#Luna_Tassle" },
        "west":  { "uv": [ 4, 12.5, 7, 13 ], "texture": "#Luna_Tassle" },
        "east":  { "uv": [ 9, 12.5, 12, 13 ], "texture": "#Luna_Tassle" }
    }
},
{
    "__comment": "Luna_Tassle",
    "from": [ 12.5, 5, 4 ],
    "to": [ 16, 5.5, 7 ],
    "faces": {
        "down":  { "uv": [ 3.5, 7, 0, 4 ], "texture": "#Luna_Tassle" },
        "up":    { "uv": [ 12.5, 4, 16, 7 ], "texture": "#Luna_Tassle" },
        "north": { "uv": [ 0, 10.5, 3.5, 11 ], "texture": "#Luna_Tassle" },
        "south": { "uv": [ 12.5, 10.5, 16, 11 ], "texture": "#Luna_Tassle" },
        "west":  { "uv": [ 4, 10.5, 7, 11 ], "texture": "#Luna_Tassle" },
        "east":  { "uv": [ 9, 10.5, 12, 11 ], "texture": "#Luna_Tassle" }
    }
},
{
    "__comment": "Luna",
    "from": [ 13, 7, 2.5 ],
    "to": [ 13.5, 7.5, 4 ],
    "faces": {
        "down":  { "uv": [ 3, 4, 2.5, 2.5 ], "texture": "#Luna_Base_Bottom" },
        "up":    { "uv": [ 13, 2.5, 13.5, 4 ], "texture": "#Luna_Base" },
        "north": { "uv": [ 2.5, 8.5, 3, 9 ], "texture": "#Luna_Base" },
        "south": { "uv": [ 13, 8.5, 13.5, 9 ], "texture": "#Luna_Base" },
        "west":  { "uv": [ 2.5, 8.5, 4, 9 ], "texture": "#Luna_Base" },
        "east":  { "uv": [ 12, 8.5, 13.5, 9 ], "texture": "#Luna_Base" }
    }
},
{
    "__comment": "Luna",
    "from": [ 13, 8.5, 2.5 ],
    "to": [ 13.5, 9, 3.5 ],
    "faces": {
        "down":  { "uv": [ 3, 3.5, 2.5, 2.5 ], "texture": "#Luna_Base_Bottom" },
        "up":    { "uv": [ 13, 2.5, 13.5, 3.5 ], "texture": "#Luna_Base" },
        "north": { "uv": [ 2.5, 7, 3, 7.5 ], "texture": "#Luna_Base" },
        "south": { "uv": [ 13, 7, 13.5, 7.5 ], "texture": "#Luna_Base" },
        "west":  { "uv": [ 2.5, 7, 3.5, 7.5 ], "texture": "#Luna_Base" },
        "east":  { "uv": [ 12.5, 7, 13.5, 7.5 ], "texture": "#Luna_Base" }
    }
},
{
    "__comment": "Luna",
    "from": [ 13, 7, 7 ],
    "to": [ 13.5, 7.5, 8 ],
    "faces": {
        "down":  { "uv": [ 3, 8, 2.5, 7 ], "texture": "#Luna_Base_Bottom" },
        "up":    { "uv": [ 13, 7, 13.5, 8 ], "texture": "#Luna_Base" },
        "north": { "uv": [ 2.5, 8.5, 3, 9 ], "texture": "#Luna_Base" },
        "south": { "uv": [ 13, 8.5, 13.5, 9 ], "texture": "#Luna_Base" },
        "west":  { "uv": [ 7, 8.5, 8, 9 ], "texture": "#Luna_Base" },
        "east":  { "uv": [ 8, 8.5, 9, 9 ], "texture": "#Luna_Base" }
    }
},
{
    "__comment": "Luna_Tassle",
    "from": [ 13.5, 2, 4 ],
    "to": [ 16, 3, 7 ],
    "faces": {
        "down":  { "uv": [ 2.5, 7, 0, 4 ], "texture": "#Luna_Tassle" },
        "up":    { "uv": [ 13.5, 4, 16, 7 ], "texture": "#Luna_Tassle" },
        "north": { "uv": [ 0, 13, 2.5, 14 ], "texture": "#Luna_Tassle" },
        "south": { "uv": [ 13.5, 13, 16, 14 ], "texture": "#Luna_Tassle" },
        "west":  { "uv": [ 4, 13, 7, 14 ], "texture": "#Luna_Tassle" },
        "east":  { "uv": [ 9, 13, 12, 14 ], "texture": "#Luna_Tassle" }
    }
},
{
    "__comment": "Luna_Tassle",
    "from": [ 14, 1.5, 4 ],
    "to": [ 16, 2, 7 ],
    "faces": {
        "down":  { "uv": [ 2, 7, 0, 4 ], "texture": "#Luna_Tassle" },
        "up":    { "uv": [ 14, 4, 16, 7 ], "texture": "#Luna_Tassle" },
        "north": { "uv": [ 0, 14, 2, 14.5 ], "texture": "#Luna_Tassle" },
        "south": { "uv": [ 14, 14, 16, 14.5 ], "texture": "#Luna_Tassle" },
        "west":  { "uv": [ 4, 14, 7, 14.5 ], "texture": "#Luna_Tassle" },
        "east":  { "uv": [ 9, 14, 12, 14.5 ], "texture": "#Luna_Tassle" }
    }
},
{
    "__comment": "Luna_Crest",
    "from": [ 9, 10, 13 ],
    "to": [ 10, 10.5, 13.5 ],
    "faces": {
        "down":  { "uv": [ 7, 13.5, 6, 13 ], "texture": "#Luna_Crest" },
        "up":    { "uv": [ 9, 13, 10, 13.5 ], "texture": "#Luna_Crest" },
        "north": { "uv": [ 6, 5.5, 7, 6 ], "texture": "#Luna_Crest" },
        "south": { "uv": [ 9, 5.5, 10, 6 ], "texture": "#Luna_Crest" },
        "west":  { "uv": [ 13, 5.5, 13.5, 6 ], "texture": "#Luna_Crest" },
        "east":  { "uv": [ 2.5, 5.5, 3, 6 ], "texture": "#Luna_Crest" }
    }
},
{
    "__comment": "Luna_Crest",
    "from": [ 9, 10.5, 13 ],
    "to": [ 10.5, 11, 13.5 ],
    "faces": {
        "down":  { "uv": [ 7, 13.5, 5.5, 13 ], "texture": "#Luna_Crest" },
        "up":    { "uv": [ 9, 13, 10.5, 13.5 ], "texture": "#Luna_Crest" },
        "north": { "uv": [ 5.5, 5, 7, 5.5 ], "texture": "#Luna_Crest" },
        "south": { "uv": [ 9, 5, 10.5, 5.5 ], "texture": "#Luna_Crest" },
        "west":  { "uv": [ 13, 5, 13.5, 5.5 ], "texture": "#Luna_Crest" },
        "east":  { "uv": [ 2.5, 5, 3, 5.5 ], "texture": "#Luna_Crest" }
    }
}
],
"display": {
    "thirdperson": {
        "rotation": [ -27, -180, 180 ],
        "translation": [ 0, 1.5, -2.7 ],
        "scale": [ 0.37, 0.37, 0.37 ]
    },
    "head": {
        "rotation": [ 0, 180, 0 ],
        "translation": [ 0, 0, 0 ],
        "scale": [ 1.75, 1.75, 1.75 ]
    },
    "ground": {
        "rotation": [ 0, 0, 0 ],
        "translation": [ 0, 0, 0 ],
        "scale": [ 1, 1, 1 ]
    },
    "fixed": {
        "rotation": [ 0, 180, 0 ],
        "translation": [ 0, 0, -1.1 ],
        "scale": [ 1, 1, 1 ]
    },
    "firstperson": {
        "rotation": [ 0, 146, 0 ],
        "translation": [ 1.4, 1.3, 1.1 ],
        "scale": [ 1, 1, 1 ]
    },
    "gui": {
        "rotation": [ 0, 90, 0 ],
        "translation": [ 1.1, 0, 0 ],
        "scale": [ 1.5, 1.5, 1.5 ]
    }
}
}