{
  "parent": "minecraft:item/generated",
  "textures": {
    "layer0": "minecraft:item/music_disc_5"
  },
    "overrides": [
		{
			"predicate": {
				"custom_model_data":1
			},
			"model":"item/items/d20"
		},
		{
			"predicate": {
				"custom_model_data":2
			},
			"model":"item/items/flamethrower"
		},
		{
			"predicate": {
				"custom_model_data":3
			},
			"model":"item/items/sos"
		},
		{
			"predicate": {
				"custom_model_data":4
			},
			"model":"item/items/sos2"
		},
		{
			"predicate": {
				"custom_model_data":5
			},
			"model":"item/items/texsmrpspellbook"
		}
    ]
}