{
"__comment": "Bull Horn",
"__comment": "Not to be reused. Created for the Buffalo Wizard Servers",
"textures": {
    "Overseer_Wing": "block/hats/hats_bullhorn1",
    "Overseer_helmet": "block/hats/hats_bullhorn2"
},
"elements": [ 
{
    "__comment": "dvz_Overseer_Wing",
    "from": [ 0, 8, 6.5 ],
    "to": [ 0.25, 8.5, 7 ],
    "faces": {
        "down":  { "uv": [ 16, 7, 15.75, 6.5 ], "texture": "#Overseer_Wing" },
        "up":    { "uv": [ 0, 6.5, 0.25, 7 ], "texture": "#Overseer_Wing" },
        "north": { "uv": [ 15.75, 7.5, 16, 8 ], "texture": "#Overseer_Wing" },
        "south": { "uv": [ 0, 7.5, 0.25, 8 ], "texture": "#Overseer_Wing" },
        "west":  { "uv": [ 6.5, 7.5, 7, 8 ], "texture": "#Overseer_Wing" },
        "east":  { "uv": [ 9, 7.5, 9.5, 8 ], "texture": "#Overseer_Wing" }
    }
},
{
    "__comment": "dvz_Overseer_Wing",
    "from": [ 0.25, 8, 6.5 ],
    "to": [ 1.75, 8.5, 6.75 ],
    "faces": {
        "down":  { "uv": [ 15.75, 6.75, 14.25, 6.5 ], "texture": "#Overseer_Wing" },
        "up":    { "uv": [ 0.25, 6.5, 1.75, 6.75 ], "texture": "#Overseer_Wing" },
        "north": { "uv": [ 14.25, 7.5, 15.75, 8 ], "texture": "#Overseer_Wing" },
        "south": { "uv": [ 0.25, 7.5, 1.75, 8 ], "texture": "#Overseer_Wing" },
        "west":  { "uv": [ 6.5, 7.5, 6.75, 8 ], "texture": "#Overseer_Wing" },
        "east":  { "uv": [ 9.25, 7.5, 9.5, 8 ], "texture": "#Overseer_Wing" }
    }
},
{
    "__comment": "dvz_Overseer_Wing",
    "from": [ 0.25, 8.25, 6.75 ],
    "to": [ 2.75, 8.5, 7 ],
    "faces": {
        "down":  { "uv": [ 15.75, 7, 13.25, 6.75 ], "texture": "#Overseer_Wing" },
        "up":    { "uv": [ 0.25, 6.75, 2.75, 7 ], "texture": "#Overseer_Wing" },
        "north": { "uv": [ 13.25, 7.5, 15.75, 7.75 ], "texture": "#Overseer_Wing" },
        "south": { "uv": [ 0.25, 7.5, 2.75, 7.75 ], "texture": "#Overseer_Wing" },
        "west":  { "uv": [ 6.75, 7.5, 7, 7.75 ], "texture": "#Overseer_Wing" },
        "east":  { "uv": [ 9, 7.5, 9.25, 7.75 ], "texture": "#Overseer_Wing" }
    }
},
{
    "__comment": "dvz_Overseer_Wing",
    "from": [ 0.75, 8, 6.75 ],
    "to": [ 3, 8.25, 7 ],
    "faces": {
        "down":  { "uv": [ 15.25, 7, 13, 6.75 ], "texture": "#Overseer_Wing" },
        "up":    { "uv": [ 0.75, 6.75, 3, 7 ], "texture": "#Overseer_Wing" },
        "north": { "uv": [ 13, 7.75, 15.25, 8 ], "texture": "#Overseer_Wing" },
        "south": { "uv": [ 0.75, 7.75, 3, 8 ], "texture": "#Overseer_Wing" },
        "west":  { "uv": [ 6.75, 7.75, 7, 8 ], "texture": "#Overseer_Wing" },
        "east":  { "uv": [ 9, 7.75, 9.25, 8 ], "texture": "#Overseer_Wing" }
    }
},
{
    "__comment": "dvz_Overseer_Wing",
    "from": [ 1.5, 8, 7 ],
    "to": [ 3.25, 8.25, 7.25 ],
    "faces": {
        "down":  { "uv": [ 14.5, 7.25, 12.75, 7 ], "texture": "#Overseer_Wing" },
        "up":    { "uv": [ 1.5, 7, 3.25, 7.25 ], "texture": "#Overseer_Wing" },
        "north": { "uv": [ 12.75, 7.75, 14.5, 8 ], "texture": "#Overseer_Wing" },
        "south": { "uv": [ 1.5, 7.75, 3.25, 8 ], "texture": "#Overseer_Wing" },
        "west":  { "uv": [ 7, 7.75, 7.25, 8 ], "texture": "#Overseer_Wing" },
        "east":  { "uv": [ 8.75, 7.75, 9, 8 ], "texture": "#Overseer_Wing" }
    }
},
{
    "__comment": "dvz_Overseer_Wing",
    "from": [ 1.75, 8, 6.5 ],
    "to": [ 2.25, 8.25, 6.75 ],
    "faces": {
        "down":  { "uv": [ 14.25, 6.75, 13.75, 6.5 ], "texture": "#Overseer_Wing" },
        "up":    { "uv": [ 1.75, 6.5, 2.25, 6.75 ], "texture": "#Overseer_Wing" },
        "north": { "uv": [ 13.75, 7.75, 14.25, 8 ], "texture": "#Overseer_Wing" },
        "south": { "uv": [ 1.75, 7.75, 2.25, 8 ], "texture": "#Overseer_Wing" },
        "west":  { "uv": [ 6.5, 7.75, 6.75, 8 ], "texture": "#Overseer_Wing" },
        "east":  { "uv": [ 9.25, 7.75, 9.5, 8 ], "texture": "#Overseer_Wing" }
    }
},
{
    "__comment": "dvz_Overseer_Wing",
    "from": [ 1.75, 7.75, 6.75 ],
    "to": [ 3, 8, 7.25 ],
    "faces": {
        "down":  { "uv": [ 14.25, 7.25, 13, 6.75 ], "texture": "#Overseer_Wing" },
        "up":    { "uv": [ 1.75, 6.75, 3, 7.25 ], "texture": "#Overseer_Wing" },
        "north": { "uv": [ 13, 8, 14.25, 8.25 ], "texture": "#Overseer_Wing" },
        "south": { "uv": [ 1.75, 8, 3, 8.25 ], "texture": "#Overseer_Wing" },
        "west":  { "uv": [ 6.75, 8, 7.25, 8.25 ], "texture": "#Overseer_Wing" },
        "east":  { "uv": [ 8.75, 8, 9.25, 8.25 ], "texture": "#Overseer_Wing" }
    }
},
{
    "__comment": "dvz_Overseer_Wing",
    "from": [ 2, 7.75, 7.25 ],
    "to": [ 3.5, 8.25, 7.5 ],
    "faces": {
        "down":  { "uv": [ 14, 7.5, 12.5, 7.25 ], "texture": "#Overseer_Wing" },
        "up":    { "uv": [ 2, 7.25, 3.5, 7.5 ], "texture": "#Overseer_Wing" },
        "north": { "uv": [ 12.5, 7.75, 14, 8.25 ], "texture": "#Overseer_Wing" },
        "south": { "uv": [ 2, 7.75, 3.5, 8.25 ], "texture": "#Overseer_Wing" },
        "west":  { "uv": [ 7.25, 7.75, 7.5, 8.25 ], "texture": "#Overseer_Wing" },
        "east":  { "uv": [ 8.5, 7.75, 8.75, 8.25 ], "texture": "#Overseer_Wing" }
    }
},
{
    "__comment": "dvz_Overseer_Wing",
    "from": [ 2.5, 7.5, 7.25 ],
    "to": [ 3.75, 7.75, 7.75 ],
    "faces": {
        "down":  { "uv": [ 13.5, 7.75, 12.25, 7.25 ], "texture": "#Overseer_Wing" },
        "up":    { "uv": [ 2.5, 7.25, 3.75, 7.75 ], "texture": "#Overseer_Wing" },
        "north": { "uv": [ 12.25, 8.25, 13.5, 8.5 ], "texture": "#Overseer_Wing" },
        "south": { "uv": [ 2.5, 8.25, 3.75, 8.5 ], "texture": "#Overseer_Wing" },
        "west":  { "uv": [ 7.25, 8.25, 7.75, 8.5 ], "texture": "#Overseer_Wing" },
        "east":  { "uv": [ 8.25, 8.25, 8.75, 8.5 ], "texture": "#Overseer_Wing" }
    }
},
{
    "__comment": "dvz_Overseer_Wing",
    "from": [ 2.5, 7.75, 7.5 ],
    "to": [ 3.75, 8, 7.75 ],
    "faces": {
        "down":  { "uv": [ 13.5, 7.75, 12.25, 7.5 ], "texture": "#Overseer_Wing" },
        "up":    { "uv": [ 2.5, 7.5, 3.75, 7.75 ], "texture": "#Overseer_Wing" },
        "north": { "uv": [ 12.25, 8, 13.5, 8.25 ], "texture": "#Overseer_Wing" },
        "south": { "uv": [ 2.5, 8, 3.75, 8.25 ], "texture": "#Overseer_Wing" },
        "west":  { "uv": [ 7.5, 8, 7.75, 8.25 ], "texture": "#Overseer_Wing" },
        "east":  { "uv": [ 8.25, 8, 8.5, 8.25 ], "texture": "#Overseer_Wing" }
    }
},
{
    "__comment": "dvz_Overseer_Wing",
    "from": [ 2.75, 7.25, 7.75 ],
    "to": [ 4, 7.75, 8.25 ],
    "faces": {
        "down":  { "uv": [ 13.25, 8.25, 12, 7.75 ], "texture": "#Overseer_Wing" },
        "up":    { "uv": [ 2.75, 7.75, 4, 8.25 ], "texture": "#Overseer_Wing" },
        "north": { "uv": [ 12, 8.25, 13.25, 8.75 ], "texture": "#Overseer_Wing" },
        "south": { "uv": [ 2.75, 8.25, 4, 8.75 ], "texture": "#Overseer_Wing" },
        "west":  { "uv": [ 7.75, 8.25, 8.25, 8.75 ], "texture": "#Overseer_Wing" },
        "east":  { "uv": [ 7.75, 8.25, 8.25, 8.75 ], "texture": "#Overseer_Wing" }
    }
},
{
    "__comment": "dvz_Overseer_Wing",
    "from": [ 2.75, 7.75, 7.75 ],
    "to": [ 4, 8, 8 ],
    "faces": {
        "down":  { "uv": [ 13.25, 8, 12, 7.75 ], "texture": "#Overseer_Wing" },
        "up":    { "uv": [ 2.75, 7.75, 4, 8 ], "texture": "#Overseer_Wing" },
        "north": { "uv": [ 12, 8, 13.25, 8.25 ], "texture": "#Overseer_Wing" },
        "south": { "uv": [ 2.75, 8, 4, 8.25 ], "texture": "#Overseer_Wing" },
        "west":  { "uv": [ 7.75, 8, 8, 8.25 ], "texture": "#Overseer_Wing" },
        "east":  { "uv": [ 8, 8, 8.25, 8.25 ], "texture": "#Overseer_Wing" }
    }
},
{
    "__comment": "dvz_Overseer_Wing",
    "from": [ 3, 7.75, 7 ],
    "to": [ 3.5, 8, 7.25 ],
    "faces": {
        "down":  { "uv": [ 13, 7.25, 12.5, 7 ], "texture": "#Overseer_Wing" },
        "up":    { "uv": [ 3, 7, 3.5, 7.25 ], "texture": "#Overseer_Wing" },
        "north": { "uv": [ 12.5, 8, 13, 8.25 ], "texture": "#Overseer_Wing" },
        "south": { "uv": [ 3, 8, 3.5, 8.25 ], "texture": "#Overseer_Wing" },
        "west":  { "uv": [ 7, 8, 7.25, 8.25 ], "texture": "#Overseer_Wing" },
        "east":  { "uv": [ 8.75, 8, 9, 8.25 ], "texture": "#Overseer_Wing" }
    }
},
{
    "__comment": "dvz_Overseer_Wing",
    "from": [ 3, 7, 8.25 ],
    "to": [ 4.5, 7.25, 9 ],
    "faces": {
        "down":  { "uv": [ 13, 9, 11.5, 8.25 ], "texture": "#Overseer_Wing" },
        "up":    { "uv": [ 3, 8.25, 4.5, 9 ], "texture": "#Overseer_Wing" },
        "north": { "uv": [ 11.5, 8.75, 13, 9 ], "texture": "#Overseer_Wing" },
        "south": { "uv": [ 3, 8.75, 4.5, 9 ], "texture": "#Overseer_Wing" },
        "west":  { "uv": [ 8.25, 8.75, 9, 9 ], "texture": "#Overseer_Wing" },
        "east":  { "uv": [ 7, 8.75, 7.75, 9 ], "texture": "#Overseer_Wing" }
    }
},
{
    "__comment": "dvz_Overseer_Wing",
    "from": [ 3, 7.25, 8.25 ],
    "to": [ 4.5, 7.5, 8.75 ],
    "faces": {
        "down":  { "uv": [ 13, 8.75, 11.5, 8.25 ], "texture": "#Overseer_Wing" },
        "up":    { "uv": [ 3, 8.25, 4.5, 8.75 ], "texture": "#Overseer_Wing" },
        "north": { "uv": [ 11.5, 8.5, 13, 8.75 ], "texture": "#Overseer_Wing" },
        "south": { "uv": [ 3, 8.5, 4.5, 8.75 ], "texture": "#Overseer_Wing" },
        "west":  { "uv": [ 8.25, 8.5, 8.75, 8.75 ], "texture": "#Overseer_Wing" },
        "east":  { "uv": [ 7.25, 8.5, 7.75, 8.75 ], "texture": "#Overseer_Wing" }
    }
},
{
    "__comment": "dvz_Overseer_Wing",
    "from": [ 3, 7.5, 8.25 ],
    "to": [ 4.25, 7.75, 8.5 ],
    "faces": {
        "down":  { "uv": [ 13, 8.5, 11.75, 8.25 ], "texture": "#Overseer_Wing" },
        "up":    { "uv": [ 3, 8.25, 4.25, 8.5 ], "texture": "#Overseer_Wing" },
        "north": { "uv": [ 11.75, 8.25, 13, 8.5 ], "texture": "#Overseer_Wing" },
        "south": { "uv": [ 3, 8.25, 4.25, 8.5 ], "texture": "#Overseer_Wing" },
        "west":  { "uv": [ 8.25, 8.25, 8.5, 8.5 ], "texture": "#Overseer_Wing" },
        "east":  { "uv": [ 7.5, 8.25, 7.75, 8.5 ], "texture": "#Overseer_Wing" }
    }
},
{
    "__comment": "dvz_Overseer_Wing",
    "from": [ 3.25, 6.75, 8.5 ],
    "to": [ 12.75, 7, 9.25 ],
    "faces": {
        "down":  { "uv": [ 12.75, 9.25, 3.25, 8.5 ], "texture": "#Overseer_Wing" },
        "up":    { "uv": [ 3.25, 8.5, 12.75, 9.25 ], "texture": "#Overseer_Wing" },
        "north": { "uv": [ 3.25, 9, 12.75, 9.25 ], "texture": "#Overseer_Wing" },
        "south": { "uv": [ 3.25, 9, 12.75, 9.25 ], "texture": "#Overseer_Wing" },
        "west":  { "uv": [ 8.5, 9, 9.25, 9.25 ], "texture": "#Overseer_Wing" },
        "east":  { "uv": [ 6.75, 9, 7.5, 9.25 ], "texture": "#Overseer_Wing" }
    }
},
{
    "__comment": "dvz_Overseer_Wing",
    "from": [ 3.25, 7, 9 ],
    "to": [ 12.75, 7.25, 9.25 ],
    "faces": {
        "down":  { "uv": [ 12.75, 9.25, 3.25, 9 ], "texture": "#Overseer_Wing" },
        "up":    { "uv": [ 3.25, 9, 12.75, 9.25 ], "texture": "#Overseer_Wing" },
        "north": { "uv": [ 3.25, 8.75, 12.75, 9 ], "texture": "#Overseer_Wing" },
        "south": { "uv": [ 3.25, 8.75, 12.75, 9 ], "texture": "#Overseer_Wing" },
        "west":  { "uv": [ 9, 8.75, 9.25, 9 ], "texture": "#Overseer_Wing" },
        "east":  { "uv": [ 6.75, 8.75, 7, 9 ], "texture": "#Overseer_Wing" }
    }
},
{
    "__comment": "dvz_Overseer_Wing",
    "from": [ 3.5, 7.75, 7.25 ],
    "to": [ 3.75, 8, 7.5 ],
    "faces": {
        "down":  { "uv": [ 12.5, 7.5, 12.25, 7.25 ], "texture": "#Overseer_Wing" },
        "up":    { "uv": [ 3.5, 7.25, 3.75, 7.5 ], "texture": "#Overseer_Wing" },
        "north": { "uv": [ 12.25, 8, 12.5, 8.25 ], "texture": "#Overseer_Wing" },
        "south": { "uv": [ 3.5, 8, 3.75, 8.25 ], "texture": "#Overseer_Wing" },
        "west":  { "uv": [ 7.25, 8, 7.5, 8.25 ], "texture": "#Overseer_Wing" },
        "east":  { "uv": [ 8.5, 8, 8.75, 8.25 ], "texture": "#Overseer_Wing" }
    }
},
{
    "__comment": "dvz_Overseer_Wing",
    "from": [ 3.5, 6.5, 9 ],
    "to": [ 12.5, 6.75, 9.5 ],
    "faces": {
        "down":  { "uv": [ 12.5, 9.5, 3.5, 9 ], "texture": "#Overseer_Wing" },
        "up":    { "uv": [ 3.5, 9, 12.5, 9.5 ], "texture": "#Overseer_Wing" },
        "north": { "uv": [ 3.5, 9.25, 12.5, 9.5 ], "texture": "#Overseer_Wing" },
        "south": { "uv": [ 3.5, 9.25, 12.5, 9.5 ], "texture": "#Overseer_Wing" },
        "west":  { "uv": [ 9, 9.25, 9.5, 9.5 ], "texture": "#Overseer_Wing" },
        "east":  { "uv": [ 6.5, 9.25, 7, 9.5 ], "texture": "#Overseer_Wing" }
    }
},
{
    "__comment": "dvz_Overseer_Wing",
    "from": [ 3.5, 6.75, 9.25 ],
    "to": [ 12.5, 7, 9.5 ],
    "faces": {
        "down":  { "uv": [ 12.5, 9.5, 3.5, 9.25 ], "texture": "#Overseer_Wing" },
        "up":    { "uv": [ 3.5, 9.25, 12.5, 9.5 ], "texture": "#Overseer_Wing" },
        "north": { "uv": [ 3.5, 9, 12.5, 9.25 ], "texture": "#Overseer_Wing" },
        "south": { "uv": [ 3.5, 9, 12.5, 9.25 ], "texture": "#Overseer_Wing" },
        "west":  { "uv": [ 9.25, 9, 9.5, 9.25 ], "texture": "#Overseer_Wing" },
        "east":  { "uv": [ 6.5, 9, 6.75, 9.25 ], "texture": "#Overseer_Wing" }
    }
},
{
    "__comment": "dvz_Overseer_Wing",
    "from": [ 3.75, 7.5, 7.5 ],
    "to": [ 4, 7.75, 7.75 ],
    "faces": {
        "down":  { "uv": [ 12.25, 7.75, 12, 7.5 ], "texture": "#Overseer_Wing" },
        "up":    { "uv": [ 3.75, 7.5, 4, 7.75 ], "texture": "#Overseer_Wing" },
        "north": { "uv": [ 12, 8.25, 12.25, 8.5 ], "texture": "#Overseer_Wing" },
        "south": { "uv": [ 3.75, 8.25, 4, 8.5 ], "texture": "#Overseer_Wing" },
        "west":  { "uv": [ 7.5, 8.25, 7.75, 8.5 ], "texture": "#Overseer_Wing" },
        "east":  { "uv": [ 8.25, 8.25, 8.5, 8.5 ], "texture": "#Overseer_Wing" }
    }
},
{
    "__comment": "dvz_Overseer_Wing",
    "from": [ 3.75, 6.75, 9.5 ],
    "to": [ 12.25, 7, 9.75 ],
    "faces": {
        "down":  { "uv": [ 12.25, 9.75, 3.75, 9.5 ], "texture": "#Overseer_Wing" },
        "up":    { "uv": [ 3.75, 9.5, 12.25, 9.75 ], "texture": "#Overseer_Wing" },
        "north": { "uv": [ 3.75, 9, 12.25, 9.25 ], "texture": "#Overseer_Wing" },
        "south": { "uv": [ 3.75, 9, 12.25, 9.25 ], "texture": "#Overseer_Wing" },
        "west":  { "uv": [ 9.5, 9, 9.75, 9.25 ], "texture": "#Overseer_Wing" },
        "east":  { "uv": [ 6.25, 9, 6.5, 9.25 ], "texture": "#Overseer_Wing" }
    }
},
{
    "__comment": "dvz_Overseer_Wing",
    "from": [ 4, 7.25, 8 ],
    "to": [ 4.25, 7.75, 8.25 ],
    "faces": {
        "down":  { "uv": [ 12, 8.25, 11.75, 8 ], "texture": "#Overseer_Wing" },
        "up":    { "uv": [ 4, 8, 4.25, 8.25 ], "texture": "#Overseer_Wing" },
        "north": { "uv": [ 11.75, 8.25, 12, 8.75 ], "texture": "#Overseer_Wing" },
        "south": { "uv": [ 4, 8.25, 4.25, 8.75 ], "texture": "#Overseer_Wing" },
        "west":  { "uv": [ 8, 8.25, 8.25, 8.75 ], "texture": "#Overseer_Wing" },
        "east":  { "uv": [ 7.75, 8.25, 8, 8.75 ], "texture": "#Overseer_Wing" }
    }
},
{
    "__comment": "dvz_Overseer_Wing",
    "from": [ 4, 6.5, 9.5 ],
    "to": [ 12, 6.75, 9.75 ],
    "faces": {
        "down":  { "uv": [ 12, 9.75, 4, 9.5 ], "texture": "#Overseer_Wing" },
        "up":    { "uv": [ 4, 9.5, 12, 9.75 ], "texture": "#Overseer_Wing" },
        "north": { "uv": [ 4, 9.25, 12, 9.5 ], "texture": "#Overseer_Wing" },
        "south": { "uv": [ 4, 9.25, 12, 9.5 ], "texture": "#Overseer_Wing" },
        "west":  { "uv": [ 9.5, 9.25, 9.75, 9.5 ], "texture": "#Overseer_Wing" },
        "east":  { "uv": [ 6.25, 9.25, 6.5, 9.5 ], "texture": "#Overseer_Wing" }
    }
},
{
    "__comment": "dvz_Overseer_Wing",
    "from": [ 4.25, 6.25, 9.5 ],
    "to": [ 11.75, 6.5, 9.75 ],
    "faces": {
        "down":  { "uv": [ 11.75, 9.75, 4.25, 9.5 ], "texture": "#Overseer_Wing" },
        "up":    { "uv": [ 4.25, 9.5, 11.75, 9.75 ], "texture": "#Overseer_Wing" },
        "north": { "uv": [ 4.25, 9.5, 11.75, 9.75 ], "texture": "#Overseer_Wing" },
        "south": { "uv": [ 4.25, 9.5, 11.75, 9.75 ], "texture": "#Overseer_Wing" },
        "west":  { "uv": [ 9.5, 9.5, 9.75, 9.75 ], "texture": "#Overseer_Wing" },
        "east":  { "uv": [ 6.25, 9.5, 6.5, 9.75 ], "texture": "#Overseer_Wing" }
    }
},
{
    "__comment": "dvz_Overseer_Wing",
    "from": [ 4.25, 6.5, 9.75 ],
    "to": [ 11.75, 6.75, 10 ],
    "faces": {
        "down":  { "uv": [ 11.75, 10, 4.25, 9.75 ], "texture": "#Overseer_Wing" },
        "up":    { "uv": [ 4.25, 9.75, 11.75, 10 ], "texture": "#Overseer_Wing" },
        "north": { "uv": [ 4.25, 9.25, 11.75, 9.5 ], "texture": "#Overseer_Wing" },
        "south": { "uv": [ 4.25, 9.25, 11.75, 9.5 ], "texture": "#Overseer_Wing" },
        "west":  { "uv": [ 9.75, 9.25, 10, 9.5 ], "texture": "#Overseer_Wing" },
        "east":  { "uv": [ 6, 9.25, 6.25, 9.5 ], "texture": "#Overseer_Wing" }
    }
},
{
    "__comment": "dvz_Overseer_Wing",
    "from": [ 4.5, 7, 8.5 ],
    "to": [ 13, 7.25, 9 ],
    "faces": {
        "down":  { "uv": [ 11.5, 9, 3, 8.5 ], "texture": "#Overseer_Wing" },
        "up":    { "uv": [ 4.5, 8.5, 13, 9 ], "texture": "#Overseer_Wing" },
        "north": { "uv": [ 3, 8.75, 11.5, 9 ], "texture": "#Overseer_Wing" },
        "south": { "uv": [ 4.5, 8.75, 13, 9 ], "texture": "#Overseer_Wing" },
        "west":  { "uv": [ 8.5, 8.75, 9, 9 ], "texture": "#Overseer_Wing" },
        "east":  { "uv": [ 7, 8.75, 7.5, 9 ], "texture": "#Overseer_Wing" }
    }
},
{
    "__comment": "dvz_Overseer_Wing",
    "from": [ 4.5, 7.25, 8.5 ],
    "to": [ 4.75, 7.5, 8.75 ],
    "faces": {
        "down":  { "uv": [ 11.5, 8.75, 11.25, 8.5 ], "texture": "#Overseer_Wing" },
        "up":    { "uv": [ 4.5, 8.5, 4.75, 8.75 ], "texture": "#Overseer_Wing" },
        "north": { "uv": [ 11.25, 8.5, 11.5, 8.75 ], "texture": "#Overseer_Wing" },
        "south": { "uv": [ 4.5, 8.5, 4.75, 8.75 ], "texture": "#Overseer_Wing" },
        "west":  { "uv": [ 8.5, 8.5, 8.75, 8.75 ], "texture": "#Overseer_Wing" },
        "east":  { "uv": [ 7.25, 8.5, 7.5, 8.75 ], "texture": "#Overseer_Wing" }
    }
},
{
    "__comment": "dvz_Overseer_Wing",
    "from": [ 4.5, 6.25, 9.75 ],
    "to": [ 11.5, 6.5, 10 ],
    "faces": {
        "down":  { "uv": [ 11.5, 10, 4.5, 9.75 ], "texture": "#Overseer_Wing" },
        "up":    { "uv": [ 4.5, 9.75, 11.5, 10 ], "texture": "#Overseer_Wing" },
        "north": { "uv": [ 4.5, 9.5, 11.5, 9.75 ], "texture": "#Overseer_Wing" },
        "south": { "uv": [ 4.5, 9.5, 11.5, 9.75 ], "texture": "#Overseer_Wing" },
        "west":  { "uv": [ 9.75, 9.5, 10, 9.75 ], "texture": "#Overseer_Wing" },
        "east":  { "uv": [ 6, 9.5, 6.25, 9.75 ], "texture": "#Overseer_Wing" }
    }
},
{
    "__comment": "dvz_Overseer_Wing",
    "from": [ 5, 7.25, 8 ],
    "to": [ 11, 7.5, 8.75 ],
    "faces": {
        "down":  { "uv": [ 11, 8.75, 5, 8 ], "texture": "#Overseer_Wing" },
        "up":    { "uv": [ 5, 8, 11, 8.75 ], "texture": "#Overseer_Wing" },
        "north": { "uv": [ 5, 8.5, 11, 8.75 ], "texture": "#Overseer_Wing" },
        "south": { "uv": [ 5, 8.5, 11, 8.75 ], "texture": "#Overseer_Wing" },
        "west":  { "uv": [ 8, 8.5, 8.75, 8.75 ], "texture": "#Overseer_Wing" },
        "east":  { "uv": [ 7.25, 8.5, 8, 8.75 ], "texture": "#Overseer_Wing" }
    }
},
{
    "__comment": "dvz_Overseer_Wing",
    "from": [ 5, 7, 8.25 ],
    "to": [ 11, 7.25, 8.5 ],
    "faces": {
        "down":  { "uv": [ 11, 8.5, 5, 8.25 ], "texture": "#Overseer_Wing" },
        "up":    { "uv": [ 5, 8.25, 11, 8.5 ], "texture": "#Overseer_Wing" },
        "north": { "uv": [ 5, 8.75, 11, 9 ], "texture": "#Overseer_Wing" },
        "south": { "uv": [ 5, 8.75, 11, 9 ], "texture": "#Overseer_Wing" },
        "west":  { "uv": [ 8.25, 8.75, 8.5, 9 ], "texture": "#Overseer_Wing" },
        "east":  { "uv": [ 7.5, 8.75, 7.75, 9 ], "texture": "#Overseer_Wing" }
    }
},
{
    "__comment": "dvz_Overseer_Wing",
    "from": [ 5, 7.5, 8.25 ],
    "to": [ 11, 7.75, 8.5 ],
    "faces": {
        "down":  { "uv": [ 11, 8.5, 5, 8.25 ], "texture": "#Overseer_Wing" },
        "up":    { "uv": [ 5, 8.25, 11, 8.5 ], "texture": "#Overseer_Wing" },
        "north": { "uv": [ 5, 8.25, 11, 8.5 ], "texture": "#Overseer_Wing" },
        "south": { "uv": [ 5, 8.25, 11, 8.5 ], "texture": "#Overseer_Wing" },
        "west":  { "uv": [ 8.25, 8.25, 8.5, 8.5 ], "texture": "#Overseer_Wing" },
        "east":  { "uv": [ 7.5, 8.25, 7.75, 8.5 ], "texture": "#Overseer_Wing" }
    }
},
{
    "__comment": "dvz_Overseer_Wing",
    "from": [ 5, 6.25, 10 ],
    "to": [ 11, 6.75, 10.25 ],
    "faces": {
        "down":  { "uv": [ 11, 10.25, 5, 10 ], "texture": "#Overseer_Wing" },
        "up":    { "uv": [ 5, 10, 11, 10.25 ], "texture": "#Overseer_Wing" },
        "north": { "uv": [ 5, 9.25, 11, 9.75 ], "texture": "#Overseer_Wing" },
        "south": { "uv": [ 5, 9.25, 11, 9.75 ], "texture": "#Overseer_Wing" },
        "west":  { "uv": [ 10, 9.25, 10.25, 9.75 ], "texture": "#Overseer_Wing" },
        "east":  { "uv": [ 5.75, 9.25, 6, 9.75 ], "texture": "#Overseer_Wing" }
    }
},
{
    "__comment": "dvz_Overseer_Wing",
    "from": [ 5.25, 7.5, 8 ],
    "to": [ 10.75, 7.75, 8.25 ],
    "faces": {
        "down":  { "uv": [ 10.75, 8.25, 5.25, 8 ], "texture": "#Overseer_Wing" },
        "up":    { "uv": [ 5.25, 8, 10.75, 8.25 ], "texture": "#Overseer_Wing" },
        "north": { "uv": [ 5.25, 8.25, 10.75, 8.5 ], "texture": "#Overseer_Wing" },
        "south": { "uv": [ 5.25, 8.25, 10.75, 8.5 ], "texture": "#Overseer_Wing" },
        "west":  { "uv": [ 8, 8.25, 8.25, 8.5 ], "texture": "#Overseer_Wing" },
        "east":  { "uv": [ 7.75, 8.25, 8, 8.5 ], "texture": "#Overseer_Wing" }
    }
},
{
    "__comment": "dvz_Overseer_Wing",
    "from": [ 5.5, 6, 10 ],
    "to": [ 10.5, 6.25, 10.25 ],
    "faces": {
        "down":  { "uv": [ 10.5, 10.25, 5.5, 10 ], "texture": "#Overseer_Wing" },
        "up":    { "uv": [ 5.5, 10, 10.5, 10.25 ], "texture": "#Overseer_Wing" },
        "north": { "uv": [ 5.5, 9.75, 10.5, 10 ], "texture": "#Overseer_Wing" },
        "south": { "uv": [ 5.5, 9.75, 10.5, 10 ], "texture": "#Overseer_Wing" },
        "west":  { "uv": [ 10, 9.75, 10.25, 10 ], "texture": "#Overseer_Wing" },
        "east":  { "uv": [ 5.75, 9.75, 6, 10 ], "texture": "#Overseer_Wing" }
    }
},
{
    "__comment": "dvz_Overseer_Wing",
    "from": [ 5.75, 7.25, 7.75 ],
    "to": [ 10.25, 7.75, 8 ],
    "faces": {
        "down":  { "uv": [ 10.25, 8, 5.75, 7.75 ], "texture": "#Overseer_Wing" },
        "up":    { "uv": [ 5.75, 7.75, 10.25, 8 ], "texture": "#Overseer_Wing" },
        "north": { "uv": [ 5.75, 8.25, 10.25, 8.75 ], "texture": "#Overseer_Wing" },
        "south": { "uv": [ 5.75, 8.25, 10.25, 8.75 ], "texture": "#Overseer_Wing" },
        "west":  { "uv": [ 7.75, 8.25, 8, 8.75 ], "texture": "#Overseer_Wing" },
        "east":  { "uv": [ 8, 8.25, 8.25, 8.75 ], "texture": "#Overseer_Wing" }
    }
},
{
    "__comment": "dvz_Overseer_Wing",
    "from": [ 6, 7.5, 7.5 ],
    "to": [ 10, 8, 7.75 ],
    "faces": {
        "down":  { "uv": [ 10, 7.75, 6, 7.5 ], "texture": "#Overseer_Wing" },
        "up":    { "uv": [ 6, 7.5, 10, 7.75 ], "texture": "#Overseer_Wing" },
        "north": { "uv": [ 6, 8, 10, 8.5 ], "texture": "#Overseer_Wing" },
        "south": { "uv": [ 6, 8, 10, 8.5 ], "texture": "#Overseer_Wing" },
        "west":  { "uv": [ 7.5, 8, 7.75, 8.5 ], "texture": "#Overseer_Wing" },
        "east":  { "uv": [ 8.25, 8, 8.5, 8.5 ], "texture": "#Overseer_Wing" }
    }
},
{
    "__comment": "dvz_Overseer_Wing",
    "from": [ 6, 7.75, 7.75 ],
    "to": [ 10, 8, 8 ],
    "faces": {
        "down":  { "uv": [ 10, 8, 6, 7.75 ], "texture": "#Overseer_Wing" },
        "up":    { "uv": [ 6, 7.75, 10, 8 ], "texture": "#Overseer_Wing" },
        "north": { "uv": [ 6, 8, 10, 8.25 ], "texture": "#Overseer_Wing" },
        "south": { "uv": [ 6, 8, 10, 8.25 ], "texture": "#Overseer_Wing" },
        "west":  { "uv": [ 7.75, 8, 8, 8.25 ], "texture": "#Overseer_Wing" },
        "east":  { "uv": [ 8, 8, 8.25, 8.25 ], "texture": "#Overseer_Wing" }
    }
},
{
    "__comment": "dvz_Overseer",
    "from": [ 6.25, 7.75, 6 ],
    "to": [ 9.75, 8, 7.5 ],
    "faces": {
        "down":  { "uv": [ 9.75, 7.5, 6.25, 6 ], "texture": "#Overseer_helmet" },
        "up":    { "uv": [ 6.25, 6, 9.75, 7.5 ], "texture": "#Overseer_helmet" },
        "north": { "uv": [ 6.25, 8, 9.75, 8.25 ], "texture": "#Overseer_helmet" },
        "south": { "uv": [ 6.25, 8, 9.75, 8.25 ], "texture": "#Overseer_helmet" },
        "west":  { "uv": [ 6, 8, 7.5, 8.25 ], "texture": "#Overseer_helmet" },
        "east":  { "uv": [ 8.5, 8, 10, 8.25 ], "texture": "#Overseer_helmet" }
    }
},
{
    "__comment": "dvz_Overseer",
    "from": [ 6, 7, 6 ],
    "to": [ 10, 7.5, 8.5 ],
    "faces": {
        "down":  { "uv": [ 10, 8.5, 6, 6 ], "texture": "#Overseer_helmet" },
        "up":    { "uv": [ 6, 6, 10, 8.5 ], "texture": "#Overseer_helmet" },
        "north": { "uv": [ 6, 8.5, 10, 9 ], "texture": "#Overseer_helmet" },
        "south": { "uv": [ 6, 8.5, 10, 9 ], "texture": "#Overseer_helmet" },
        "west":  { "uv": [ 6, 8.5, 8.5, 9 ], "texture": "#Overseer_helmet" },
        "east":  { "uv": [ 7.5, 8.5, 10, 9 ], "texture": "#Overseer_helmet" }
    }
},
{
    "__comment": "dvz_Overseer",
    "from": [ 6.25, 7.25, 6.25 ],
    "to": [ 9.75, 7.5, 7.75 ],
    "faces": {
        "down":  { "uv": [ 9.75, 7.75, 6.25, 6.25 ], "texture": "#Overseer_helmet" },
        "up":    { "uv": [ 6.25, 6.25, 9.75, 7.75 ], "texture": "#Overseer_helmet" },
        "north": { "uv": [ 6.25, 8.5, 9.75, 8.75 ], "texture": "#Overseer_helmet" },
        "south": { "uv": [ 6.25, 8.5, 9.75, 8.75 ], "texture": "#Overseer_helmet" },
        "west":  { "uv": [ 6.25, 8.5, 7.75, 8.75 ], "texture": "#Overseer_helmet" },
        "east":  { "uv": [ 8.25, 8.5, 9.75, 8.75 ], "texture": "#Overseer_helmet" }
    }
},
{
    "__comment": "dvz_Overseer",
    "from": [ 6.25, 7.5, 6.25 ],
    "to": [ 9.75, 7.75, 7.5 ],
    "faces": {
        "down":  { "uv": [ 9.75, 7.5, 6.25, 6.25 ], "texture": "#Overseer_helmet" },
        "up":    { "uv": [ 6.25, 6.25, 9.75, 7.5 ], "texture": "#Overseer_helmet" },
        "north": { "uv": [ 6.25, 8.25, 9.75, 8.5 ], "texture": "#Overseer_helmet" },
        "south": { "uv": [ 6.25, 8.25, 9.75, 8.5 ], "texture": "#Overseer_helmet" },
        "west":  { "uv": [ 6.25, 8.25, 7.5, 8.5 ], "texture": "#Overseer_helmet" },
        "east":  { "uv": [ 8.5, 8.25, 9.75, 8.5 ], "texture": "#Overseer_helmet" }
    }
},
{
    "__comment": "dvz_Overseer",
    "from": [ 6.25, 8, 6.5 ],
    "to": [ 9.75, 8.25, 9.25 ],
    "faces": {
        "down":  { "uv": [ 9.75, 9.25, 6.25, 6.5 ], "texture": "#Overseer_helmet" },
        "up":    { "uv": [ 6.25, 6.5, 9.75, 9.25 ], "texture": "#Overseer_helmet" },
        "north": { "uv": [ 6.25, 7.75, 9.75, 8 ], "texture": "#Overseer_helmet" },
        "south": { "uv": [ 6.25, 7.75, 9.75, 8 ], "texture": "#Overseer_helmet" },
        "west":  { "uv": [ 6.5, 7.75, 9.25, 8 ], "texture": "#Overseer_helmet" },
        "east":  { "uv": [ 6.75, 7.75, 9.5, 8 ], "texture": "#Overseer_helmet" }
    }
},
{
    "__comment": "dvz_Overseer",
    "from": [ 6.25, 8.75, 6.5 ],
    "to": [ 7.5, 9, 8 ],
    "faces": {
        "down":  { "uv": [ 9.75, 8, 8.5, 6.5 ], "texture": "#Overseer_helmet" },
        "up":    { "uv": [ 6.25, 6.5, 7.5, 8 ], "texture": "#Overseer_helmet" },
        "north": { "uv": [ 8.5, 7, 9.75, 7.25 ], "texture": "#Overseer_helmet" },
        "south": { "uv": [ 6.25, 7, 7.5, 7.25 ], "texture": "#Overseer_helmet" },
        "west":  { "uv": [ 6.5, 7, 8, 7.25 ], "texture": "#Overseer_helmet" },
        "east":  { "uv": [ 8, 7, 9.5, 7.25 ], "texture": "#Overseer_helmet" }
    }
},
{
    "__comment": "dvz_Overseer",
    "from": [ 6.25, 8.5, 6.75 ],
    "to": [ 7.5, 8.75, 8.5 ],
    "faces": {
        "down":  { "uv": [ 9.75, 8.5, 8.5, 6.75 ], "texture": "#Overseer_helmet" },
        "up":    { "uv": [ 6.25, 6.75, 7.5, 8.5 ], "texture": "#Overseer_helmet" },
        "north": { "uv": [ 8.5, 7.25, 9.75, 7.5 ], "texture": "#Overseer_helmet" },
        "south": { "uv": [ 6.25, 7.25, 7.5, 7.5 ], "texture": "#Overseer_helmet" },
        "west":  { "uv": [ 6.75, 7.25, 8.5, 7.5 ], "texture": "#Overseer_helmet" },
        "east":  { "uv": [ 7.5, 7.25, 9.25, 7.5 ], "texture": "#Overseer_helmet" }
    }
},
{
    "__comment": "dvz_Overseer",
    "from": [ 6.25, 9, 6.75 ],
    "to": [ 7.5, 9.25, 7.25 ],
    "faces": {
        "down":  { "uv": [ 9.75, 7.25, 8.5, 6.75 ], "texture": "#Overseer_helmet" },
        "up":    { "uv": [ 6.25, 6.75, 7.5, 7.25 ], "texture": "#Overseer_helmet" },
        "north": { "uv": [ 8.5, 6.75, 9.75, 7 ], "texture": "#Overseer_helmet" },
        "south": { "uv": [ 6.25, 6.75, 7.5, 7 ], "texture": "#Overseer_helmet" },
        "west":  { "uv": [ 6.75, 6.75, 7.25, 7 ], "texture": "#Overseer_helmet" },
        "east":  { "uv": [ 8.75, 6.75, 9.25, 7 ], "texture": "#Overseer_helmet" }
    }
},
{
    "__comment": "dvz_Overseer",
    "from": [ 6.25, 8.25, 7.25 ],
    "to": [ 7.5, 8.5, 9 ],
    "faces": {
        "down":  { "uv": [ 9.75, 9, 8.5, 7.25 ], "texture": "#Overseer_helmet" },
        "up":    { "uv": [ 6.25, 7.25, 7.5, 9 ], "texture": "#Overseer_helmet" },
        "north": { "uv": [ 8.5, 7.5, 9.75, 7.75 ], "texture": "#Overseer_helmet" },
        "south": { "uv": [ 6.25, 7.5, 7.5, 7.75 ], "texture": "#Overseer_helmet" },
        "west":  { "uv": [ 7.25, 7.5, 9, 7.75 ], "texture": "#Overseer_helmet" },
        "east":  { "uv": [ 7, 7.5, 8.75, 7.75 ], "texture": "#Overseer_helmet" }
    }
},
{
    "__comment": "dvz_Overseer",
    "from": [ 6.25, 7.75, 8 ],
    "to": [ 9.75, 8, 9.5 ],
    "faces": {
        "down":  { "uv": [ 9.75, 9.5, 6.25, 8 ], "texture": "#Overseer_helmet" },
        "up":    { "uv": [ 6.25, 8, 9.75, 9.5 ], "texture": "#Overseer_helmet" },
        "north": { "uv": [ 6.25, 8, 9.75, 8.25 ], "texture": "#Overseer_helmet" },
        "south": { "uv": [ 6.25, 8, 9.75, 8.25 ], "texture": "#Overseer_helmet" },
        "west":  { "uv": [ 8, 8, 9.5, 8.25 ], "texture": "#Overseer_helmet" },
        "east":  { "uv": [ 6.5, 8, 8, 8.25 ], "texture": "#Overseer_helmet" }
    }
},
{
    "__comment": "dvz_Overseer",
    "from": [ 6.25, 6.75, 8.25 ],
    "to": [ 9.75, 7, 8.5 ],
    "faces": {
        "down":  { "uv": [ 9.75, 8.5, 6.25, 8.25 ], "texture": "#Overseer_helmet" },
        "up":    { "uv": [ 6.25, 8.25, 9.75, 8.5 ], "texture": "#Overseer_helmet" },
        "north": { "uv": [ 6.25, 9, 9.75, 9.25 ], "texture": "#Overseer_helmet" },
        "south": { "uv": [ 6.25, 9, 9.75, 9.25 ], "texture": "#Overseer_helmet" },
        "west":  { "uv": [ 8.25, 9, 8.5, 9.25 ], "texture": "#Overseer_helmet" },
        "east":  { "uv": [ 7.5, 9, 7.75, 9.25 ], "texture": "#Overseer_helmet" }
    }
},
{
    "__comment": "dvz_Overseer",
    "from": [ 6.25, 7.5, 8.5 ],
    "to": [ 9.75, 7.75, 9.75 ],
    "faces": {
        "down":  { "uv": [ 9.75, 9.75, 6.25, 8.5 ], "texture": "#Overseer_helmet" },
        "up":    { "uv": [ 6.25, 8.5, 9.75, 9.75 ], "texture": "#Overseer_helmet" },
        "north": { "uv": [ 6.25, 8.25, 9.75, 8.5 ], "texture": "#Overseer_helmet" },
        "south": { "uv": [ 6.25, 8.25, 9.75, 8.5 ], "texture": "#Overseer_helmet" },
        "west":  { "uv": [ 8.5, 8.25, 9.75, 8.5 ], "texture": "#Overseer_helmet" },
        "east":  { "uv": [ 6.25, 8.25, 7.5, 8.5 ], "texture": "#Overseer_helmet" }
    }
},
{
    "__comment": "dvz_Overseer",
    "from": [ 6.25, 6.5, 8.5 ],
    "to": [ 9.75, 7, 9 ],
    "faces": {
        "down":  { "uv": [ 9.75, 9, 6.25, 8.5 ], "texture": "#Overseer_helmet" },
        "up":    { "uv": [ 6.25, 8.5, 9.75, 9 ], "texture": "#Overseer_helmet" },
        "north": { "uv": [ 6.25, 9, 9.75, 9.5 ], "texture": "#Overseer_helmet" },
        "south": { "uv": [ 6.25, 9, 9.75, 9.5 ], "texture": "#Overseer_helmet" },
        "west":  { "uv": [ 8.5, 9, 9, 9.5 ], "texture": "#Overseer_helmet" },
        "east":  { "uv": [ 7, 9, 7.5, 9.5 ], "texture": "#Overseer_helmet" }
    }
},
{
    "__comment": "dvz_Overseer",
    "from": [ 6.25, 7.25, 8.75 ],
    "to": [ 9.75, 7.5, 10 ],
    "faces": {
        "down":  { "uv": [ 9.75, 10, 6.25, 8.75 ], "texture": "#Overseer_helmet" },
        "up":    { "uv": [ 6.25, 8.75, 9.75, 10 ], "texture": "#Overseer_helmet" },
        "north": { "uv": [ 6.25, 8.5, 9.75, 8.75 ], "texture": "#Overseer_helmet" },
        "south": { "uv": [ 6.25, 8.5, 9.75, 8.75 ], "texture": "#Overseer_helmet" },
        "west":  { "uv": [ 8.75, 8.5, 10, 8.75 ], "texture": "#Overseer_helmet" },
        "east":  { "uv": [ 6, 8.5, 7.25, 8.75 ], "texture": "#Overseer_helmet" }
    }
},
{
    "__comment": "dvz_Overseer",
    "from": [ 6.25, 6.25, 9 ],
    "to": [ 9.75, 6.5, 9.5 ],
    "faces": {
        "down":  { "uv": [ 9.75, 9.5, 6.25, 9 ], "texture": "#Overseer_helmet" },
        "up":    { "uv": [ 6.25, 9, 9.75, 9.5 ], "texture": "#Overseer_helmet" },
        "north": { "uv": [ 6.25, 9.5, 9.75, 9.75 ], "texture": "#Overseer_helmet" },
        "south": { "uv": [ 6.25, 9.5, 9.75, 9.75 ], "texture": "#Overseer_helmet" },
        "west":  { "uv": [ 9, 9.5, 9.5, 9.75 ], "texture": "#Overseer_helmet" },
        "east":  { "uv": [ 6.5, 9.5, 7, 9.75 ], "texture": "#Overseer_helmet" }
    }
},
{
    "__comment": "dvz_Overseer",
    "from": [ 6.25, 6, 9.25 ],
    "to": [ 6.75, 6.25, 10 ],
    "faces": {
        "down":  { "uv": [ 9.75, 10, 9.25, 9.25 ], "texture": "#Overseer_helmet" },
        "up":    { "uv": [ 6.25, 9.25, 6.75, 10 ], "texture": "#Overseer_helmet" },
        "north": { "uv": [ 9.25, 9.75, 9.75, 10 ], "texture": "#Overseer_helmet" },
        "south": { "uv": [ 6.25, 9.75, 6.75, 10 ], "texture": "#Overseer_helmet" },
        "west":  { "uv": [ 9.25, 9.75, 10, 10 ], "texture": "#Overseer_helmet" },
        "east":  { "uv": [ 6, 9.75, 6.75, 10 ], "texture": "#Overseer_helmet" }
    }
},
{
    "__comment": "dvz_Overseer",
    "from": [ 6.25, 7, 9.25 ],
    "to": [ 9.75, 7.25, 10.25 ],
    "faces": {
        "down":  { "uv": [ 9.75, 10.25, 6.25, 9.25 ], "texture": "#Overseer_helmet" },
        "up":    { "uv": [ 6.25, 9.25, 9.75, 10.25 ], "texture": "#Overseer_helmet" },
        "north": { "uv": [ 6.25, 8.75, 9.75, 9 ], "texture": "#Overseer_helmet" },
        "south": { "uv": [ 6.25, 8.75, 9.75, 9 ], "texture": "#Overseer_helmet" },
        "west":  { "uv": [ 9.25, 8.75, 10.25, 9 ], "texture": "#Overseer_helmet" },
        "east":  { "uv": [ 5.75, 8.75, 6.75, 9 ], "texture": "#Overseer_helmet" }
    }
},
{
    "__comment": "dvz_Overseer",
    "from": [ 6.25, 5.75, 9.5 ],
    "to": [ 7.25, 6, 10.25 ],
    "faces": {
        "down":  { "uv": [ 9.75, 10.25, 8.75, 9.5 ], "texture": "#Overseer_helmet" },
        "up":    { "uv": [ 6.25, 9.5, 7.25, 10.25 ], "texture": "#Overseer_helmet" },
        "north": { "uv": [ 8.75, 10, 9.75, 10.25 ], "texture": "#Overseer_helmet" },
        "south": { "uv": [ 6.25, 10, 7.25, 10.25 ], "texture": "#Overseer_helmet" },
        "west":  { "uv": [ 9.5, 10, 10.25, 10.25 ], "texture": "#Overseer_helmet" },
        "east":  { "uv": [ 5.75, 10, 6.5, 10.25 ], "texture": "#Overseer_helmet" }
    }
},
{
    "__comment": "dvz_Overseer",
    "from": [ 6.25, 6.75, 9.75 ],
    "to": [ 9.75, 7, 10.25 ],
    "faces": {
        "down":  { "uv": [ 9.75, 10.25, 6.25, 9.75 ], "texture": "#Overseer_helmet" },
        "up":    { "uv": [ 6.25, 9.75, 9.75, 10.25 ], "texture": "#Overseer_helmet" },
        "north": { "uv": [ 6.25, 9, 9.75, 9.25 ], "texture": "#Overseer_helmet" },
        "south": { "uv": [ 6.25, 9, 9.75, 9.25 ], "texture": "#Overseer_helmet" },
        "west":  { "uv": [ 9.75, 9, 10.25, 9.25 ], "texture": "#Overseer_helmet" },
        "east":  { "uv": [ 5.75, 9, 6.25, 9.25 ], "texture": "#Overseer_helmet" }
    }
},
{
    "__comment": "dvz_Overseer",
    "from": [ 6.25, 6, 10.25 ],
    "to": [ 9.75, 6.75, 10.5 ],
    "faces": {
        "down":  { "uv": [ 9.75, 10.5, 6.25, 10.25 ], "texture": "#Overseer_helmet" },
        "up":    { "uv": [ 6.25, 10.25, 9.75, 10.5 ], "texture": "#Overseer_helmet" },
        "north": { "uv": [ 6.25, 9.25, 9.75, 10 ], "texture": "#Overseer_helmet" },
        "south": { "uv": [ 6.25, 9.25, 9.75, 10 ], "texture": "#Overseer_helmet" },
        "west":  { "uv": [ 10.25, 9.25, 10.5, 10 ], "texture": "#Overseer_helmet" },
        "east":  { "uv": [ 5.5, 9.25, 5.75, 10 ], "texture": "#Overseer_helmet" }
    }
},
{
    "__comment": "dvz_Overseer",
    "from": [ 6.5, 9.75, 5 ],
    "to": [ 7, 10, 6 ],
    "faces": {
        "down":  { "uv": [ 9.5, 6, 9, 5 ], "texture": "#Overseer_helmet" },
        "up":    { "uv": [ 6.5, 5, 7, 6 ], "texture": "#Overseer_helmet" },
        "north": { "uv": [ 9, 6, 9.5, 6.25 ], "texture": "#Overseer_helmet" },
        "south": { "uv": [ 6.5, 6, 7, 6.25 ], "texture": "#Overseer_helmet" },
        "west":  { "uv": [ 5, 6, 6, 6.25 ], "texture": "#Overseer_helmet" },
        "east":  { "uv": [ 10, 6, 11, 6.25 ], "texture": "#Overseer_helmet" }
    }
},
{
    "__comment": "dvz_Overseer",
    "from": [ 6.5, 10, 5 ],
    "to": [ 7, 10.25, 5.25 ],
    "faces": {
        "down":  { "uv": [ 9.5, 5.25, 9, 5 ], "texture": "#Overseer_helmet" },
        "up":    { "uv": [ 6.5, 5, 7, 5.25 ], "texture": "#Overseer_helmet" },
        "north": { "uv": [ 9, 5.75, 9.5, 6 ], "texture": "#Overseer_helmet" },
        "south": { "uv": [ 6.5, 5.75, 7, 6 ], "texture": "#Overseer_helmet" },
        "west":  { "uv": [ 5, 5.75, 5.25, 6 ], "texture": "#Overseer_helmet" },
        "east":  { "uv": [ 10.75, 5.75, 11, 6 ], "texture": "#Overseer_helmet" }
    }
},
{
    "__comment": "dvz_Overseer",
    "from": [ 6.5, 9.5, 5.5 ],
    "to": [ 7.25, 9.75, 6.5 ],
    "faces": {
        "down":  { "uv": [ 9.5, 6.5, 8.75, 5.5 ], "texture": "#Overseer_helmet" },
        "up":    { "uv": [ 6.5, 5.5, 7.25, 6.5 ], "texture": "#Overseer_helmet" },
        "north": { "uv": [ 8.75, 6.25, 9.5, 6.5 ], "texture": "#Overseer_helmet" },
        "south": { "uv": [ 6.5, 6.25, 7.25, 6.5 ], "texture": "#Overseer_helmet" },
        "west":  { "uv": [ 5.5, 6.25, 6.5, 6.5 ], "texture": "#Overseer_helmet" },
        "east":  { "uv": [ 9.5, 6.25, 10.5, 6.5 ], "texture": "#Overseer_helmet" }
    }
},
{
    "__comment": "dvz_Overseer",
    "from": [ 6.5, 9.25, 5.75 ],
    "to": [ 7.25, 9.5, 7.25 ],
    "faces": {
        "down":  { "uv": [ 9.5, 7.25, 8.75, 5.75 ], "texture": "#Overseer_helmet" },
        "up":    { "uv": [ 6.5, 5.75, 7.25, 7.25 ], "texture": "#Overseer_helmet" },
        "north": { "uv": [ 8.75, 6.5, 9.5, 6.75 ], "texture": "#Overseer_helmet" },
        "south": { "uv": [ 6.5, 6.5, 7.25, 6.75 ], "texture": "#Overseer_helmet" },
        "west":  { "uv": [ 5.75, 6.5, 7.25, 6.75 ], "texture": "#Overseer_helmet" },
        "east":  { "uv": [ 8.75, 6.5, 10.25, 6.75 ], "texture": "#Overseer_helmet" }
    }
},
{
    "__comment": "dvz_Overseer",
    "from": [ 6.5, 9, 6.25 ],
    "to": [ 7.25, 9.25, 6.75 ],
    "faces": {
        "down":  { "uv": [ 9.5, 6.75, 8.75, 6.25 ], "texture": "#Overseer_helmet" },
        "up":    { "uv": [ 6.5, 6.25, 7.25, 6.75 ], "texture": "#Overseer_helmet" },
        "north": { "uv": [ 8.75, 6.75, 9.5, 7 ], "texture": "#Overseer_helmet" },
        "south": { "uv": [ 6.5, 6.75, 7.25, 7 ], "texture": "#Overseer_helmet" },
        "west":  { "uv": [ 6.25, 6.75, 6.75, 7 ], "texture": "#Overseer_helmet" },
        "east":  { "uv": [ 9.25, 6.75, 9.75, 7 ], "texture": "#Overseer_helmet" }
    }
},
{
    "__comment": "dvz_Overseer",
    "from": [ 6.5, 9, 7.25 ],
    "to": [ 7.5, 9.25, 7.75 ],
    "faces": {
        "down":  { "uv": [ 9.5, 7.75, 8.5, 7.25 ], "texture": "#Overseer_helmet" },
        "up":    { "uv": [ 6.5, 7.25, 7.5, 7.75 ], "texture": "#Overseer_helmet" },
        "north": { "uv": [ 8.5, 6.75, 9.5, 7 ], "texture": "#Overseer_helmet" },
        "south": { "uv": [ 6.5, 6.75, 7.5, 7 ], "texture": "#Overseer_helmet" },
        "west":  { "uv": [ 7.25, 6.75, 7.75, 7 ], "texture": "#Overseer_helmet" },
        "east":  { "uv": [ 8.25, 6.75, 8.75, 7 ], "texture": "#Overseer_helmet" }
    }
},
{
    "__comment": "dvz_Overseer",
    "from": [ 6.5, 8.75, 8 ],
    "to": [ 9.5, 9, 8.25 ],
    "faces": {
        "down":  { "uv": [ 9.5, 8.25, 6.5, 8 ], "texture": "#Overseer_helmet" },
        "up":    { "uv": [ 6.5, 8, 9.5, 8.25 ], "texture": "#Overseer_helmet" },
        "north": { "uv": [ 6.5, 7, 9.5, 7.25 ], "texture": "#Overseer_helmet" },
        "south": { "uv": [ 6.5, 7, 9.5, 7.25 ], "texture": "#Overseer_helmet" },
        "west":  { "uv": [ 8, 7, 8.25, 7.25 ], "texture": "#Overseer_helmet" },
        "east":  { "uv": [ 7.75, 7, 8, 7.25 ], "texture": "#Overseer_helmet" }
    }
},
{
    "__comment": "dvz_Overseer",
    "from": [ 6.5, 8.5, 8.5 ],
    "to": [ 9.5, 8.75, 8.75 ],
    "faces": {
        "down":  { "uv": [ 9.5, 8.75, 6.5, 8.5 ], "texture": "#Overseer_helmet" },
        "up":    { "uv": [ 6.5, 8.5, 9.5, 8.75 ], "texture": "#Overseer_helmet" },
        "north": { "uv": [ 6.5, 7.25, 9.5, 7.5 ], "texture": "#Overseer_helmet" },
        "south": { "uv": [ 6.5, 7.25, 9.5, 7.5 ], "texture": "#Overseer_helmet" },
        "west":  { "uv": [ 8.5, 7.25, 8.75, 7.5 ], "texture": "#Overseer_helmet" },
        "east":  { "uv": [ 7.25, 7.25, 7.5, 7.5 ], "texture": "#Overseer_helmet" }
    }
},
{
    "__comment": "dvz_Overseer",
    "from": [ 6.5, 8.25, 9 ],
    "to": [ 9.5, 8.5, 9.25 ],
    "faces": {
        "down":  { "uv": [ 9.5, 9.25, 6.5, 9 ], "texture": "#Overseer_helmet" },
        "up":    { "uv": [ 6.5, 9, 9.5, 9.25 ], "texture": "#Overseer_helmet" },
        "north": { "uv": [ 6.5, 7.5, 9.5, 7.75 ], "texture": "#Overseer_helmet" },
        "south": { "uv": [ 6.5, 7.5, 9.5, 7.75 ], "texture": "#Overseer_helmet" },
        "west":  { "uv": [ 9, 7.5, 9.25, 7.75 ], "texture": "#Overseer_helmet" },
        "east":  { "uv": [ 6.75, 7.5, 7, 7.75 ], "texture": "#Overseer_helmet" }
    }
},
{
    "__comment": "dvz_Overseer",
    "from": [ 6.5, 8, 9.25 ],
    "to": [ 9.5, 8.25, 9.5 ],
    "faces": {
        "down":  { "uv": [ 9.5, 9.5, 6.5, 9.25 ], "texture": "#Overseer_helmet" },
        "up":    { "uv": [ 6.5, 9.25, 9.5, 9.5 ], "texture": "#Overseer_helmet" },
        "north": { "uv": [ 6.5, 7.75, 9.5, 8 ], "texture": "#Overseer_helmet" },
        "south": { "uv": [ 6.5, 7.75, 9.5, 8 ], "texture": "#Overseer_helmet" },
        "west":  { "uv": [ 9.25, 7.75, 9.5, 8 ], "texture": "#Overseer_helmet" },
        "east":  { "uv": [ 6.5, 7.75, 6.75, 8 ], "texture": "#Overseer_helmet" }
    }
},
{
    "__comment": "dvz_Overseer",
    "from": [ 6.5, 7.75, 9.5 ],
    "to": [ 9.5, 8, 9.75 ],
    "faces": {
        "down":  { "uv": [ 9.5, 9.75, 6.5, 9.5 ], "texture": "#Overseer_helmet" },
        "up":    { "uv": [ 6.5, 9.5, 9.5, 9.75 ], "texture": "#Overseer_helmet" },
        "north": { "uv": [ 6.5, 8, 9.5, 8.25 ], "texture": "#Overseer_helmet" },
        "south": { "uv": [ 6.5, 8, 9.5, 8.25 ], "texture": "#Overseer_helmet" },
        "west":  { "uv": [ 9.5, 8, 9.75, 8.25 ], "texture": "#Overseer_helmet" },
        "east":  { "uv": [ 6.25, 8, 6.5, 8.25 ], "texture": "#Overseer_helmet" }
    }
},
{
    "__comment": "dvz_Overseer",
    "from": [ 6.5, 5.75, 10.25 ],
    "to": [ 9.5, 6, 10.5 ],
    "faces": {
        "down":  { "uv": [ 9.5, 10.5, 6.5, 10.25 ], "texture": "#Overseer_helmet" },
        "up":    { "uv": [ 6.5, 10.25, 9.5, 10.5 ], "texture": "#Overseer_helmet" },
        "north": { "uv": [ 6.5, 10, 9.5, 10.25 ], "texture": "#Overseer_helmet" },
        "south": { "uv": [ 6.5, 10, 9.5, 10.25 ], "texture": "#Overseer_helmet" },
        "west":  { "uv": [ 10.25, 10, 10.5, 10.25 ], "texture": "#Overseer_helmet" },
        "east":  { "uv": [ 5.5, 10, 5.75, 10.25 ], "texture": "#Overseer_helmet" }
    }
},
{
    "__comment": "dvz_Overseer",
    "from": [ 6.5, 6.75, 10.25 ],
    "to": [ 9.5, 7, 10.5 ],
    "faces": {
        "down":  { "uv": [ 9.5, 10.5, 6.5, 10.25 ], "texture": "#Overseer_helmet" },
        "up":    { "uv": [ 6.5, 10.25, 9.5, 10.5 ], "texture": "#Overseer_helmet" },
        "north": { "uv": [ 6.5, 9, 9.5, 9.25 ], "texture": "#Overseer_helmet" },
        "south": { "uv": [ 6.5, 9, 9.5, 9.25 ], "texture": "#Overseer_helmet" },
        "west":  { "uv": [ 10.25, 9, 10.5, 9.25 ], "texture": "#Overseer_helmet" },
        "east":  { "uv": [ 5.5, 9, 5.75, 9.25 ], "texture": "#Overseer_helmet" }
    }
},
{
    "__comment": "dvz_Overseer",
    "from": [ 6.5, 6.25, 10.5 ],
    "to": [ 9.5, 6.5, 10.75 ],
    "faces": {
        "down":  { "uv": [ 9.5, 10.75, 6.5, 10.5 ], "texture": "#Overseer_helmet" },
        "up":    { "uv": [ 6.5, 10.5, 9.5, 10.75 ], "texture": "#Overseer_helmet" },
        "north": { "uv": [ 6.5, 9.5, 9.5, 9.75 ], "texture": "#Overseer_helmet" },
        "south": { "uv": [ 6.5, 9.5, 9.5, 9.75 ], "texture": "#Overseer_helmet" },
        "west":  { "uv": [ 10.5, 9.5, 10.75, 9.75 ], "texture": "#Overseer_helmet" },
        "east":  { "uv": [ 5.25, 9.5, 5.5, 9.75 ], "texture": "#Overseer_helmet" }
    }
},
{
    "__comment": "dvz_Overseer",
    "from": [ 6.75, 10, 5.25 ],
    "to": [ 7, 10.25, 5.5 ],
    "faces": {
        "down":  { "uv": [ 9.25, 5.5, 9, 5.25 ], "texture": "#Overseer_helmet" },
        "up":    { "uv": [ 6.75, 5.25, 7, 5.5 ], "texture": "#Overseer_helmet" },
        "north": { "uv": [ 9, 5.75, 9.25, 6 ], "texture": "#Overseer_helmet" },
        "south": { "uv": [ 6.75, 5.75, 7, 6 ], "texture": "#Overseer_helmet" },
        "west":  { "uv": [ 5.25, 5.75, 5.5, 6 ], "texture": "#Overseer_helmet" },
        "east":  { "uv": [ 10.5, 5.75, 10.75, 6 ], "texture": "#Overseer_helmet" }
    }
},
{
    "__comment": "dvz_Overseer",
    "from": [ 6.75, 7, 6 ],
    "to": [ 9, 7.75, 6.25 ],
    "faces": {
        "down":  { "uv": [ 9.25, 6.25, 7, 6 ], "texture": "#Overseer_helmet" },
        "up":    { "uv": [ 6.75, 6, 9, 6.25 ], "texture": "#Overseer_helmet" },
        "north": { "uv": [ 7, 8.25, 9.25, 9 ], "texture": "#Overseer_helmet" },
        "south": { "uv": [ 6.75, 8.25, 9, 9 ], "texture": "#Overseer_helmet" },
        "west":  { "uv": [ 6, 8.25, 6.25, 9 ], "texture": "#Overseer_helmet" },
        "east":  { "uv": [ 9.75, 8.25, 10, 9 ], "texture": "#Overseer_helmet" }
    }
},
{
    "__comment": "dvz_Overseer",
    "from": [ 6.75, 9.75, 6 ],
    "to": [ 7.25, 10, 6.25 ],
    "faces": {
        "down":  { "uv": [ 9.25, 6.25, 8.75, 6 ], "texture": "#Overseer_helmet" },
        "up":    { "uv": [ 6.75, 6, 7.25, 6.25 ], "texture": "#Overseer_helmet" },
        "north": { "uv": [ 8.75, 6, 9.25, 6.25 ], "texture": "#Overseer_helmet" },
        "south": { "uv": [ 6.75, 6, 7.25, 6.25 ], "texture": "#Overseer_helmet" },
        "west":  { "uv": [ 6, 6, 6.25, 6.25 ], "texture": "#Overseer_helmet" },
        "east":  { "uv": [ 9.75, 6, 10, 6.25 ], "texture": "#Overseer_helmet" }
    }
},
{
    "__comment": "dvz_Overseer",
    "from": [ 6.75, 6.75, 6.25 ],
    "to": [ 9.25, 7, 6.5 ],
    "faces": {
        "down":  { "uv": [ 9.25, 6.5, 6.75, 6.25 ], "texture": "#Overseer_helmet" },
        "up":    { "uv": [ 6.75, 6.25, 9.25, 6.5 ], "texture": "#Overseer_helmet" },
        "north": { "uv": [ 6.75, 9, 9.25, 9.25 ], "texture": "#Overseer_helmet" },
        "south": { "uv": [ 6.75, 9, 9.25, 9.25 ], "texture": "#Overseer_helmet" },
        "west":  { "uv": [ 6.25, 9, 6.5, 9.25 ], "texture": "#Overseer_helmet" },
        "east":  { "uv": [ 9.5, 9, 9.75, 9.25 ], "texture": "#Overseer_helmet" }
    }
},
{
    "__comment": "dvz_Overseer",
    "from": [ 6.75, 9.5, 6.5 ],
    "to": [ 7.25, 9.75, 6.75 ],
    "faces": {
        "down":  { "uv": [ 9.25, 6.75, 8.75, 6.5 ], "texture": "#Overseer_helmet" },
        "up":    { "uv": [ 6.75, 6.5, 7.25, 6.75 ], "texture": "#Overseer_helmet" },
        "north": { "uv": [ 8.75, 6.25, 9.25, 6.5 ], "texture": "#Overseer_helmet" },
        "south": { "uv": [ 6.75, 6.25, 7.25, 6.5 ], "texture": "#Overseer_helmet" },
        "west":  { "uv": [ 6.5, 6.25, 6.75, 6.5 ], "texture": "#Overseer_helmet" },
        "east":  { "uv": [ 9.25, 6.25, 9.5, 6.5 ], "texture": "#Overseer_helmet" }
    }
},
{
    "__comment": "dvz_Overseer",
    "from": [ 6.75, 9.25, 7.25 ],
    "to": [ 7.5, 9.5, 7.5 ],
    "faces": {
        "down":  { "uv": [ 9.25, 7.5, 8.5, 7.25 ], "texture": "#Overseer_helmet" },
        "up":    { "uv": [ 6.75, 7.25, 7.5, 7.5 ], "texture": "#Overseer_helmet" },
        "north": { "uv": [ 8.5, 6.5, 9.25, 6.75 ], "texture": "#Overseer_helmet" },
        "south": { "uv": [ 6.75, 6.5, 7.5, 6.75 ], "texture": "#Overseer_helmet" },
        "west":  { "uv": [ 7.25, 6.5, 7.5, 6.75 ], "texture": "#Overseer_helmet" },
        "east":  { "uv": [ 8.5, 6.5, 8.75, 6.75 ], "texture": "#Overseer_helmet" }
    }
},
{
    "__comment": "dvz_Overseer",
    "from": [ 6.75, 8.75, 8.25 ],
    "to": [ 9.25, 9, 8.5 ],
    "faces": {
        "down":  { "uv": [ 9.25, 8.5, 6.75, 8.25 ], "texture": "#Overseer_helmet" },
        "up":    { "uv": [ 6.75, 8.25, 9.25, 8.5 ], "texture": "#Overseer_helmet" },
        "north": { "uv": [ 6.75, 7, 9.25, 7.25 ], "texture": "#Overseer_helmet" },
        "south": { "uv": [ 6.75, 7, 9.25, 7.25 ], "texture": "#Overseer_helmet" },
        "west":  { "uv": [ 8.25, 7, 8.5, 7.25 ], "texture": "#Overseer_helmet" },
        "east":  { "uv": [ 7.5, 7, 7.75, 7.25 ], "texture": "#Overseer_helmet" }
    }
},
{
    "__comment": "dvz_Overseer",
    "from": [ 6.75, 8.5, 8.75 ],
    "to": [ 9.25, 8.75, 9 ],
    "faces": {
        "down":  { "uv": [ 9.25, 9, 6.75, 8.75 ], "texture": "#Overseer_helmet" },
        "up":    { "uv": [ 6.75, 8.75, 9.25, 9 ], "texture": "#Overseer_helmet" },
        "north": { "uv": [ 6.75, 7.25, 9.25, 7.5 ], "texture": "#Overseer_helmet" },
        "south": { "uv": [ 6.75, 7.25, 9.25, 7.5 ], "texture": "#Overseer_helmet" },
        "west":  { "uv": [ 8.75, 7.25, 9, 7.5 ], "texture": "#Overseer_helmet" },
        "east":  { "uv": [ 7, 7.25, 7.25, 7.5 ], "texture": "#Overseer_helmet" }
    }
},
{
    "__comment": "dvz_Overseer",
    "from": [ 6.75, 6, 9.5 ],
    "to": [ 9.75, 6.25, 10 ],
    "faces": {
        "down":  { "uv": [ 9.25, 10, 6.25, 9.5 ], "texture": "#Overseer_helmet" },
        "up":    { "uv": [ 6.75, 9.5, 9.75, 10 ], "texture": "#Overseer_helmet" },
        "north": { "uv": [ 6.25, 9.75, 9.25, 10 ], "texture": "#Overseer_helmet" },
        "south": { "uv": [ 6.75, 9.75, 9.75, 10 ], "texture": "#Overseer_helmet" },
        "west":  { "uv": [ 9.5, 9.75, 10, 10 ], "texture": "#Overseer_helmet" },
        "east":  { "uv": [ 6, 9.75, 6.5, 10 ], "texture": "#Overseer_helmet" }
    }
},
{
    "__comment": "dvz_Overseer",
    "from": [ 6.75, 7.5, 9.75 ],
    "to": [ 9.25, 7.75, 10 ],
    "faces": {
        "down":  { "uv": [ 9.25, 10, 6.75, 9.75 ], "texture": "#Overseer_helmet" },
        "up":    { "uv": [ 6.75, 9.75, 9.25, 10 ], "texture": "#Overseer_helmet" },
        "north": { "uv": [ 6.75, 8.25, 9.25, 8.5 ], "texture": "#Overseer_helmet" },
        "south": { "uv": [ 6.75, 8.25, 9.25, 8.5 ], "texture": "#Overseer_helmet" },
        "west":  { "uv": [ 9.75, 8.25, 10, 8.5 ], "texture": "#Overseer_helmet" },
        "east":  { "uv": [ 6, 8.25, 6.25, 8.5 ], "texture": "#Overseer_helmet" }
    }
},
{
    "__comment": "dvz_Overseer",
    "from": [ 6.75, 6, 10.5 ],
    "to": [ 9.25, 6.25, 10.75 ],
    "faces": {
        "down":  { "uv": [ 9.25, 10.75, 6.75, 10.5 ], "texture": "#Overseer_helmet" },
        "up":    { "uv": [ 6.75, 10.5, 9.25, 10.75 ], "texture": "#Overseer_helmet" },
        "north": { "uv": [ 6.75, 9.75, 9.25, 10 ], "texture": "#Overseer_helmet" },
        "south": { "uv": [ 6.75, 9.75, 9.25, 10 ], "texture": "#Overseer_helmet" },
        "west":  { "uv": [ 10.5, 9.75, 10.75, 10 ], "texture": "#Overseer_helmet" },
        "east":  { "uv": [ 5.25, 9.75, 5.5, 10 ], "texture": "#Overseer_helmet" }
    }
},
{
    "__comment": "dvz_Overseer",
    "from": [ 7, 6.75, 5.5 ],
    "to": [ 9, 7, 6.25 ],
    "faces": {
        "down":  { "uv": [ 9, 6.25, 7, 5.5 ], "texture": "#Overseer_helmet" },
        "up":    { "uv": [ 7, 5.5, 9, 6.25 ], "texture": "#Overseer_helmet" },
        "north": { "uv": [ 7, 9, 9, 9.25 ], "texture": "#Overseer_helmet" },
        "south": { "uv": [ 7, 9, 9, 9.25 ], "texture": "#Overseer_helmet" },
        "west":  { "uv": [ 5.5, 9, 6.25, 9.25 ], "texture": "#Overseer_helmet" },
        "east":  { "uv": [ 9.75, 9, 10.5, 9.25 ], "texture": "#Overseer_helmet" }
    }
},
{
    "__comment": "dvz_Overseer",
    "from": [ 7, 7, 5.75 ],
    "to": [ 9, 7.5, 6 ],
    "faces": {
        "down":  { "uv": [ 9, 6, 7, 5.75 ], "texture": "#Overseer_helmet" },
        "up":    { "uv": [ 7, 5.75, 9, 6 ], "texture": "#Overseer_helmet" },
        "north": { "uv": [ 7, 8.5, 9, 9 ], "texture": "#Overseer_helmet" },
        "south": { "uv": [ 7, 8.5, 9, 9 ], "texture": "#Overseer_helmet" },
        "west":  { "uv": [ 5.75, 8.5, 6, 9 ], "texture": "#Overseer_helmet" },
        "east":  { "uv": [ 10, 8.5, 10.25, 9 ], "texture": "#Overseer_helmet" }
    }
},
{
    "__comment": "dvz_Overseer",
    "from": [ 7, 9.75, 5.75 ],
    "to": [ 7.25, 10, 6 ],
    "faces": {
        "down":  { "uv": [ 9, 6, 8.75, 5.75 ], "texture": "#Overseer_helmet" },
        "up":    { "uv": [ 7, 5.75, 7.25, 6 ], "texture": "#Overseer_helmet" },
        "north": { "uv": [ 8.75, 6, 9, 6.25 ], "texture": "#Overseer_helmet" },
        "south": { "uv": [ 7, 6, 7.25, 6.25 ], "texture": "#Overseer_helmet" },
        "west":  { "uv": [ 5.75, 6, 6, 6.25 ], "texture": "#Overseer_helmet" },
        "east":  { "uv": [ 10, 6, 10.25, 6.25 ], "texture": "#Overseer_helmet" }
    }
},
{
    "__comment": "dvz_Overseer",
    "from": [ 6.5, 6.5, 6 ],
    "to": [ 9.5, 7, 6.5 ],
    "faces": {
        "down":  { "uv": [ 9.5, 6.5, 6.5, 6 ], "texture": "#Overseer_helmet" },
        "up":    { "uv": [ 6.5, 6, 9.5, 6.5 ], "texture": "#Overseer_helmet" },
        "north": { "uv": [ 6.5, 9, 9.5, 9.5 ], "texture": "#Overseer_helmet" },
        "south": { "uv": [ 6.5, 9, 9.5, 9.5 ], "texture": "#Overseer_helmet" },
        "west":  { "uv": [ 6, 9, 6.5, 9.5 ], "texture": "#Overseer_helmet" },
        "east":  { "uv": [ 9.5, 9, 10, 9.5 ], "texture": "#Overseer_helmet" }
    }
},
{
    "__comment": "dvz_Overseer",
    "from": [ 7, 9, 7.75 ],
    "to": [ 7.5, 9.25, 8.25 ],
    "faces": {
        "down":  { "uv": [ 9, 8.25, 8.5, 7.75 ], "texture": "#Overseer_helmet" },
        "up":    { "uv": [ 7, 7.75, 7.5, 8.25 ], "texture": "#Overseer_helmet" },
        "north": { "uv": [ 8.5, 6.75, 9, 7 ], "texture": "#Overseer_helmet" },
        "south": { "uv": [ 7, 6.75, 7.5, 7 ], "texture": "#Overseer_helmet" },
        "west":  { "uv": [ 7.75, 6.75, 8.25, 7 ], "texture": "#Overseer_helmet" },
        "east":  { "uv": [ 7.75, 6.75, 8.25, 7 ], "texture": "#Overseer_helmet" }
    }
},
{
    "__comment": "dvz_Overseer",
    "from": [ 7, 8.25, 9.25 ],
    "to": [ 9, 8.5, 9.5 ],
    "faces": {
        "down":  { "uv": [ 9, 9.5, 7, 9.25 ], "texture": "#Overseer_helmet" },
        "up":    { "uv": [ 7, 9.25, 9, 9.5 ], "texture": "#Overseer_helmet" },
        "north": { "uv": [ 7, 7.5, 9, 7.75 ], "texture": "#Overseer_helmet" },
        "south": { "uv": [ 7, 7.5, 9, 7.75 ], "texture": "#Overseer_helmet" },
        "west":  { "uv": [ 9.25, 7.5, 9.5, 7.75 ], "texture": "#Overseer_helmet" },
        "east":  { "uv": [ 6.5, 7.5, 6.75, 7.75 ], "texture": "#Overseer_helmet" }
    }
},
{
    "__comment": "dvz_Overseer",
    "from": [ 7, 7.25, 10 ],
    "to": [ 9, 7.5, 10.25 ],
    "faces": {
        "down":  { "uv": [ 9, 10.25, 7, 10 ], "texture": "#Overseer_helmet" },
        "up":    { "uv": [ 7, 10, 9, 10.25 ], "texture": "#Overseer_helmet" },
        "north": { "uv": [ 7, 8.5, 9, 8.75 ], "texture": "#Overseer_helmet" },
        "south": { "uv": [ 7, 8.5, 9, 8.75 ], "texture": "#Overseer_helmet" },
        "west":  { "uv": [ 10, 8.5, 10.25, 8.75 ], "texture": "#Overseer_helmet" },
        "east":  { "uv": [ 5.75, 8.5, 6, 8.75 ], "texture": "#Overseer_helmet" }
    }
},
{
    "__comment": "dvz_Overseer",
    "from": [ 7.25, 6.5, 5.75 ],
    "to": [ 8.75, 6.75, 6 ],
    "faces": {
        "down":  { "uv": [ 8.75, 6, 7.25, 5.75 ], "texture": "#Overseer_helmet" },
        "up":    { "uv": [ 7.25, 5.75, 8.75, 6 ], "texture": "#Overseer_helmet" },
        "north": { "uv": [ 7.25, 9.25, 8.75, 9.5 ], "texture": "#Overseer_helmet" },
        "south": { "uv": [ 7.25, 9.25, 8.75, 9.5 ], "texture": "#Overseer_helmet" },
        "west":  { "uv": [ 5.75, 9.25, 6, 9.5 ], "texture": "#Overseer_helmet" },
        "east":  { "uv": [ 10, 9.25, 10.25, 9.5 ], "texture": "#Overseer_helmet" }
    }
},
{
    "__comment": "dvz_Overseer",
    "from": [ 7.25, 9.25, 7 ],
    "to": [ 7.5, 9.5, 7.25 ],
    "faces": {
        "down":  { "uv": [ 8.75, 7.25, 8.5, 7 ], "texture": "#Overseer_helmet" },
        "up":    { "uv": [ 7.25, 7, 7.5, 7.25 ], "texture": "#Overseer_helmet" },
        "north": { "uv": [ 8.5, 6.5, 8.75, 6.75 ], "texture": "#Overseer_helmet" },
        "south": { "uv": [ 7.25, 6.5, 7.5, 6.75 ], "texture": "#Overseer_helmet" },
        "west":  { "uv": [ 7, 6.5, 7.25, 6.75 ], "texture": "#Overseer_helmet" },
        "east":  { "uv": [ 8.75, 6.5, 9, 6.75 ], "texture": "#Overseer_helmet" }
    }
},
{
    "__comment": "dvz_Overseer",
    "from": [ 7.25, 8.75, 8.5 ],
    "to": [ 8.75, 9, 8.75 ],
    "faces": {
        "down":  { "uv": [ 8.75, 8.75, 7.25, 8.5 ], "texture": "#Overseer_helmet" },
        "up":    { "uv": [ 7.25, 8.5, 8.75, 8.75 ], "texture": "#Overseer_helmet" },
        "north": { "uv": [ 7.25, 7, 8.75, 7.25 ], "texture": "#Overseer_helmet" },
        "south": { "uv": [ 7.25, 7, 8.75, 7.25 ], "texture": "#Overseer_helmet" },
        "west":  { "uv": [ 8.5, 7, 8.75, 7.25 ], "texture": "#Overseer_helmet" },
        "east":  { "uv": [ 7.25, 7, 7.5, 7.25 ], "texture": "#Overseer_helmet" }
    }
},
{
    "__comment": "dvz_Overseer",
    "from": [ 7.25, 5.75, 9.75 ],
    "to": [ 9.75, 6, 10.25 ],
    "faces": {
        "down":  { "uv": [ 8.75, 10.25, 6.25, 9.75 ], "texture": "#Overseer_helmet" },
        "up":    { "uv": [ 7.25, 9.75, 9.75, 10.25 ], "texture": "#Overseer_helmet" },
        "north": { "uv": [ 6.25, 10, 8.75, 10.25 ], "texture": "#Overseer_helmet" },
        "south": { "uv": [ 7.25, 10, 9.75, 10.25 ], "texture": "#Overseer_helmet" },
        "west":  { "uv": [ 9.75, 10, 10.25, 10.25 ], "texture": "#Overseer_helmet" },
        "east":  { "uv": [ 5.75, 10, 6.25, 10.25 ], "texture": "#Overseer_helmet" }
    }
},
{
    "__comment": "dvz_Overseer",
    "from": [ 7.25, 7.75, 9.75 ],
    "to": [ 8.75, 8, 10 ],
    "faces": {
        "down":  { "uv": [ 8.75, 10, 7.25, 9.75 ], "texture": "#Overseer_helmet" },
        "up":    { "uv": [ 7.25, 9.75, 8.75, 10 ], "texture": "#Overseer_helmet" },
        "north": { "uv": [ 7.25, 8, 8.75, 8.25 ], "texture": "#Overseer_helmet" },
        "south": { "uv": [ 7.25, 8, 8.75, 8.25 ], "texture": "#Overseer_helmet" },
        "west":  { "uv": [ 9.75, 8, 10, 8.25 ], "texture": "#Overseer_helmet" },
        "east":  { "uv": [ 6, 8, 6.25, 8.25 ], "texture": "#Overseer_helmet" }
    }
},
{
    "__comment": "dvz_Overseer",
    "from": [ 7.25, 7.5, 10 ],
    "to": [ 8.75, 7.75, 10.25 ],
    "faces": {
        "down":  { "uv": [ 8.75, 10.25, 7.25, 10 ], "texture": "#Overseer_helmet" },
        "up":    { "uv": [ 7.25, 10, 8.75, 10.25 ], "texture": "#Overseer_helmet" },
        "north": { "uv": [ 7.25, 8.25, 8.75, 8.5 ], "texture": "#Overseer_helmet" },
        "south": { "uv": [ 7.25, 8.25, 8.75, 8.5 ], "texture": "#Overseer_helmet" },
        "west":  { "uv": [ 10, 8.25, 10.25, 8.5 ], "texture": "#Overseer_helmet" },
        "east":  { "uv": [ 5.75, 8.25, 6, 8.5 ], "texture": "#Overseer_helmet" }
    }
},
{
    "__comment": "dvz_Overseer",
    "from": [ 7.25, 7, 10.25 ],
    "to": [ 8.75, 7.5, 10.5 ],
    "faces": {
        "down":  { "uv": [ 8.75, 10.5, 7.25, 10.25 ], "texture": "#Overseer_helmet" },
        "up":    { "uv": [ 7.25, 10.25, 8.75, 10.5 ], "texture": "#Overseer_helmet" },
        "north": { "uv": [ 7.25, 8.5, 8.75, 9 ], "texture": "#Overseer_helmet" },
        "south": { "uv": [ 7.25, 8.5, 8.75, 9 ], "texture": "#Overseer_helmet" },
        "west":  { "uv": [ 10.25, 8.5, 10.5, 9 ], "texture": "#Overseer_helmet" },
        "east":  { "uv": [ 5.5, 8.5, 5.75, 9 ], "texture": "#Overseer_helmet" }
    }
},
{
    "__comment": "dvz_Overseer",
    "from": [ 7.5, 6.5, 5.5 ],
    "to": [ 8.5, 6.75, 5.75 ],
    "faces": {
        "down":  { "uv": [ 8.5, 5.75, 7.5, 5.5 ], "texture": "#Overseer_helmet" },
        "up":    { "uv": [ 7.5, 5.5, 8.5, 5.75 ], "texture": "#Overseer_helmet" },
        "north": { "uv": [ 7.5, 9.25, 8.5, 9.5 ], "texture": "#Overseer_helmet" },
        "south": { "uv": [ 7.5, 9.25, 8.5, 9.5 ], "texture": "#Overseer_helmet" },
        "west":  { "uv": [ 5.5, 9.25, 5.75, 9.5 ], "texture": "#Overseer_helmet" },
        "east":  { "uv": [ 10.25, 9.25, 10.5, 9.5 ], "texture": "#Overseer_helmet" }
    }
},
{
    "__comment": "dvz_Overseer",
    "from": [ 7.5, 8.25, 7.5 ],
    "to": [ 9.75, 8.5, 9 ],
    "faces": {
        "down":  { "uv": [ 8.5, 9, 6.25, 7.5 ], "texture": "#Overseer_helmet" },
        "up":    { "uv": [ 7.5, 7.5, 9.75, 9 ], "texture": "#Overseer_helmet" },
        "north": { "uv": [ 6.25, 7.5, 8.5, 7.75 ], "texture": "#Overseer_helmet" },
        "south": { "uv": [ 7.5, 7.5, 9.75, 7.75 ], "texture": "#Overseer_helmet" },
        "west":  { "uv": [ 7.5, 7.5, 9, 7.75 ], "texture": "#Overseer_helmet" },
        "east":  { "uv": [ 7, 7.5, 8.5, 7.75 ], "texture": "#Overseer_helmet" }
    }
},
{
    "__comment": "dvz_Overseer",
    "from": [ 7.5, 8.5, 7.5 ],
    "to": [ 9.75, 8.75, 8.5 ],
    "faces": {
        "down":  { "uv": [ 8.5, 8.5, 6.25, 7.5 ], "texture": "#Overseer_helmet" },
        "up":    { "uv": [ 7.5, 7.5, 9.75, 8.5 ], "texture": "#Overseer_helmet" },
        "north": { "uv": [ 6.25, 7.25, 8.5, 7.5 ], "texture": "#Overseer_helmet" },
        "south": { "uv": [ 7.5, 7.25, 9.75, 7.5 ], "texture": "#Overseer_helmet" },
        "west":  { "uv": [ 7.5, 7.25, 8.5, 7.5 ], "texture": "#Overseer_helmet" },
        "east":  { "uv": [ 7.5, 7.25, 8.5, 7.5 ], "texture": "#Overseer_helmet" }
    }
},
{
    "__comment": "dvz_Overseer",
    "from": [ 7.5, 8.75, 7.75 ],
    "to": [ 9.75, 9, 8 ],
    "faces": {
        "down":  { "uv": [ 8.5, 8, 6.25, 7.75 ], "texture": "#Overseer_helmet" },
        "up":    { "uv": [ 7.5, 7.75, 9.75, 8 ], "texture": "#Overseer_helmet" },
        "north": { "uv": [ 6.25, 7, 8.5, 7.25 ], "texture": "#Overseer_helmet" },
        "south": { "uv": [ 7.5, 7, 9.75, 7.25 ], "texture": "#Overseer_helmet" },
        "west":  { "uv": [ 7.75, 7, 8, 7.25 ], "texture": "#Overseer_helmet" },
        "east":  { "uv": [ 8, 7, 8.25, 7.25 ], "texture": "#Overseer_helmet" }
    }
},
{
    "__comment": "dvz_Overseer",
    "from": [ 7.5, 9, 8 ],
    "to": [ 9, 9.25, 8.25 ],
    "faces": {
        "down":  { "uv": [ 8.5, 8.25, 7, 8 ], "texture": "#Overseer_helmet" },
        "up":    { "uv": [ 7.5, 8, 9, 8.25 ], "texture": "#Overseer_helmet" },
        "north": { "uv": [ 7, 6.75, 8.5, 7 ], "texture": "#Overseer_helmet" },
        "south": { "uv": [ 7.5, 6.75, 9, 7 ], "texture": "#Overseer_helmet" },
        "west":  { "uv": [ 8, 6.75, 8.25, 7 ], "texture": "#Overseer_helmet" },
        "east":  { "uv": [ 7.75, 6.75, 8, 7 ], "texture": "#Overseer_helmet" }
    }
},
{
    "__comment": "dvz_Overseer",
    "from": [ 7.5, 8.5, 9 ],
    "to": [ 8.5, 8.75, 9.25 ],
    "faces": {
        "down":  { "uv": [ 8.5, 9.25, 7.5, 9 ], "texture": "#Overseer_helmet" },
        "up":    { "uv": [ 7.5, 9, 8.5, 9.25 ], "texture": "#Overseer_helmet" },
        "north": { "uv": [ 7.5, 7.25, 8.5, 7.5 ], "texture": "#Overseer_helmet" },
        "south": { "uv": [ 7.5, 7.25, 8.5, 7.5 ], "texture": "#Overseer_helmet" },
        "west":  { "uv": [ 9, 7.25, 9.25, 7.5 ], "texture": "#Overseer_helmet" },
        "east":  { "uv": [ 6.75, 7.25, 7, 7.5 ], "texture": "#Overseer_helmet" }
    }
},
{
    "__comment": "dvz_Overseer",
    "from": [ 7.5, 8, 9.5 ],
    "to": [ 8.5, 8.25, 9.75 ],
    "faces": {
        "down":  { "uv": [ 8.5, 9.75, 7.5, 9.5 ], "texture": "#Overseer_helmet" },
        "up":    { "uv": [ 7.5, 9.5, 8.5, 9.75 ], "texture": "#Overseer_helmet" },
        "north": { "uv": [ 7.5, 7.75, 8.5, 8 ], "texture": "#Overseer_helmet" },
        "south": { "uv": [ 7.5, 7.75, 8.5, 8 ], "texture": "#Overseer_helmet" },
        "west":  { "uv": [ 9.5, 7.75, 9.75, 8 ], "texture": "#Overseer_helmet" },
        "east":  { "uv": [ 6.25, 7.75, 6.5, 8 ], "texture": "#Overseer_helmet" }
    }
},
{
    "__comment": "dvz_Overseer",
    "from": [ 7.5, 7.75, 10 ],
    "to": [ 8.5, 8, 10.25 ],
    "faces": {
        "down":  { "uv": [ 8.5, 10.25, 7.5, 10 ], "texture": "#Overseer_helmet" },
        "up":    { "uv": [ 7.5, 10, 8.5, 10.25 ], "texture": "#Overseer_helmet" },
        "north": { "uv": [ 7.5, 8, 8.5, 8.25 ], "texture": "#Overseer_helmet" },
        "south": { "uv": [ 7.5, 8, 8.5, 8.25 ], "texture": "#Overseer_helmet" },
        "west":  { "uv": [ 10, 8, 10.25, 8.25 ], "texture": "#Overseer_helmet" },
        "east":  { "uv": [ 5.75, 8, 6, 8.25 ], "texture": "#Overseer_helmet" }
    }
},
{
    "__comment": "dvz_Overseer",
    "from": [ 7.5, 5.75, 10.5 ],
    "to": [ 8.5, 6, 10.75 ],
    "faces": {
        "down":  { "uv": [ 8.5, 10.75, 7.5, 10.5 ], "texture": "#Overseer_helmet" },
        "up":    { "uv": [ 7.5, 10.5, 8.5, 10.75 ], "texture": "#Overseer_helmet" },
        "north": { "uv": [ 7.5, 10, 8.5, 10.25 ], "texture": "#Overseer_helmet" },
        "south": { "uv": [ 7.5, 10, 8.5, 10.25 ], "texture": "#Overseer_helmet" },
        "west":  { "uv": [ 10.5, 10, 10.75, 10.25 ], "texture": "#Overseer_helmet" },
        "east":  { "uv": [ 5.25, 10, 5.5, 10.25 ], "texture": "#Overseer_helmet" }
    }
},
{
    "__comment": "dvz_Overseer",
    "from": [ 7.5, 6.5, 10.5 ],
    "to": [ 8.5, 7.25, 10.75 ],
    "faces": {
        "down":  { "uv": [ 8.5, 10.75, 7.5, 10.5 ], "texture": "#Overseer_helmet" },
        "up":    { "uv": [ 7.5, 10.5, 8.5, 10.75 ], "texture": "#Overseer_helmet" },
        "north": { "uv": [ 7.5, 8.75, 8.5, 9.5 ], "texture": "#Overseer_helmet" },
        "south": { "uv": [ 7.5, 8.75, 8.5, 9.5 ], "texture": "#Overseer_helmet" },
        "west":  { "uv": [ 10.5, 8.75, 10.75, 9.5 ], "texture": "#Overseer_helmet" },
        "east":  { "uv": [ 5.25, 8.75, 5.5, 9.5 ], "texture": "#Overseer_helmet" }
    }
},
{
    "__comment": "dvz_Overseer",
    "from": [ 7.75, 8, 9.75 ],
    "to": [ 8.25, 8.25, 10 ],
    "faces": {
        "down":  { "uv": [ 8.25, 10, 7.75, 9.75 ], "texture": "#Overseer_helmet" },
        "up":    { "uv": [ 7.75, 9.75, 8.25, 10 ], "texture": "#Overseer_helmet" },
        "north": { "uv": [ 7.75, 7.75, 8.25, 8 ], "texture": "#Overseer_helmet" },
        "south": { "uv": [ 7.75, 7.75, 8.25, 8 ], "texture": "#Overseer_helmet" },
        "west":  { "uv": [ 9.75, 7.75, 10, 8 ], "texture": "#Overseer_helmet" },
        "east":  { "uv": [ 6, 7.75, 6.25, 8 ], "texture": "#Overseer_helmet" }
    }
},
{
    "__comment": "dvz_Overseer",
    "from": [ 7.75, 7.5, 10.25 ],
    "to": [ 8.25, 7.75, 10.5 ],
    "faces": {
        "down":  { "uv": [ 8.25, 10.5, 7.75, 10.25 ], "texture": "#Overseer_helmet" },
        "up":    { "uv": [ 7.75, 10.25, 8.25, 10.5 ], "texture": "#Overseer_helmet" },
        "north": { "uv": [ 7.75, 8.25, 8.25, 8.5 ], "texture": "#Overseer_helmet" },
        "south": { "uv": [ 7.75, 8.25, 8.25, 8.5 ], "texture": "#Overseer_helmet" },
        "west":  { "uv": [ 10.25, 8.25, 10.5, 8.5 ], "texture": "#Overseer_helmet" },
        "east":  { "uv": [ 5.5, 8.25, 5.75, 8.5 ], "texture": "#Overseer_helmet" }
    }
},
{
    "__comment": "dvz_Overseer",
    "from": [ 7.75, 7.25, 10.5 ],
    "to": [ 8.25, 7.5, 10.75 ],
    "faces": {
        "down":  { "uv": [ 8.25, 10.75, 7.75, 10.5 ], "texture": "#Overseer_helmet" },
        "up":    { "uv": [ 7.75, 10.5, 8.25, 10.75 ], "texture": "#Overseer_helmet" },
        "north": { "uv": [ 7.75, 8.5, 8.25, 8.75 ], "texture": "#Overseer_helmet" },
        "south": { "uv": [ 7.75, 8.5, 8.25, 8.75 ], "texture": "#Overseer_helmet" },
        "west":  { "uv": [ 10.5, 8.5, 10.75, 8.75 ], "texture": "#Overseer_helmet" },
        "east":  { "uv": [ 5.25, 8.5, 5.5, 8.75 ], "texture": "#Overseer_helmet" }
    }
},
{
    "__comment": "dvz_Overseer",
    "from": [ 8.5, 7.5, 5.75 ],
    "to": [ 9, 7.75, 6 ],
    "faces": {
        "down":  { "uv": [ 7.5, 6, 7, 5.75 ], "texture": "#Overseer_helmet" },
        "up":    { "uv": [ 8.5, 5.75, 9, 6 ], "texture": "#Overseer_helmet" },
        "north": { "uv": [ 7, 8.25, 7.5, 8.5 ], "texture": "#Overseer_helmet" },
        "south": { "uv": [ 8.5, 8.25, 9, 8.5 ], "texture": "#Overseer_helmet" },
        "west":  { "uv": [ 5.75, 8.25, 6, 8.5 ], "texture": "#Overseer_helmet" },
        "east":  { "uv": [ 10, 8.25, 10.25, 8.5 ], "texture": "#Overseer_helmet" }
    }
},
{
    "__comment": "dvz_Overseer",
    "from": [ 8.5, 8.75, 6.5 ],
    "to": [ 9.75, 9, 7.75 ],
    "faces": {
        "down":  { "uv": [ 7.5, 7.75, 6.25, 6.5 ], "texture": "#Overseer_helmet" },
        "up":    { "uv": [ 8.5, 6.5, 9.75, 7.75 ], "texture": "#Overseer_helmet" },
        "north": { "uv": [ 6.25, 7, 7.5, 7.25 ], "texture": "#Overseer_helmet" },
        "south": { "uv": [ 8.5, 7, 9.75, 7.25 ], "texture": "#Overseer_helmet" },
        "west":  { "uv": [ 6.5, 7, 7.75, 7.25 ], "texture": "#Overseer_helmet" },
        "east":  { "uv": [ 8.25, 7, 9.5, 7.25 ], "texture": "#Overseer_helmet" }
    }
},
{
    "__comment": "dvz_Overseer",
    "from": [ 8.5, 8.5, 6.75 ],
    "to": [ 9.75, 8.75, 7.5 ],
    "faces": {
        "down":  { "uv": [ 7.5, 7.5, 6.25, 6.75 ], "texture": "#Overseer_helmet" },
        "up":    { "uv": [ 8.5, 6.75, 9.75, 7.5 ], "texture": "#Overseer_helmet" },
        "north": { "uv": [ 6.25, 7.25, 7.5, 7.5 ], "texture": "#Overseer_helmet" },
        "south": { "uv": [ 8.5, 7.25, 9.75, 7.5 ], "texture": "#Overseer_helmet" },
        "west":  { "uv": [ 6.75, 7.25, 7.5, 7.5 ], "texture": "#Overseer_helmet" },
        "east":  { "uv": [ 8.5, 7.25, 9.25, 7.5 ], "texture": "#Overseer_helmet" }
    }
},
{
    "__comment": "dvz_Overseer",
    "from": [ 8.5, 9, 6.75 ],
    "to": [ 9, 9.25, 8 ],
    "faces": {
        "down":  { "uv": [ 7.5, 8, 7, 6.75 ], "texture": "#Overseer_helmet" },
        "up":    { "uv": [ 8.5, 6.75, 9, 8 ], "texture": "#Overseer_helmet" },
        "north": { "uv": [ 7, 6.75, 7.5, 7 ], "texture": "#Overseer_helmet" },
        "south": { "uv": [ 8.5, 6.75, 9, 7 ], "texture": "#Overseer_helmet" },
        "west":  { "uv": [ 6.75, 6.75, 8, 7 ], "texture": "#Overseer_helmet" },
        "east":  { "uv": [ 8, 6.75, 9.25, 7 ], "texture": "#Overseer_helmet" }
    }
},
{
    "__comment": "dvz_Overseer",
    "from": [ 8.5, 9.25, 7 ],
    "to": [ 9.25, 9.5, 7.5 ],
    "faces": {
        "down":  { "uv": [ 7.5, 7.5, 6.75, 7 ], "texture": "#Overseer_helmet" },
        "up":    { "uv": [ 8.5, 7, 9.25, 7.5 ], "texture": "#Overseer_helmet" },
        "north": { "uv": [ 6.75, 6.5, 7.5, 6.75 ], "texture": "#Overseer_helmet" },
        "south": { "uv": [ 8.5, 6.5, 9.25, 6.75 ], "texture": "#Overseer_helmet" },
        "west":  { "uv": [ 7, 6.5, 7.5, 6.75 ], "texture": "#Overseer_helmet" },
        "east":  { "uv": [ 8.5, 6.5, 9, 6.75 ], "texture": "#Overseer_helmet" }
    }
},
{
    "__comment": "dvz_Overseer",
    "from": [ 8.5, 8.25, 7.25 ],
    "to": [ 9.75, 8.5, 7.5 ],
    "faces": {
        "down":  { "uv": [ 7.5, 7.5, 6.25, 7.25 ], "texture": "#Overseer_helmet" },
        "up":    { "uv": [ 8.5, 7.25, 9.75, 7.5 ], "texture": "#Overseer_helmet" },
        "north": { "uv": [ 6.25, 7.5, 7.5, 7.75 ], "texture": "#Overseer_helmet" },
        "south": { "uv": [ 8.5, 7.5, 9.75, 7.75 ], "texture": "#Overseer_helmet" },
        "west":  { "uv": [ 7.25, 7.5, 7.5, 7.75 ], "texture": "#Overseer_helmet" },
        "east":  { "uv": [ 8.5, 7.5, 8.75, 7.75 ], "texture": "#Overseer_helmet" }
    }
},
{
    "__comment": "dvz_Overseer",
    "from": [ 8.75, 9.5, 5.5 ],
    "to": [ 9.25, 9.75, 6.75 ],
    "faces": {
        "down":  { "uv": [ 7.25, 6.75, 6.75, 5.5 ], "texture": "#Overseer_helmet" },
        "up":    { "uv": [ 8.75, 5.5, 9.25, 6.75 ], "texture": "#Overseer_helmet" },
        "north": { "uv": [ 6.75, 6.25, 7.25, 6.5 ], "texture": "#Overseer_helmet" },
        "south": { "uv": [ 8.75, 6.25, 9.25, 6.5 ], "texture": "#Overseer_helmet" },
        "west":  { "uv": [ 5.5, 6.25, 6.75, 6.5 ], "texture": "#Overseer_helmet" },
        "east":  { "uv": [ 9.25, 6.25, 10.5, 6.5 ], "texture": "#Overseer_helmet" }
    }
},
{
    "__comment": "dvz_Overseer",
    "from": [ 8.75, 9.25, 5.75 ],
    "to": [ 9.5, 9.5, 7 ],
    "faces": {
        "down":  { "uv": [ 7.25, 7, 6.5, 5.75 ], "texture": "#Overseer_helmet" },
        "up":    { "uv": [ 8.75, 5.75, 9.5, 7 ], "texture": "#Overseer_helmet" },
        "north": { "uv": [ 6.5, 6.5, 7.25, 6.75 ], "texture": "#Overseer_helmet" },
        "south": { "uv": [ 8.75, 6.5, 9.5, 6.75 ], "texture": "#Overseer_helmet" },
        "west":  { "uv": [ 5.75, 6.5, 7, 6.75 ], "texture": "#Overseer_helmet" },
        "east":  { "uv": [ 9, 6.5, 10.25, 6.75 ], "texture": "#Overseer_helmet" }
    }
},
{
    "__comment": "dvz_Overseer",
    "from": [ 8.75, 9.75, 5.75 ],
    "to": [ 9.25, 10, 6.25 ],
    "faces": {
        "down":  { "uv": [ 7.25, 6.25, 6.75, 5.75 ], "texture": "#Overseer_helmet" },
        "up":    { "uv": [ 8.75, 5.75, 9.25, 6.25 ], "texture": "#Overseer_helmet" },
        "north": { "uv": [ 6.75, 6, 7.25, 6.25 ], "texture": "#Overseer_helmet" },
        "south": { "uv": [ 8.75, 6, 9.25, 6.25 ], "texture": "#Overseer_helmet" },
        "west":  { "uv": [ 5.75, 6, 6.25, 6.25 ], "texture": "#Overseer_helmet" },
        "east":  { "uv": [ 9.75, 6, 10.25, 6.25 ], "texture": "#Overseer_helmet" }
    }
},
{
    "__comment": "dvz_Overseer",
    "from": [ 8.75, 9, 6.25 ],
    "to": [ 9.5, 9.25, 6.75 ],
    "faces": {
        "down":  { "uv": [ 7.25, 6.75, 6.5, 6.25 ], "texture": "#Overseer_helmet" },
        "up":    { "uv": [ 8.75, 6.25, 9.5, 6.75 ], "texture": "#Overseer_helmet" },
        "north": { "uv": [ 6.5, 6.75, 7.25, 7 ], "texture": "#Overseer_helmet" },
        "south": { "uv": [ 8.75, 6.75, 9.5, 7 ], "texture": "#Overseer_helmet" },
        "west":  { "uv": [ 6.25, 6.75, 6.75, 7 ], "texture": "#Overseer_helmet" },
        "east":  { "uv": [ 9.25, 6.75, 9.75, 7 ], "texture": "#Overseer_helmet" }
    }
},
{
    "__comment": "dvz_Overseer",
    "from": [ 8.75, 5.75, 9.5 ],
    "to": [ 9.75, 6, 9.75 ],
    "faces": {
        "down":  { "uv": [ 7.25, 9.75, 6.25, 9.5 ], "texture": "#Overseer_helmet" },
        "up":    { "uv": [ 8.75, 9.5, 9.75, 9.75 ], "texture": "#Overseer_helmet" },
        "north": { "uv": [ 6.25, 10, 7.25, 10.25 ], "texture": "#Overseer_helmet" },
        "south": { "uv": [ 8.75, 10, 9.75, 10.25 ], "texture": "#Overseer_helmet" },
        "west":  { "uv": [ 9.5, 10, 9.75, 10.25 ], "texture": "#Overseer_helmet" },
        "east":  { "uv": [ 6.25, 10, 6.5, 10.25 ], "texture": "#Overseer_helmet" }
    }
},
{
    "__comment": "dvz_Overseer",
    "from": [ 9, 9.75, 5 ],
    "to": [ 9.5, 10, 5.75 ],
    "faces": {
        "down":  { "uv": [ 7, 5.75, 6.5, 5 ], "texture": "#Overseer_helmet" },
        "up":    { "uv": [ 9, 5, 9.5, 5.75 ], "texture": "#Overseer_helmet" },
        "north": { "uv": [ 6.5, 6, 7, 6.25 ], "texture": "#Overseer_helmet" },
        "south": { "uv": [ 9, 6, 9.5, 6.25 ], "texture": "#Overseer_helmet" },
        "west":  { "uv": [ 5, 6, 5.75, 6.25 ], "texture": "#Overseer_helmet" },
        "east":  { "uv": [ 10.25, 6, 11, 6.25 ], "texture": "#Overseer_helmet" }
    }
},
{
    "__comment": "dvz_Overseer",
    "from": [ 9, 10, 5 ],
    "to": [ 9.25, 10.25, 5.5 ],
    "faces": {
        "down":  { "uv": [ 7, 5.5, 6.75, 5 ], "texture": "#Overseer_helmet" },
        "up":    { "uv": [ 9, 5, 9.25, 5.5 ], "texture": "#Overseer_helmet" },
        "north": { "uv": [ 6.75, 5.75, 7, 6 ], "texture": "#Overseer_helmet" },
        "south": { "uv": [ 9, 5.75, 9.25, 6 ], "texture": "#Overseer_helmet" },
        "west":  { "uv": [ 5, 5.75, 5.5, 6 ], "texture": "#Overseer_helmet" },
        "east":  { "uv": [ 10.5, 5.75, 11, 6 ], "texture": "#Overseer_helmet" }
    }
},
{
    "__comment": "dvz_Overseer",
    "from": [ 9, 7.25, 6 ],
    "to": [ 9.25, 7.75, 6.25 ],
    "faces": {
        "down":  { "uv": [ 7, 6.25, 6.75, 6 ], "texture": "#Overseer_helmet" },
        "up":    { "uv": [ 9, 6, 9.25, 6.25 ], "texture": "#Overseer_helmet" },
        "north": { "uv": [ 6.75, 8.25, 7, 8.75 ], "texture": "#Overseer_helmet" },
        "south": { "uv": [ 9, 8.25, 9.25, 8.75 ], "texture": "#Overseer_helmet" },
        "west":  { "uv": [ 6, 8.25, 6.25, 8.75 ], "texture": "#Overseer_helmet" },
        "east":  { "uv": [ 9.75, 8.25, 10, 8.75 ], "texture": "#Overseer_helmet" }
    }
},
{
    "__comment": "dvz_Overseer",
    "from": [ 9, 9, 6.75 ],
    "to": [ 9.5, 9.25, 7.75 ],
    "faces": {
        "down":  { "uv": [ 7, 7.75, 6.5, 6.75 ], "texture": "#Overseer_helmet" },
        "up":    { "uv": [ 9, 6.75, 9.5, 7.75 ], "texture": "#Overseer_helmet" },
        "north": { "uv": [ 6.5, 6.75, 7, 7 ], "texture": "#Overseer_helmet" },
        "south": { "uv": [ 9, 6.75, 9.5, 7 ], "texture": "#Overseer_helmet" },
        "west":  { "uv": [ 6.75, 6.75, 7.75, 7 ], "texture": "#Overseer_helmet" },
        "east":  { "uv": [ 8.25, 6.75, 9.25, 7 ], "texture": "#Overseer_helmet" }
    }
},
{
    "__comment": "dvz_Overseer",
    "from": [ 9.25, 10, 5 ],
    "to": [ 9.5, 10.25, 5.25 ],
    "faces": {
        "down":  { "uv": [ 6.75, 5.25, 6.5, 5 ], "texture": "#Overseer_helmet" },
        "up":    { "uv": [ 9.25, 5, 9.5, 5.25 ], "texture": "#Overseer_helmet" },
        "north": { "uv": [ 6.5, 5.75, 6.75, 6 ], "texture": "#Overseer_helmet" },
        "south": { "uv": [ 9.25, 5.75, 9.5, 6 ], "texture": "#Overseer_helmet" },
        "west":  { "uv": [ 5, 5.75, 5.25, 6 ], "texture": "#Overseer_helmet" },
        "east":  { "uv": [ 10.75, 5.75, 11, 6 ], "texture": "#Overseer_helmet" }
    }
},
{
    "__comment": "dvz_Overseer",
    "from": [ 9.25, 9.5, 5.5 ],
    "to": [ 9.5, 9.75, 6.5 ],
    "faces": {
        "down":  { "uv": [ 6.75, 6.5, 6.5, 5.5 ], "texture": "#Overseer_helmet" },
        "up":    { "uv": [ 9.25, 5.5, 9.5, 6.5 ], "texture": "#Overseer_helmet" },
        "north": { "uv": [ 6.5, 6.25, 6.75, 6.5 ], "texture": "#Overseer_helmet" },
        "south": { "uv": [ 9.25, 6.25, 9.5, 6.5 ], "texture": "#Overseer_helmet" },
        "west":  { "uv": [ 5.5, 6.25, 6.5, 6.5 ], "texture": "#Overseer_helmet" },
        "east":  { "uv": [ 9.5, 6.25, 10.5, 6.5 ], "texture": "#Overseer_helmet" }
    }
},
{
    "__comment": "dvz_Overseer",
    "from": [ 9.25, 9.75, 5.75 ],
    "to": [ 9.5, 10, 6 ],
    "faces": {
        "down":  { "uv": [ 6.75, 6, 6.5, 5.75 ], "texture": "#Overseer_helmet" },
        "up":    { "uv": [ 9.25, 5.75, 9.5, 6 ], "texture": "#Overseer_helmet" },
        "north": { "uv": [ 6.5, 6, 6.75, 6.25 ], "texture": "#Overseer_helmet" },
        "south": { "uv": [ 9.25, 6, 9.5, 6.25 ], "texture": "#Overseer_helmet" },
        "west":  { "uv": [ 5.75, 6, 6, 6.25 ], "texture": "#Overseer_helmet" },
        "east":  { "uv": [ 10, 6, 10.25, 6.25 ], "texture": "#Overseer_helmet" }
    }
},
{
    "__comment": "dvz_Overseer",
    "from": [ 9.25, 9.25, 7 ],
    "to": [ 9.5, 9.5, 7.25 ],
    "faces": {
        "down":  { "uv": [ 6.75, 7.25, 6.5, 7 ], "texture": "#Overseer_helmet" },
        "up":    { "uv": [ 9.25, 7, 9.5, 7.25 ], "texture": "#Overseer_helmet" },
        "north": { "uv": [ 6.5, 6.5, 6.75, 6.75 ], "texture": "#Overseer_helmet" },
        "south": { "uv": [ 9.25, 6.5, 9.5, 6.75 ], "texture": "#Overseer_helmet" },
        "west":  { "uv": [ 7, 6.5, 7.25, 6.75 ], "texture": "#Overseer_helmet" },
        "east":  { "uv": [ 8.75, 6.5, 9, 6.75 ], "texture": "#Overseer_helmet" }
    }
},
{
    "__comment": "dvz_Overseer",
    "from": [ 9.25, 6, 9.25 ],
    "to": [ 9.75, 6.25, 9.5 ],
    "faces": {
        "down":  { "uv": [ 6.75, 9.5, 6.25, 9.25 ], "texture": "#Overseer_helmet" },
        "up":    { "uv": [ 9.25, 9.25, 9.75, 9.5 ], "texture": "#Overseer_helmet" },
        "north": { "uv": [ 6.25, 9.75, 6.75, 10 ], "texture": "#Overseer_helmet" },
        "south": { "uv": [ 9.25, 9.75, 9.75, 10 ], "texture": "#Overseer_helmet" },
        "west":  { "uv": [ 9.25, 9.75, 9.5, 10 ], "texture": "#Overseer_helmet" },
        "east":  { "uv": [ 6.5, 9.75, 6.75, 10 ], "texture": "#Overseer_helmet" }
    }
},
{
    "__comment": "dvz_Overseer",
    "from": [ 9.5, 9, 6.75 ],
    "to": [ 9.75, 9.25, 7.25 ],
    "faces": {
        "down":  { "uv": [ 6.5, 7.25, 6.25, 6.75 ], "texture": "#Overseer_helmet" },
        "up":    { "uv": [ 9.5, 6.75, 9.75, 7.25 ], "texture": "#Overseer_helmet" },
        "north": { "uv": [ 6.25, 6.75, 6.5, 7 ], "texture": "#Overseer_helmet" },
        "south": { "uv": [ 9.5, 6.75, 9.75, 7 ], "texture": "#Overseer_helmet" },
        "west":  { "uv": [ 6.75, 6.75, 7.25, 7 ], "texture": "#Overseer_helmet" },
        "east":  { "uv": [ 8.75, 6.75, 9.25, 7 ], "texture": "#Overseer_helmet" }
    }
},
{
    "__comment": "dvz_Overseer_Wing",
    "from": [ 11.25, 7.25, 8.5 ],
    "to": [ 13, 7.5, 8.75 ],
    "faces": {
        "down":  { "uv": [ 4.75, 8.75, 3, 8.5 ], "texture": "#Overseer_Wing" },
        "up":    { "uv": [ 11.25, 8.5, 13, 8.75 ], "texture": "#Overseer_Wing" },
        "north": { "uv": [ 3, 8.5, 4.75, 8.75 ], "texture": "#Overseer_Wing" },
        "south": { "uv": [ 11.25, 8.5, 13, 8.75 ], "texture": "#Overseer_Wing" },
        "west":  { "uv": [ 8.5, 8.5, 8.75, 8.75 ], "texture": "#Overseer_Wing" },
        "east":  { "uv": [ 7.25, 8.5, 7.5, 8.75 ], "texture": "#Overseer_Wing" }
    }
},
{
    "__comment": "dvz_Overseer_Wing",
    "from": [ 11.5, 7, 8.25 ],
    "to": [ 13, 7.5, 8.5 ],
    "faces": {
        "down":  { "uv": [ 4.5, 8.5, 3, 8.25 ], "texture": "#Overseer_Wing" },
        "up":    { "uv": [ 11.5, 8.25, 13, 8.5 ], "texture": "#Overseer_Wing" },
        "north": { "uv": [ 3, 8.5, 4.5, 9 ], "texture": "#Overseer_Wing" },
        "south": { "uv": [ 11.5, 8.5, 13, 9 ], "texture": "#Overseer_Wing" },
        "west":  { "uv": [ 8.25, 8.5, 8.5, 9 ], "texture": "#Overseer_Wing" },
        "east":  { "uv": [ 7.5, 8.5, 7.75, 9 ], "texture": "#Overseer_Wing" }
    }
},
{
    "__comment": "dvz_Overseer_Wing",
    "from": [ 11.75, 7.25, 8 ],
    "to": [ 13.25, 7.75, 8.25 ],
    "faces": {
        "down":  { "uv": [ 4.25, 8.25, 2.75, 8 ], "texture": "#Overseer_Wing" },
        "up":    { "uv": [ 11.75, 8, 13.25, 8.25 ], "texture": "#Overseer_Wing" },
        "north": { "uv": [ 2.75, 8.25, 4.25, 8.75 ], "texture": "#Overseer_Wing" },
        "south": { "uv": [ 11.75, 8.25, 13.25, 8.75 ], "texture": "#Overseer_Wing" },
        "west":  { "uv": [ 8, 8.25, 8.25, 8.75 ], "texture": "#Overseer_Wing" },
        "east":  { "uv": [ 7.75, 8.25, 8, 8.75 ], "texture": "#Overseer_Wing" }
    }
},
{
    "__comment": "dvz_Overseer_Wing",
    "from": [ 11.75, 7.5, 8.25 ],
    "to": [ 13, 7.75, 8.5 ],
    "faces": {
        "down":  { "uv": [ 4.25, 8.5, 3, 8.25 ], "texture": "#Overseer_Wing" },
        "up":    { "uv": [ 11.75, 8.25, 13, 8.5 ], "texture": "#Overseer_Wing" },
        "north": { "uv": [ 3, 8.25, 4.25, 8.5 ], "texture": "#Overseer_Wing" },
        "south": { "uv": [ 11.75, 8.25, 13, 8.5 ], "texture": "#Overseer_Wing" },
        "west":  { "uv": [ 8.25, 8.25, 8.5, 8.5 ], "texture": "#Overseer_Wing" },
        "east":  { "uv": [ 7.5, 8.25, 7.75, 8.5 ], "texture": "#Overseer_Wing" }
    }
},
{
    "__comment": "dvz_Overseer_Wing",
    "from": [ 12, 7.5, 7.5 ],
    "to": [ 13.25, 7.75, 8 ],
    "faces": {
        "down":  { "uv": [ 4, 8, 2.75, 7.5 ], "texture": "#Overseer_Wing" },
        "up":    { "uv": [ 12, 7.5, 13.25, 8 ], "texture": "#Overseer_Wing" },
        "north": { "uv": [ 2.75, 8.25, 4, 8.5 ], "texture": "#Overseer_Wing" },
        "south": { "uv": [ 12, 8.25, 13.25, 8.5 ], "texture": "#Overseer_Wing" },
        "west":  { "uv": [ 7.5, 8.25, 8, 8.5 ], "texture": "#Overseer_Wing" },
        "east":  { "uv": [ 8, 8.25, 8.5, 8.5 ], "texture": "#Overseer_Wing" }
    }
},
{
    "__comment": "dvz_Overseer_Wing",
    "from": [ 12, 7.25, 7.75 ],
    "to": [ 13.25, 7.5, 8 ],
    "faces": {
        "down":  { "uv": [ 4, 8, 2.75, 7.75 ], "texture": "#Overseer_Wing" },
        "up":    { "uv": [ 12, 7.75, 13.25, 8 ], "texture": "#Overseer_Wing" },
        "north": { "uv": [ 2.75, 8.5, 4, 8.75 ], "texture": "#Overseer_Wing" },
        "south": { "uv": [ 12, 8.5, 13.25, 8.75 ], "texture": "#Overseer_Wing" },
        "west":  { "uv": [ 7.75, 8.5, 8, 8.75 ], "texture": "#Overseer_Wing" },
        "east":  { "uv": [ 8, 8.5, 8.25, 8.75 ], "texture": "#Overseer_Wing" }
    }
},
{
    "__comment": "dvz_Overseer_Wing",
    "from": [ 12, 7.75, 7.75 ],
    "to": [ 13.25, 8, 8 ],
    "faces": {
        "down":  { "uv": [ 4, 8, 2.75, 7.75 ], "texture": "#Overseer_Wing" },
        "up":    { "uv": [ 12, 7.75, 13.25, 8 ], "texture": "#Overseer_Wing" },
        "north": { "uv": [ 2.75, 8, 4, 8.25 ], "texture": "#Overseer_Wing" },
        "south": { "uv": [ 12, 8, 13.25, 8.25 ], "texture": "#Overseer_Wing" },
        "west":  { "uv": [ 7.75, 8, 8, 8.25 ], "texture": "#Overseer_Wing" },
        "east":  { "uv": [ 8, 8, 8.25, 8.25 ], "texture": "#Overseer_Wing" }
    }
},
{
    "__comment": "dvz_Overseer_Wing",
    "from": [ 12.25, 7.5, 7.25 ],
    "to": [ 13.5, 8, 7.5 ],
    "faces": {
        "down":  { "uv": [ 3.75, 7.5, 2.5, 7.25 ], "texture": "#Overseer_Wing" },
        "up":    { "uv": [ 12.25, 7.25, 13.5, 7.5 ], "texture": "#Overseer_Wing" },
        "north": { "uv": [ 2.5, 8, 3.75, 8.5 ], "texture": "#Overseer_Wing" },
        "south": { "uv": [ 12.25, 8, 13.5, 8.5 ], "texture": "#Overseer_Wing" },
        "west":  { "uv": [ 7.25, 8, 7.5, 8.5 ], "texture": "#Overseer_Wing" },
        "east":  { "uv": [ 8.5, 8, 8.75, 8.5 ], "texture": "#Overseer_Wing" }
    }
},
{
    "__comment": "dvz_Overseer_Wing",
    "from": [ 12.25, 7.75, 7.5 ],
    "to": [ 13.5, 8, 7.75 ],
    "faces": {
        "down":  { "uv": [ 3.75, 7.75, 2.5, 7.5 ], "texture": "#Overseer_Wing" },
        "up":    { "uv": [ 12.25, 7.5, 13.5, 7.75 ], "texture": "#Overseer_Wing" },
        "north": { "uv": [ 2.5, 8, 3.75, 8.25 ], "texture": "#Overseer_Wing" },
        "south": { "uv": [ 12.25, 8, 13.5, 8.25 ], "texture": "#Overseer_Wing" },
        "west":  { "uv": [ 7.5, 8, 7.75, 8.25 ], "texture": "#Overseer_Wing" },
        "east":  { "uv": [ 8.25, 8, 8.5, 8.25 ], "texture": "#Overseer_Wing" }
    }
},
{
    "__comment": "dvz_Overseer_Wing",
    "from": [ 12.5, 7.75, 7 ],
    "to": [ 14.25, 8, 7.25 ],
    "faces": {
        "down":  { "uv": [ 3.5, 7.25, 1.75, 7 ], "texture": "#Overseer_Wing" },
        "up":    { "uv": [ 12.5, 7, 14.25, 7.25 ], "texture": "#Overseer_Wing" },
        "north": { "uv": [ 1.75, 8, 3.5, 8.25 ], "texture": "#Overseer_Wing" },
        "south": { "uv": [ 12.5, 8, 14.25, 8.25 ], "texture": "#Overseer_Wing" },
        "west":  { "uv": [ 7, 8, 7.25, 8.25 ], "texture": "#Overseer_Wing" },
        "east":  { "uv": [ 8.75, 8, 9, 8.25 ], "texture": "#Overseer_Wing" }
    }
},
{
    "__comment": "dvz_Overseer_Wing",
    "from": [ 12.5, 8, 7.25 ],
    "to": [ 14, 8.25, 7.5 ],
    "faces": {
        "down":  { "uv": [ 3.5, 7.5, 2, 7.25 ], "texture": "#Overseer_Wing" },
        "up":    { "uv": [ 12.5, 7.25, 14, 7.5 ], "texture": "#Overseer_Wing" },
        "north": { "uv": [ 2, 7.75, 3.5, 8 ], "texture": "#Overseer_Wing" },
        "south": { "uv": [ 12.5, 7.75, 14, 8 ], "texture": "#Overseer_Wing" },
        "west":  { "uv": [ 7.25, 7.75, 7.5, 8 ], "texture": "#Overseer_Wing" },
        "east":  { "uv": [ 8.5, 7.75, 8.75, 8 ], "texture": "#Overseer_Wing" }
    }
},
{
    "__comment": "dvz_Overseer_Wing",
    "from": [ 12.75, 8, 7 ],
    "to": [ 14.5, 8.25, 7.25 ],
    "faces": {
        "down":  { "uv": [ 3.25, 7.25, 1.5, 7 ], "texture": "#Overseer_Wing" },
        "up":    { "uv": [ 12.75, 7, 14.5, 7.25 ], "texture": "#Overseer_Wing" },
        "north": { "uv": [ 1.5, 7.75, 3.25, 8 ], "texture": "#Overseer_Wing" },
        "south": { "uv": [ 12.75, 7.75, 14.5, 8 ], "texture": "#Overseer_Wing" },
        "west":  { "uv": [ 7, 7.75, 7.25, 8 ], "texture": "#Overseer_Wing" },
        "east":  { "uv": [ 8.75, 7.75, 9, 8 ], "texture": "#Overseer_Wing" }
    }
},
{
    "__comment": "dvz_Overseer_Wing",
    "from": [ 13, 7.75, 6.75 ],
    "to": [ 14.25, 8.25, 7 ],
    "faces": {
        "down":  { "uv": [ 3, 7, 1.75, 6.75 ], "texture": "#Overseer_Wing" },
        "up":    { "uv": [ 13, 6.75, 14.25, 7 ], "texture": "#Overseer_Wing" },
        "north": { "uv": [ 1.75, 7.75, 3, 8.25 ], "texture": "#Overseer_Wing" },
        "south": { "uv": [ 13, 7.75, 14.25, 8.25 ], "texture": "#Overseer_Wing" },
        "west":  { "uv": [ 6.75, 7.75, 7, 8.25 ], "texture": "#Overseer_Wing" },
        "east":  { "uv": [ 9, 7.75, 9.25, 8.25 ], "texture": "#Overseer_Wing" }
    }
},
{
    "__comment": "dvz_Overseer_Wing",
    "from": [ 13.25, 8.25, 6.75 ],
    "to": [ 16, 8.5, 7 ],
    "faces": {
        "down":  { "uv": [ 2.75, 7, 0, 6.75 ], "texture": "#Overseer_Wing" },
        "up":    { "uv": [ 13.25, 6.75, 16, 7 ], "texture": "#Overseer_Wing" },
        "north": { "uv": [ 0, 7.5, 2.75, 7.75 ], "texture": "#Overseer_Wing" },
        "south": { "uv": [ 13.25, 7.5, 16, 7.75 ], "texture": "#Overseer_Wing" },
        "west":  { "uv": [ 6.75, 7.5, 7, 7.75 ], "texture": "#Overseer_Wing" },
        "east":  { "uv": [ 9, 7.5, 9.25, 7.75 ], "texture": "#Overseer_Wing" }
    }
},
{
    "__comment": "dvz_Overseer_Wing",
    "from": [ 13.25, 7.5, 7.5 ],
    "to": [ 13.5, 7.75, 7.75 ],
    "faces": {
        "down":  { "uv": [ 2.75, 7.75, 2.5, 7.5 ], "texture": "#Overseer_Wing" },
        "up":    { "uv": [ 13.25, 7.5, 13.5, 7.75 ], "texture": "#Overseer_Wing" },
        "north": { "uv": [ 2.5, 8.25, 2.75, 8.5 ], "texture": "#Overseer_Wing" },
        "south": { "uv": [ 13.25, 8.25, 13.5, 8.5 ], "texture": "#Overseer_Wing" },
        "west":  { "uv": [ 7.5, 8.25, 7.75, 8.5 ], "texture": "#Overseer_Wing" },
        "east":  { "uv": [ 8.25, 8.25, 8.5, 8.5 ], "texture": "#Overseer_Wing" }
    }
},
{
    "__comment": "dvz_Overseer_Wing",
    "from": [ 13.5, 7.75, 7.25 ],
    "to": [ 14, 8, 7.5 ],
    "faces": {
        "down":  { "uv": [ 2.5, 7.5, 2, 7.25 ], "texture": "#Overseer_Wing" },
        "up":    { "uv": [ 13.5, 7.25, 14, 7.5 ], "texture": "#Overseer_Wing" },
        "north": { "uv": [ 2, 8, 2.5, 8.25 ], "texture": "#Overseer_Wing" },
        "south": { "uv": [ 13.5, 8, 14, 8.25 ], "texture": "#Overseer_Wing" },
        "west":  { "uv": [ 7.25, 8, 7.5, 8.25 ], "texture": "#Overseer_Wing" },
        "east":  { "uv": [ 8.5, 8, 8.75, 8.25 ], "texture": "#Overseer_Wing" }
    }
},
{
    "__comment": "dvz_Overseer_Wing",
    "from": [ 13.75, 8, 6.5 ],
    "to": [ 16, 8.25, 6.75 ],
    "faces": {
        "down":  { "uv": [ 2.25, 6.75, 0, 6.5 ], "texture": "#Overseer_Wing" },
        "up":    { "uv": [ 13.75, 6.5, 16, 6.75 ], "texture": "#Overseer_Wing" },
        "north": { "uv": [ 0, 7.75, 2.25, 8 ], "texture": "#Overseer_Wing" },
        "south": { "uv": [ 13.75, 7.75, 16, 8 ], "texture": "#Overseer_Wing" },
        "west":  { "uv": [ 6.5, 7.75, 6.75, 8 ], "texture": "#Overseer_Wing" },
        "east":  { "uv": [ 9.25, 7.75, 9.5, 8 ], "texture": "#Overseer_Wing" }
    }
},
{
    "__comment": "dvz_Overseer_Wing",
    "from": [ 14.25, 8.25, 6.5 ],
    "to": [ 16, 8.5, 6.75 ],
    "faces": {
        "down":  { "uv": [ 1.75, 6.75, 0, 6.5 ], "texture": "#Overseer_Wing" },
        "up":    { "uv": [ 14.25, 6.5, 16, 6.75 ], "texture": "#Overseer_Wing" },
        "north": { "uv": [ 0, 7.5, 1.75, 7.75 ], "texture": "#Overseer_Wing" },
        "south": { "uv": [ 14.25, 7.5, 16, 7.75 ], "texture": "#Overseer_Wing" },
        "west":  { "uv": [ 6.5, 7.5, 6.75, 7.75 ], "texture": "#Overseer_Wing" },
        "east":  { "uv": [ 9.25, 7.5, 9.5, 7.75 ], "texture": "#Overseer_Wing" }
    }
},
{
    "__comment": "dvz_Overseer_Wing",
    "from": [ 14.25, 8, 6.75 ],
    "to": [ 15.25, 8.25, 7 ],
    "faces": {
        "down":  { "uv": [ 1.75, 7, 0.75, 6.75 ], "texture": "#Overseer_Wing" },
        "up":    { "uv": [ 14.25, 6.75, 15.25, 7 ], "texture": "#Overseer_Wing" },
        "north": { "uv": [ 0.75, 7.75, 1.75, 8 ], "texture": "#Overseer_Wing" },
        "south": { "uv": [ 14.25, 7.75, 15.25, 8 ], "texture": "#Overseer_Wing" },
        "west":  { "uv": [ 6.75, 7.75, 7, 8 ], "texture": "#Overseer_Wing" },
        "east":  { "uv": [ 9, 7.75, 9.25, 8 ], "texture": "#Overseer_Wing" }
    }
},
{
    "__comment": "dvz_Overseer_Wing",
    "from": [ 15.75, 8, 6.75 ],
    "to": [ 16, 8.25, 7 ],
    "faces": {
        "down":  { "uv": [ 0.25, 7, 0, 6.75 ], "texture": "#Overseer_Wing" },
        "up":    { "uv": [ 15.75, 6.75, 16, 7 ], "texture": "#Overseer_Wing" },
        "north": { "uv": [ 0, 7.75, 0.25, 8 ], "texture": "#Overseer_Wing" },
        "south": { "uv": [ 15.75, 7.75, 16, 8 ], "texture": "#Overseer_Wing" },
        "west":  { "uv": [ 6.75, 7.75, 7, 8 ], "texture": "#Overseer_Wing" },
        "east":  { "uv": [ 9, 7.75, 9.25, 8 ], "texture": "#Overseer_Wing" }
    }
}
],
"display": {
    "thirdperson": {
        "rotation": [ -62, 180, 180 ],
        "translation": [ 0, 0.4, -1.9 ],
        "scale": [ 1, 1, 1 ]
    },
    "head": {
        "rotation": [ 0, 180, 0 ],
        "translation": [ 0, 5, 0 ],
        "scale": [ 7, 7, 7 ]
    },
    "firstperson": {
        "rotation": [ -35, 180, 0 ],
        "translation": [ 1.7, 1.7, 0 ],
        "scale": [ 3, 3, 3 ]
    },
    "gui": {
        "rotation": [ 0, 90, 0 ],
        "translation": [ 1.2, -0.6, 0 ],
        "scale": [ 2, 2, 2 ]
    }
}
}