{
"__comment": "Fallen Valk",
"__comment": "Not to be reused. Created for the Buffalo Wizard Servers",
"textures": {
    "Splinter_Base": "blocks/hats/hats_fallenvalk1",
    "Splinter_Wing": "blocks/hats/hats_fallenvalk2",
    "Splinter_Eye_F": "blocks/hats/hats_fallenvalk3",
    "Splinter_Eye_S": "blocks/hats/hats_fallenvalk4"
},
"elements": [ 
{
    "__comment": "DvZ_Splinter",
    "from": [ 2, 5, 7 ],
    "to": [ 4, 7, 11 ],
    "faces": {
        "down":  { "uv": [ 14, 11, 12, 7 ], "texture": "#Splinter_Base" },
        "up":    { "uv": [ 2, 7, 4, 11 ], "texture": "#Splinter_Base" },
        "north": { "uv": [ 12, 9, 14, 11 ], "texture": "#Splinter_Base" },
        "south": { "uv": [ 2, 9, 4, 11 ], "texture": "#Splinter_Base" },
        "west":  { "uv": [ 7, 9, 11, 11 ], "texture": "#Splinter_Base" },
        "east":  { "uv": [ 5, 9, 9, 11 ], "texture": "#Splinter_Base" }
    }
},
{
    "__comment": "DvZ_Splinter",
    "from": [ 2, 4.5, 7.5 ],
    "to": [ 4, 5, 10.5 ],
    "faces": {
        "down":  { "uv": [ 14, 10.5, 12, 7.5 ], "texture": "#Splinter_Base" },
        "up":    { "uv": [ 2, 7.5, 4, 10.5 ], "texture": "#Splinter_Base" },
        "north": { "uv": [ 12, 11, 14, 11.5 ], "texture": "#Splinter_Base" },
        "south": { "uv": [ 2, 11, 4, 11.5 ], "texture": "#Splinter_Base" },
        "west":  { "uv": [ 7.5, 11, 10.5, 11.5 ], "texture": "#Splinter_Base" },
        "east":  { "uv": [ 5.5, 11, 8.5, 11.5 ], "texture": "#Splinter_Base" }
    }
},
{
    "__comment": "DvZ_Splinter",
    "from": [ 2, 7, 7.5 ],
    "to": [ 4, 7.5, 11 ],
    "faces": {
        "down":  { "uv": [ 14, 11, 12, 7.5 ], "texture": "#Splinter_Base" },
        "up":    { "uv": [ 2, 7.5, 4, 11 ], "texture": "#Splinter_Base" },
        "north": { "uv": [ 12, 8.5, 14, 9 ], "texture": "#Splinter_Base" },
        "south": { "uv": [ 2, 8.5, 4, 9 ], "texture": "#Splinter_Base" },
        "west":  { "uv": [ 7.5, 8.5, 11, 9 ], "texture": "#Splinter_Base" },
        "east":  { "uv": [ 5, 8.5, 8.5, 9 ], "texture": "#Splinter_Base" }
    }
},
{
    "__comment": "DvZ_Splinter_Wing",
    "from": [ 2.5, 7.5, 7.5 ],
    "to": [ 4, 8, 11 ],
    "faces": {
        "down":  { "uv": [ 13.5, 11, 12, 7.5 ], "texture": "#Splinter_Wing" },
        "up":    { "uv": [ 2.5, 7.5, 4, 11 ], "texture": "#Splinter_Wing" },
        "north": { "uv": [ 12, 8, 13.5, 8.5 ], "texture": "#Splinter_Wing" },
        "south": { "uv": [ 2.5, 8, 4, 8.5 ], "texture": "#Splinter_Wing" },
        "west":  { "uv": [ 7.5, 8, 11, 8.5 ], "texture": "#Splinter_Wing" },
        "east":  { "uv": [ 5, 8, 8.5, 8.5 ], "texture": "#Splinter_Wing" }
    }
},
{
    "__comment": "DvZ_Splinter_Wing",
    "from": [ 2.5, 12, 1.5 ],
    "to": [ 4, 12.5, 4.5 ],
    "faces": {
        "down":  { "uv": [ 13.5, 4.5, 12, 1.5 ], "texture": "#Splinter_Wing" },
        "up":    { "uv": [ 2.5, 1.5, 4, 4.5 ], "texture": "#Splinter_Wing" },
        "north": { "uv": [ 12, 3.5, 13.5, 4 ], "texture": "#Splinter_Wing" },
        "south": { "uv": [ 2.5, 3.5, 4, 4 ], "texture": "#Splinter_Wing" },
        "west":  { "uv": [ 1.5, 3.5, 4.5, 4 ], "texture": "#Splinter_Wing" },
        "east":  { "uv": [ 11.5, 3.5, 14.5, 4 ], "texture": "#Splinter_Wing" }
    }
},
{
    "__comment": "DvZ_Splinter_Wing",
    "from": [ 2.5, 11.5, 2 ],
    "to": [ 4, 12, 5 ],
    "faces": {
        "down":  { "uv": [ 13.5, 5, 12, 2 ], "texture": "#Splinter_Wing" },
        "up":    { "uv": [ 2.5, 2, 4, 5 ], "texture": "#Splinter_Wing" },
        "north": { "uv": [ 12, 4, 13.5, 4.5 ], "texture": "#Splinter_Wing" },
        "south": { "uv": [ 2.5, 4, 4, 4.5 ], "texture": "#Splinter_Wing" },
        "west":  { "uv": [ 2, 4, 5, 4.5 ], "texture": "#Splinter_Wing" },
        "east":  { "uv": [ 11, 4, 14, 4.5 ], "texture": "#Splinter_Wing" }
    }
},
{
    "__comment": "DvZ_Splinter_Wing",
    "from": [ 2.5, 12.5, 2 ],
    "to": [ 4, 13, 4 ],
    "faces": {
        "down":  { "uv": [ 13.5, 4, 12, 2 ], "texture": "#Splinter_Wing" },
        "up":    { "uv": [ 2.5, 2, 4, 4 ], "texture": "#Splinter_Wing" },
        "north": { "uv": [ 12, 3, 13.5, 3.5 ], "texture": "#Splinter_Wing" },
        "south": { "uv": [ 2.5, 3, 4, 3.5 ], "texture": "#Splinter_Wing" },
        "west":  { "uv": [ 2, 3, 4, 3.5 ], "texture": "#Splinter_Wing" },
        "east":  { "uv": [ 12, 3, 14, 3.5 ], "texture": "#Splinter_Wing" }
    }
},
{
    "__comment": "DvZ_Splinter_Wing",
    "from": [ 2.5, 11, 2.5 ],
    "to": [ 4, 11.5, 5.5 ],
    "faces": {
        "down":  { "uv": [ 13.5, 5.5, 12, 2.5 ], "texture": "#Splinter_Wing" },
        "up":    { "uv": [ 2.5, 2.5, 4, 5.5 ], "texture": "#Splinter_Wing" },
        "north": { "uv": [ 12, 4.5, 13.5, 5 ], "texture": "#Splinter_Wing" },
        "south": { "uv": [ 2.5, 4.5, 4, 5 ], "texture": "#Splinter_Wing" },
        "west":  { "uv": [ 2.5, 4.5, 5.5, 5 ], "texture": "#Splinter_Wing" },
        "east":  { "uv": [ 10.5, 4.5, 13.5, 5 ], "texture": "#Splinter_Wing" }
    }
},
{
    "__comment": "DvZ_Splinter_Wing",
    "from": [ 2.5, 13, 2.5 ],
    "to": [ 4, 13.5, 3.5 ],
    "faces": {
        "down":  { "uv": [ 13.5, 3.5, 12, 2.5 ], "texture": "#Splinter_Wing" },
        "up":    { "uv": [ 2.5, 2.5, 4, 3.5 ], "texture": "#Splinter_Wing" },
        "north": { "uv": [ 12, 2.5, 13.5, 3 ], "texture": "#Splinter_Wing" },
        "south": { "uv": [ 2.5, 2.5, 4, 3 ], "texture": "#Splinter_Wing" },
        "west":  { "uv": [ 2.5, 2.5, 3.5, 3 ], "texture": "#Splinter_Wing" },
        "east":  { "uv": [ 12.5, 2.5, 13.5, 3 ], "texture": "#Splinter_Wing" }
    }
},
{
    "__comment": "DvZ_Splinter_Wing",
    "from": [ 2.5, 10.5, 3 ],
    "to": [ 4, 11, 6 ],
    "faces": {
        "down":  { "uv": [ 13.5, 6, 12, 3 ], "texture": "#Splinter_Wing" },
        "up":    { "uv": [ 2.5, 3, 4, 6 ], "texture": "#Splinter_Wing" },
        "north": { "uv": [ 12, 5, 13.5, 5.5 ], "texture": "#Splinter_Wing" },
        "south": { "uv": [ 2.5, 5, 4, 5.5 ], "texture": "#Splinter_Wing" },
        "west":  { "uv": [ 3, 5, 6, 5.5 ], "texture": "#Splinter_Wing" },
        "east":  { "uv": [ 10, 5, 13, 5.5 ], "texture": "#Splinter_Wing" }
    }
},
{
    "__comment": "DvZ_Splinter_Wing",
    "from": [ 2.5, 10, 3.5 ],
    "to": [ 4, 10.5, 6.5 ],
    "faces": {
        "down":  { "uv": [ 13.5, 6.5, 12, 3.5 ], "texture": "#Splinter_Wing" },
        "up":    { "uv": [ 2.5, 3.5, 4, 6.5 ], "texture": "#Splinter_Wing" },
        "north": { "uv": [ 12, 5.5, 13.5, 6 ], "texture": "#Splinter_Wing" },
        "south": { "uv": [ 2.5, 5.5, 4, 6 ], "texture": "#Splinter_Wing" },
        "west":  { "uv": [ 3.5, 5.5, 6.5, 6 ], "texture": "#Splinter_Wing" },
        "east":  { "uv": [ 9.5, 5.5, 12.5, 6 ], "texture": "#Splinter_Wing" }
    }
},
{
    "__comment": "DvZ_Splinter_Wing",
    "from": [ 2.5, 9.5, 4 ],
    "to": [ 4, 10, 7 ],
    "faces": {
        "down":  { "uv": [ 13.5, 7, 12, 4 ], "texture": "#Splinter_Wing" },
        "up":    { "uv": [ 2.5, 4, 4, 7 ], "texture": "#Splinter_Wing" },
        "north": { "uv": [ 12, 6, 13.5, 6.5 ], "texture": "#Splinter_Wing" },
        "south": { "uv": [ 2.5, 6, 4, 6.5 ], "texture": "#Splinter_Wing" },
        "west":  { "uv": [ 4, 6, 7, 6.5 ], "texture": "#Splinter_Wing" },
        "east":  { "uv": [ 9, 6, 12, 6.5 ], "texture": "#Splinter_Wing" }
    }
},
{
    "__comment": "DvZ_Splinter_Wing",
    "from": [ 2.5, 2.5, 4.5 ],
    "to": [ 4, 3.5, 7.5 ],
    "faces": {
        "down":  { "uv": [ 13.5, 7.5, 12, 4.5 ], "texture": "#Splinter_Wing" },
        "up":    { "uv": [ 2.5, 4.5, 4, 7.5 ], "texture": "#Splinter_Wing" },
        "north": { "uv": [ 12, 12.5, 13.5, 13.5 ], "texture": "#Splinter_Wing" },
        "south": { "uv": [ 2.5, 12.5, 4, 13.5 ], "texture": "#Splinter_Wing" },
        "west":  { "uv": [ 4.5, 12.5, 7.5, 13.5 ], "texture": "#Splinter_Wing" },
        "east":  { "uv": [ 8.5, 12.5, 11.5, 13.5 ], "texture": "#Splinter_Wing" }
    }
},
{
    "__comment": "DvZ_Splinter_Wing",
    "from": [ 2.5, 9, 4.5 ],
    "to": [ 4, 9.5, 7.5 ],
    "faces": {
        "down":  { "uv": [ 13.5, 7.5, 12, 4.5 ], "texture": "#Splinter_Wing" },
        "up":    { "uv": [ 2.5, 4.5, 4, 7.5 ], "texture": "#Splinter_Wing" },
        "north": { "uv": [ 12, 6.5, 13.5, 7 ], "texture": "#Splinter_Wing" },
        "south": { "uv": [ 2.5, 6.5, 4, 7 ], "texture": "#Splinter_Wing" },
        "west":  { "uv": [ 4.5, 6.5, 7.5, 7 ], "texture": "#Splinter_Wing" },
        "east":  { "uv": [ 8.5, 6.5, 11.5, 7 ], "texture": "#Splinter_Wing" }
    }
},
{
    "__comment": "DvZ_Splinter_Wing",
    "from": [ 2.5, 2, 5 ],
    "to": [ 4, 2.5, 6.5 ],
    "faces": {
        "down":  { "uv": [ 13.5, 6.5, 12, 5 ], "texture": "#Splinter_Wing" },
        "up":    { "uv": [ 2.5, 5, 4, 6.5 ], "texture": "#Splinter_Wing" },
        "north": { "uv": [ 12, 13.5, 13.5, 14 ], "texture": "#Splinter_Wing" },
        "south": { "uv": [ 2.5, 13.5, 4, 14 ], "texture": "#Splinter_Wing" },
        "west":  { "uv": [ 5, 13.5, 6.5, 14 ], "texture": "#Splinter_Wing" },
        "east":  { "uv": [ 9.5, 13.5, 11, 14 ], "texture": "#Splinter_Wing" }
    }
},
{
    "__comment": "DvZ_Splinter_Wing",
    "from": [ 2.5, 3.5, 5 ],
    "to": [ 4, 4, 8.5 ],
    "faces": {
        "down":  { "uv": [ 13.5, 8.5, 12, 5 ], "texture": "#Splinter_Wing" },
        "up":    { "uv": [ 2.5, 5, 4, 8.5 ], "texture": "#Splinter_Wing" },
        "north": { "uv": [ 12, 12, 13.5, 12.5 ], "texture": "#Splinter_Wing" },
        "south": { "uv": [ 2.5, 12, 4, 12.5 ], "texture": "#Splinter_Wing" },
        "west":  { "uv": [ 5, 12, 8.5, 12.5 ], "texture": "#Splinter_Wing" },
        "east":  { "uv": [ 7.5, 12, 11, 12.5 ], "texture": "#Splinter_Wing" }
    }
},
{
    "__comment": "DvZ_Splinter_Wing",
    "from": [ 2.5, 8.5, 5 ],
    "to": [ 4, 9, 8.5 ],
    "faces": {
        "down":  { "uv": [ 13.5, 8.5, 12, 5 ], "texture": "#Splinter_Wing" },
        "up":    { "uv": [ 2.5, 5, 4, 8.5 ], "texture": "#Splinter_Wing" },
        "north": { "uv": [ 12, 7, 13.5, 7.5 ], "texture": "#Splinter_Wing" },
        "south": { "uv": [ 2.5, 7, 4, 7.5 ], "texture": "#Splinter_Wing" },
        "west":  { "uv": [ 5, 7, 8.5, 7.5 ], "texture": "#Splinter_Wing" },
        "east":  { "uv": [ 7.5, 7, 11, 7.5 ], "texture": "#Splinter_Wing" }
    }
},
{
    "__comment": "DvZ_Splinter_Wing",
    "from": [ 2.5, 4, 5.5 ],
    "to": [ 4, 4.5, 10.5 ],
    "faces": {
        "down":  { "uv": [ 13.5, 10.5, 12, 5.5 ], "texture": "#Splinter_Wing" },
        "up":    { "uv": [ 2.5, 5.5, 4, 10.5 ], "texture": "#Splinter_Wing" },
        "north": { "uv": [ 12, 11.5, 13.5, 12 ], "texture": "#Splinter_Wing" },
        "south": { "uv": [ 2.5, 11.5, 4, 12 ], "texture": "#Splinter_Wing" },
        "west":  { "uv": [ 5.5, 11.5, 10.5, 12 ], "texture": "#Splinter_Wing" },
        "east":  { "uv": [ 5.5, 11.5, 10.5, 12 ], "texture": "#Splinter_Wing" }
    }
},
{
    "__comment": "DvZ_Splinter_Wing",
    "from": [ 2.5, 7.5, 5.5 ],
    "to": [ 4, 8.5, 7.5 ],
    "faces": {
        "down":  { "uv": [ 13.5, 7.5, 12, 5.5 ], "texture": "#Splinter_Wing" },
        "up":    { "uv": [ 2.5, 5.5, 4, 7.5 ], "texture": "#Splinter_Wing" },
        "north": { "uv": [ 12, 7.5, 13.5, 8.5 ], "texture": "#Splinter_Wing" },
        "south": { "uv": [ 2.5, 7.5, 4, 8.5 ], "texture": "#Splinter_Wing" },
        "west":  { "uv": [ 5.5, 7.5, 7.5, 8.5 ], "texture": "#Splinter_Wing" },
        "east":  { "uv": [ 8.5, 7.5, 10.5, 8.5 ], "texture": "#Splinter_Wing" }
    }
},
{
    "__comment": "DvZ_Splinter_Wing",
    "from": [ 2.5, 4.5, 6 ],
    "to": [ 3, 5, 7.5 ],
    "faces": {
        "down":  { "uv": [ 13.5, 7.5, 13, 6 ], "texture": "#Splinter_Wing" },
        "up":    { "uv": [ 2.5, 6, 3, 7.5 ], "texture": "#Splinter_Wing" },
        "north": { "uv": [ 13, 11, 13.5, 11.5 ], "texture": "#Splinter_Wing" },
        "south": { "uv": [ 2.5, 11, 3, 11.5 ], "texture": "#Splinter_Wing" },
        "west":  { "uv": [ 6, 11, 7.5, 11.5 ], "texture": "#Splinter_Wing" },
        "east":  { "uv": [ 8.5, 11, 10, 11.5 ], "texture": "#Splinter_Wing" }
    }
},
{
    "__comment": "DvZ_Splinter_Wing",
    "from": [ 2.5, 7, 6 ],
    "to": [ 3, 7.5, 7.5 ],
    "faces": {
        "down":  { "uv": [ 13.5, 7.5, 13, 6 ], "texture": "#Splinter_Wing" },
        "up":    { "uv": [ 2.5, 6, 3, 7.5 ], "texture": "#Splinter_Wing" },
        "north": { "uv": [ 13, 8.5, 13.5, 9 ], "texture": "#Splinter_Wing" },
        "south": { "uv": [ 2.5, 8.5, 3, 9 ], "texture": "#Splinter_Wing" },
        "west":  { "uv": [ 6, 8.5, 7.5, 9 ], "texture": "#Splinter_Wing" },
        "east":  { "uv": [ 8.5, 8.5, 10, 9 ], "texture": "#Splinter_Wing" }
    }
},
{
    "__comment": "DvZ_Splinter_Wing",
    "from": [ 2.5, 5, 6.5 ],
    "to": [ 3, 5.5, 7 ],
    "faces": {
        "down":  { "uv": [ 13.5, 7, 13, 6.5 ], "texture": "#Splinter_Wing" },
        "up":    { "uv": [ 2.5, 6.5, 3, 7 ], "texture": "#Splinter_Wing" },
        "north": { "uv": [ 13, 10.5, 13.5, 11 ], "texture": "#Splinter_Wing" },
        "south": { "uv": [ 2.5, 10.5, 3, 11 ], "texture": "#Splinter_Wing" },
        "west":  { "uv": [ 6.5, 10.5, 7, 11 ], "texture": "#Splinter_Wing" },
        "east":  { "uv": [ 9, 10.5, 9.5, 11 ], "texture": "#Splinter_Wing" }
    }
},
{
    "__comment": "DvZ_Splinter_Wing",
    "from": [ 2.5, 6.5, 6.5 ],
    "to": [ 3, 7, 7 ],
    "faces": {
        "down":  { "uv": [ 13.5, 7, 13, 6.5 ], "texture": "#Splinter_Wing" },
        "up":    { "uv": [ 2.5, 6.5, 3, 7 ], "texture": "#Splinter_Wing" },
        "north": { "uv": [ 13, 9, 13.5, 9.5 ], "texture": "#Splinter_Wing" },
        "south": { "uv": [ 2.5, 9, 3, 9.5 ], "texture": "#Splinter_Wing" },
        "west":  { "uv": [ 6.5, 9, 7, 9.5 ], "texture": "#Splinter_Wing" },
        "east":  { "uv": [ 9, 9, 9.5, 9.5 ], "texture": "#Splinter_Wing" }
    }
},
{
    "__comment": "DvZ_Splinter_Wing",
    "from": [ 2.5, 3, 7.5 ],
    "to": [ 4, 3.5, 8 ],
    "faces": {
        "down":  { "uv": [ 13.5, 8, 12, 7.5 ], "texture": "#Splinter_Wing" },
        "up":    { "uv": [ 2.5, 7.5, 4, 8 ], "texture": "#Splinter_Wing" },
        "north": { "uv": [ 12, 12.5, 13.5, 13 ], "texture": "#Splinter_Wing" },
        "south": { "uv": [ 2.5, 12.5, 4, 13 ], "texture": "#Splinter_Wing" },
        "west":  { "uv": [ 7.5, 12.5, 8, 13 ], "texture": "#Splinter_Wing" },
        "east":  { "uv": [ 8, 12.5, 8.5, 13 ], "texture": "#Splinter_Wing" }
    }
},
{
    "__comment": "DvZ_Splinter_Wing",
    "from": [ 2.5, 8, 7.5 ],
    "to": [ 4, 8.5, 10 ],
    "faces": {
        "down":  { "uv": [ 13.5, 10, 12, 7.5 ], "texture": "#Splinter_Wing" },
        "up":    { "uv": [ 2.5, 7.5, 4, 10 ], "texture": "#Splinter_Wing" },
        "north": { "uv": [ 12, 7.5, 13.5, 8 ], "texture": "#Splinter_Wing" },
        "south": { "uv": [ 2.5, 7.5, 4, 8 ], "texture": "#Splinter_Wing" },
        "west":  { "uv": [ 7.5, 7.5, 10, 8 ], "texture": "#Splinter_Wing" },
        "east":  { "uv": [ 6, 7.5, 8.5, 8 ], "texture": "#Splinter_Wing" }
    }
},
{
    "__comment": "DvZ_Splinter",
    "from": [ 3, 4.5, 10.5 ],
    "to": [ 4, 5, 11 ],
    "faces": {
        "down":  { "uv": [ 13, 11, 12, 10.5 ], "texture": "#Splinter_Base" },
        "up":    { "uv": [ 3, 10.5, 4, 11 ], "texture": "#Splinter_Base" },
        "north": { "uv": [ 12, 11, 13, 11.5 ], "texture": "#Splinter_Base" },
        "south": { "uv": [ 3, 11, 4, 11.5 ], "texture": "#Splinter_Base" },
        "west":  { "uv": [ 10.5, 11, 11, 11.5 ], "texture": "#Splinter_Base" },
        "east":  { "uv": [ 5, 11, 5.5, 11.5 ], "texture": "#Splinter_Base" }
    }
},
{
    "__comment": "DvZ_Splinter",
    "from": [ 2.5, 5.5, 11 ],
    "to": [ 4, 7, 11.5 ],
    "faces": {
        "down":  { "uv": [ 13.5, 11.5, 12, 11 ], "texture": "#Splinter_Base" },
        "up":    { "uv": [ 2.5, 11, 4, 11.5 ], "texture": "#Splinter_Base" },
        "north": { "uv": [ 12, 9, 13.5, 10.5 ], "texture": "#Splinter_Base" },
        "south": { "uv": [ 2.5, 9, 4, 10.5 ], "texture": "#Splinter_Base" },
        "west":  { "uv": [ 11, 9, 11.5, 10.5 ], "texture": "#Splinter_Base" },
        "east":  { "uv": [ 4.5, 9, 5, 10.5 ], "texture": "#Splinter_Base" }
    }
},
{
    "__comment": "DvZ_Splinter_Wing",
    "from": [ 3, 13.5, 0 ],
    "to": [ 4, 14, 3 ],
    "faces": {
        "down":  { "uv": [ 13, 3, 12, 0 ], "texture": "#Splinter_Wing" },
        "up":    { "uv": [ 3, 0, 4, 3 ], "texture": "#Splinter_Wing" },
        "north": { "uv": [ 12, 2, 13, 2.5 ], "texture": "#Splinter_Wing" },
        "south": { "uv": [ 3, 2, 4, 2.5 ], "texture": "#Splinter_Wing" },
        "west":  { "uv": [ 0, 2, 3, 2.5 ], "texture": "#Splinter_Wing" },
        "east":  { "uv": [ 13, 2, 16, 2.5 ], "texture": "#Splinter_Wing" }
    }
},
{
    "__comment": "DvZ_Splinter_Wing",
    "from": [ 3, 14, 0 ],
    "to": [ 4, 14.5, 2.5 ],
    "faces": {
        "down":  { "uv": [ 13, 2.5, 12, 0 ], "texture": "#Splinter_Wing" },
        "up":    { "uv": [ 3, 0, 4, 2.5 ], "texture": "#Splinter_Wing" },
        "north": { "uv": [ 12, 1.5, 13, 2 ], "texture": "#Splinter_Wing" },
        "south": { "uv": [ 3, 1.5, 4, 2 ], "texture": "#Splinter_Wing" },
        "west":  { "uv": [ 0, 1.5, 2.5, 2 ], "texture": "#Splinter_Wing" },
        "east":  { "uv": [ 13.5, 1.5, 16, 2 ], "texture": "#Splinter_Wing" }
    }
},
{
    "__comment": "DvZ_Splinter_Wing",
    "from": [ 3, 14.5, 0 ],
    "to": [ 4, 15, 1.5 ],
    "faces": {
        "down":  { "uv": [ 13, 1.5, 12, 0 ], "texture": "#Splinter_Wing" },
        "up":    { "uv": [ 3, 0, 4, 1.5 ], "texture": "#Splinter_Wing" },
        "north": { "uv": [ 12, 1, 13, 1.5 ], "texture": "#Splinter_Wing" },
        "south": { "uv": [ 3, 1, 4, 1.5 ], "texture": "#Splinter_Wing" },
        "west":  { "uv": [ 0, 1, 1.5, 1.5 ], "texture": "#Splinter_Wing" },
        "east":  { "uv": [ 14.5, 1, 16, 1.5 ], "texture": "#Splinter_Wing" }
    }
},
{
    "__comment": "DvZ_Splinter_Wing",
    "from": [ 3, 15, 0 ],
    "to": [ 4, 15.5, 1 ],
    "faces": {
        "down":  { "uv": [ 13, 1, 12, 0 ], "texture": "#Splinter_Wing" },
        "up":    { "uv": [ 3, 0, 4, 1 ], "texture": "#Splinter_Wing" },
        "north": { "uv": [ 12, 0.5, 13, 1 ], "texture": "#Splinter_Wing" },
        "south": { "uv": [ 3, 0.5, 4, 1 ], "texture": "#Splinter_Wing" },
        "west":  { "uv": [ 0, 0.5, 1, 1 ], "texture": "#Splinter_Wing" },
        "east":  { "uv": [ 15, 0.5, 16, 1 ], "texture": "#Splinter_Wing" }
    }
},
{
    "__comment": "DvZ_Splinter_Wing",
    "from": [ 3, 13, 0.5 ],
    "to": [ 4, 13.5, 2.5 ],
    "faces": {
        "down":  { "uv": [ 13, 2.5, 12, 0.5 ], "texture": "#Splinter_Wing" },
        "up":    { "uv": [ 3, 0.5, 4, 2.5 ], "texture": "#Splinter_Wing" },
        "north": { "uv": [ 12, 2.5, 13, 3 ], "texture": "#Splinter_Wing" },
        "south": { "uv": [ 3, 2.5, 4, 3 ], "texture": "#Splinter_Wing" },
        "west":  { "uv": [ 0.5, 2.5, 2.5, 3 ], "texture": "#Splinter_Wing" },
        "east":  { "uv": [ 13.5, 2.5, 15.5, 3 ], "texture": "#Splinter_Wing" }
    }
},
{
    "__comment": "DvZ_Splinter_Wing",
    "from": [ 3, 12.5, 1 ],
    "to": [ 4, 13, 2 ],
    "faces": {
        "down":  { "uv": [ 13, 2, 12, 1 ], "texture": "#Splinter_Wing" },
        "up":    { "uv": [ 3, 1, 4, 2 ], "texture": "#Splinter_Wing" },
        "north": { "uv": [ 12, 3, 13, 3.5 ], "texture": "#Splinter_Wing" },
        "south": { "uv": [ 3, 3, 4, 3.5 ], "texture": "#Splinter_Wing" },
        "west":  { "uv": [ 1, 3, 2, 3.5 ], "texture": "#Splinter_Wing" },
        "east":  { "uv": [ 14, 3, 15, 3.5 ], "texture": "#Splinter_Wing" }
    }
},
{
    "__comment": "DvZ_Splinter_Wing",
    "from": [ 3, 1, 3.5 ],
    "to": [ 4, 2, 5.5 ],
    "faces": {
        "down":  { "uv": [ 13, 5.5, 12, 3.5 ], "texture": "#Splinter_Wing" },
        "up":    { "uv": [ 3, 3.5, 4, 5.5 ], "texture": "#Splinter_Wing" },
        "north": { "uv": [ 12, 14, 13, 15 ], "texture": "#Splinter_Wing" },
        "south": { "uv": [ 3, 14, 4, 15 ], "texture": "#Splinter_Wing" },
        "west":  { "uv": [ 3.5, 14, 5.5, 15 ], "texture": "#Splinter_Wing" },
        "east":  { "uv": [ 10.5, 14, 12.5, 15 ], "texture": "#Splinter_Wing" }
    }
},
{
    "__comment": "DvZ_Splinter_Wing",
    "from": [ 3, 0.5, 4 ],
    "to": [ 4, 1, 5 ],
    "faces": {
        "down":  { "uv": [ 13, 5, 12, 4 ], "texture": "#Splinter_Wing" },
        "up":    { "uv": [ 3, 4, 4, 5 ], "texture": "#Splinter_Wing" },
        "north": { "uv": [ 12, 15, 13, 15.5 ], "texture": "#Splinter_Wing" },
        "south": { "uv": [ 3, 15, 4, 15.5 ], "texture": "#Splinter_Wing" },
        "west":  { "uv": [ 4, 15, 5, 15.5 ], "texture": "#Splinter_Wing" },
        "east":  { "uv": [ 11, 15, 12, 15.5 ], "texture": "#Splinter_Wing" }
    }
},
{
    "__comment": "DvZ_Splinter_Wing",
    "from": [ 3, 2, 4 ],
    "to": [ 4, 2.5, 5 ],
    "faces": {
        "down":  { "uv": [ 13, 5, 12, 4 ], "texture": "#Splinter_Wing" },
        "up":    { "uv": [ 3, 4, 4, 5 ], "texture": "#Splinter_Wing" },
        "north": { "uv": [ 12, 13.5, 13, 14 ], "texture": "#Splinter_Wing" },
        "south": { "uv": [ 3, 13.5, 4, 14 ], "texture": "#Splinter_Wing" },
        "west":  { "uv": [ 4, 13.5, 5, 14 ], "texture": "#Splinter_Wing" },
        "east":  { "uv": [ 11, 13.5, 12, 14 ], "texture": "#Splinter_Wing" }
    }
},
{
    "__comment": "DvZ_Splinter",
    "from": [ 3, 5.5, 5 ],
    "to": [ 4, 6.5, 7 ],
    "faces": {
        "down":  { "uv": [ 13, 7, 12, 5 ], "texture": "#Splinter_Base" },
        "up":    { "uv": [ 3, 5, 4, 7 ], "texture": "#Splinter_Base" },
        "north": { "uv": [ 12, 9.5, 13, 10.5 ], "texture": "#Splinter_Base" },
        "south": { "uv": [ 3, 9.5, 4, 10.5 ], "texture": "#Splinter_Base" },
        "west":  { "uv": [ 5, 9.5, 7, 10.5 ], "texture": "#Splinter_Base" },
        "east":  { "uv": [ 9, 9.5, 11, 10.5 ], "texture": "#Splinter_Base" }
    }
},
{
    "__comment": "DvZ_Splinter",
    "from": [ 3, 6.5, 5 ],
    "to": [ 4, 7, 6.5 ],
    "faces": {
        "down":  { "uv": [ 13, 6.5, 12, 5 ], "texture": "#Splinter_Base" },
        "up":    { "uv": [ 3, 5, 4, 6.5 ], "texture": "#Splinter_Base" },
        "north": { "uv": [ 12, 9, 13, 9.5 ], "texture": "#Splinter_Base" },
        "south": { "uv": [ 3, 9, 4, 9.5 ], "texture": "#Splinter_Base" },
        "west":  { "uv": [ 5, 9, 6.5, 9.5 ], "texture": "#Splinter_Base" },
        "east":  { "uv": [ 9.5, 9, 11, 9.5 ], "texture": "#Splinter_Base" }
    }
},
{
    "__comment": "DvZ_Splinter",
    "from": [ 3, 7, 5 ],
    "to": [ 4, 7.5, 6 ],
    "faces": {
        "down":  { "uv": [ 13, 6, 12, 5 ], "texture": "#Splinter_Base" },
        "up":    { "uv": [ 3, 5, 4, 6 ], "texture": "#Splinter_Base" },
        "north": { "uv": [ 12, 8.5, 13, 9 ], "texture": "#Splinter_Base" },
        "south": { "uv": [ 3, 8.5, 4, 9 ], "texture": "#Splinter_Base" },
        "west":  { "uv": [ 5, 8.5, 6, 9 ], "texture": "#Splinter_Base" },
        "east":  { "uv": [ 10, 8.5, 11, 9 ], "texture": "#Splinter_Base" }
    }
},
{
    "__comment": "DvZ_Splinter_Wing",
    "from": [ 3, 1.5, 5.5 ],
    "to": [ 4, 2, 6 ],
    "faces": {
        "down":  { "uv": [ 13, 6, 12, 5.5 ], "texture": "#Splinter_Wing" },
        "up":    { "uv": [ 3, 5.5, 4, 6 ], "texture": "#Splinter_Wing" },
        "north": { "uv": [ 12, 14, 13, 14.5 ], "texture": "#Splinter_Wing" },
        "south": { "uv": [ 3, 14, 4, 14.5 ], "texture": "#Splinter_Wing" },
        "west":  { "uv": [ 5.5, 14, 6, 14.5 ], "texture": "#Splinter_Wing" },
        "east":  { "uv": [ 10, 14, 10.5, 14.5 ], "texture": "#Splinter_Wing" }
    }
},
{
    "__comment": "DvZ_Splinter",
    "from": [ 3, 5, 6 ],
    "to": [ 4, 5.5, 6.5 ],
    "faces": {
        "down":  { "uv": [ 13, 6.5, 12, 6 ], "texture": "#Splinter_Base" },
        "up":    { "uv": [ 3, 6, 4, 6.5 ], "texture": "#Splinter_Base" },
        "north": { "uv": [ 12, 10.5, 13, 11 ], "texture": "#Splinter_Base" },
        "south": { "uv": [ 3, 10.5, 4, 11 ], "texture": "#Splinter_Base" },
        "west":  { "uv": [ 6, 10.5, 6.5, 11 ], "texture": "#Splinter_Base" },
        "east":  { "uv": [ 9.5, 10.5, 10, 11 ], "texture": "#Splinter_Base" }
    }
},
{
    "__comment": "DvZ_Splinter",
    "from": [ 3, 4.5, 11 ],
    "to": [ 4, 5.5, 13.5 ],
    "faces": {
        "down":  { "uv": [ 13, 13.5, 12, 11 ], "texture": "#Splinter_Base" },
        "up":    { "uv": [ 3, 11, 4, 13.5 ], "texture": "#Splinter_Base" },
        "north": { "uv": [ 12, 10.5, 13, 11.5 ], "texture": "#Splinter_Base" },
        "south": { "uv": [ 3, 10.5, 4, 11.5 ], "texture": "#Splinter_Base" },
        "west":  { "uv": [ 11, 10.5, 13.5, 11.5 ], "texture": "#Splinter_Base" },
        "east":  { "uv": [ 2.5, 10.5, 5, 11.5 ], "texture": "#Splinter_Base" }
    }
},
{
    "__comment": "DvZ_Splinter",
    "from": [ 3, 7, 11 ],
    "to": [ 4, 7.5, 13.5 ],
    "faces": {
        "down":  { "uv": [ 13, 13.5, 12, 11 ], "texture": "#Splinter_Base" },
        "up":    { "uv": [ 3, 11, 4, 13.5 ], "texture": "#Splinter_Base" },
        "north": { "uv": [ 12, 8.5, 13, 9 ], "texture": "#Splinter_Base" },
        "south": { "uv": [ 3, 8.5, 4, 9 ], "texture": "#Splinter_Base" },
        "west":  { "uv": [ 11, 8.5, 13.5, 9 ], "texture": "#Splinter_Base" },
        "east":  { "uv": [ 2.5, 8.5, 5, 9 ], "texture": "#Splinter_Base" }
    }
},
{
    "__comment": "DvZ_Splinter",
    "from": [ 3, 5.5, 11.5 ],
    "to": [ 4, 7, 13.5 ],
    "faces": {
        "down":  { "uv": [ 13, 13.5, 12, 11.5 ], "texture": "#Splinter_Base" },
        "up":    { "uv": [ 3, 11.5, 4, 13.5 ], "texture": "#Splinter_Base" },
        "north": { "uv": [ 12, 9, 13, 10.5 ], "texture": "#Splinter_Base" },
        "south": { "uv": [ 3, 9, 4, 10.5 ], "texture": "#Splinter_Base" },
        "west":  { "uv": [ 11.5, 9, 13.5, 10.5 ], "texture": "#Splinter_Base" },
        "east":  { "uv": [ 2.5, 9, 4.5, 10.5 ], "texture": "#Splinter_Base" }
    }
},
{
    "__comment": "DvZ_Splinter",
    "from": [ 3, 7.5, 12 ],
    "to": [ 13, 8, 13.5 ],
    "faces": {
        "down":  { "uv": [ 13, 13.5, 3, 12 ], "texture": "#Splinter_Base" },
        "up":    { "uv": [ 3, 12, 13, 13.5 ], "texture": "#Splinter_Base" },
        "north": { "uv": [ 3, 8, 13, 8.5 ], "texture": "#Splinter_Base" },
        "south": { "uv": [ 3, 8, 13, 8.5 ], "texture": "#Splinter_Base" },
        "west":  { "uv": [ 12, 8, 13.5, 8.5 ], "texture": "#Splinter_Base" },
        "east":  { "uv": [ 2.5, 8, 4, 8.5 ], "texture": "#Splinter_Base" }
    }
},
{
    "__comment": "DvZ_Splinter",
    "from": [ 3.5, 5, 5.5 ],
    "to": [ 4, 5.5, 6 ],
    "faces": {
        "down":  { "uv": [ 12.5, 6, 12, 5.5 ], "texture": "#Splinter_Base" },
        "up":    { "uv": [ 3.5, 5.5, 4, 6 ], "texture": "#Splinter_Base" },
        "north": { "uv": [ 12, 10.5, 12.5, 11 ], "texture": "#Splinter_Base" },
        "south": { "uv": [ 3.5, 10.5, 4, 11 ], "texture": "#Splinter_Base" },
        "west":  { "uv": [ 5.5, 10.5, 6, 11 ], "texture": "#Splinter_Base" },
        "east":  { "uv": [ 10, 10.5, 10.5, 11 ], "texture": "#Splinter_Base" }
    }
},
{
    "__comment": "DvZ_Splinter",
    "from": [ 3.5, 8, 12 ],
    "to": [ 12.5, 9, 13.5 ],
    "faces": {
        "down":  { "uv": [ 12.5, 13.5, 3.5, 12 ], "texture": "#Splinter_Base" },
        "up":    { "uv": [ 3.5, 12, 12.5, 13.5 ], "texture": "#Splinter_Base" },
        "north": { "uv": [ 3.5, 7, 12.5, 8 ], "texture": "#Splinter_Base" },
        "south": { "uv": [ 3.5, 7, 12.5, 8 ], "texture": "#Splinter_Base" },
        "west":  { "uv": [ 12, 7, 13.5, 8 ], "texture": "#Splinter_Base" },
        "east":  { "uv": [ 2.5, 7, 4, 8 ], "texture": "#Splinter_Base" }
    }
},
{
    "__comment": "DvZ_Splinter",
    "from": [ 3.5, 5.5, 13.5 ],
    "to": [ 12.5, 8, 14 ],
    "faces": {
        "down":  { "uv": [ 12.5, 14, 3.5, 13.5 ], "texture": "#Splinter_Base" },
        "up":    { "uv": [ 3.5, 13.5, 12.5, 14 ], "texture": "#Splinter_Base" },
        "north": { "uv": [ 3.5, 8, 12.5, 10.5 ], "texture": "#Splinter_Base" },
        "south": { "uv": [ 3.5, 8, 12.5, 10.5 ], "texture": "#Splinter_Base" },
        "west":  { "uv": [ 13.5, 8, 14, 10.5 ], "texture": "#Splinter_Base" },
        "east":  { "uv": [ 2, 8, 2.5, 10.5 ], "texture": "#Splinter_Base" }
    }
},
{
    "__comment": "DvZ_Splinter",
    "from": [ 4, 4.5, 12 ],
    "to": [ 13, 7.5, 13.5 ],
    "faces": {
        "down":  { "uv": [ 12, 13.5, 3, 12 ], "texture": "#Splinter_Base" },
        "up":    { "uv": [ 4, 12, 13, 13.5 ], "texture": "#Splinter_Base" },
        "north": { "uv": [ 3, 8.5, 12, 11.5 ], "texture": "#Splinter_Base" },
        "south": { "uv": [ 4, 8.5, 13, 11.5 ], "texture": "#Splinter_Base" },
        "west":  { "uv": [ 12, 8.5, 13.5, 11.5 ], "texture": "#Splinter_Base" },
        "east":  { "uv": [ 2.5, 8.5, 4, 11.5 ], "texture": "#Splinter_Base" }
    }
},
{
    "__comment": "DvZ_Splinter",
    "from": [ 4, 9, 12 ],
    "to": [ 12, 10, 13.5 ],
    "faces": {
        "down":  { "uv": [ 12, 13.5, 4, 12 ], "texture": "#Splinter_Base" },
        "up":    { "uv": [ 4, 12, 12, 13.5 ], "texture": "#Splinter_Base" },
        "north": { "uv": [ 4, 6, 12, 7 ], "texture": "#Splinter_Base" },
        "south": { "uv": [ 4, 6, 12, 7 ], "texture": "#Splinter_Base" },
        "west":  { "uv": [ 12, 6, 13.5, 7 ], "texture": "#Splinter_Base" },
        "east":  { "uv": [ 2.5, 6, 4, 7 ], "texture": "#Splinter_Base" }
    }
},
{
    "__comment": "DvZ_Splinter",
    "from": [ 4, 5, 13.5 ],
    "to": [ 12, 5.5, 14 ],
    "faces": {
        "down":  { "uv": [ 12, 14, 4, 13.5 ], "texture": "#Splinter_Base" },
        "up":    { "uv": [ 4, 13.5, 12, 14 ], "texture": "#Splinter_Base" },
        "north": { "uv": [ 4, 10.5, 12, 11 ], "texture": "#Splinter_Base" },
        "south": { "uv": [ 4, 10.5, 12, 11 ], "texture": "#Splinter_Base" },
        "west":  { "uv": [ 13.5, 10.5, 14, 11 ], "texture": "#Splinter_Base" },
        "east":  { "uv": [ 2, 10.5, 2.5, 11 ], "texture": "#Splinter_Base" }
    }
},
{
    "__comment": "DvZ_Splinter",
    "from": [ 4, 8, 13.5 ],
    "to": [ 12, 9, 14 ],
    "faces": {
        "down":  { "uv": [ 12, 14, 4, 13.5 ], "texture": "#Splinter_Base" },
        "up":    { "uv": [ 4, 13.5, 12, 14 ], "texture": "#Splinter_Base" },
        "north": { "uv": [ 4, 7, 12, 8 ], "texture": "#Splinter_Base" },
        "south": { "uv": [ 4, 7, 12, 8 ], "texture": "#Splinter_Base" },
        "west":  { "uv": [ 13.5, 7, 14, 8 ], "texture": "#Splinter_Base" },
        "east":  { "uv": [ 2, 7, 2.5, 8 ], "texture": "#Splinter_Base" }
    }
},
{
    "__comment": "DvZ_Splinter",
    "from": [ 4.5, 4, 12 ],
    "to": [ 11.5, 4.5, 13.5 ],
    "faces": {
        "down":  { "uv": [ 11.5, 13.5, 4.5, 12 ], "texture": "#Splinter_Base" },
        "up":    { "uv": [ 4.5, 12, 11.5, 13.5 ], "texture": "#Splinter_Base" },
        "north": { "uv": [ 4.5, 11.5, 11.5, 12 ], "texture": "#Splinter_Base" },
        "south": { "uv": [ 4.5, 11.5, 11.5, 12 ], "texture": "#Splinter_Base" },
        "west":  { "uv": [ 12, 11.5, 13.5, 12 ], "texture": "#Splinter_Base" },
        "east":  { "uv": [ 2.5, 11.5, 4, 12 ], "texture": "#Splinter_Base" }
    }
},
{
    "__comment": "DvZ_Splinter",
    "from": [ 4.5, 10, 12 ],
    "to": [ 11.5, 11, 13.5 ],
    "faces": {
        "down":  { "uv": [ 11.5, 13.5, 4.5, 12 ], "texture": "#Splinter_Base" },
        "up":    { "uv": [ 4.5, 12, 11.5, 13.5 ], "texture": "#Splinter_Base" },
        "north": { "uv": [ 4.5, 5, 11.5, 6 ], "texture": "#Splinter_Base" },
        "south": { "uv": [ 4.5, 5, 11.5, 6 ], "texture": "#Splinter_Base" },
        "west":  { "uv": [ 12, 5, 13.5, 6 ], "texture": "#Splinter_Base" },
        "east":  { "uv": [ 2.5, 5, 4, 6 ], "texture": "#Splinter_Base" }
    }
},
{
    "__comment": "DvZ_Splinter",
    "from": [ 4.5, 9, 13.5 ],
    "to": [ 11.5, 10, 14 ],
    "faces": {
        "down":  { "uv": [ 11.5, 14, 4.5, 13.5 ], "texture": "#Splinter_Base" },
        "up":    { "uv": [ 4.5, 13.5, 11.5, 14 ], "texture": "#Splinter_Base" },
        "north": { "uv": [ 4.5, 6, 11.5, 7 ], "texture": "#Splinter_Base" },
        "south": { "uv": [ 4.5, 6, 11.5, 7 ], "texture": "#Splinter_Base" },
        "west":  { "uv": [ 13.5, 6, 14, 7 ], "texture": "#Splinter_Base" },
        "east":  { "uv": [ 2, 6, 2.5, 7 ], "texture": "#Splinter_Base" }
    }
},
{
    "__comment": "DvZ_Splinter",
    "from": [ 5, 11, 12 ],
    "to": [ 11, 11.5, 13.5 ],
    "faces": {
        "down":  { "uv": [ 11, 13.5, 5, 12 ], "texture": "#Splinter_Base" },
        "up":    { "uv": [ 5, 12, 11, 13.5 ], "texture": "#Splinter_Base" },
        "north": { "uv": [ 5, 4.5, 11, 5 ], "texture": "#Splinter_Base" },
        "south": { "uv": [ 5, 4.5, 11, 5 ], "texture": "#Splinter_Base" },
        "west":  { "uv": [ 12, 4.5, 13.5, 5 ], "texture": "#Splinter_Base" },
        "east":  { "uv": [ 2.5, 4.5, 4, 5 ], "texture": "#Splinter_Base" }
    }
},
{
    "__comment": "DvZ_Splinter",
    "from": [ 5, 4.5, 13.5 ],
    "to": [ 11, 5, 14 ],
    "faces": {
        "down":  { "uv": [ 11, 14, 5, 13.5 ], "texture": "#Splinter_Base" },
        "up":    { "uv": [ 5, 13.5, 11, 14 ], "texture": "#Splinter_Base" },
        "north": { "uv": [ 5, 11, 11, 11.5 ], "texture": "#Splinter_Base" },
        "south": { "uv": [ 5, 11, 11, 11.5 ], "texture": "#Splinter_Base" },
        "west":  { "uv": [ 13.5, 11, 14, 11.5 ], "texture": "#Splinter_Base" },
        "east":  { "uv": [ 2, 11, 2.5, 11.5 ], "texture": "#Splinter_Base" }
    }
},
{
    "__comment": "DvZ_Splinter",
    "from": [ 5, 10, 13.5 ],
    "to": [ 11, 11, 14 ],
    "faces": {
        "down":  { "uv": [ 11, 14, 5, 13.5 ], "texture": "#Splinter_Base" },
        "up":    { "uv": [ 5, 13.5, 11, 14 ], "texture": "#Splinter_Base" },
        "north": { "uv": [ 5, 5, 11, 6 ], "texture": "#Splinter_Base" },
        "south": { "uv": [ 5, 5, 11, 6 ], "texture": "#Splinter_Base" },
        "west":  { "uv": [ 13.5, 5, 14, 6 ], "texture": "#Splinter_Base" },
        "east":  { "uv": [ 2, 5, 2.5, 6 ], "texture": "#Splinter_Base" }
    }
},
{
    "__comment": "DvZ_Splinter",
    "from": [ 5, 6.5, 14 ],
    "to": [ 11, 8.5, 14.5 ],
    "faces": {
        "down":  { "uv": [ 11, 14.5, 5, 14 ], "texture": "#Splinter_Base" },
        "up":    { "uv": [ 5, 14, 11, 14.5 ], "texture": "#Splinter_Base" },
        "north": { "uv": [ 5, 7.5, 11, 9.5 ], "texture": "#Splinter_Base" },
        "south": { "uv": [ 5, 7.5, 11, 9.5 ], "texture": "#Splinter_Base" },
        "west":  { "uv": [ 14, 7.5, 14.5, 9.5 ], "texture": "#Splinter_Base" },
        "east":  { "uv": [ 1.5, 7.5, 2, 9.5 ], "texture": "#Splinter_Base" }
    }
},
{
    "__comment": "DvZ_Splinter",
    "from": [ 5.5, 3.5, 12 ],
    "to": [ 10.5, 4, 13.5 ],
    "faces": {
        "down":  { "uv": [ 10.5, 13.5, 5.5, 12 ], "texture": "#Splinter_Base" },
        "up":    { "uv": [ 5.5, 12, 10.5, 13.5 ], "texture": "#Splinter_Base" },
        "north": { "uv": [ 5.5, 12, 10.5, 12.5 ], "texture": "#Splinter_Base" },
        "south": { "uv": [ 5.5, 12, 10.5, 12.5 ], "texture": "#Splinter_Base" },
        "west":  { "uv": [ 12, 12, 13.5, 12.5 ], "texture": "#Splinter_Base" },
        "east":  { "uv": [ 2.5, 12, 4, 12.5 ], "texture": "#Splinter_Base" }
    }
},
{
    "__comment": "DvZ_Splinter",
    "from": [ 5.5, 11.5, 12 ],
    "to": [ 10.5, 12, 13.5 ],
    "faces": {
        "down":  { "uv": [ 10.5, 13.5, 5.5, 12 ], "texture": "#Splinter_Base" },
        "up":    { "uv": [ 5.5, 12, 10.5, 13.5 ], "texture": "#Splinter_Base" },
        "north": { "uv": [ 5.5, 4, 10.5, 4.5 ], "texture": "#Splinter_Base" },
        "south": { "uv": [ 5.5, 4, 10.5, 4.5 ], "texture": "#Splinter_Base" },
        "west":  { "uv": [ 12, 4, 13.5, 4.5 ], "texture": "#Splinter_Base" },
        "east":  { "uv": [ 2.5, 4, 4, 4.5 ], "texture": "#Splinter_Base" }
    }
},
{
    "__comment": "DvZ_Splinter_Eye",
    "from": [ 5.5, 5, 14 ],
    "to": [ 6.5, 6.5, 16 ],
    "faces": {
        "down":  { "uv": [ 10.5, 16, 9.5, 14 ], "texture": "#Splinter_Eye_S" },
        "up":    { "uv": [ 5.5, 14, 6.5, 16 ], "texture": "#Splinter_Eye_S" },
        "north": { "uv": [ 9.5, 9.5, 10.5, 11 ], "texture": "#Splinter_Eye_F" },
        "south": { "uv": [ 5.5, 9.5, 6.5, 11 ], "texture": "#Splinter_Eye_F" },
        "west":  { "uv": [ 14, 9.5, 16, 11 ], "texture": "#Splinter_Eye_S" },
        "east":  { "uv": [ 0, 9.5, 2, 11 ], "texture": "#Splinter_Eye_S" }
    }
},
{
    "__comment": "DvZ_Splinter",
    "from": [ 5.5, 8.5, 14 ],
    "to": [ 10.5, 9.5, 14.5 ],
    "faces": {
        "down":  { "uv": [ 10.5, 14.5, 5.5, 14 ], "texture": "#Splinter_Base" },
        "up":    { "uv": [ 5.5, 14, 10.5, 14.5 ], "texture": "#Splinter_Base" },
        "north": { "uv": [ 5.5, 6.5, 10.5, 7.5 ], "texture": "#Splinter_Base" },
        "south": { "uv": [ 5.5, 6.5, 10.5, 7.5 ], "texture": "#Splinter_Base" },
        "west":  { "uv": [ 14, 6.5, 14.5, 7.5 ], "texture": "#Splinter_Base" },
        "east":  { "uv": [ 1.5, 6.5, 2, 7.5 ], "texture": "#Splinter_Base" }
    }
},
{
    "__comment": "DvZ_Splinter",
    "from": [ 6, 4, 13.5 ],
    "to": [ 10, 4.5, 14 ],
    "faces": {
        "down":  { "uv": [ 10, 14, 6, 13.5 ], "texture": "#Splinter_Base" },
        "up":    { "uv": [ 6, 13.5, 10, 14 ], "texture": "#Splinter_Base" },
        "north": { "uv": [ 6, 11.5, 10, 12 ], "texture": "#Splinter_Base" },
        "south": { "uv": [ 6, 11.5, 10, 12 ], "texture": "#Splinter_Base" },
        "west":  { "uv": [ 13.5, 11.5, 14, 12 ], "texture": "#Splinter_Base" },
        "east":  { "uv": [ 2, 11.5, 2.5, 12 ], "texture": "#Splinter_Base" }
    }
},
{
    "__comment": "DvZ_Splinter",
    "from": [ 6, 11, 13.5 ],
    "to": [ 10, 11.5, 14 ],
    "faces": {
        "down":  { "uv": [ 10, 14, 6, 13.5 ], "texture": "#Splinter_Base" },
        "up":    { "uv": [ 6, 13.5, 10, 14 ], "texture": "#Splinter_Base" },
        "north": { "uv": [ 6, 4.5, 10, 5 ], "texture": "#Splinter_Base" },
        "south": { "uv": [ 6, 4.5, 10, 5 ], "texture": "#Splinter_Base" },
        "west":  { "uv": [ 13.5, 4.5, 14, 5 ], "texture": "#Splinter_Base" },
        "east":  { "uv": [ 2, 4.5, 2.5, 5 ], "texture": "#Splinter_Base" }
    }
},
{
    "__comment": "DvZ_Splinter",
    "from": [ 6, 9.5, 14 ],
    "to": [ 10, 10.5, 14.5 ],
    "faces": {
        "down":  { "uv": [ 10, 14.5, 6, 14 ], "texture": "#Splinter_Base" },
        "up":    { "uv": [ 6, 14, 10, 14.5 ], "texture": "#Splinter_Base" },
        "north": { "uv": [ 6, 5.5, 10, 6.5 ], "texture": "#Splinter_Base" },
        "south": { "uv": [ 6, 5.5, 10, 6.5 ], "texture": "#Splinter_Base" },
        "west":  { "uv": [ 14, 5.5, 14.5, 6.5 ], "texture": "#Splinter_Base" },
        "east":  { "uv": [ 1.5, 5.5, 2, 6.5 ], "texture": "#Splinter_Base" }
    }
},
{
    "__comment": "DvZ_Splinter",
    "from": [ 6.5, 12, 12 ],
    "to": [ 9.5, 12.5, 13.5 ],
    "faces": {
        "down":  { "uv": [ 9.5, 13.5, 6.5, 12 ], "texture": "#Splinter_Base" },
        "up":    { "uv": [ 6.5, 12, 9.5, 13.5 ], "texture": "#Splinter_Base" },
        "north": { "uv": [ 6.5, 3.5, 9.5, 4 ], "texture": "#Splinter_Base" },
        "south": { "uv": [ 6.5, 3.5, 9.5, 4 ], "texture": "#Splinter_Base" },
        "west":  { "uv": [ 12, 3.5, 13.5, 4 ], "texture": "#Splinter_Base" },
        "east":  { "uv": [ 2.5, 3.5, 4, 4 ], "texture": "#Splinter_Base" }
    }
},
{
    "__comment": "DvZ_Splinter",
    "from": [ 6.5, 11.5, 13.5 ],
    "to": [ 9.5, 12, 14 ],
    "faces": {
        "down":  { "uv": [ 9.5, 14, 6.5, 13.5 ], "texture": "#Splinter_Base" },
        "up":    { "uv": [ 6.5, 13.5, 9.5, 14 ], "texture": "#Splinter_Base" },
        "north": { "uv": [ 6.5, 4, 9.5, 4.5 ], "texture": "#Splinter_Base" },
        "south": { "uv": [ 6.5, 4, 9.5, 4.5 ], "texture": "#Splinter_Base" },
        "west":  { "uv": [ 13.5, 4, 14, 4.5 ], "texture": "#Splinter_Base" },
        "east":  { "uv": [ 2, 4, 2.5, 4.5 ], "texture": "#Splinter_Base" }
    }
},
{
    "__comment": "DvZ_Splinter",
    "from": [ 6.5, 5, 14 ],
    "to": [ 9.5, 6.5, 14.5 ],
    "faces": {
        "down":  { "uv": [ 9.5, 14.5, 6.5, 14 ], "texture": "#Splinter_Base" },
        "up":    { "uv": [ 6.5, 14, 9.5, 14.5 ], "texture": "#Splinter_Base" },
        "north": { "uv": [ 6.5, 9.5, 9.5, 11 ], "texture": "#Splinter_Base" },
        "south": { "uv": [ 6.5, 9.5, 9.5, 11 ], "texture": "#Splinter_Base" },
        "west":  { "uv": [ 14, 9.5, 14.5, 11 ], "texture": "#Splinter_Base" },
        "east":  { "uv": [ 1.5, 9.5, 2, 11 ], "texture": "#Splinter_Base" }
    }
},
{
    "__comment": "DvZ_Splinter",
    "from": [ 6.5, 10.5, 14 ],
    "to": [ 9.5, 11, 14.5 ],
    "faces": {
        "down":  { "uv": [ 9.5, 14.5, 6.5, 14 ], "texture": "#Splinter_Base" },
        "up":    { "uv": [ 6.5, 14, 9.5, 14.5 ], "texture": "#Splinter_Base" },
        "north": { "uv": [ 6.5, 5, 9.5, 5.5 ], "texture": "#Splinter_Base" },
        "south": { "uv": [ 6.5, 5, 9.5, 5.5 ], "texture": "#Splinter_Base" },
        "west":  { "uv": [ 14, 5, 14.5, 5.5 ], "texture": "#Splinter_Base" },
        "east":  { "uv": [ 1.5, 5, 2, 5.5 ], "texture": "#Splinter_Base" }
    }
},
{
    "__comment": "DvZ_Splinter_Eye",
    "from": [ 6.5, 7.5, 14.5 ],
    "to": [ 8, 8.5, 15 ],
    "faces": {
        "down":  { "uv": [ 9.5, 15, 8, 14.5 ], "texture": "#Splinter_Eye_S" },
        "up":    { "uv": [ 6.5, 14.5, 8, 15 ], "texture": "#Splinter_Eye_S" },
        "north": { "uv": [ 8, 7.5, 9.5, 8.5 ], "texture": "#Splinter_Eye_F" },
        "south": { "uv": [ 6.5, 7.5, 8, 8.5 ], "texture": "#Splinter_Eye_F" },
        "west":  { "uv": [ 14.5, 7.5, 15, 8.5 ], "texture": "#Splinter_Eye_S" },
        "east":  { "uv": [ 1, 7.5, 1.5, 8.5 ], "texture": "#Splinter_Eye_S" }
    }
},
{
    "__comment": "DvZ_Splinter",
    "from": [ 7, 12.5, 12 ],
    "to": [ 9, 13, 13.5 ],
    "faces": {
        "down":  { "uv": [ 9, 13.5, 7, 12 ], "texture": "#Splinter_Base" },
        "up":    { "uv": [ 7, 12, 9, 13.5 ], "texture": "#Splinter_Base" },
        "north": { "uv": [ 7, 3, 9, 3.5 ], "texture": "#Splinter_Base" },
        "south": { "uv": [ 7, 3, 9, 3.5 ], "texture": "#Splinter_Base" },
        "west":  { "uv": [ 12, 3, 13.5, 3.5 ], "texture": "#Splinter_Base" },
        "east":  { "uv": [ 2.5, 3, 4, 3.5 ], "texture": "#Splinter_Base" }
    }
},
{
    "__comment": "DvZ_Splinter",
    "from": [ 7.5, 3, 12 ],
    "to": [ 8.5, 3.5, 13.5 ],
    "faces": {
        "down":  { "uv": [ 8.5, 13.5, 7.5, 12 ], "texture": "#Splinter_Base" },
        "up":    { "uv": [ 7.5, 12, 8.5, 13.5 ], "texture": "#Splinter_Base" },
        "north": { "uv": [ 7.5, 12.5, 8.5, 13 ], "texture": "#Splinter_Base" },
        "south": { "uv": [ 7.5, 12.5, 8.5, 13 ], "texture": "#Splinter_Base" },
        "west":  { "uv": [ 12, 12.5, 13.5, 13 ], "texture": "#Splinter_Base" },
        "east":  { "uv": [ 2.5, 12.5, 4, 13 ], "texture": "#Splinter_Base" }
    }
},
{
    "__comment": "DvZ_Splinter",
    "from": [ 7.5, 12, 13.5 ],
    "to": [ 8.5, 12.5, 14 ],
    "faces": {
        "down":  { "uv": [ 8.5, 14, 7.5, 13.5 ], "texture": "#Splinter_Base" },
        "up":    { "uv": [ 7.5, 13.5, 8.5, 14 ], "texture": "#Splinter_Base" },
        "north": { "uv": [ 7.5, 3.5, 8.5, 4 ], "texture": "#Splinter_Base" },
        "south": { "uv": [ 7.5, 3.5, 8.5, 4 ], "texture": "#Splinter_Base" },
        "west":  { "uv": [ 13.5, 3.5, 14, 4 ], "texture": "#Splinter_Base" },
        "east":  { "uv": [ 2, 3.5, 2.5, 4 ], "texture": "#Splinter_Base" }
    }
},
{
    "__comment": "DvZ_Splinter_Eye",
    "from": [ 8.5, 6, 14.5 ],
    "to": [ 10.5, 7.5, 15.5 ],
    "faces": {
        "down":  { "uv": [ 7.5, 15.5, 5.5, 14.5 ], "texture": "#Splinter_Eye_S" },
        "up":    { "uv": [ 8.5, 14.5, 10.5, 15.5 ], "texture": "#Splinter_Eye_S" },
        "north": { "uv": [ 5.5, 8.5, 7.5, 10 ], "texture": "#Splinter_Eye_F" },
        "south": { "uv": [ 8.5, 8.5, 10.5, 10 ], "texture": "#Splinter_Eye_F" },
        "west":  { "uv": [ 14.5, 8.5, 15.5, 10 ], "texture": "#Splinter_Eye_S" },
        "east":  { "uv": [ 0.5, 8.5, 1.5, 10 ], "texture": "#Splinter_Eye_S" }
    }
},
{
    "__comment": "DvZ_Splinter",
    "from": [ 9.5, 5.5, 14 ],
    "to": [ 10, 6.5, 14.5 ],
    "faces": {
        "down":  { "uv": [ 6.5, 14.5, 6, 14 ], "texture": "#Splinter_Base" },
        "up":    { "uv": [ 9.5, 14, 10, 14.5 ], "texture": "#Splinter_Base" },
        "north": { "uv": [ 6, 9.5, 6.5, 10.5 ], "texture": "#Splinter_Base" },
        "south": { "uv": [ 9.5, 9.5, 10, 10.5 ], "texture": "#Splinter_Base" },
        "west":  { "uv": [ 14, 9.5, 14.5, 10.5 ], "texture": "#Splinter_Base" },
        "east":  { "uv": [ 1.5, 9.5, 2, 10.5 ], "texture": "#Splinter_Base" }
    }
},
{
    "__comment": "DvZ_Splinter",
    "from": [ 10, 6, 14 ],
    "to": [ 11, 6.5, 14.5 ],
    "faces": {
        "down":  { "uv": [ 6, 14.5, 5, 14 ], "texture": "#Splinter_Base" },
        "up":    { "uv": [ 10, 14, 11, 14.5 ], "texture": "#Splinter_Base" },
        "north": { "uv": [ 5, 9.5, 6, 10 ], "texture": "#Splinter_Base" },
        "south": { "uv": [ 10, 9.5, 11, 10 ], "texture": "#Splinter_Base" },
        "west":  { "uv": [ 14, 9.5, 14.5, 10 ], "texture": "#Splinter_Base" },
        "east":  { "uv": [ 1.5, 9.5, 2, 10 ], "texture": "#Splinter_Base" }
    }
},
{
    "__comment": "DvZ_Splinter_Wing",
    "from": [ 12, 13.5, 0 ],
    "to": [ 13, 14, 3 ],
    "faces": {
        "down":  { "uv": [ 4, 3, 3, 0 ], "texture": "#Splinter_Wing" },
        "up":    { "uv": [ 12, 0, 13, 3 ], "texture": "#Splinter_Wing" },
        "north": { "uv": [ 3, 2, 4, 2.5 ], "texture": "#Splinter_Wing" },
        "south": { "uv": [ 12, 2, 13, 2.5 ], "texture": "#Splinter_Wing" },
        "west":  { "uv": [ 0, 2, 3, 2.5 ], "texture": "#Splinter_Wing" },
        "east":  { "uv": [ 13, 2, 16, 2.5 ], "texture": "#Splinter_Wing" }
    }
},
{
    "__comment": "DvZ_Splinter_Wing",
    "from": [ 12, 14, 0 ],
    "to": [ 13, 14.5, 2.5 ],
    "faces": {
        "down":  { "uv": [ 4, 2.5, 3, 0 ], "texture": "#Splinter_Wing" },
        "up":    { "uv": [ 12, 0, 13, 2.5 ], "texture": "#Splinter_Wing" },
        "north": { "uv": [ 3, 1.5, 4, 2 ], "texture": "#Splinter_Wing" },
        "south": { "uv": [ 12, 1.5, 13, 2 ], "texture": "#Splinter_Wing" },
        "west":  { "uv": [ 0, 1.5, 2.5, 2 ], "texture": "#Splinter_Wing" },
        "east":  { "uv": [ 13.5, 1.5, 16, 2 ], "texture": "#Splinter_Wing" }
    }
},
{
    "__comment": "DvZ_Splinter_Wing",
    "from": [ 12, 14.5, 0 ],
    "to": [ 13, 15, 1.5 ],
    "faces": {
        "down":  { "uv": [ 4, 1.5, 3, 0 ], "texture": "#Splinter_Wing" },
        "up":    { "uv": [ 12, 0, 13, 1.5 ], "texture": "#Splinter_Wing" },
        "north": { "uv": [ 3, 1, 4, 1.5 ], "texture": "#Splinter_Wing" },
        "south": { "uv": [ 12, 1, 13, 1.5 ], "texture": "#Splinter_Wing" },
        "west":  { "uv": [ 0, 1, 1.5, 1.5 ], "texture": "#Splinter_Wing" },
        "east":  { "uv": [ 14.5, 1, 16, 1.5 ], "texture": "#Splinter_Wing" }
    }
},
{
    "__comment": "DvZ_Splinter_Wing",
    "from": [ 12, 15, 0 ],
    "to": [ 13, 15.5, 1 ],
    "faces": {
        "down":  { "uv": [ 4, 1, 3, 0 ], "texture": "#Splinter_Wing" },
        "up":    { "uv": [ 12, 0, 13, 1 ], "texture": "#Splinter_Wing" },
        "north": { "uv": [ 3, 0.5, 4, 1 ], "texture": "#Splinter_Wing" },
        "south": { "uv": [ 12, 0.5, 13, 1 ], "texture": "#Splinter_Wing" },
        "west":  { "uv": [ 0, 0.5, 1, 1 ], "texture": "#Splinter_Wing" },
        "east":  { "uv": [ 15, 0.5, 16, 1 ], "texture": "#Splinter_Wing" }
    }
},
{
    "__comment": "DvZ_Splinter_Wing",
    "from": [ 12, 13, 0.5 ],
    "to": [ 13, 13.5, 3.5 ],
    "faces": {
        "down":  { "uv": [ 4, 3.5, 3, 0.5 ], "texture": "#Splinter_Wing" },
        "up":    { "uv": [ 12, 0.5, 13, 3.5 ], "texture": "#Splinter_Wing" },
        "north": { "uv": [ 3, 2.5, 4, 3 ], "texture": "#Splinter_Wing" },
        "south": { "uv": [ 12, 2.5, 13, 3 ], "texture": "#Splinter_Wing" },
        "west":  { "uv": [ 0.5, 2.5, 3.5, 3 ], "texture": "#Splinter_Wing" },
        "east":  { "uv": [ 12.5, 2.5, 15.5, 3 ], "texture": "#Splinter_Wing" }
    }
},
{
    "__comment": "DvZ_Splinter_Wing",
    "from": [ 12, 12.5, 1 ],
    "to": [ 13, 13, 4 ],
    "faces": {
        "down":  { "uv": [ 4, 4, 3, 1 ], "texture": "#Splinter_Wing" },
        "up":    { "uv": [ 12, 1, 13, 4 ], "texture": "#Splinter_Wing" },
        "north": { "uv": [ 3, 3, 4, 3.5 ], "texture": "#Splinter_Wing" },
        "south": { "uv": [ 12, 3, 13, 3.5 ], "texture": "#Splinter_Wing" },
        "west":  { "uv": [ 1, 3, 4, 3.5 ], "texture": "#Splinter_Wing" },
        "east":  { "uv": [ 12, 3, 15, 3.5 ], "texture": "#Splinter_Wing" }
    }
},
{
    "__comment": "DvZ_Splinter_Wing",
    "from": [ 12, 12, 1.5 ],
    "to": [ 13.5, 12.5, 4.5 ],
    "faces": {
        "down":  { "uv": [ 4, 4.5, 2.5, 1.5 ], "texture": "#Splinter_Wing" },
        "up":    { "uv": [ 12, 1.5, 13.5, 4.5 ], "texture": "#Splinter_Wing" },
        "north": { "uv": [ 2.5, 3.5, 4, 4 ], "texture": "#Splinter_Wing" },
        "south": { "uv": [ 12, 3.5, 13.5, 4 ], "texture": "#Splinter_Wing" },
        "west":  { "uv": [ 1.5, 3.5, 4.5, 4 ], "texture": "#Splinter_Wing" },
        "east":  { "uv": [ 11.5, 3.5, 14.5, 4 ], "texture": "#Splinter_Wing" }
    }
},
{
    "__comment": "DvZ_Splinter_Wing",
    "from": [ 12, 11.5, 2 ],
    "to": [ 13.5, 12, 5 ],
    "faces": {
        "down":  { "uv": [ 4, 5, 2.5, 2 ], "texture": "#Splinter_Wing" },
        "up":    { "uv": [ 12, 2, 13.5, 5 ], "texture": "#Splinter_Wing" },
        "north": { "uv": [ 2.5, 4, 4, 4.5 ], "texture": "#Splinter_Wing" },
        "south": { "uv": [ 12, 4, 13.5, 4.5 ], "texture": "#Splinter_Wing" },
        "west":  { "uv": [ 2, 4, 5, 4.5 ], "texture": "#Splinter_Wing" },
        "east":  { "uv": [ 11, 4, 14, 4.5 ], "texture": "#Splinter_Wing" }
    }
},
{
    "__comment": "DvZ_Splinter_Wing",
    "from": [ 12, 11, 2.5 ],
    "to": [ 13.5, 11.5, 5.5 ],
    "faces": {
        "down":  { "uv": [ 4, 5.5, 2.5, 2.5 ], "texture": "#Splinter_Wing" },
        "up":    { "uv": [ 12, 2.5, 13.5, 5.5 ], "texture": "#Splinter_Wing" },
        "north": { "uv": [ 2.5, 4.5, 4, 5 ], "texture": "#Splinter_Wing" },
        "south": { "uv": [ 12, 4.5, 13.5, 5 ], "texture": "#Splinter_Wing" },
        "west":  { "uv": [ 2.5, 4.5, 5.5, 5 ], "texture": "#Splinter_Wing" },
        "east":  { "uv": [ 10.5, 4.5, 13.5, 5 ], "texture": "#Splinter_Wing" }
    }
},
{
    "__comment": "DvZ_Splinter_Wing",
    "from": [ 12, 10.5, 3 ],
    "to": [ 13.5, 11, 6 ],
    "faces": {
        "down":  { "uv": [ 4, 6, 2.5, 3 ], "texture": "#Splinter_Wing" },
        "up":    { "uv": [ 12, 3, 13.5, 6 ], "texture": "#Splinter_Wing" },
        "north": { "uv": [ 2.5, 5, 4, 5.5 ], "texture": "#Splinter_Wing" },
        "south": { "uv": [ 12, 5, 13.5, 5.5 ], "texture": "#Splinter_Wing" },
        "west":  { "uv": [ 3, 5, 6, 5.5 ], "texture": "#Splinter_Wing" },
        "east":  { "uv": [ 10, 5, 13, 5.5 ], "texture": "#Splinter_Wing" }
    }
},
{
    "__comment": "DvZ_Splinter_Wing",
    "from": [ 12, 1, 3.5 ],
    "to": [ 13, 2, 5.5 ],
    "faces": {
        "down":  { "uv": [ 4, 5.5, 3, 3.5 ], "texture": "#Splinter_Wing" },
        "up":    { "uv": [ 12, 3.5, 13, 5.5 ], "texture": "#Splinter_Wing" },
        "north": { "uv": [ 3, 14, 4, 15 ], "texture": "#Splinter_Wing" },
        "south": { "uv": [ 12, 14, 13, 15 ], "texture": "#Splinter_Wing" },
        "west":  { "uv": [ 3.5, 14, 5.5, 15 ], "texture": "#Splinter_Wing" },
        "east":  { "uv": [ 10.5, 14, 12.5, 15 ], "texture": "#Splinter_Wing" }
    }
},
{
    "__comment": "DvZ_Splinter_Wing",
    "from": [ 12, 10, 3.5 ],
    "to": [ 13.5, 10.5, 6.5 ],
    "faces": {
        "down":  { "uv": [ 4, 6.5, 2.5, 3.5 ], "texture": "#Splinter_Wing" },
        "up":    { "uv": [ 12, 3.5, 13.5, 6.5 ], "texture": "#Splinter_Wing" },
        "north": { "uv": [ 2.5, 5.5, 4, 6 ], "texture": "#Splinter_Wing" },
        "south": { "uv": [ 12, 5.5, 13.5, 6 ], "texture": "#Splinter_Wing" },
        "west":  { "uv": [ 3.5, 5.5, 6.5, 6 ], "texture": "#Splinter_Wing" },
        "east":  { "uv": [ 9.5, 5.5, 12.5, 6 ], "texture": "#Splinter_Wing" }
    }
},
{
    "__comment": "DvZ_Splinter_Wing",
    "from": [ 12, 0.5, 4 ],
    "to": [ 13, 1, 5 ],
    "faces": {
        "down":  { "uv": [ 4, 5, 3, 4 ], "texture": "#Splinter_Wing" },
        "up":    { "uv": [ 12, 4, 13, 5 ], "texture": "#Splinter_Wing" },
        "north": { "uv": [ 3, 15, 4, 15.5 ], "texture": "#Splinter_Wing" },
        "south": { "uv": [ 12, 15, 13, 15.5 ], "texture": "#Splinter_Wing" },
        "west":  { "uv": [ 4, 15, 5, 15.5 ], "texture": "#Splinter_Wing" },
        "east":  { "uv": [ 11, 15, 12, 15.5 ], "texture": "#Splinter_Wing" }
    }
},
{
    "__comment": "DvZ_Splinter_Wing",
    "from": [ 12, 2, 4 ],
    "to": [ 13, 2.5, 6.5 ],
    "faces": {
        "down":  { "uv": [ 4, 6.5, 3, 4 ], "texture": "#Splinter_Wing" },
        "up":    { "uv": [ 12, 4, 13, 6.5 ], "texture": "#Splinter_Wing" },
        "north": { "uv": [ 3, 13.5, 4, 14 ], "texture": "#Splinter_Wing" },
        "south": { "uv": [ 12, 13.5, 13, 14 ], "texture": "#Splinter_Wing" },
        "west":  { "uv": [ 4, 13.5, 6.5, 14 ], "texture": "#Splinter_Wing" },
        "east":  { "uv": [ 9.5, 13.5, 12, 14 ], "texture": "#Splinter_Wing" }
    }
},
{
    "__comment": "DvZ_Splinter_Wing",
    "from": [ 12, 9.5, 4 ],
    "to": [ 13.5, 10, 7 ],
    "faces": {
        "down":  { "uv": [ 4, 7, 2.5, 4 ], "texture": "#Splinter_Wing" },
        "up":    { "uv": [ 12, 4, 13.5, 7 ], "texture": "#Splinter_Wing" },
        "north": { "uv": [ 2.5, 6, 4, 6.5 ], "texture": "#Splinter_Wing" },
        "south": { "uv": [ 12, 6, 13.5, 6.5 ], "texture": "#Splinter_Wing" },
        "west":  { "uv": [ 4, 6, 7, 6.5 ], "texture": "#Splinter_Wing" },
        "east":  { "uv": [ 9, 6, 12, 6.5 ], "texture": "#Splinter_Wing" }
    }
},
{
    "__comment": "DvZ_Splinter_Wing",
    "from": [ 12, 2.5, 4.5 ],
    "to": [ 13.5, 3.5, 7.5 ],
    "faces": {
        "down":  { "uv": [ 4, 7.5, 2.5, 4.5 ], "texture": "#Splinter_Wing" },
        "up":    { "uv": [ 12, 4.5, 13.5, 7.5 ], "texture": "#Splinter_Wing" },
        "north": { "uv": [ 2.5, 12.5, 4, 13.5 ], "texture": "#Splinter_Wing" },
        "south": { "uv": [ 12, 12.5, 13.5, 13.5 ], "texture": "#Splinter_Wing" },
        "west":  { "uv": [ 4.5, 12.5, 7.5, 13.5 ], "texture": "#Splinter_Wing" },
        "east":  { "uv": [ 8.5, 12.5, 11.5, 13.5 ], "texture": "#Splinter_Wing" }
    }
},
{
    "__comment": "DvZ_Splinter_Wing",
    "from": [ 12, 9, 4.5 ],
    "to": [ 13.5, 9.5, 7.5 ],
    "faces": {
        "down":  { "uv": [ 4, 7.5, 2.5, 4.5 ], "texture": "#Splinter_Wing" },
        "up":    { "uv": [ 12, 4.5, 13.5, 7.5 ], "texture": "#Splinter_Wing" },
        "north": { "uv": [ 2.5, 6.5, 4, 7 ], "texture": "#Splinter_Wing" },
        "south": { "uv": [ 12, 6.5, 13.5, 7 ], "texture": "#Splinter_Wing" },
        "west":  { "uv": [ 4.5, 6.5, 7.5, 7 ], "texture": "#Splinter_Wing" },
        "east":  { "uv": [ 8.5, 6.5, 11.5, 7 ], "texture": "#Splinter_Wing" }
    }
},
{
    "__comment": "DvZ_Splinter_Wing",
    "from": [ 12, 3.5, 5 ],
    "to": [ 13.5, 4, 8.5 ],
    "faces": {
        "down":  { "uv": [ 4, 8.5, 2.5, 5 ], "texture": "#Splinter_Wing" },
        "up":    { "uv": [ 12, 5, 13.5, 8.5 ], "texture": "#Splinter_Wing" },
        "north": { "uv": [ 2.5, 12, 4, 12.5 ], "texture": "#Splinter_Wing" },
        "south": { "uv": [ 12, 12, 13.5, 12.5 ], "texture": "#Splinter_Wing" },
        "west":  { "uv": [ 5, 12, 8.5, 12.5 ], "texture": "#Splinter_Wing" },
        "east":  { "uv": [ 7.5, 12, 11, 12.5 ], "texture": "#Splinter_Wing" }
    }
},
{
    "__comment": "DvZ_Splinter",
    "from": [ 12, 5.5, 5 ],
    "to": [ 13, 7.5, 12 ],
    "faces": {
        "down":  { "uv": [ 4, 12, 3, 5 ], "texture": "#Splinter_Base" },
        "up":    { "uv": [ 12, 5, 13, 12 ], "texture": "#Splinter_Base" },
        "north": { "uv": [ 3, 8.5, 4, 10.5 ], "texture": "#Splinter_Base" },
        "south": { "uv": [ 12, 8.5, 13, 10.5 ], "texture": "#Splinter_Base" },
        "west":  { "uv": [ 5, 8.5, 12, 10.5 ], "texture": "#Splinter_Base" },
        "east":  { "uv": [ 4, 8.5, 11, 10.5 ], "texture": "#Splinter_Base" }
    }
},
{
    "__comment": "DvZ_Splinter_Wing",
    "from": [ 12, 8.5, 5 ],
    "to": [ 13.5, 9, 8.5 ],
    "faces": {
        "down":  { "uv": [ 4, 8.5, 2.5, 5 ], "texture": "#Splinter_Wing" },
        "up":    { "uv": [ 12, 5, 13.5, 8.5 ], "texture": "#Splinter_Wing" },
        "north": { "uv": [ 2.5, 7, 4, 7.5 ], "texture": "#Splinter_Wing" },
        "south": { "uv": [ 12, 7, 13.5, 7.5 ], "texture": "#Splinter_Wing" },
        "west":  { "uv": [ 5, 7, 8.5, 7.5 ], "texture": "#Splinter_Wing" },
        "east":  { "uv": [ 7.5, 7, 11, 7.5 ], "texture": "#Splinter_Wing" }
    }
},
{
    "__comment": "DvZ_Splinter_Wing",
    "from": [ 12, 1.5, 5.5 ],
    "to": [ 13, 2, 6 ],
    "faces": {
        "down":  { "uv": [ 4, 6, 3, 5.5 ], "texture": "#Splinter_Wing" },
        "up":    { "uv": [ 12, 5.5, 13, 6 ], "texture": "#Splinter_Wing" },
        "north": { "uv": [ 3, 14, 4, 14.5 ], "texture": "#Splinter_Wing" },
        "south": { "uv": [ 12, 14, 13, 14.5 ], "texture": "#Splinter_Wing" },
        "west":  { "uv": [ 5.5, 14, 6, 14.5 ], "texture": "#Splinter_Wing" },
        "east":  { "uv": [ 10, 14, 10.5, 14.5 ], "texture": "#Splinter_Wing" }
    }
},
{
    "__comment": "DvZ_Splinter_Wing",
    "from": [ 12, 4, 5.5 ],
    "to": [ 13.5, 4.5, 10.5 ],
    "faces": {
        "down":  { "uv": [ 4, 10.5, 2.5, 5.5 ], "texture": "#Splinter_Wing" },
        "up":    { "uv": [ 12, 5.5, 13.5, 10.5 ], "texture": "#Splinter_Wing" },
        "north": { "uv": [ 2.5, 11.5, 4, 12 ], "texture": "#Splinter_Wing" },
        "south": { "uv": [ 12, 11.5, 13.5, 12 ], "texture": "#Splinter_Wing" },
        "west":  { "uv": [ 5.5, 11.5, 10.5, 12 ], "texture": "#Splinter_Wing" },
        "east":  { "uv": [ 5.5, 11.5, 10.5, 12 ], "texture": "#Splinter_Wing" }
    }
},
{
    "__comment": "DvZ_Splinter",
    "from": [ 12, 5, 5.5 ],
    "to": [ 12.5, 5.5, 12 ],
    "faces": {
        "down":  { "uv": [ 4, 12, 3.5, 5.5 ], "texture": "#Splinter_Base" },
        "up":    { "uv": [ 12, 5.5, 12.5, 12 ], "texture": "#Splinter_Base" },
        "north": { "uv": [ 3.5, 10.5, 4, 11 ], "texture": "#Splinter_Base" },
        "south": { "uv": [ 12, 10.5, 12.5, 11 ], "texture": "#Splinter_Base" },
        "west":  { "uv": [ 5.5, 10.5, 12, 11 ], "texture": "#Splinter_Base" },
        "east":  { "uv": [ 4, 10.5, 10.5, 11 ], "texture": "#Splinter_Base" }
    }
},
{
    "__comment": "DvZ_Splinter_Wing",
    "from": [ 12, 7.5, 5.5 ],
    "to": [ 13.5, 8, 11 ],
    "faces": {
        "down":  { "uv": [ 4, 11, 2.5, 5.5 ], "texture": "#Splinter_Wing" },
        "up":    { "uv": [ 12, 5.5, 13.5, 11 ], "texture": "#Splinter_Wing" },
        "north": { "uv": [ 2.5, 8, 4, 8.5 ], "texture": "#Splinter_Wing" },
        "south": { "uv": [ 12, 8, 13.5, 8.5 ], "texture": "#Splinter_Wing" },
        "west":  { "uv": [ 5.5, 8, 11, 8.5 ], "texture": "#Splinter_Wing" },
        "east":  { "uv": [ 5, 8, 10.5, 8.5 ], "texture": "#Splinter_Wing" }
    }
},
{
    "__comment": "DvZ_Splinter_Wing",
    "from": [ 12, 8, 5.5 ],
    "to": [ 13.5, 8.5, 10 ],
    "faces": {
        "down":  { "uv": [ 4, 10, 2.5, 5.5 ], "texture": "#Splinter_Wing" },
        "up":    { "uv": [ 12, 5.5, 13.5, 10 ], "texture": "#Splinter_Wing" },
        "north": { "uv": [ 2.5, 7.5, 4, 8 ], "texture": "#Splinter_Wing" },
        "south": { "uv": [ 12, 7.5, 13.5, 8 ], "texture": "#Splinter_Wing" },
        "west":  { "uv": [ 5.5, 7.5, 10, 8 ], "texture": "#Splinter_Wing" },
        "east":  { "uv": [ 6, 7.5, 10.5, 8 ], "texture": "#Splinter_Wing" }
    }
},
{
    "__comment": "DvZ_Splinter",
    "from": [ 12, 4.5, 6 ],
    "to": [ 13, 5, 12 ],
    "faces": {
        "down":  { "uv": [ 4, 12, 3, 6 ], "texture": "#Splinter_Base" },
        "up":    { "uv": [ 12, 6, 13, 12 ], "texture": "#Splinter_Base" },
        "north": { "uv": [ 3, 11, 4, 11.5 ], "texture": "#Splinter_Base" },
        "south": { "uv": [ 12, 11, 13, 11.5 ], "texture": "#Splinter_Base" },
        "west":  { "uv": [ 6, 11, 12, 11.5 ], "texture": "#Splinter_Base" },
        "east":  { "uv": [ 4, 11, 10, 11.5 ], "texture": "#Splinter_Base" }
    }
},
{
    "__comment": "DvZ_Splinter_Wing",
    "from": [ 12, 3, 7.5 ],
    "to": [ 13.5, 3.5, 8 ],
    "faces": {
        "down":  { "uv": [ 4, 8, 2.5, 7.5 ], "texture": "#Splinter_Wing" },
        "up":    { "uv": [ 12, 7.5, 13.5, 8 ], "texture": "#Splinter_Wing" },
        "north": { "uv": [ 2.5, 12.5, 4, 13 ], "texture": "#Splinter_Wing" },
        "south": { "uv": [ 12, 12.5, 13.5, 13 ], "texture": "#Splinter_Wing" },
        "west":  { "uv": [ 7.5, 12.5, 8, 13 ], "texture": "#Splinter_Wing" },
        "east":  { "uv": [ 8, 12.5, 8.5, 13 ], "texture": "#Splinter_Wing" }
    }
},
{
    "__comment": "DvZ_Splinter",
    "from": [ 12.5, 5, 6 ],
    "to": [ 13, 5.5, 12 ],
    "faces": {
        "down":  { "uv": [ 3.5, 12, 3, 6 ], "texture": "#Splinter_Base" },
        "up":    { "uv": [ 12.5, 6, 13, 12 ], "texture": "#Splinter_Base" },
        "north": { "uv": [ 3, 10.5, 3.5, 11 ], "texture": "#Splinter_Base" },
        "south": { "uv": [ 12.5, 10.5, 13, 11 ], "texture": "#Splinter_Base" },
        "west":  { "uv": [ 6, 10.5, 12, 11 ], "texture": "#Splinter_Base" },
        "east":  { "uv": [ 4, 10.5, 10, 11 ], "texture": "#Splinter_Base" }
    }
},
{
    "__comment": "DvZ_Splinter_Wing",
    "from": [ 13, 12.5, 2 ],
    "to": [ 13.5, 13, 4 ],
    "faces": {
        "down":  { "uv": [ 3, 4, 2.5, 2 ], "texture": "#Splinter_Wing" },
        "up":    { "uv": [ 13, 2, 13.5, 4 ], "texture": "#Splinter_Wing" },
        "north": { "uv": [ 2.5, 3, 3, 3.5 ], "texture": "#Splinter_Wing" },
        "south": { "uv": [ 13, 3, 13.5, 3.5 ], "texture": "#Splinter_Wing" },
        "west":  { "uv": [ 2, 3, 4, 3.5 ], "texture": "#Splinter_Wing" },
        "east":  { "uv": [ 12, 3, 14, 3.5 ], "texture": "#Splinter_Wing" }
    }
},
{
    "__comment": "DvZ_Splinter_Wing",
    "from": [ 13, 13, 2.5 ],
    "to": [ 13.5, 13.5, 3.5 ],
    "faces": {
        "down":  { "uv": [ 3, 3.5, 2.5, 2.5 ], "texture": "#Splinter_Wing" },
        "up":    { "uv": [ 13, 2.5, 13.5, 3.5 ], "texture": "#Splinter_Wing" },
        "north": { "uv": [ 2.5, 2.5, 3, 3 ], "texture": "#Splinter_Wing" },
        "south": { "uv": [ 13, 2.5, 13.5, 3 ], "texture": "#Splinter_Wing" },
        "west":  { "uv": [ 2.5, 2.5, 3.5, 3 ], "texture": "#Splinter_Wing" },
        "east":  { "uv": [ 12.5, 2.5, 13.5, 3 ], "texture": "#Splinter_Wing" }
    }
},
{
    "__comment": "DvZ_Splinter_Wing",
    "from": [ 13, 2, 5 ],
    "to": [ 13.5, 2.5, 6.5 ],
    "faces": {
        "down":  { "uv": [ 3, 6.5, 2.5, 5 ], "texture": "#Splinter_Wing" },
        "up":    { "uv": [ 13, 5, 13.5, 6.5 ], "texture": "#Splinter_Wing" },
        "north": { "uv": [ 2.5, 13.5, 3, 14 ], "texture": "#Splinter_Wing" },
        "south": { "uv": [ 13, 13.5, 13.5, 14 ], "texture": "#Splinter_Wing" },
        "west":  { "uv": [ 5, 13.5, 6.5, 14 ], "texture": "#Splinter_Wing" },
        "east":  { "uv": [ 9.5, 13.5, 11, 14 ], "texture": "#Splinter_Wing" }
    }
},
{
    "__comment": "DvZ_Splinter",
    "from": [ 13, 4.5, 7.5 ],
    "to": [ 13.5, 5, 10.5 ],
    "faces": {
        "down":  { "uv": [ 3, 10.5, 2.5, 7.5 ], "texture": "#Splinter_Base" },
        "up":    { "uv": [ 13, 7.5, 13.5, 10.5 ], "texture": "#Splinter_Base" },
        "north": { "uv": [ 2.5, 11, 3, 11.5 ], "texture": "#Splinter_Base" },
        "south": { "uv": [ 13, 11, 13.5, 11.5 ], "texture": "#Splinter_Base" },
        "west":  { "uv": [ 7.5, 11, 10.5, 11.5 ], "texture": "#Splinter_Base" },
        "east":  { "uv": [ 5.5, 11, 8.5, 11.5 ], "texture": "#Splinter_Base" }
    }
},
{
    "__comment": "DvZ_Splinter",
    "from": [ 13, 7, 7.5 ],
    "to": [ 13.5, 7.5, 11 ],
    "faces": {
        "down":  { "uv": [ 3, 11, 2.5, 7.5 ], "texture": "#Splinter_Base" },
        "up":    { "uv": [ 13, 7.5, 13.5, 11 ], "texture": "#Splinter_Base" },
        "north": { "uv": [ 2.5, 8.5, 3, 9 ], "texture": "#Splinter_Base" },
        "south": { "uv": [ 13, 8.5, 13.5, 9 ], "texture": "#Splinter_Base" },
        "west":  { "uv": [ 7.5, 8.5, 11, 9 ], "texture": "#Splinter_Base" },
        "east":  { "uv": [ 5, 8.5, 8.5, 9 ], "texture": "#Splinter_Base" }
    }
},
{
    "__comment": "DvZ_Splinter",
    "from": [ 13, 5, 7 ],
    "to": [ 13.5, 5.5, 11 ],
    "faces": {
        "down":  { "uv": [ 3, 11, 2.5, 7 ], "texture": "#Splinter_Base" },
        "up":    { "uv": [ 13, 7, 13.5, 11 ], "texture": "#Splinter_Base" },
        "north": { "uv": [ 2.5, 10.5, 3, 11 ], "texture": "#Splinter_Base" },
        "south": { "uv": [ 13, 10.5, 13.5, 11 ], "texture": "#Splinter_Base" },
        "west":  { "uv": [ 7, 10.5, 11, 11 ], "texture": "#Splinter_Base" },
        "east":  { "uv": [ 5, 10.5, 9, 11 ], "texture": "#Splinter_Base" }
    }
},
{
    "__comment": "DvZ_Splinter_Wing",
    "from": [ 13, 6.5, 6.5 ],
    "to": [ 13.5, 7, 7 ],
    "faces": {
        "down":  { "uv": [ 3, 7, 2.5, 6.5 ], "texture": "#Splinter_Wing" },
        "up":    { "uv": [ 13, 6.5, 13.5, 7 ], "texture": "#Splinter_Wing" },
        "north": { "uv": [ 2.5, 9, 3, 9.5 ], "texture": "#Splinter_Wing" },
        "south": { "uv": [ 13, 9, 13.5, 9.5 ], "texture": "#Splinter_Wing" },
        "west":  { "uv": [ 6.5, 9, 7, 9.5 ], "texture": "#Splinter_Wing" },
        "east":  { "uv": [ 9, 9, 9.5, 9.5 ], "texture": "#Splinter_Wing" }
    }
},
{
    "__comment": "DvZ_Splinter",
    "from": [ 13, 5.5, 7 ],
    "to": [ 13.5, 7, 11.5 ],
    "faces": {
        "down":  { "uv": [ 3, 11.5, 2.5, 7 ], "texture": "#Splinter_Base" },
        "up":    { "uv": [ 13, 7, 13.5, 11.5 ], "texture": "#Splinter_Base" },
        "north": { "uv": [ 2.5, 9, 3, 10.5 ], "texture": "#Splinter_Base" },
        "south": { "uv": [ 13, 9, 13.5, 10.5 ], "texture": "#Splinter_Base" },
        "west":  { "uv": [ 7, 9, 11.5, 10.5 ], "texture": "#Splinter_Base" },
        "east":  { "uv": [ 4.5, 9, 9, 10.5 ], "texture": "#Splinter_Base" }
    }
},
{
    "__comment": "DvZ_Splinter",
    "from": [ 13.5, 5, 7 ],
    "to": [ 14, 7, 11 ],
    "faces": {
        "down":  { "uv": [ 2.5, 11, 2, 7 ], "texture": "#Splinter_Base" },
        "up":    { "uv": [ 13.5, 7, 14, 11 ], "texture": "#Splinter_Base" },
        "north": { "uv": [ 2, 9, 2.5, 11 ], "texture": "#Splinter_Base" },
        "south": { "uv": [ 13.5, 9, 14, 11 ], "texture": "#Splinter_Base" },
        "west":  { "uv": [ 7, 9, 11, 11 ], "texture": "#Splinter_Base" },
        "east":  { "uv": [ 5, 9, 9, 11 ], "texture": "#Splinter_Base" }
    }
},
{
    "__comment": "DvZ_Splinter",
    "from": [ 13.5, 4.5, 7.5 ],
    "to": [ 14, 5, 10.5 ],
    "faces": {
        "down":  { "uv": [ 2.5, 10.5, 2, 7.5 ], "texture": "#Splinter_Base" },
        "up":    { "uv": [ 13.5, 7.5, 14, 10.5 ], "texture": "#Splinter_Base" },
        "north": { "uv": [ 2, 11, 2.5, 11.5 ], "texture": "#Splinter_Base" },
        "south": { "uv": [ 13.5, 11, 14, 11.5 ], "texture": "#Splinter_Base" },
        "west":  { "uv": [ 7.5, 11, 10.5, 11.5 ], "texture": "#Splinter_Base" },
        "east":  { "uv": [ 5.5, 11, 8.5, 11.5 ], "texture": "#Splinter_Base" }
    }
},
{
    "__comment": "DvZ_Splinter",
    "from": [ 13.5, 7, 7.5 ],
    "to": [ 14, 7.5, 11 ],
    "faces": {
        "down":  { "uv": [ 2.5, 11, 2, 7.5 ], "texture": "#Splinter_Base" },
        "up":    { "uv": [ 13.5, 7.5, 14, 11 ], "texture": "#Splinter_Base" },
        "north": { "uv": [ 2, 8.5, 2.5, 9 ], "texture": "#Splinter_Base" },
        "south": { "uv": [ 13.5, 8.5, 14, 9 ], "texture": "#Splinter_Base" },
        "west":  { "uv": [ 7.5, 8.5, 11, 9 ], "texture": "#Splinter_Base" },
        "east":  { "uv": [ 5, 8.5, 8.5, 9 ], "texture": "#Splinter_Base" }
    }
},
{
    "__comment": "DvZ_Splinter",
    "from": [ 13.5, 7.5, 7.5 ],
    "to": [ 14, 8, 10.5 ],
    "faces": {
        "down":  { "uv": [ 2.5, 10.5, 2, 7.5 ], "texture": "#Splinter_Base" },
        "up":    { "uv": [ 13.5, 7.5, 14, 10.5 ], "texture": "#Splinter_Base" },
        "north": { "uv": [ 2, 8, 2.5, 8.5 ], "texture": "#Splinter_Base" },
        "south": { "uv": [ 13.5, 8, 14, 8.5 ], "texture": "#Splinter_Base" },
        "west":  { "uv": [ 7.5, 8, 10.5, 8.5 ], "texture": "#Splinter_Base" },
        "east":  { "uv": [ 5.5, 8, 8.5, 8.5 ], "texture": "#Splinter_Base" }
    }
},
{
    "__comment": "DvZ_Splinter",
    "from": [ 13.5, 4, 8 ],
    "to": [ 14, 4.5, 10 ],
    "faces": {
        "down":  { "uv": [ 2.5, 10, 2, 8 ], "texture": "#Splinter_Base" },
        "up":    { "uv": [ 13.5, 8, 14, 10 ], "texture": "#Splinter_Base" },
        "north": { "uv": [ 2, 11.5, 2.5, 12 ], "texture": "#Splinter_Base" },
        "south": { "uv": [ 13.5, 11.5, 14, 12 ], "texture": "#Splinter_Base" },
        "west":  { "uv": [ 8, 11.5, 10, 12 ], "texture": "#Splinter_Base" },
        "east":  { "uv": [ 6, 11.5, 8, 12 ], "texture": "#Splinter_Base" }
    }
},
{
    "__comment": "DvZ_Splinter",
    "from": [ 2, 7.5, 7.5 ],
    "to": [ 2.5, 8, 10.5 ],
    "faces": {
        "down":  { "uv": [ 14, 10.5, 13.5, 7.5 ], "texture": "#Splinter_Base" },
        "up":    { "uv": [ 2, 7.5, 2.5, 10.5 ], "texture": "#Splinter_Base" },
        "north": { "uv": [ 13.5, 8, 14, 8.5 ], "texture": "#Splinter_Base" },
        "south": { "uv": [ 2, 8, 2.5, 8.5 ], "texture": "#Splinter_Base" },
        "west":  { "uv": [ 7.5, 8, 10.5, 8.5 ], "texture": "#Splinter_Base" },
        "east":  { "uv": [ 5.5, 8, 8.5, 8.5 ], "texture": "#Splinter_Base" }
    }
},
{
    "__comment": "DvZ_Splinter",
    "from": [ 2, 4, 8 ],
    "to": [ 2.5, 4.5, 10 ],
    "faces": {
        "down":  { "uv": [ 14, 10, 13.5, 8 ], "texture": "#Splinter_Base" },
        "up":    { "uv": [ 2, 8, 2.5, 10 ], "texture": "#Splinter_Base" },
        "north": { "uv": [ 13.5, 11.5, 14, 12 ], "texture": "#Splinter_Base" },
        "south": { "uv": [ 2, 11.5, 2.5, 12 ], "texture": "#Splinter_Base" },
        "west":  { "uv": [ 8, 11.5, 10, 12 ], "texture": "#Splinter_Base" },
        "east":  { "uv": [ 6, 11.5, 8, 12 ], "texture": "#Splinter_Base" }
    }
},
{
    "__comment": "DvZ_Splinter",
    "from": [ 3, 6.5, 6.5 ],
    "to": [ 4, 7, 7 ],
    "faces": {
        "down":  { "uv": [ 13, 7, 12, 6.5 ], "texture": "#Splinter_Base" },
        "up":    { "uv": [ 3, 6.5, 4, 7 ], "texture": "#Splinter_Base" },
        "north": { "uv": [ 12, 9, 13, 9.5 ], "texture": "#Splinter_Base" },
        "south": { "uv": [ 3, 9, 4, 9.5 ], "texture": "#Splinter_Base" },
        "west":  { "uv": [ 6.5, 9, 7, 9.5 ], "texture": "#Splinter_Base" },
        "east":  { "uv": [ 9, 9, 9.5, 9.5 ], "texture": "#Splinter_Base" }
    }
},
{
    "__comment": "DvZ_Splinter",
    "from": [ 3, 4.5, 6 ],
    "to": [ 4, 5, 7.5 ],
    "faces": {
        "down":  { "uv": [ 13, 7.5, 12, 6 ], "texture": "#Splinter_Base" },
        "up":    { "uv": [ 3, 6, 4, 7.5 ], "texture": "#Splinter_Base" },
        "north": { "uv": [ 12, 11, 13, 11.5 ], "texture": "#Splinter_Base" },
        "south": { "uv": [ 3, 11, 4, 11.5 ], "texture": "#Splinter_Base" },
        "west":  { "uv": [ 6, 11, 7.5, 11.5 ], "texture": "#Splinter_Base" },
        "east":  { "uv": [ 8.5, 11, 10, 11.5 ], "texture": "#Splinter_Base" }
    }
},
{
    "__comment": "DvZ_Splinter",
    "from": [ 3, 5, 6.5 ],
    "to": [ 4, 5.5, 7 ],
    "faces": {
        "down":  { "uv": [ 13, 7, 12, 6.5 ], "texture": "#Splinter_Base" },
        "up":    { "uv": [ 3, 6.5, 4, 7 ], "texture": "#Splinter_Base" },
        "north": { "uv": [ 12, 10.5, 13, 11 ], "texture": "#Splinter_Base" },
        "south": { "uv": [ 3, 10.5, 4, 11 ], "texture": "#Splinter_Base" },
        "west":  { "uv": [ 6.5, 10.5, 7, 11 ], "texture": "#Splinter_Base" },
        "east":  { "uv": [ 9, 10.5, 9.5, 11 ], "texture": "#Splinter_Base" }
    }
},
{
    "__comment": "DvZ_Splinter",
    "from": [ 3, 7, 6 ],
    "to": [ 4, 7.5, 7.5 ],
    "faces": {
        "down":  { "uv": [ 13, 7.5, 12, 6 ], "texture": "#Splinter_Base" },
        "up":    { "uv": [ 3, 6, 4, 7.5 ], "texture": "#Splinter_Base" },
        "north": { "uv": [ 12, 8.5, 13, 9 ], "texture": "#Splinter_Base" },
        "south": { "uv": [ 3, 8.5, 4, 9 ], "texture": "#Splinter_Base" },
        "west":  { "uv": [ 6, 8.5, 7.5, 9 ], "texture": "#Splinter_Base" },
        "east":  { "uv": [ 8.5, 8.5, 10, 9 ], "texture": "#Splinter_Base" }
    }
},
{
    "__comment": "DvZ_Splinter_Wing",
    "from": [ 2.5, 4.5, 10.5 ],
    "to": [ 3, 5, 11 ],
    "faces": {
        "down":  { "uv": [ 13.5, 11, 13, 10.5 ], "texture": "#Splinter_Wing" },
        "up":    { "uv": [ 2.5, 10.5, 3, 11 ], "texture": "#Splinter_Wing" },
        "north": { "uv": [ 13, 11, 13.5, 11.5 ], "texture": "#Splinter_Wing" },
        "south": { "uv": [ 2.5, 11, 3, 11.5 ], "texture": "#Splinter_Wing" },
        "west":  { "uv": [ 10.5, 11, 11, 11.5 ], "texture": "#Splinter_Wing" },
        "east":  { "uv": [ 5, 11, 5.5, 11.5 ], "texture": "#Splinter_Wing" }
    }
},
{
    "__comment": "DvZ_Splinter_Wing",
    "from": [ 13, 7, 6 ],
    "to": [ 13.5, 7.5, 7.5 ],
    "faces": {
        "down":  { "uv": [ 3, 7.5, 2.5, 6 ], "texture": "#Splinter_Wing" },
        "up":    { "uv": [ 13, 6, 13.5, 7.5 ], "texture": "#Splinter_Wing" },
        "north": { "uv": [ 2.5, 8.5, 3, 9 ], "texture": "#Splinter_Wing" },
        "south": { "uv": [ 13, 8.5, 13.5, 9 ], "texture": "#Splinter_Wing" },
        "west":  { "uv": [ 6, 8.5, 7.5, 9 ], "texture": "#Splinter_Wing" },
        "east":  { "uv": [ 8.5, 8.5, 10, 9 ], "texture": "#Splinter_Wing" }
    }
},
{
    "__comment": "DvZ_Splinter_Wing",
    "from": [ 13, 4.5, 6 ],
    "to": [ 13.5, 5, 7.5 ],
    "faces": {
        "down":  { "uv": [ 3, 7.5, 2.5, 6 ], "texture": "#Splinter_Wing" },
        "up":    { "uv": [ 13, 6, 13.5, 7.5 ], "texture": "#Splinter_Wing" },
        "north": { "uv": [ 2.5, 11, 3, 11.5 ], "texture": "#Splinter_Wing" },
        "south": { "uv": [ 13, 11, 13.5, 11.5 ], "texture": "#Splinter_Wing" },
        "west":  { "uv": [ 6, 11, 7.5, 11.5 ], "texture": "#Splinter_Wing" },
        "east":  { "uv": [ 8.5, 11, 10, 11.5 ], "texture": "#Splinter_Wing" }
    }
},
{
    "__comment": "DvZ_Splinter_Wing",
    "from": [ 13, 5, 6.5 ],
    "to": [ 13.5, 5.5, 7 ],
    "faces": {
        "down":  { "uv": [ 3, 7, 2.5, 6.5 ], "texture": "#Splinter_Wing" },
        "up":    { "uv": [ 13, 6.5, 13.5, 7 ], "texture": "#Splinter_Wing" },
        "north": { "uv": [ 2.5, 10.5, 3, 11 ], "texture": "#Splinter_Wing" },
        "south": { "uv": [ 13, 10.5, 13.5, 11 ], "texture": "#Splinter_Wing" },
        "west":  { "uv": [ 6.5, 10.5, 7, 11 ], "texture": "#Splinter_Wing" },
        "east":  { "uv": [ 9, 10.5, 9.5, 11 ], "texture": "#Splinter_Wing" }
    }
},
{
    "__comment": "DvZ_Splinter_Wing",
    "from": [ 13, 4.5, 10.5 ],
    "to": [ 13.5, 5, 11 ],
    "faces": {
        "down":  { "uv": [ 3, 11, 2.5, 10.5 ], "texture": "#Splinter_Wing" },
        "up":    { "uv": [ 13, 10.5, 13.5, 11 ], "texture": "#Splinter_Wing" },
        "north": { "uv": [ 2.5, 11, 3, 11.5 ], "texture": "#Splinter_Wing" },
        "south": { "uv": [ 13, 11, 13.5, 11.5 ], "texture": "#Splinter_Wing" },
        "west":  { "uv": [ 10.5, 11, 11, 11.5 ], "texture": "#Splinter_Wing" },
        "east":  { "uv": [ 5, 11, 5.5, 11.5 ], "texture": "#Splinter_Wing" }
    }
}
],
"display": {
    "thirdperson": {
        "rotation": [ -20, 147, 170 ],
        "translation": [ 0, 1.5, -2.7 ],
        "scale": [ 0.37, 0.37, 0.37 ]
    },
    "head": {
        "rotation": [ 0, 180, 0 ],
        "translation": [ 0, 2.5, 0 ],
        "scale": [ 1.75, 1.75, 1.75 ]
    },
    "ground": {
        "rotation": [ 0, 0, 0 ],
        "translation": [ 0, 0, 0 ],
        "scale": [ 2, 2, 2 ]
    },
    "fixed": {
        "rotation": [ 0, 180, 0 ],
        "translation": [ 0, 0, 0 ],
        "scale": [ 1, 1, 1 ]
    },
    "firstperson": {
        "rotation": [ 0, 152, 0 ],
        "translation": [ 1.4, 1.4, 1.1 ],
        "scale": [ 1.5, 1.5, 1.5 ]
    },
    "gui": {
        "rotation": [ 0, 90, 0 ],
        "translation": [ 0, 0, 0 ],
        "scale": [ 1, 1, 1 ]
    }
}
}