{
"__comment": "Tiara",
"__comment": "Not to be reused. Created for the Lords of Minecraft Server",
"textures": {
    "gem": "block/hats/hats_crown1",
    "crown": "block/hats/hats_tiara"
},
"elements": [ 
{
    "__comment": "Gem",
    "from": [ 0.5, 4, 2 ],
    "to": [ 1, 5.5, 3.5 ],
    "faces": {
        "down":  { "uv": [ 0.5, 3.5, 1, 2 ], "texture": "#gem" },
        "up":    { "uv": [ 0.5, 2, 1, 3.5 ], "texture": "#gem" },
        "north": { "uv": [ 15, 10.5, 15.5, 12 ], "texture": "#gem" },
        "south": { "uv": [ 0.5, 10.5, 1, 12 ], "texture": "#gem" },
        "west":  { "uv": [ 2, 10.5, 3.5, 12 ], "texture": "#gem" },
        "east":  { "uv": [ 12.5, 10.5, 14, 12 ], "texture": "#gem" }
    }
},
{
    "__comment": "Crown",
    "from": [ 1.5, 4, 5 ],
    "to": [ 4, 5.5, 6.5 ],
    "faces": {
        "down":  { "uv": [ 1.5, 6.5, 4, 5 ], "texture": "#crown" },
        "up":    { "uv": [ 1.5, 5, 4, 6.5 ], "texture": "#crown" },
        "north": { "uv": [ 12, 10.5, 14.5, 12 ], "texture": "#crown" },
        "south": { "uv": [ 1.5, 10.5, 4, 12 ], "texture": "#crown" },
        "west":  { "uv": [ 5, 10.5, 6.5, 12 ], "texture": "#crown" },
        "east":  { "uv": [ 9.5, 10.5, 11, 12 ], "texture": "#crown" }
    }
},
{
    "__comment": "Crown",
    "from": [ 1.5, 4, 8 ],
    "to": [ 4, 5.5, 9.5 ],
    "faces": {
        "down":  { "uv": [ 1.5, 9.5, 4, 8 ], "texture": "#crown" },
        "up":    { "uv": [ 1.5, 8, 4, 9.5 ], "texture": "#crown" },
        "north": { "uv": [ 12, 10.5, 14.5, 12 ], "texture": "#crown" },
        "south": { "uv": [ 1.5, 10.5, 4, 12 ], "texture": "#crown" },
        "west":  { "uv": [ 8, 10.5, 9.5, 12 ], "texture": "#crown" },
        "east":  { "uv": [ 6.5, 10.5, 8, 12 ], "texture": "#crown" }
    }
},
{
    "__comment": "Gem",
    "from": [ 0.5, 4, 11 ],
    "to": [ 1.5, 5.5, 13 ],
    "faces": {
        "down":  { "uv": [ 0.5, 13, 1.5, 11 ], "texture": "#gem" },
        "up":    { "uv": [ 0.5, 11, 1.5, 13 ], "texture": "#gem" },
        "north": { "uv": [ 14.5, 10.5, 15.5, 12 ], "texture": "#gem" },
        "south": { "uv": [ 0.5, 10.5, 1.5, 12 ], "texture": "#gem" },
        "west":  { "uv": [ 11, 10.5, 13, 12 ], "texture": "#gem" },
        "east":  { "uv": [ 3, 10.5, 5, 12 ], "texture": "#gem" }
    }
},
{
    "__comment": "Crown",
    "from": [ 1, 3.5, 2 ],
    "to": [ 15, 4, 3.5 ],
    "faces": {
        "down":  { "uv": [ 1, 3.5, 15, 2 ], "texture": "#crown" },
        "up":    { "uv": [ 1, 2, 15, 3.5 ], "texture": "#crown" },
        "north": { "uv": [ 1, 12, 15, 12.5 ], "texture": "#crown" },
        "south": { "uv": [ 1, 12, 15, 12.5 ], "texture": "#crown" },
        "west":  { "uv": [ 2, 12, 3.5, 12.5 ], "texture": "#crown" },
        "east":  { "uv": [ 12.5, 12, 14, 12.5 ], "texture": "#crown" }
    }
},
{
    "__comment": "Crown",
    "from": [ 1, 3.5, 5 ],
    "to": [ 4, 4, 7 ],
    "faces": {
        "down":  { "uv": [ 1, 7, 4, 5 ], "texture": "#crown" },
        "up":    { "uv": [ 1, 5, 4, 7 ], "texture": "#crown" },
        "north": { "uv": [ 12, 12, 15, 12.5 ], "texture": "#crown" },
        "south": { "uv": [ 1, 12, 4, 12.5 ], "texture": "#crown" },
        "west":  { "uv": [ 5, 12, 7, 12.5 ], "texture": "#crown" },
        "east":  { "uv": [ 9, 12, 11, 12.5 ], "texture": "#crown" }
    }
},
{
    "__comment": "Crown",
    "from": [ 1, 4, 6.5 ],
    "to": [ 4, 5.5, 7 ],
    "faces": {
        "down":  { "uv": [ 1, 7, 4, 6.5 ], "texture": "#crown" },
        "up":    { "uv": [ 1, 6.5, 4, 7 ], "texture": "#crown" },
        "north": { "uv": [ 12, 10.5, 15, 12 ], "texture": "#crown" },
        "south": { "uv": [ 1, 10.5, 4, 12 ], "texture": "#crown" },
        "west":  { "uv": [ 6.5, 10.5, 7, 12 ], "texture": "#crown" },
        "east":  { "uv": [ 9, 10.5, 9.5, 12 ], "texture": "#crown" }
    }
},
{
    "__comment": "Crown",
    "from": [ 1, 3.5, 8 ],
    "to": [ 4, 4, 10 ],
    "faces": {
        "down":  { "uv": [ 1, 10, 4, 8 ], "texture": "#crown" },
        "up":    { "uv": [ 1, 8, 4, 10 ], "texture": "#crown" },
        "north": { "uv": [ 12, 12, 15, 12.5 ], "texture": "#crown" },
        "south": { "uv": [ 1, 12, 4, 12.5 ], "texture": "#crown" },
        "west":  { "uv": [ 8, 12, 10, 12.5 ], "texture": "#crown" },
        "east":  { "uv": [ 6, 12, 8, 12.5 ], "texture": "#crown" }
    }
},
{
    "__comment": "Crown",
    "from": [ 1, 4, 9.5 ],
    "to": [ 4, 5.5, 10 ],
    "faces": {
        "down":  { "uv": [ 1, 10, 4, 9.5 ], "texture": "#crown" },
        "up":    { "uv": [ 1, 9.5, 4, 10 ], "texture": "#crown" },
        "north": { "uv": [ 12, 10.5, 15, 12 ], "texture": "#crown" },
        "south": { "uv": [ 1, 10.5, 4, 12 ], "texture": "#crown" },
        "west":  { "uv": [ 9.5, 10.5, 10, 12 ], "texture": "#crown" },
        "east":  { "uv": [ 6, 10.5, 6.5, 12 ], "texture": "#crown" }
    }
},
{
    "__comment": "Crown",
    "from": [ 1, 3.5, 11 ],
    "to": [ 4, 4, 13 ],
    "faces": {
        "down":  { "uv": [ 1, 13, 4, 11 ], "texture": "#crown" },
        "up":    { "uv": [ 1, 11, 4, 13 ], "texture": "#crown" },
        "north": { "uv": [ 12, 12, 15, 12.5 ], "texture": "#crown" },
        "south": { "uv": [ 1, 12, 4, 12.5 ], "texture": "#crown" },
        "west":  { "uv": [ 11, 12, 13, 12.5 ], "texture": "#crown" },
        "east":  { "uv": [ 3, 12, 5, 12.5 ], "texture": "#crown" }
    }
},
{
    "__comment": "Crown",
    "from": [ 1.5, 3, 1 ],
    "to": [ 4, 3.5, 13.5 ],
    "faces": {
        "down":  { "uv": [ 1.5, 13.5, 4, 1 ], "texture": "#crown" },
        "up":    { "uv": [ 1.5, 1, 4, 13.5 ], "texture": "#crown" },
        "north": { "uv": [ 12, 12.5, 14.5, 13 ], "texture": "#crown" },
        "south": { "uv": [ 1.5, 12.5, 4, 13 ], "texture": "#crown" },
        "west":  { "uv": [ 1, 12.5, 13.5, 13 ], "texture": "#crown" },
        "east":  { "uv": [ 2.5, 12.5, 15, 13 ], "texture": "#crown" }
    }
},
{
    "__comment": "Crown",
    "from": [ 1.5, 3.5, 1 ],
    "to": [ 14.5, 6.5, 2 ],
    "faces": {
        "down":  { "uv": [ 1.5, 2, 14.5, 1 ], "texture": "#crown" },
        "up":    { "uv": [ 1.5, 1, 14.5, 2 ], "texture": "#crown" },
        "north": { "uv": [ 1.5, 9.5, 14.5, 12.5 ], "texture": "#crown" },
        "south": { "uv": [ 1.5, 9.5, 14.5, 12.5 ], "texture": "#crown" },
        "west":  { "uv": [ 1, 9.5, 2, 12.5 ], "texture": "#crown" },
        "east":  { "uv": [ 14, 9.5, 15, 12.5 ], "texture": "#crown" }
    }
},
{
    "__comment": "Crown",
    "from": [ 1.5, 5.5, 2 ],
    "to": [ 4, 6.5, 13.5 ],
    "faces": {
        "down":  { "uv": [ 1.5, 13.5, 4, 2 ], "texture": "#crown" },
        "up":    { "uv": [ 1.5, 2, 4, 13.5 ], "texture": "#crown" },
        "north": { "uv": [ 12, 9.5, 14.5, 10.5 ], "texture": "#crown" },
        "south": { "uv": [ 1.5, 9.5, 4, 10.5 ], "texture": "#crown" },
        "west":  { "uv": [ 2, 9.5, 13.5, 10.5 ], "texture": "#crown" },
        "east":  { "uv": [ 2.5, 9.5, 14, 10.5 ], "texture": "#crown" }
    }
},
{
    "__comment": "Crown",
    "from": [ 1.5, 3.5, 3.5 ],
    "to": [ 4, 5.5, 5 ],
    "faces": {
        "down":  { "uv": [ 1.5, 5, 4, 3.5 ], "texture": "#crown" },
        "up":    { "uv": [ 1.5, 3.5, 4, 5 ], "texture": "#crown" },
        "north": { "uv": [ 12, 10.5, 14.5, 12.5 ], "texture": "#crown" },
        "south": { "uv": [ 1.5, 10.5, 4, 12.5 ], "texture": "#crown" },
        "west":  { "uv": [ 3.5, 10.5, 5, 12.5 ], "texture": "#crown" },
        "east":  { "uv": [ 11, 10.5, 12.5, 12.5 ], "texture": "#crown" }
    }
},
{
    "__comment": "Crown",
    "from": [ 1.5, 6.5, 5 ],
    "to": [ 4, 7, 9.5 ],
    "faces": {
        "down":  { "uv": [ 1.5, 9.5, 4, 5 ], "texture": "#crown" },
        "up":    { "uv": [ 1.5, 5, 4, 9.5 ], "texture": "#crown" },
        "north": { "uv": [ 12, 9, 14.5, 9.5 ], "texture": "#crown" },
        "south": { "uv": [ 1.5, 9, 4, 9.5 ], "texture": "#crown" },
        "west":  { "uv": [ 5, 9, 9.5, 9.5 ], "texture": "#crown" },
        "east":  { "uv": [ 6.5, 9, 11, 9.5 ], "texture": "#crown" }
    }
},
{
    "__comment": "Crown",
    "from": [ 1.5, 7, 6.5 ],
    "to": [ 4, 7.5, 8.5 ],
    "faces": {
        "down":  { "uv": [ 1.5, 8.5, 4, 6.5 ], "texture": "#crown" },
        "up":    { "uv": [ 1.5, 6.5, 4, 8.5 ], "texture": "#crown" },
        "north": { "uv": [ 12, 8.5, 14.5, 9 ], "texture": "#crown" },
        "south": { "uv": [ 1.5, 8.5, 4, 9 ], "texture": "#crown" },
        "west":  { "uv": [ 6.5, 8.5, 8.5, 9 ], "texture": "#crown" },
        "east":  { "uv": [ 7.5, 8.5, 9.5, 9 ], "texture": "#crown" }
    }
},
{
    "__comment": "Crown",
    "from": [ 1.5, 3.5, 7 ],
    "to": [ 4, 5.5, 8 ],
    "faces": {
        "down":  { "uv": [ 1.5, 8, 4, 7 ], "texture": "#crown" },
        "up":    { "uv": [ 1.5, 7, 4, 8 ], "texture": "#crown" },
        "north": { "uv": [ 12, 10.5, 14.5, 12.5 ], "texture": "#crown" },
        "south": { "uv": [ 1.5, 10.5, 4, 12.5 ], "texture": "#crown" },
        "west":  { "uv": [ 7, 10.5, 8, 12.5 ], "texture": "#crown" },
        "east":  { "uv": [ 8, 10.5, 9, 12.5 ], "texture": "#crown" }
    }
},
{
    "__comment": "Crown",
    "from": [ 1.5, 3.5, 10 ],
    "to": [ 4, 5.5, 11 ],
    "faces": {
        "down":  { "uv": [ 1.5, 11, 4, 10 ], "texture": "#crown" },
        "up":    { "uv": [ 1.5, 10, 4, 11 ], "texture": "#crown" },
        "north": { "uv": [ 12, 10.5, 14.5, 12.5 ], "texture": "#crown" },
        "south": { "uv": [ 1.5, 10.5, 4, 12.5 ], "texture": "#crown" },
        "west":  { "uv": [ 10, 10.5, 11, 12.5 ], "texture": "#crown" },
        "east":  { "uv": [ 5, 10.5, 6, 12.5 ], "texture": "#crown" }
    }
},
{
    "__comment": "Crown",
    "from": [ 1.5, 3.5, 13 ],
    "to": [ 14.5, 5.5, 13.5 ],
    "faces": {
        "down":  { "uv": [ 1.5, 13.5, 14.5, 13 ], "texture": "#crown" },
        "up":    { "uv": [ 1.5, 13, 14.5, 13.5 ], "texture": "#crown" },
        "north": { "uv": [ 1.5, 10.5, 14.5, 12.5 ], "texture": "#crown" },
        "south": { "uv": [ 1.5, 10.5, 14.5, 12.5 ], "texture": "#crown" },
        "west":  { "uv": [ 13, 10.5, 13.5, 12.5 ], "texture": "#crown" },
        "east":  { "uv": [ 2.5, 10.5, 3, 12.5 ], "texture": "#crown" }
    }
},
{
    "__comment": "Gem",
    "from": [ 2.5, 4, 0 ],
    "to": [ 4, 5.5, 1 ],
    "faces": {
        "down":  { "uv": [ 2.5, 1, 4, 0 ], "texture": "#gem" },
        "up":    { "uv": [ 2.5, 0, 4, 1 ], "texture": "#gem" },
        "north": { "uv": [ 12, 10.5, 13.5, 12 ], "texture": "#gem" },
        "south": { "uv": [ 2.5, 10.5, 4, 12 ], "texture": "#gem" },
        "west":  { "uv": [ 0, 10.5, 1, 12 ], "texture": "#gem" },
        "east":  { "uv": [ 15, 10.5, 16, 12 ], "texture": "#gem" }
    }
},
{
    "__comment": "Crown",
    "from": [ 2.5, 3.5, 0.5 ],
    "to": [ 4.5, 4, 1 ],
    "faces": {
        "down":  { "uv": [ 2.5, 1, 4.5, 0.5 ], "texture": "#crown" },
        "up":    { "uv": [ 2.5, 0.5, 4.5, 1 ], "texture": "#crown" },
        "north": { "uv": [ 11.5, 12, 13.5, 12.5 ], "texture": "#crown" },
        "south": { "uv": [ 2.5, 12, 4.5, 12.5 ], "texture": "#crown" },
        "west":  { "uv": [ 0.5, 12, 1, 12.5 ], "texture": "#crown" },
        "east":  { "uv": [ 15, 12, 15.5, 12.5 ], "texture": "#crown" }
    }
},
{
    "__comment": "Crown",
    "from": [ 4, 4, 0.5 ],
    "to": [ 4.5, 5.5, 1 ],
    "faces": {
        "down":  { "uv": [ 4, 1, 4.5, 0.5 ], "texture": "#crown" },
        "up":    { "uv": [ 4, 0.5, 4.5, 1 ], "texture": "#crown" },
        "north": { "uv": [ 11.5, 10.5, 12, 12 ], "texture": "#crown" },
        "south": { "uv": [ 4, 10.5, 4.5, 12 ], "texture": "#crown" },
        "west":  { "uv": [ 0.5, 10.5, 1, 12 ], "texture": "#crown" },
        "east":  { "uv": [ 15, 10.5, 15.5, 12 ], "texture": "#crown" }
    }
},
{
    "__comment": "Crown",
    "from": [ 4, 3, 1 ],
    "to": [ 14.5, 3.5, 3.5 ],
    "faces": {
        "down":  { "uv": [ 4, 3.5, 14.5, 1 ], "texture": "#crown" },
        "up":    { "uv": [ 4, 1, 14.5, 3.5 ], "texture": "#crown" },
        "north": { "uv": [ 1.5, 12.5, 12, 13 ], "texture": "#crown" },
        "south": { "uv": [ 4, 12.5, 14.5, 13 ], "texture": "#crown" },
        "west":  { "uv": [ 1, 12.5, 3.5, 13 ], "texture": "#crown" },
        "east":  { "uv": [ 12.5, 12.5, 15, 13 ], "texture": "#crown" }
    }
},
{
    "__comment": "Crown",
    "from": [ 4, 5.5, 2 ],
    "to": [ 14.5, 6.5, 3.5 ],
    "faces": {
        "down":  { "uv": [ 4, 3.5, 14.5, 2 ], "texture": "#crown" },
        "up":    { "uv": [ 4, 2, 14.5, 3.5 ], "texture": "#crown" },
        "north": { "uv": [ 1.5, 9.5, 12, 10.5 ], "texture": "#crown" },
        "south": { "uv": [ 4, 9.5, 14.5, 10.5 ], "texture": "#crown" },
        "west":  { "uv": [ 2, 9.5, 3.5, 10.5 ], "texture": "#crown" },
        "east":  { "uv": [ 12.5, 9.5, 14, 10.5 ], "texture": "#crown" }
    }
},
{
    "__comment": "Crown",
    "from": [ 4, 3, 11.5 ],
    "to": [ 14.5, 3.5, 13.5 ],
    "faces": {
        "down":  { "uv": [ 4, 13.5, 14.5, 11.5 ], "texture": "#crown" },
        "up":    { "uv": [ 4, 11.5, 14.5, 13.5 ], "texture": "#crown" },
        "north": { "uv": [ 1.5, 12.5, 12, 13 ], "texture": "#crown" },
        "south": { "uv": [ 4, 12.5, 14.5, 13 ], "texture": "#crown" },
        "west":  { "uv": [ 11.5, 12.5, 13.5, 13 ], "texture": "#crown" },
        "east":  { "uv": [ 2.5, 12.5, 4.5, 13 ], "texture": "#crown" }
    }
},
{
    "__comment": "Crown",
    "from": [ 4, 3.5, 11.5 ],
    "to": [ 14.5, 6.5, 13 ],
    "faces": {
        "down":  { "uv": [ 4, 13, 14.5, 11.5 ], "texture": "#crown" },
        "up":    { "uv": [ 4, 11.5, 14.5, 13 ], "texture": "#crown" },
        "north": { "uv": [ 1.5, 9.5, 12, 12.5 ], "texture": "#crown" },
        "south": { "uv": [ 4, 9.5, 14.5, 12.5 ], "texture": "#crown" },
        "west":  { "uv": [ 11.5, 9.5, 13, 12.5 ], "texture": "#crown" },
        "east":  { "uv": [ 3, 9.5, 4.5, 12.5 ], "texture": "#crown" }
    }
},
{
    "__comment": "Crown",
    "from": [ 4, 5.5, 13 ],
    "to": [ 14.5, 6.5, 13.5 ],
    "faces": {
        "down":  { "uv": [ 4, 13.5, 14.5, 13 ], "texture": "#crown" },
        "up":    { "uv": [ 4, 13, 14.5, 13.5 ], "texture": "#crown" },
        "north": { "uv": [ 1.5, 9.5, 12, 10.5 ], "texture": "#crown" },
        "south": { "uv": [ 4, 9.5, 14.5, 10.5 ], "texture": "#crown" },
        "west":  { "uv": [ 13, 9.5, 13.5, 10.5 ], "texture": "#crown" },
        "east":  { "uv": [ 2.5, 9.5, 3, 10.5 ], "texture": "#crown" }
    }
},
{
    "__comment": "Crown",
    "from": [ 4.5, 4.5, 13.5 ],
    "to": [ 11.5, 6.5, 15 ],
    "faces": {
        "down":  { "uv": [ 4.5, 15, 11.5, 13.5 ], "texture": "#crown" },
        "up":    { "uv": [ 4.5, 13.5, 11.5, 15 ], "texture": "#crown" },
        "north": { "uv": [ 4.5, 9.5, 11.5, 11.5 ], "texture": "#crown" },
        "south": { "uv": [ 4.5, 9.5, 11.5, 11.5 ], "texture": "#crown" },
        "west":  { "uv": [ 13.5, 9.5, 15, 11.5 ], "texture": "#crown" },
        "east":  { "uv": [ 1, 9.5, 2.5, 11.5 ], "texture": "#crown" }
    }
},
{
    "__comment": "Crown",
    "from": [ 5, 6.5, 12.5 ],
    "to": [ 11, 7, 15 ],
    "faces": {
        "down":  { "uv": [ 5, 15, 11, 12.5 ], "texture": "#crown" },
        "up":    { "uv": [ 5, 12.5, 11, 15 ], "texture": "#crown" },
        "north": { "uv": [ 5, 9, 11, 9.5 ], "texture": "#crown" },
        "south": { "uv": [ 5, 9, 11, 9.5 ], "texture": "#crown" },
        "west":  { "uv": [ 12.5, 9, 15, 9.5 ], "texture": "#crown" },
        "east":  { "uv": [ 1, 9, 3.5, 9.5 ], "texture": "#crown" }
    }
},
{
    "__comment": "Crown",
    "from": [ 5, 7, 13 ],
    "to": [ 11, 7.5, 15 ],
    "faces": {
        "down":  { "uv": [ 5, 15, 11, 13 ], "texture": "#crown" },
        "up":    { "uv": [ 5, 13, 11, 15 ], "texture": "#crown" },
        "north": { "uv": [ 5, 8.5, 11, 9 ], "texture": "#crown" },
        "south": { "uv": [ 5, 8.5, 11, 9 ], "texture": "#crown" },
        "west":  { "uv": [ 13, 8.5, 15, 9 ], "texture": "#crown" },
        "east":  { "uv": [ 1, 8.5, 3, 9 ], "texture": "#crown" }
    }
},
{
    "__comment": "Crown",
    "from": [ 5, 3, 13.5 ],
    "to": [ 11, 4.5, 15 ],
    "faces": {
        "down":  { "uv": [ 5, 15, 11, 13.5 ], "texture": "#crown" },
        "up":    { "uv": [ 5, 13.5, 11, 15 ], "texture": "#crown" },
        "north": { "uv": [ 5, 11.5, 11, 13 ], "texture": "#crown" },
        "south": { "uv": [ 5, 11.5, 11, 13 ], "texture": "#crown" },
        "west":  { "uv": [ 13.5, 11.5, 15, 13 ], "texture": "#crown" },
        "east":  { "uv": [ 1, 11.5, 2.5, 13 ], "texture": "#crown" }
    }
},
{
    "__comment": "Gem",
    "from": [ 5.5, 4, 0 ],
    "to": [ 7.5, 5.5, 1 ],
    "faces": {
        "down":  { "uv": [ 5.5, 1, 7.5, 0 ], "texture": "#gem" },
        "up":    { "uv": [ 5.5, 0, 7.5, 1 ], "texture": "#gem" },
        "north": { "uv": [ 8.5, 10.5, 10.5, 12 ], "texture": "#gem" },
        "south": { "uv": [ 5.5, 10.5, 7.5, 12 ], "texture": "#gem" },
        "west":  { "uv": [ 0, 10.5, 1, 12 ], "texture": "#gem" },
        "east":  { "uv": [ 15, 10.5, 16, 12 ], "texture": "#gem" }
    }
},
{
    "__comment": "Crown",
    "from": [ 5.5, 3.5, 0.5 ],
    "to": [ 7.5, 4, 1 ],
    "faces": {
        "down":  { "uv": [ 5.5, 1, 7.5, 0.5 ], "texture": "#crown" },
        "up":    { "uv": [ 5.5, 0.5, 7.5, 1 ], "texture": "#crown" },
        "north": { "uv": [ 8.5, 12, 10.5, 12.5 ], "texture": "#crown" },
        "south": { "uv": [ 5.5, 12, 7.5, 12.5 ], "texture": "#crown" },
        "west":  { "uv": [ 0.5, 12, 1, 12.5 ], "texture": "#crown" },
        "east":  { "uv": [ 15, 12, 15.5, 12.5 ], "texture": "#crown" }
    }
},
{
    "__comment": "Crown",
    "from": [ 5.5, 6.5, 11.5 ],
    "to": [ 10.5, 7, 12.5 ],
    "faces": {
        "down":  { "uv": [ 5.5, 12.5, 10.5, 11.5 ], "texture": "#crown" },
        "up":    { "uv": [ 5.5, 11.5, 10.5, 12.5 ], "texture": "#crown" },
        "north": { "uv": [ 5.5, 9, 10.5, 9.5 ], "texture": "#crown" },
        "south": { "uv": [ 5.5, 9, 10.5, 9.5 ], "texture": "#crown" },
        "west":  { "uv": [ 11.5, 9, 12.5, 9.5 ], "texture": "#crown" },
        "east":  { "uv": [ 3.5, 9, 4.5, 9.5 ], "texture": "#crown" }
    }
},
{
    "__comment": "Crown",
    "from": [ 5.5, 7, 12 ],
    "to": [ 10.5, 7.5, 13 ],
    "faces": {
        "down":  { "uv": [ 5.5, 13, 10.5, 12 ], "texture": "#crown" },
        "up":    { "uv": [ 5.5, 12, 10.5, 13 ], "texture": "#crown" },
        "north": { "uv": [ 5.5, 8.5, 10.5, 9 ], "texture": "#crown" },
        "south": { "uv": [ 5.5, 8.5, 10.5, 9 ], "texture": "#crown" },
        "west":  { "uv": [ 12, 8.5, 13, 9 ], "texture": "#crown" },
        "east":  { "uv": [ 3, 8.5, 4, 9 ], "texture": "#crown" }
    }
},
{
    "__comment": "Crown",
    "from": [ 5.5, 7.5, 12.5 ],
    "to": [ 10.5, 8, 15 ],
    "faces": {
        "down":  { "uv": [ 5.5, 15, 10.5, 12.5 ], "texture": "#crown" },
        "up":    { "uv": [ 5.5, 12.5, 10.5, 15 ], "texture": "#crown" },
        "north": { "uv": [ 5.5, 8, 10.5, 8.5 ], "texture": "#crown" },
        "south": { "uv": [ 5.5, 8, 10.5, 8.5 ], "texture": "#crown" },
        "west":  { "uv": [ 12.5, 8, 15, 8.5 ], "texture": "#crown" },
        "east":  { "uv": [ 1, 8, 3.5, 8.5 ], "texture": "#crown" }
    }
},
{
    "__comment": "Crown",
    "from": [ 5.5, 8, 13 ],
    "to": [ 10.5, 9, 15 ],
    "faces": {
        "down":  { "uv": [ 5.5, 15, 10.5, 13 ], "texture": "#crown" },
        "up":    { "uv": [ 5.5, 13, 10.5, 15 ], "texture": "#crown" },
        "north": { "uv": [ 5.5, 7, 10.5, 8 ], "texture": "#crown" },
        "south": { "uv": [ 5.5, 7, 10.5, 8 ], "texture": "#crown" },
        "west":  { "uv": [ 13, 7, 15, 8 ], "texture": "#crown" },
        "east":  { "uv": [ 1, 7, 3, 8 ], "texture": "#crown" }
    }
},
{
    "__comment": "Crown",
    "from": [ 5.5, 4.5, 15 ],
    "to": [ 10.5, 6.5, 15.5 ],
    "faces": {
        "down":  { "uv": [ 5.5, 15.5, 10.5, 15 ], "texture": "#crown" },
        "up":    { "uv": [ 5.5, 15, 10.5, 15.5 ], "texture": "#crown" },
        "north": { "uv": [ 5.5, 9.5, 10.5, 11.5 ], "texture": "#crown" },
        "south": { "uv": [ 5.5, 9.5, 10.5, 11.5 ], "texture": "#crown" },
        "west":  { "uv": [ 15, 9.5, 15.5, 11.5 ], "texture": "#crown" },
        "east":  { "uv": [ 0.5, 9.5, 1, 11.5 ], "texture": "#crown" }
    }
},
{
    "__comment": "Crown",
    "from": [ 6, 6.5, 1 ],
    "to": [ 10, 7, 3.5 ],
    "faces": {
        "down":  { "uv": [ 6, 3.5, 10, 1 ], "texture": "#crown" },
        "up":    { "uv": [ 6, 1, 10, 3.5 ], "texture": "#crown" },
        "north": { "uv": [ 6, 9, 10, 9.5 ], "texture": "#crown" },
        "south": { "uv": [ 6, 9, 10, 9.5 ], "texture": "#crown" },
        "west":  { "uv": [ 1, 9, 3.5, 9.5 ], "texture": "#crown" },
        "east":  { "uv": [ 12.5, 9, 15, 9.5 ], "texture": "#crown" }
    }
},
{
    "__comment": "Crown",
    "from": [ 6, 7, 11.5 ],
    "to": [ 10, 8, 12 ],
    "faces": {
        "down":  { "uv": [ 6, 12, 10, 11.5 ], "texture": "#crown" },
        "up":    { "uv": [ 6, 11.5, 10, 12 ], "texture": "#crown" },
        "north": { "uv": [ 6, 8, 10, 9 ], "texture": "#crown" },
        "south": { "uv": [ 6, 8, 10, 9 ], "texture": "#crown" },
        "west":  { "uv": [ 11.5, 8, 12, 9 ], "texture": "#crown" },
        "east":  { "uv": [ 4, 8, 4.5, 9 ], "texture": "#crown" }
    }
},
{
    "__comment": "Crown",
    "from": [ 6, 2.5, 12 ],
    "to": [ 10, 3, 14.5 ],
    "faces": {
        "down":  { "uv": [ 6, 14.5, 10, 12 ], "texture": "#crown" },
        "up":    { "uv": [ 6, 12, 10, 14.5 ], "texture": "#crown" },
        "north": { "uv": [ 6, 13, 10, 13.5 ], "texture": "#crown" },
        "south": { "uv": [ 6, 13, 10, 13.5 ], "texture": "#crown" },
        "west":  { "uv": [ 12, 13, 14.5, 13.5 ], "texture": "#crown" },
        "east":  { "uv": [ 1.5, 13, 4, 13.5 ], "texture": "#crown" }
    }
},
{
    "__comment": "Crown",
    "from": [ 6, 7.5, 12 ],
    "to": [ 10, 9, 12.5 ],
    "faces": {
        "down":  { "uv": [ 6, 12.5, 10, 12 ], "texture": "#crown" },
        "up":    { "uv": [ 6, 12, 10, 12.5 ], "texture": "#crown" },
        "north": { "uv": [ 6, 7, 10, 8.5 ], "texture": "#crown" },
        "south": { "uv": [ 6, 7, 10, 8.5 ], "texture": "#crown" },
        "west":  { "uv": [ 12, 7, 12.5, 8.5 ], "texture": "#crown" },
        "east":  { "uv": [ 3.5, 7, 4, 8.5 ], "texture": "#crown" }
    }
},
{
    "__comment": "Crown",
    "from": [ 6, 8, 12.5 ],
    "to": [ 10, 9, 13 ],
    "faces": {
        "down":  { "uv": [ 6, 13, 10, 12.5 ], "texture": "#crown" },
        "up":    { "uv": [ 6, 12.5, 10, 13 ], "texture": "#crown" },
        "north": { "uv": [ 6, 7, 10, 8 ], "texture": "#crown" },
        "south": { "uv": [ 6, 7, 10, 8 ], "texture": "#crown" },
        "west":  { "uv": [ 12.5, 7, 13, 8 ], "texture": "#crown" },
        "east":  { "uv": [ 3, 7, 3.5, 8 ], "texture": "#crown" }
    }
},
{
    "__comment": "Crown",
    "from": [ 6, 2, 13 ],
    "to": [ 10, 2.5, 14 ],
    "faces": {
        "down":  { "uv": [ 6, 14, 10, 13 ], "texture": "#crown" },
        "up":    { "uv": [ 6, 13, 10, 14 ], "texture": "#crown" },
        "north": { "uv": [ 6, 13.5, 10, 14 ], "texture": "#crown" },
        "south": { "uv": [ 6, 13.5, 10, 14 ], "texture": "#crown" },
        "west":  { "uv": [ 13, 13.5, 14, 14 ], "texture": "#crown" },
        "east":  { "uv": [ 2, 13.5, 3, 14 ], "texture": "#crown" }
    }
},
{
    "__comment": "Crown",
    "from": [ 6, 4, 15 ],
    "to": [ 10, 4.5, 15.5 ],
    "faces": {
        "down":  { "uv": [ 6, 15.5, 10, 15 ], "texture": "#crown" },
        "up":    { "uv": [ 6, 15, 10, 15.5 ], "texture": "#crown" },
        "north": { "uv": [ 6, 11.5, 10, 12 ], "texture": "#crown" },
        "south": { "uv": [ 6, 11.5, 10, 12 ], "texture": "#crown" },
        "west":  { "uv": [ 15, 11.5, 15.5, 12 ], "texture": "#crown" },
        "east":  { "uv": [ 0.5, 11.5, 1, 12 ], "texture": "#crown" }
    }
},
{
    "__comment": "Crown",
    "from": [ 6, 6.5, 15 ],
    "to": [ 10, 7.5, 15.5 ],
    "faces": {
        "down":  { "uv": [ 6, 15.5, 10, 15 ], "texture": "#crown" },
        "up":    { "uv": [ 6, 15, 10, 15.5 ], "texture": "#crown" },
        "north": { "uv": [ 6, 8.5, 10, 9.5 ], "texture": "#crown" },
        "south": { "uv": [ 6, 8.5, 10, 9.5 ], "texture": "#crown" },
        "west":  { "uv": [ 15, 8.5, 15.5, 9.5 ], "texture": "#crown" },
        "east":  { "uv": [ 0.5, 8.5, 1, 9.5 ], "texture": "#crown" }
    }
},
{
    "__comment": "Crown",
    "from": [ 6.5, 8, 11.5 ],
    "to": [ 9.5, 9, 12 ],
    "faces": {
        "down":  { "uv": [ 6.5, 12, 9.5, 11.5 ], "texture": "#crown" },
        "up":    { "uv": [ 6.5, 11.5, 9.5, 12 ], "texture": "#crown" },
        "north": { "uv": [ 6.5, 7, 9.5, 8 ], "texture": "#crown" },
        "south": { "uv": [ 6.5, 7, 9.5, 8 ], "texture": "#crown" },
        "west":  { "uv": [ 11.5, 7, 12, 8 ], "texture": "#crown" },
        "east":  { "uv": [ 4, 7, 4.5, 8 ], "texture": "#crown" }
    }
},
{
    "__comment": "Crown",
    "from": [ 6.5, 1.5, 12.5 ],
    "to": [ 9.5, 2, 14 ],
    "faces": {
        "down":  { "uv": [ 6.5, 14, 9.5, 12.5 ], "texture": "#crown" },
        "up":    { "uv": [ 6.5, 12.5, 9.5, 14 ], "texture": "#crown" },
        "north": { "uv": [ 6.5, 14, 9.5, 14.5 ], "texture": "#crown" },
        "south": { "uv": [ 6.5, 14, 9.5, 14.5 ], "texture": "#crown" },
        "west":  { "uv": [ 12.5, 14, 14, 14.5 ], "texture": "#crown" },
        "east":  { "uv": [ 2, 14, 3.5, 14.5 ], "texture": "#crown" }
    }
},
{
    "__comment": "Crown",
    "from": [ 6.5, 2, 12.5 ],
    "to": [ 9.5, 2.5, 13 ],
    "faces": {
        "down":  { "uv": [ 6.5, 13, 9.5, 12.5 ], "texture": "#crown" },
        "up":    { "uv": [ 6.5, 12.5, 9.5, 13 ], "texture": "#crown" },
        "north": { "uv": [ 6.5, 13.5, 9.5, 14 ], "texture": "#crown" },
        "south": { "uv": [ 6.5, 13.5, 9.5, 14 ], "texture": "#crown" },
        "west":  { "uv": [ 12.5, 13.5, 13, 14 ], "texture": "#crown" },
        "east":  { "uv": [ 3, 13.5, 3.5, 14 ], "texture": "#crown" }
    }
},
{
    "__comment": "Crown",
    "from": [ 6.5, 9, 12.5 ],
    "to": [ 9.5, 12.5, 14.5 ],
    "faces": {
        "down":  { "uv": [ 6.5, 14.5, 9.5, 12.5 ], "texture": "#crown" },
        "up":    { "uv": [ 6.5, 12.5, 9.5, 14.5 ], "texture": "#crown" },
        "north": { "uv": [ 6.5, 3.5, 9.5, 7 ], "texture": "#crown" },
        "south": { "uv": [ 6.5, 3.5, 9.5, 7 ], "texture": "#crown" },
        "west":  { "uv": [ 12.5, 3.5, 14.5, 7 ], "texture": "#crown" },
        "east":  { "uv": [ 1.5, 3.5, 3.5, 7 ], "texture": "#crown" }
    }
},
{
    "__comment": "Crown",
    "from": [ 6.5, 12.5, 13 ],
    "to": [ 9.5, 13, 14.5 ],
    "faces": {
        "down":  { "uv": [ 6.5, 14.5, 9.5, 13 ], "texture": "#crown" },
        "up":    { "uv": [ 6.5, 13, 9.5, 14.5 ], "texture": "#crown" },
        "north": { "uv": [ 6.5, 3, 9.5, 3.5 ], "texture": "#crown" },
        "south": { "uv": [ 6.5, 3, 9.5, 3.5 ], "texture": "#crown" },
        "west":  { "uv": [ 13, 3, 14.5, 3.5 ], "texture": "#crown" },
        "east":  { "uv": [ 1.5, 3, 3, 3.5 ], "texture": "#crown" }
    }
},
{
    "__comment": "Crown",
    "from": [ 6.5, 13, 13.5 ],
    "to": [ 9.5, 13.5, 14.5 ],
    "faces": {
        "down":  { "uv": [ 6.5, 14.5, 9.5, 13.5 ], "texture": "#crown" },
        "up":    { "uv": [ 6.5, 13.5, 9.5, 14.5 ], "texture": "#crown" },
        "north": { "uv": [ 6.5, 2.5, 9.5, 3 ], "texture": "#crown" },
        "south": { "uv": [ 6.5, 2.5, 9.5, 3 ], "texture": "#crown" },
        "west":  { "uv": [ 13.5, 2.5, 14.5, 3 ], "texture": "#crown" },
        "east":  { "uv": [ 1.5, 2.5, 2.5, 3 ], "texture": "#crown" }
    }
},
{
    "__comment": "Crown",
    "from": [ 6.5, 7.5, 15 ],
    "to": [ 9.5, 8, 15.5 ],
    "faces": {
        "down":  { "uv": [ 6.5, 15.5, 9.5, 15 ], "texture": "#crown" },
        "up":    { "uv": [ 6.5, 15, 9.5, 15.5 ], "texture": "#crown" },
        "north": { "uv": [ 6.5, 8, 9.5, 8.5 ], "texture": "#crown" },
        "south": { "uv": [ 6.5, 8, 9.5, 8.5 ], "texture": "#crown" },
        "west":  { "uv": [ 15, 8, 15.5, 8.5 ], "texture": "#crown" },
        "east":  { "uv": [ 0.5, 8, 1, 8.5 ], "texture": "#crown" }
    }
},
{
    "__comment": "Gem",
    "from": [ 6.5, 4, 15.5 ],
    "to": [ 9.5, 7, 16 ],
    "faces": {
        "down":  { "uv": [ 6.5, 16, 9.5, 15.5 ], "texture": "#gem" },
        "up":    { "uv": [ 6.5, 15.5, 9.5, 16 ], "texture": "#gem" },
        "north": { "uv": [ 6.5, 9, 9.5, 12 ], "texture": "#gem" },
        "south": { "uv": [ 6.5, 9, 9.5, 12 ], "texture": "#gem" },
        "west":  { "uv": [ 15.5, 9, 16, 12 ], "texture": "#gem" },
        "east":  { "uv": [ 0, 9, 0.5, 12 ], "texture": "#gem" }
    }
},
{
    "__comment": "Crown",
    "from": [ 7, 7, 1 ],
    "to": [ 9, 7.5, 3.5 ],
    "faces": {
        "down":  { "uv": [ 7, 3.5, 9, 1 ], "texture": "#crown" },
        "up":    { "uv": [ 7, 1, 9, 3.5 ], "texture": "#crown" },
        "north": { "uv": [ 7, 8.5, 9, 9 ], "texture": "#crown" },
        "south": { "uv": [ 7, 8.5, 9, 9 ], "texture": "#crown" },
        "west":  { "uv": [ 1, 8.5, 3.5, 9 ], "texture": "#crown" },
        "east":  { "uv": [ 12.5, 8.5, 15, 9 ], "texture": "#crown" }
    }
},
{
    "__comment": "Crown",
    "from": [ 7, 9, 12 ],
    "to": [ 9, 13, 12.5 ],
    "faces": {
        "down":  { "uv": [ 7, 12.5, 9, 12 ], "texture": "#crown" },
        "up":    { "uv": [ 7, 12, 9, 12.5 ], "texture": "#crown" },
        "north": { "uv": [ 7, 3, 9, 7 ], "texture": "#crown" },
        "south": { "uv": [ 7, 3, 9, 7 ], "texture": "#crown" },
        "west":  { "uv": [ 12, 3, 12.5, 7 ], "texture": "#crown" },
        "east":  { "uv": [ 3.5, 3, 4, 7 ], "texture": "#crown" }
    }
},
{
    "__comment": "Crown",
    "from": [ 7, 1, 12.5 ],
    "to": [ 9, 1.5, 14 ],
    "faces": {
        "down":  { "uv": [ 7, 14, 9, 12.5 ], "texture": "#crown" },
        "up":    { "uv": [ 7, 12.5, 9, 14 ], "texture": "#crown" },
        "north": { "uv": [ 7, 14.5, 9, 15 ], "texture": "#crown" },
        "south": { "uv": [ 7, 14.5, 9, 15 ], "texture": "#crown" },
        "west":  { "uv": [ 12.5, 14.5, 14, 15 ], "texture": "#crown" },
        "east":  { "uv": [ 2, 14.5, 3.5, 15 ], "texture": "#crown" }
    }
},
{
    "__comment": "Crown",
    "from": [ 7, 12.5, 12.5 ],
    "to": [ 9, 14, 13 ],
    "faces": {
        "down":  { "uv": [ 7, 13, 9, 12.5 ], "texture": "#crown" },
        "up":    { "uv": [ 7, 12.5, 9, 13 ], "texture": "#crown" },
        "north": { "uv": [ 7, 2, 9, 3.5 ], "texture": "#crown" },
        "south": { "uv": [ 7, 2, 9, 3.5 ], "texture": "#crown" },
        "west":  { "uv": [ 12.5, 2, 13, 3.5 ], "texture": "#crown" },
        "east":  { "uv": [ 3, 2, 3.5, 3.5 ], "texture": "#crown" }
    }
},
{
    "__comment": "Crown",
    "from": [ 7, 13, 13 ],
    "to": [ 9, 14.5, 13.5 ],
    "faces": {
        "down":  { "uv": [ 7, 13.5, 9, 13 ], "texture": "#crown" },
        "up":    { "uv": [ 7, 13, 9, 13.5 ], "texture": "#crown" },
        "north": { "uv": [ 7, 1.5, 9, 3 ], "texture": "#crown" },
        "south": { "uv": [ 7, 1.5, 9, 3 ], "texture": "#crown" },
        "west":  { "uv": [ 13, 1.5, 13.5, 3 ], "texture": "#crown" },
        "east":  { "uv": [ 2.5, 1.5, 3, 3 ], "texture": "#crown" }
    }
},
{
    "__comment": "Crown",
    "from": [ 7, 13.5, 13.5 ],
    "to": [ 9, 14.5, 14.5 ],
    "faces": {
        "down":  { "uv": [ 7, 14.5, 9, 13.5 ], "texture": "#crown" },
        "up":    { "uv": [ 7, 13.5, 9, 14.5 ], "texture": "#crown" },
        "north": { "uv": [ 7, 1.5, 9, 2.5 ], "texture": "#crown" },
        "south": { "uv": [ 7, 1.5, 9, 2.5 ], "texture": "#crown" },
        "west":  { "uv": [ 13.5, 1.5, 14.5, 2.5 ], "texture": "#crown" },
        "east":  { "uv": [ 1.5, 1.5, 2.5, 2.5 ], "texture": "#crown" }
    }
},
{
    "__comment": "Crown",
    "from": [ 7, 2, 14 ],
    "to": [ 10, 2.5, 14.5 ],
    "faces": {
        "down":  { "uv": [ 7, 14.5, 10, 14 ], "texture": "#crown" },
        "up":    { "uv": [ 7, 14, 10, 14.5 ], "texture": "#crown" },
        "north": { "uv": [ 6, 13.5, 9, 14 ], "texture": "#crown" },
        "south": { "uv": [ 7, 13.5, 10, 14 ], "texture": "#crown" },
        "west":  { "uv": [ 14, 13.5, 14.5, 14 ], "texture": "#crown" },
        "east":  { "uv": [ 1.5, 13.5, 2, 14 ], "texture": "#crown" }
    }
},
{
    "__comment": "Crown",
    "from": [ 7.5, 0.5, 13 ],
    "to": [ 8.5, 1, 14 ],
    "faces": {
        "down":  { "uv": [ 7.5, 14, 8.5, 13 ], "texture": "#crown" },
        "up":    { "uv": [ 7.5, 13, 8.5, 14 ], "texture": "#crown" },
        "north": { "uv": [ 7.5, 15, 8.5, 15.5 ], "texture": "#crown" },
        "south": { "uv": [ 7.5, 15, 8.5, 15.5 ], "texture": "#crown" },
        "west":  { "uv": [ 13, 15, 14, 15.5 ], "texture": "#crown" },
        "east":  { "uv": [ 2, 15, 3, 15.5 ], "texture": "#crown" }
    }
},
{
    "__comment": "Crown",
    "from": [ 7.5, 14.5, 13 ],
    "to": [ 8.5, 15.5, 14.5 ],
    "faces": {
        "down":  { "uv": [ 7.5, 14.5, 8.5, 13 ], "texture": "#crown" },
        "up":    { "uv": [ 7.5, 13, 8.5, 14.5 ], "texture": "#crown" },
        "north": { "uv": [ 7.5, 0.5, 8.5, 1.5 ], "texture": "#crown" },
        "south": { "uv": [ 7.5, 0.5, 8.5, 1.5 ], "texture": "#crown" },
        "west":  { "uv": [ 13, 0.5, 14.5, 1.5 ], "texture": "#crown" },
        "east":  { "uv": [ 1.5, 0.5, 3, 1.5 ], "texture": "#crown" }
    }
},
{
    "__comment": "Crown",
    "from": [ 8, 1.5, 14 ],
    "to": [ 9, 2, 14.5 ],
    "faces": {
        "down":  { "uv": [ 8, 14.5, 9, 14 ], "texture": "#crown" },
        "up":    { "uv": [ 8, 14, 9, 14.5 ], "texture": "#crown" },
        "north": { "uv": [ 7, 14, 8, 14.5 ], "texture": "#crown" },
        "south": { "uv": [ 8, 14, 9, 14.5 ], "texture": "#crown" },
        "west":  { "uv": [ 14, 14, 14.5, 14.5 ], "texture": "#crown" },
        "east":  { "uv": [ 1.5, 14, 2, 14.5 ], "texture": "#crown" }
    }
},
{
    "__comment": "Gem",
    "from": [ 8.5, 4, 0 ],
    "to": [ 10.5, 5.5, 1 ],
    "faces": {
        "down":  { "uv": [ 8.5, 1, 10.5, 0 ], "texture": "#gem" },
        "up":    { "uv": [ 8.5, 0, 10.5, 1 ], "texture": "#gem" },
        "north": { "uv": [ 5.5, 10.5, 7.5, 12 ], "texture": "#gem" },
        "south": { "uv": [ 8.5, 10.5, 10.5, 12 ], "texture": "#gem" },
        "west":  { "uv": [ 0, 10.5, 1, 12 ], "texture": "#gem" },
        "east":  { "uv": [ 15, 10.5, 16, 12 ], "texture": "#gem" }
    }
},
{
    "__comment": "Crown",
    "from": [ 8.5, 3.5, 0.5 ],
    "to": [ 10.5, 4, 1 ],
    "faces": {
        "down":  { "uv": [ 8.5, 1, 10.5, 0.5 ], "texture": "#crown" },
        "up":    { "uv": [ 8.5, 0.5, 10.5, 1 ], "texture": "#crown" },
        "north": { "uv": [ 5.5, 12, 7.5, 12.5 ], "texture": "#crown" },
        "south": { "uv": [ 8.5, 12, 10.5, 12.5 ], "texture": "#crown" },
        "west":  { "uv": [ 0.5, 12, 1, 12.5 ], "texture": "#crown" },
        "east":  { "uv": [ 15, 12, 15.5, 12.5 ], "texture": "#crown" }
    }
},
{
    "__comment": "Crown",
    "from": [ 11.5, 3.5, 0.5 ],
    "to": [ 13.5, 5.5, 1 ],
    "faces": {
        "down":  { "uv": [ 11.5, 1, 13.5, 0.5 ], "texture": "#crown" },
        "up":    { "uv": [ 11.5, 0.5, 13.5, 1 ], "texture": "#crown" },
        "north": { "uv": [ 2.5, 10.5, 4.5, 12.5 ], "texture": "#crown" },
        "south": { "uv": [ 11.5, 10.5, 13.5, 12.5 ], "texture": "#crown" },
        "west":  { "uv": [ 0.5, 10.5, 1, 12.5 ], "texture": "#crown" },
        "east":  { "uv": [ 15, 10.5, 15.5, 12.5 ], "texture": "#crown" }
    }
},
{
    "__comment": "Gem",
    "from": [ 12, 4, 0 ],
    "to": [ 13.5, 5.5, 1 ],
    "faces": {
        "down":  { "uv": [ 12, 1, 13.5, 0 ], "texture": "#gem" },
        "up":    { "uv": [ 12, 0, 13.5, 1 ], "texture": "#gem" },
        "north": { "uv": [ 2.5, 10.5, 4, 12 ], "texture": "#gem" },
        "south": { "uv": [ 12, 10.5, 13.5, 12 ], "texture": "#gem" },
        "west":  { "uv": [ 0, 10.5, 1, 12 ], "texture": "#gem" },
        "east":  { "uv": [ 15, 10.5, 16, 12 ], "texture": "#gem" }
    }
},
{
    "__comment": "Crown",
    "from": [ 12, 3, 3.5 ],
    "to": [ 14.5, 6.5, 11.5 ],
    "faces": {
        "down":  { "uv": [ 12, 11.5, 14.5, 3.5 ], "texture": "#crown" },
        "up":    { "uv": [ 12, 3.5, 14.5, 11.5 ], "texture": "#crown" },
        "north": { "uv": [ 1.5, 9.5, 4, 13 ], "texture": "#crown" },
        "south": { "uv": [ 12, 9.5, 14.5, 13 ], "texture": "#crown" },
        "west":  { "uv": [ 3.5, 9.5, 11.5, 13 ], "texture": "#crown" },
        "east":  { "uv": [ 4.5, 9.5, 12.5, 13 ], "texture": "#crown" }
    }
},
{
    "__comment": "Crown",
    "from": [ 12, 6.5, 5 ],
    "to": [ 14.5, 7, 9.5 ],
    "faces": {
        "down":  { "uv": [ 12, 9.5, 14.5, 5 ], "texture": "#crown" },
        "up":    { "uv": [ 12, 5, 14.5, 9.5 ], "texture": "#crown" },
        "north": { "uv": [ 1.5, 9, 4, 9.5 ], "texture": "#crown" },
        "south": { "uv": [ 12, 9, 14.5, 9.5 ], "texture": "#crown" },
        "west":  { "uv": [ 5, 9, 9.5, 9.5 ], "texture": "#crown" },
        "east":  { "uv": [ 6.5, 9, 11, 9.5 ], "texture": "#crown" }
    }
},
{
    "__comment": "Crown",
    "from": [ 12, 7, 6.5 ],
    "to": [ 14.5, 7.5, 8.5 ],
    "faces": {
        "down":  { "uv": [ 12, 8.5, 14.5, 6.5 ], "texture": "#crown" },
        "up":    { "uv": [ 12, 6.5, 14.5, 8.5 ], "texture": "#crown" },
        "north": { "uv": [ 1.5, 8.5, 4, 9 ], "texture": "#crown" },
        "south": { "uv": [ 12, 8.5, 14.5, 9 ], "texture": "#crown" },
        "west":  { "uv": [ 6.5, 8.5, 8.5, 9 ], "texture": "#crown" },
        "east":  { "uv": [ 7.5, 8.5, 9.5, 9 ], "texture": "#crown" }
    }
},
{
    "__comment": "Crown",
    "from": [ 14.5, 3.5, 5 ],
    "to": [ 15, 5.5, 7 ],
    "faces": {
        "down":  { "uv": [ 14.5, 7, 15, 5 ], "texture": "#crown" },
        "up":    { "uv": [ 14.5, 5, 15, 7 ], "texture": "#crown" },
        "north": { "uv": [ 1, 10.5, 1.5, 12.5 ], "texture": "#crown" },
        "south": { "uv": [ 14.5, 10.5, 15, 12.5 ], "texture": "#crown" },
        "west":  { "uv": [ 5, 10.5, 7, 12.5 ], "texture": "#crown" },
        "east":  { "uv": [ 9, 10.5, 11, 12.5 ], "texture": "#crown" }
    }
},
{
    "__comment": "Crown",
    "from": [ 14.5, 3.5, 8 ],
    "to": [ 15, 5.5, 10 ],
    "faces": {
        "down":  { "uv": [ 14.5, 10, 15, 8 ], "texture": "#crown" },
        "up":    { "uv": [ 14.5, 8, 15, 10 ], "texture": "#crown" },
        "north": { "uv": [ 1, 10.5, 1.5, 12.5 ], "texture": "#crown" },
        "south": { "uv": [ 14.5, 10.5, 15, 12.5 ], "texture": "#crown" },
        "west":  { "uv": [ 8, 10.5, 10, 12.5 ], "texture": "#crown" },
        "east":  { "uv": [ 6, 10.5, 8, 12.5 ], "texture": "#crown" }
    }
},
{
    "__comment": "Crown",
    "from": [ 14.5, 3.5, 11 ],
    "to": [ 15, 5.5, 13 ],
    "faces": {
        "down":  { "uv": [ 14.5, 13, 15, 11 ], "texture": "#crown" },
        "up":    { "uv": [ 14.5, 11, 15, 13 ], "texture": "#crown" },
        "north": { "uv": [ 1, 10.5, 1.5, 12.5 ], "texture": "#crown" },
        "south": { "uv": [ 14.5, 10.5, 15, 12.5 ], "texture": "#crown" },
        "west":  { "uv": [ 11, 10.5, 13, 12.5 ], "texture": "#crown" },
        "east":  { "uv": [ 3, 10.5, 5, 12.5 ], "texture": "#crown" }
    }
},
{
    "__comment": "Gem",
    "from": [ 15, 4, 5 ],
    "to": [ 15.5, 5.5, 6.5 ],
    "faces": {
        "down":  { "uv": [ 15, 6.5, 15.5, 5 ], "texture": "#gem" },
        "up":    { "uv": [ 15, 5, 15.5, 6.5 ], "texture": "#gem" },
        "north": { "uv": [ 0.5, 10.5, 1, 12 ], "texture": "#gem" },
        "south": { "uv": [ 15, 10.5, 15.5, 12 ], "texture": "#gem" },
        "west":  { "uv": [ 5, 10.5, 6.5, 12 ], "texture": "#gem" },
        "east":  { "uv": [ 9.5, 10.5, 11, 12 ], "texture": "#gem" }
    }
},
{
    "__comment": "Gem",
    "from": [ 15, 4, 8 ],
    "to": [ 15.5, 5.5, 9.5 ],
    "faces": {
        "down":  { "uv": [ 15, 9.5, 15.5, 8 ], "texture": "#gem" },
        "up":    { "uv": [ 15, 8, 15.5, 9.5 ], "texture": "#gem" },
        "north": { "uv": [ 0.5, 10.5, 1, 12 ], "texture": "#gem" },
        "south": { "uv": [ 15, 10.5, 15.5, 12 ], "texture": "#gem" },
        "west":  { "uv": [ 8, 10.5, 9.5, 12 ], "texture": "#gem" },
        "east":  { "uv": [ 6.5, 10.5, 8, 12 ], "texture": "#gem" }
    }
},
{
    "__comment": "Gem",
    "from": [ 15, 4, 11 ],
    "to": [ 15.5, 5.5, 13 ],
    "faces": {
        "down":  { "uv": [ 15, 13, 15.5, 11 ], "texture": "#gem" },
        "up":    { "uv": [ 15, 11, 15.5, 13 ], "texture": "#gem" },
        "north": { "uv": [ 0.5, 10.5, 1, 12 ], "texture": "#gem" },
        "south": { "uv": [ 15, 10.5, 15.5, 12 ], "texture": "#gem" },
        "west":  { "uv": [ 11, 10.5, 13, 12 ], "texture": "#gem" },
        "east":  { "uv": [ 3, 10.5, 5, 12 ], "texture": "#gem" }
    }
},
{
    "__comment": "Gem",
    "from": [ 0.5, 4, 5 ],
    "to": [ 1.5, 5.5, 6.5 ],
    "faces": {
        "down":  { "uv": [ 0.5, 6.5, 1.5, 5 ], "texture": "#gem" },
        "up":    { "uv": [ 0.5, 5, 1.5, 6.5 ], "texture": "#gem" },
        "north": { "uv": [ 14.5, 10.5, 15.5, 12 ], "texture": "#gem" },
        "south": { "uv": [ 0.5, 10.5, 1.5, 12 ], "texture": "#gem" },
        "west":  { "uv": [ 5, 10.5, 6.5, 12 ], "texture": "#gem" },
        "east":  { "uv": [ 9.5, 10.5, 11, 12 ], "texture": "#gem" }
    }
},
{
    "__comment": "Gem",
    "from": [ 0.5, 4, 8 ],
    "to": [ 1.5, 5.5, 9.5 ],
    "faces": {
        "down":  { "uv": [ 0.5, 9.5, 1.5, 8 ], "texture": "#gem" },
        "up":    { "uv": [ 0.5, 8, 1.5, 9.5 ], "texture": "#gem" },
        "north": { "uv": [ 14.5, 10.5, 15.5, 12 ], "texture": "#gem" },
        "south": { "uv": [ 0.5, 10.5, 1.5, 12 ], "texture": "#gem" },
        "west":  { "uv": [ 8, 10.5, 9.5, 12 ], "texture": "#gem" },
        "east":  { "uv": [ 6.5, 10.5, 8, 12 ], "texture": "#gem" }
    }
},
{
    "__comment": "Gem",
    "from": [ 15, 4, 2 ],
    "to": [ 15.5, 5.5, 3.5 ],
    "faces": {
        "down":  { "uv": [ 15, 3.5, 15.5, 2 ], "texture": "#gem" },
        "up":    { "uv": [ 15, 2, 15.5, 3.5 ], "texture": "#gem" },
        "north": { "uv": [ 0.5, 10.5, 1, 12 ], "texture": "#gem" },
        "south": { "uv": [ 15, 10.5, 15.5, 12 ], "texture": "#gem" },
        "west":  { "uv": [ 2, 10.5, 3.5, 12 ], "texture": "#gem" },
        "east":  { "uv": [ 12.5, 10.5, 14, 12 ], "texture": "#gem" }
    }
},
{
    "__comment": "Crown",
    "from": [ 1, 4, 2 ],
    "to": [ 15, 5.5, 3.5 ],
    "faces": {
        "down":  { "uv": [ 1, 3.5, 15, 2 ], "texture": "#crown" },
        "up":    { "uv": [ 1, 2, 15, 3.5 ], "texture": "#crown" },
        "north": { "uv": [ 1, 10.5, 15, 12 ], "texture": "#crown" },
        "south": { "uv": [ 1, 10.5, 15, 12 ], "texture": "#crown" },
        "west":  { "uv": [ 2, 10.5, 3.5, 12 ], "texture": "#crown" },
        "east":  { "uv": [ 12.5, 10.5, 14, 12 ], "texture": "#crown" }
    }
},
{
    "__comment": "Gem",
    "from": [ 1.5, 4, 11 ],
    "to": [ 4, 5.5, 13 ],
    "faces": {
        "down":  { "uv": [ 1.5, 13, 4, 11 ], "texture": "#gem" },
        "up":    { "uv": [ 1.5, 11, 4, 13 ], "texture": "#gem" },
        "north": { "uv": [ 12, 10.5, 14.5, 12 ], "texture": "#gem" },
        "south": { "uv": [ 1.5, 10.5, 4, 12 ], "texture": "#gem" },
        "west":  { "uv": [ 11, 10.5, 13, 12 ], "texture": "#gem" },
        "east":  { "uv": [ 3, 10.5, 5, 12 ], "texture": "#gem" }
    }
}
],
"display": {
    "thirdperson": {
        "rotation": [ -136, 0, 0 ],
        "translation": [ 0, 3.4, -3 ],
        "scale": [ 0.5, 0.5, 0.5 ]
    },
    "head": {
        "rotation": [ 0, 180, 0 ],
        "translation": [ 0, 10, -0.4 ],
        "scale": [ 1.3, 1.3, 1.3 ]
    },
    "firstperson": {
        "rotation": [ 0, 154, 0 ],
        "translation": [ 8.7, 0.8, 3.1 ],
        "scale": [ 1.5, 1.5, 1.5 ]
    },
    "gui": {
        "rotation": [ 0, 93, 0 ],
        "translation": [ 0, 0, 0 ],
        "scale": [ 1.5, 1.5, 1.5 ]
    }
}
}