{
"__comment": "Dwarven Beard",
"__comment": "Not to be reused. Created for the Lords of Minecraft Server",
"textures": {
    "hairband": "blocks/hat_beard2",
    "beard": "blocks/hat_beard1"
},
"elements": [ 
{
    "__comment": "Beard",
    "from": [ 12.5, 12, 8.5 ],
    "to": [ 13, 13.5, 9 ],
    "faces": {
        "down":  { "uv": [ 12.5, 9, 13, 8.5 ], "texture": "#beard" },
        "up":    { "uv": [ 12.5, 8.5, 13, 9 ], "texture": "#beard" },
        "north": { "uv": [ 3, 2.5, 3.5, 4 ], "texture": "#beard" },
        "south": { "uv": [ 12.5, 2.5, 13, 4 ], "texture": "#beard" },
        "west":  { "uv": [ 8.5, 2.5, 9, 4 ], "texture": "#beard" },
        "east":  { "uv": [ 7, 2.5, 7.5, 4 ], "texture": "#beard" }
    }
},
{
    "__comment": "Beard",
    "from": [ 12.5, 11.5, 8 ],
    "to": [ 13, 13.5, 8.5 ],
    "faces": {
        "down":  { "uv": [ 12.5, 8.5, 13, 8 ], "texture": "#beard" },
        "up":    { "uv": [ 12.5, 8, 13, 8.5 ], "texture": "#beard" },
        "north": { "uv": [ 3, 2.5, 3.5, 4.5 ], "texture": "#beard" },
        "south": { "uv": [ 12.5, 2.5, 13, 4.5 ], "texture": "#beard" },
        "west":  { "uv": [ 8, 2.5, 8.5, 4.5 ], "texture": "#beard" },
        "east":  { "uv": [ 7.5, 2.5, 8, 4.5 ], "texture": "#beard" }
    }
},
{
    "__comment": "Beard",
    "from": [ 12.5, 11, 7.5 ],
    "to": [ 13, 13.5, 8 ],
    "faces": {
        "down":  { "uv": [ 12.5, 8, 13, 7.5 ], "texture": "#beard" },
        "up":    { "uv": [ 12.5, 7.5, 13, 8 ], "texture": "#beard" },
        "north": { "uv": [ 3, 2.5, 3.5, 5 ], "texture": "#beard" },
        "south": { "uv": [ 12.5, 2.5, 13, 5 ], "texture": "#beard" },
        "west":  { "uv": [ 7.5, 2.5, 8, 5 ], "texture": "#beard" },
        "east":  { "uv": [ 8, 2.5, 8.5, 5 ], "texture": "#beard" }
    }
},
{
    "__comment": "Beard",
    "from": [ 12.5, 10.5, 7 ],
    "to": [ 13, 13.5, 7.5 ],
    "faces": {
        "down":  { "uv": [ 12.5, 7.5, 13, 7 ], "texture": "#beard" },
        "up":    { "uv": [ 12.5, 7, 13, 7.5 ], "texture": "#beard" },
        "north": { "uv": [ 3, 2.5, 3.5, 5.5 ], "texture": "#beard" },
        "south": { "uv": [ 12.5, 2.5, 13, 5.5 ], "texture": "#beard" },
        "west":  { "uv": [ 7, 2.5, 7.5, 5.5 ], "texture": "#beard" },
        "east":  { "uv": [ 8.5, 2.5, 9, 5.5 ], "texture": "#beard" }
    }
},
{
    "__comment": "Beard",
    "from": [ 12.5, 13.5, 6 ],
    "to": [ 13, 14, 9 ],
    "faces": {
        "down":  { "uv": [ 12.5, 9, 13, 6 ], "texture": "#beard" },
        "up":    { "uv": [ 12.5, 6, 13, 9 ], "texture": "#beard" },
        "north": { "uv": [ 3, 2, 3.5, 2.5 ], "texture": "#beard" },
        "south": { "uv": [ 12.5, 2, 13, 2.5 ], "texture": "#beard" },
        "west":  { "uv": [ 6, 2, 9, 2.5 ], "texture": "#beard" },
        "east":  { "uv": [ 7, 2, 10, 2.5 ], "texture": "#beard" }
    }
},
{
    "__comment": "Beard",
    "from": [ 12.5, 13, 5.5 ],
    "to": [ 13, 14, 6 ],
    "faces": {
        "down":  { "uv": [ 12.5, 6, 13, 5.5 ], "texture": "#beard" },
        "up":    { "uv": [ 12.5, 5.5, 13, 6 ], "texture": "#beard" },
        "north": { "uv": [ 3, 2, 3.5, 3 ], "texture": "#beard" },
        "south": { "uv": [ 12.5, 2, 13, 3 ], "texture": "#beard" },
        "west":  { "uv": [ 5.5, 2, 6, 3 ], "texture": "#beard" },
        "east":  { "uv": [ 10, 2, 10.5, 3 ], "texture": "#beard" }
    }
},
{
    "__comment": "Beard",
    "from": [ 12, 11.5, 8.5 ],
    "to": [ 12.5, 14.5, 9.5 ],
    "faces": {
        "down":  { "uv": [ 12, 9.5, 12.5, 8.5 ], "texture": "#beard" },
        "up":    { "uv": [ 12, 8.5, 12.5, 9.5 ], "texture": "#beard" },
        "north": { "uv": [ 3.5, 1.5, 4, 4.5 ], "texture": "#beard" },
        "south": { "uv": [ 12, 1.5, 12.5, 4.5 ], "texture": "#beard" },
        "west":  { "uv": [ 8.5, 1.5, 9.5, 4.5 ], "texture": "#beard" },
        "east":  { "uv": [ 6.5, 1.5, 7.5, 4.5 ], "texture": "#beard" }
    }
},
{
    "__comment": "Beard",
    "from": [ 11, 12, 10 ],
    "to": [ 11.5, 14.5, 10.5 ],
    "faces": {
        "down":  { "uv": [ 11, 10.5, 11.5, 10 ], "texture": "#beard" },
        "up":    { "uv": [ 11, 10, 11.5, 10.5 ], "texture": "#beard" },
        "north": { "uv": [ 4.5, 1.5, 5, 4 ], "texture": "#beard" },
        "south": { "uv": [ 11, 1.5, 11.5, 4 ], "texture": "#beard" },
        "west":  { "uv": [ 10, 1.5, 10.5, 4 ], "texture": "#beard" },
        "east":  { "uv": [ 5.5, 1.5, 6, 4 ], "texture": "#beard" }
    }
},
{
    "__comment": "Beard",
    "from": [ 11, 11.5, 8.5 ],
    "to": [ 12, 14.5, 10 ],
    "faces": {
        "down":  { "uv": [ 11, 10, 12, 8.5 ], "texture": "#beard" },
        "up":    { "uv": [ 11, 8.5, 12, 10 ], "texture": "#beard" },
        "north": { "uv": [ 4, 1.5, 5, 4.5 ], "texture": "#beard" },
        "south": { "uv": [ 11, 1.5, 12, 4.5 ], "texture": "#beard" },
        "west":  { "uv": [ 8.5, 1.5, 10, 4.5 ], "texture": "#beard" },
        "east":  { "uv": [ 6, 1.5, 7.5, 4.5 ], "texture": "#beard" }
    }
},
{
    "__comment": "Beard",
    "from": [ 11, 11, 7.5 ],
    "to": [ 12.5, 14.5, 8.5 ],
    "faces": {
        "down":  { "uv": [ 11, 8.5, 12.5, 7.5 ], "texture": "#beard" },
        "up":    { "uv": [ 11, 7.5, 12.5, 8.5 ], "texture": "#beard" },
        "north": { "uv": [ 3.5, 1.5, 5, 5 ], "texture": "#beard" },
        "south": { "uv": [ 11, 1.5, 12.5, 5 ], "texture": "#beard" },
        "west":  { "uv": [ 7.5, 1.5, 8.5, 5 ], "texture": "#beard" },
        "east":  { "uv": [ 7.5, 1.5, 8.5, 5 ], "texture": "#beard" }
    }
},
{
    "__comment": "Beard",
    "from": [ 11, 10.5, 7 ],
    "to": [ 12.5, 14.5, 7.5 ],
    "faces": {
        "down":  { "uv": [ 11, 7.5, 12.5, 7 ], "texture": "#beard" },
        "up":    { "uv": [ 11, 7, 12.5, 7.5 ], "texture": "#beard" },
        "north": { "uv": [ 3.5, 1.5, 5, 5.5 ], "texture": "#beard" },
        "south": { "uv": [ 11, 1.5, 12.5, 5.5 ], "texture": "#beard" },
        "west":  { "uv": [ 7, 1.5, 7.5, 5.5 ], "texture": "#beard" },
        "east":  { "uv": [ 8.5, 1.5, 9, 5.5 ], "texture": "#beard" }
    }
},
{
    "__comment": "Beard",
    "from": [ 9.5, 13, 5.5 ],
    "to": [ 12.5, 14.5, 6 ],
    "faces": {
        "down":  { "uv": [ 9.5, 6, 12.5, 5.5 ], "texture": "#beard" },
        "up":    { "uv": [ 9.5, 5.5, 12.5, 6 ], "texture": "#beard" },
        "north": { "uv": [ 3.5, 1.5, 6.5, 3 ], "texture": "#beard" },
        "south": { "uv": [ 9.5, 1.5, 12.5, 3 ], "texture": "#beard" },
        "west":  { "uv": [ 5.5, 1.5, 6, 3 ], "texture": "#beard" },
        "east":  { "uv": [ 10, 1.5, 10.5, 3 ], "texture": "#beard" }
    }
},
{
    "__comment": "Beard",
    "from": [ 9, 13.5, 6 ],
    "to": [ 12.5, 14.5, 7 ],
    "faces": {
        "down":  { "uv": [ 9, 7, 12.5, 6 ], "texture": "#beard" },
        "up":    { "uv": [ 9, 6, 12.5, 7 ], "texture": "#beard" },
        "north": { "uv": [ 3.5, 1.5, 7, 2.5 ], "texture": "#beard" },
        "south": { "uv": [ 9, 1.5, 12.5, 2.5 ], "texture": "#beard" },
        "west":  { "uv": [ 6, 1.5, 7, 2.5 ], "texture": "#beard" },
        "east":  { "uv": [ 9, 1.5, 10, 2.5 ], "texture": "#beard" }
    }
},
{
    "__comment": "Beard",
    "from": [ 7, 13, 6 ],
    "to": [ 13, 13.5, 7 ],
    "faces": {
        "down":  { "uv": [ 7, 7, 13, 6 ], "texture": "#beard" },
        "up":    { "uv": [ 7, 6, 13, 7 ], "texture": "#beard" },
        "north": { "uv": [ 3, 2.5, 9, 3 ], "texture": "#beard" },
        "south": { "uv": [ 7, 2.5, 13, 3 ], "texture": "#beard" },
        "west":  { "uv": [ 6, 2.5, 7, 3 ], "texture": "#beard" },
        "east":  { "uv": [ 9, 2.5, 10, 3 ], "texture": "#beard" }
    }
},
{
    "__comment": "Band",
    "from": [ 7, 6, 5.5 ],
    "to": [ 9, 6.5, 7 ],
    "faces": {
        "down":  { "uv": [ 7, 7, 9, 5.5 ], "texture": "#hairband" },
        "up":    { "uv": [ 7, 5.5, 9, 7 ], "texture": "#hairband" },
        "north": { "uv": [ 7, 9.5, 9, 10 ], "texture": "#hairband" },
        "south": { "uv": [ 7, 9.5, 9, 10 ], "texture": "#hairband" },
        "west":  { "uv": [ 5.5, 9.5, 7, 10 ], "texture": "#hairband" },
        "east":  { "uv": [ 9, 9.5, 10.5, 10 ], "texture": "#hairband" }
    }
},
{
    "__comment": "Beard",
    "from": [ 7, 0, 5.5 ],
    "to": [ 9, 0.5, 7 ],
    "faces": {
        "down":  { "uv": [ 7, 7, 9, 5.5 ], "texture": "#beard" },
        "up":    { "uv": [ 7, 5.5, 9, 7 ], "texture": "#beard" },
        "north": { "uv": [ 7, 15.5, 9, 16 ], "texture": "#beard" },
        "south": { "uv": [ 7, 15.5, 9, 16 ], "texture": "#beard" },
        "west":  { "uv": [ 5.5, 15.5, 7, 16 ], "texture": "#beard" },
        "east":  { "uv": [ 9, 15.5, 10.5, 16 ], "texture": "#beard" }
    }
},
{
    "__comment": "Beard",
    "from": [ 6.5, 13, 6 ],
    "to": [ 7, 14.5, 7 ],
    "faces": {
        "down":  { "uv": [ 6.5, 7, 7, 6 ], "texture": "#beard" },
        "up":    { "uv": [ 6.5, 6, 7, 7 ], "texture": "#beard" },
        "north": { "uv": [ 9, 1.5, 9.5, 3 ], "texture": "#beard" },
        "south": { "uv": [ 6.5, 1.5, 7, 3 ], "texture": "#beard" },
        "west":  { "uv": [ 6, 1.5, 7, 3 ], "texture": "#beard" },
        "east":  { "uv": [ 9, 1.5, 10, 3 ], "texture": "#beard" }
    }
},
{
    "__comment": "Beard",
    "from": [ 6.5, 10.5, 5.5 ],
    "to": [ 13, 13, 7 ],
    "faces": {
        "down":  { "uv": [ 6.5, 7, 13, 5.5 ], "texture": "#beard" },
        "up":    { "uv": [ 6.5, 5.5, 13, 7 ], "texture": "#beard" },
        "north": { "uv": [ 3, 3, 9.5, 5.5 ], "texture": "#beard" },
        "south": { "uv": [ 6.5, 3, 13, 5.5 ], "texture": "#beard" },
        "west":  { "uv": [ 5.5, 3, 7, 5.5 ], "texture": "#beard" },
        "east":  { "uv": [ 9, 3, 10.5, 5.5 ], "texture": "#beard" }
    }
},
{
    "__comment": "Beard",
    "from": [ 6.5, 6.5, 5.5 ],
    "to": [ 9.5, 7, 7 ],
    "faces": {
        "down":  { "uv": [ 6.5, 7, 9.5, 5.5 ], "texture": "#beard" },
        "up":    { "uv": [ 6.5, 5.5, 9.5, 7 ], "texture": "#beard" },
        "north": { "uv": [ 6.5, 9, 9.5, 9.5 ], "texture": "#beard" },
        "south": { "uv": [ 6.5, 9, 9.5, 9.5 ], "texture": "#beard" },
        "west":  { "uv": [ 5.5, 9, 7, 9.5 ], "texture": "#beard" },
        "east":  { "uv": [ 9, 9, 10.5, 9.5 ], "texture": "#beard" }
    }
},
{
    "__comment": "Beard",
    "from": [ 6.5, 0.5, 5.5 ],
    "to": [ 9.5, 6, 7 ],
    "faces": {
        "down":  { "uv": [ 6.5, 7, 9.5, 5.5 ], "texture": "#beard" },
        "up":    { "uv": [ 6.5, 5.5, 9.5, 7 ], "texture": "#beard" },
        "north": { "uv": [ 6.5, 10, 9.5, 15.5 ], "texture": "#beard" },
        "south": { "uv": [ 6.5, 10, 9.5, 15.5 ], "texture": "#beard" },
        "west":  { "uv": [ 5.5, 10, 7, 15.5 ], "texture": "#beard" },
        "east":  { "uv": [ 9, 10, 10.5, 15.5 ], "texture": "#beard" }
    }
},
{
    "__comment": "Beard",
    "from": [ 5.5, 7, 5.5 ],
    "to": [ 10.5, 7.5, 7 ],
    "faces": {
        "down":  { "uv": [ 5.5, 7, 10.5, 5.5 ], "texture": "#beard" },
        "up":    { "uv": [ 5.5, 5.5, 10.5, 7 ], "texture": "#beard" },
        "north": { "uv": [ 5.5, 8.5, 10.5, 9 ], "texture": "#beard" },
        "south": { "uv": [ 5.5, 8.5, 10.5, 9 ], "texture": "#beard" },
        "west":  { "uv": [ 5.5, 8.5, 7, 9 ], "texture": "#beard" },
        "east":  { "uv": [ 9, 8.5, 10.5, 9 ], "texture": "#beard" }
    }
},
{
    "__comment": "Beard",
    "from": [ 5, 15.5, 5.5 ],
    "to": [ 11, 16, 7 ],
    "faces": {
        "down":  { "uv": [ 5, 7, 11, 5.5 ], "texture": "#beard" },
        "up":    { "uv": [ 5, 5.5, 11, 7 ], "texture": "#beard" },
        "north": { "uv": [ 5, 0, 11, 0.5 ], "texture": "#beard" },
        "south": { "uv": [ 5, 0, 11, 0.5 ], "texture": "#beard" },
        "west":  { "uv": [ 5.5, 0, 7, 0.5 ], "texture": "#beard" },
        "east":  { "uv": [ 9, 0, 10.5, 0.5 ], "texture": "#beard" }
    }
},
{
    "__comment": "Beard",
    "from": [ 5, 10.5, 5.5 ],
    "to": [ 6.5, 14.5, 7 ],
    "faces": {
        "down":  { "uv": [ 5, 7, 6.5, 5.5 ], "texture": "#beard" },
        "up":    { "uv": [ 5, 5.5, 6.5, 7 ], "texture": "#beard" },
        "north": { "uv": [ 9.5, 1.5, 11, 5.5 ], "texture": "#beard" },
        "south": { "uv": [ 5, 1.5, 6.5, 5.5 ], "texture": "#beard" },
        "west":  { "uv": [ 5.5, 1.5, 7, 5.5 ], "texture": "#beard" },
        "east":  { "uv": [ 9, 1.5, 10.5, 5.5 ], "texture": "#beard" }
    }
},
{
    "__comment": "Beard",
    "from": [ 5, 7.5, 5.5 ],
    "to": [ 11, 8, 7 ],
    "faces": {
        "down":  { "uv": [ 5, 7, 11, 5.5 ], "texture": "#beard" },
        "up":    { "uv": [ 5, 5.5, 11, 7 ], "texture": "#beard" },
        "north": { "uv": [ 5, 8, 11, 8.5 ], "texture": "#beard" },
        "south": { "uv": [ 5, 8, 11, 8.5 ], "texture": "#beard" },
        "west":  { "uv": [ 5.5, 8, 7, 8.5 ], "texture": "#beard" },
        "east":  { "uv": [ 9, 8, 10.5, 8.5 ], "texture": "#beard" }
    }
},
{
    "__comment": "Beard",
    "from": [ 4.5, 12, 10 ],
    "to": [ 5, 14.5, 10.5 ],
    "faces": {
        "down":  { "uv": [ 4.5, 10.5, 5, 10 ], "texture": "#beard" },
        "up":    { "uv": [ 4.5, 10, 5, 10.5 ], "texture": "#beard" },
        "north": { "uv": [ 11, 1.5, 11.5, 4 ], "texture": "#beard" },
        "south": { "uv": [ 4.5, 1.5, 5, 4 ], "texture": "#beard" },
        "west":  { "uv": [ 10, 1.5, 10.5, 4 ], "texture": "#beard" },
        "east":  { "uv": [ 5.5, 1.5, 6, 4 ], "texture": "#beard" }
    }
},
{
    "__comment": "Beard",
    "from": [ 4.5, 14.5, 5.5 ],
    "to": [ 11.5, 15.5, 7 ],
    "faces": {
        "down":  { "uv": [ 4.5, 7, 11.5, 5.5 ], "texture": "#beard" },
        "up":    { "uv": [ 4.5, 5.5, 11.5, 7 ], "texture": "#beard" },
        "north": { "uv": [ 4.5, 0.5, 11.5, 1.5 ], "texture": "#beard" },
        "south": { "uv": [ 4.5, 0.5, 11.5, 1.5 ], "texture": "#beard" },
        "west":  { "uv": [ 5.5, 0.5, 7, 1.5 ], "texture": "#beard" },
        "east":  { "uv": [ 9, 0.5, 10.5, 1.5 ], "texture": "#beard" }
    }
},
{
    "__comment": "Beard",
    "from": [ 4.5, 8, 5.5 ],
    "to": [ 11.5, 8.5, 7 ],
    "faces": {
        "down":  { "uv": [ 4.5, 7, 11.5, 5.5 ], "texture": "#beard" },
        "up":    { "uv": [ 4.5, 5.5, 11.5, 7 ], "texture": "#beard" },
        "north": { "uv": [ 4.5, 7.5, 11.5, 8 ], "texture": "#beard" },
        "south": { "uv": [ 4.5, 7.5, 11.5, 8 ], "texture": "#beard" },
        "west":  { "uv": [ 5.5, 7.5, 7, 8 ], "texture": "#beard" },
        "east":  { "uv": [ 9, 7.5, 10.5, 8 ], "texture": "#beard" }
    }
},
{
    "__comment": "Beard",
    "from": [ 4, 12, 9.5 ],
    "to": [ 5, 14.5, 10 ],
    "faces": {
        "down":  { "uv": [ 4, 10, 5, 9.5 ], "texture": "#beard" },
        "up":    { "uv": [ 4, 9.5, 5, 10 ], "texture": "#beard" },
        "north": { "uv": [ 11, 1.5, 12, 4 ], "texture": "#beard" },
        "south": { "uv": [ 4, 1.5, 5, 4 ], "texture": "#beard" },
        "west":  { "uv": [ 9.5, 1.5, 10, 4 ], "texture": "#beard" },
        "east":  { "uv": [ 6, 1.5, 6.5, 4 ], "texture": "#beard" }
    }
},
{
    "__comment": "Beard",
    "from": [ 4, 11.5, 9 ],
    "to": [ 5, 12, 9.5 ],
    "faces": {
        "down":  { "uv": [ 4, 9.5, 5, 9 ], "texture": "#beard" },
        "up":    { "uv": [ 4, 9, 5, 9.5 ], "texture": "#beard" },
        "north": { "uv": [ 11, 4, 12, 4.5 ], "texture": "#beard" },
        "south": { "uv": [ 4, 4, 5, 4.5 ], "texture": "#beard" },
        "west":  { "uv": [ 9, 4, 9.5, 4.5 ], "texture": "#beard" },
        "east":  { "uv": [ 6.5, 4, 7, 4.5 ], "texture": "#beard" }
    }
},
{
    "__comment": "Beard",
    "from": [ 4, 11, 8 ],
    "to": [ 5, 11.5, 8.5 ],
    "faces": {
        "down":  { "uv": [ 4, 8.5, 5, 8 ], "texture": "#beard" },
        "up":    { "uv": [ 4, 8, 5, 8.5 ], "texture": "#beard" },
        "north": { "uv": [ 11, 4.5, 12, 5 ], "texture": "#beard" },
        "south": { "uv": [ 4, 4.5, 5, 5 ], "texture": "#beard" },
        "west":  { "uv": [ 8, 4.5, 8.5, 5 ], "texture": "#beard" },
        "east":  { "uv": [ 7.5, 4.5, 8, 5 ], "texture": "#beard" }
    }
},
{
    "__comment": "Beard",
    "from": [ 4, 8.5, 5.5 ],
    "to": [ 12, 9.5, 7 ],
    "faces": {
        "down":  { "uv": [ 4, 7, 12, 5.5 ], "texture": "#beard" },
        "up":    { "uv": [ 4, 5.5, 12, 7 ], "texture": "#beard" },
        "north": { "uv": [ 4, 6.5, 12, 7.5 ], "texture": "#beard" },
        "south": { "uv": [ 4, 6.5, 12, 7.5 ], "texture": "#beard" },
        "west":  { "uv": [ 5.5, 6.5, 7, 7.5 ], "texture": "#beard" },
        "east":  { "uv": [ 9, 6.5, 10.5, 7.5 ], "texture": "#beard" }
    }
},
{
    "__comment": "Beard",
    "from": [ 3.5, 12, 9 ],
    "to": [ 5, 14, 9.5 ],
    "faces": {
        "down":  { "uv": [ 3.5, 9.5, 5, 9 ], "texture": "#beard" },
        "up":    { "uv": [ 3.5, 9, 5, 9.5 ], "texture": "#beard" },
        "north": { "uv": [ 11, 2, 12.5, 4 ], "texture": "#beard" },
        "south": { "uv": [ 3.5, 2, 5, 4 ], "texture": "#beard" },
        "west":  { "uv": [ 9, 2, 9.5, 4 ], "texture": "#beard" },
        "east":  { "uv": [ 6.5, 2, 7, 4 ], "texture": "#beard" }
    }
},
{
    "__comment": "Beard",
    "from": [ 3.5, 11.5, 8.5 ],
    "to": [ 5, 12, 9 ],
    "faces": {
        "down":  { "uv": [ 3.5, 9, 5, 8.5 ], "texture": "#beard" },
        "up":    { "uv": [ 3.5, 8.5, 5, 9 ], "texture": "#beard" },
        "north": { "uv": [ 11, 4, 12.5, 4.5 ], "texture": "#beard" },
        "south": { "uv": [ 3.5, 4, 5, 4.5 ], "texture": "#beard" },
        "west":  { "uv": [ 8.5, 4, 9, 4.5 ], "texture": "#beard" },
        "east":  { "uv": [ 7, 4, 7.5, 4.5 ], "texture": "#beard" }
    }
},
{
    "__comment": "Beard",
    "from": [ 3.5, 14, 5.5 ],
    "to": [ 5, 14.5, 9.5 ],
    "faces": {
        "down":  { "uv": [ 3.5, 9.5, 5, 5.5 ], "texture": "#beard" },
        "up":    { "uv": [ 3.5, 5.5, 5, 9.5 ], "texture": "#beard" },
        "north": { "uv": [ 11, 1.5, 12.5, 2 ], "texture": "#beard" },
        "south": { "uv": [ 3.5, 1.5, 5, 2 ], "texture": "#beard" },
        "west":  { "uv": [ 5.5, 1.5, 9.5, 2 ], "texture": "#beard" },
        "east":  { "uv": [ 6.5, 1.5, 10.5, 2 ], "texture": "#beard" }
    }
},
{
    "__comment": "Beard",
    "from": [ 3.5, 9.5, 5.5 ],
    "to": [ 12.5, 10.5, 7 ],
    "faces": {
        "down":  { "uv": [ 3.5, 7, 12.5, 5.5 ], "texture": "#beard" },
        "up":    { "uv": [ 3.5, 5.5, 12.5, 7 ], "texture": "#beard" },
        "north": { "uv": [ 3.5, 5.5, 12.5, 6.5 ], "texture": "#beard" },
        "south": { "uv": [ 3.5, 5.5, 12.5, 6.5 ], "texture": "#beard" },
        "west":  { "uv": [ 5.5, 5.5, 7, 6.5 ], "texture": "#beard" },
        "east":  { "uv": [ 9, 5.5, 10.5, 6.5 ], "texture": "#beard" }
    }
},
{
    "__comment": "Beard",
    "from": [ 3, 12, 8.5 ],
    "to": [ 5, 14, 9 ],
    "faces": {
        "down":  { "uv": [ 3, 9, 5, 8.5 ], "texture": "#beard" },
        "up":    { "uv": [ 3, 8.5, 5, 9 ], "texture": "#beard" },
        "north": { "uv": [ 11, 2, 13, 4 ], "texture": "#beard" },
        "south": { "uv": [ 3, 2, 5, 4 ], "texture": "#beard" },
        "west":  { "uv": [ 8.5, 2, 9, 4 ], "texture": "#beard" },
        "east":  { "uv": [ 7, 2, 7.5, 4 ], "texture": "#beard" }
    }
},
{
    "__comment": "Beard",
    "from": [ 3, 11.5, 8 ],
    "to": [ 5, 14, 8.5 ],
    "faces": {
        "down":  { "uv": [ 3, 8.5, 5, 8 ], "texture": "#beard" },
        "up":    { "uv": [ 3, 8, 5, 8.5 ], "texture": "#beard" },
        "north": { "uv": [ 11, 2, 13, 4.5 ], "texture": "#beard" },
        "south": { "uv": [ 3, 2, 5, 4.5 ], "texture": "#beard" },
        "west":  { "uv": [ 8, 2, 8.5, 4.5 ], "texture": "#beard" },
        "east":  { "uv": [ 7.5, 2, 8, 4.5 ], "texture": "#beard" }
    }
},
{
    "__comment": "Beard",
    "from": [ 3, 11, 7.5 ],
    "to": [ 5, 14, 8 ],
    "faces": {
        "down":  { "uv": [ 3, 8, 5, 7.5 ], "texture": "#beard" },
        "up":    { "uv": [ 3, 7.5, 5, 8 ], "texture": "#beard" },
        "north": { "uv": [ 11, 2, 13, 5 ], "texture": "#beard" },
        "south": { "uv": [ 3, 2, 5, 5 ], "texture": "#beard" },
        "west":  { "uv": [ 7.5, 2, 8, 5 ], "texture": "#beard" },
        "east":  { "uv": [ 8, 2, 8.5, 5 ], "texture": "#beard" }
    }
},
{
    "__comment": "Beard",
    "from": [ 3, 10.5, 5.5 ],
    "to": [ 5, 14, 7.5 ],
    "faces": {
        "down":  { "uv": [ 3, 7.5, 5, 5.5 ], "texture": "#beard" },
        "up":    { "uv": [ 3, 5.5, 5, 7.5 ], "texture": "#beard" },
        "north": { "uv": [ 11, 2, 13, 5.5 ], "texture": "#beard" },
        "south": { "uv": [ 3, 2, 5, 5.5 ], "texture": "#beard" },
        "west":  { "uv": [ 5.5, 2, 7.5, 5.5 ], "texture": "#beard" },
        "east":  { "uv": [ 8.5, 2, 10.5, 5.5 ], "texture": "#beard" }
    }
}
],
"display": {
    "thirdperson": {
        "rotation": [ 25, 0, 180 ],
        "translation": [ 0, 3.9, -0.5 ],
        "scale": [ 1, 1, 1 ]
    },
    "head": {
        "rotation": [ 0, 0, 0 ],
        "translation": [ 0, -15.1, -3 ],
        "scale": [ 1.5, 1.5, 1.5 ]
    },
    "firstperson": {
        "rotation": [ 9, 50, -47 ],
        "translation": [ 3.4, -0.8, 1.6 ],
        "scale": [ 1, 1, 1 ]
    },
    "gui": {
        "rotation": [ 0, -90, 0 ],
        "translation": [ 0, 0, 0 ],
        "scale": [ 2, 2, 2 ]
    }
}
}