{
"__comment": "Dragon Warrior",
"__comment": "Not to be reused. Created for the Buffalo Wizard Servers",
"textures": {
    "particle": "blocks/hats/hats_buffalowarrior2",
    "texture": "blocks/hats/hats_buffalowarrior1"
},
"elements": [ 
{
    "__comment": "Horn",
    "from": [ 15.5, 11.5, 7.5 ],
    "to": [ 16, 12, 8.5 ],
    "faces": {
        "down":  { "uv": [ 15.5, 8.5, 16, 7.5 ], "texture": "#particle" },
        "up":    { "uv": [ 15.5, 7.5, 16, 8.5 ], "texture": "#particle" },
        "north": { "uv": [ 0, 4, 0.5, 4.5 ], "texture": "#particle" },
        "south": { "uv": [ 15.5, 4, 16, 4.5 ], "texture": "#particle" },
        "west":  { "uv": [ 7.5, 4, 8.5, 4.5 ], "texture": "#particle" },
        "east":  { "uv": [ 7.5, 4, 8.5, 4.5 ], "texture": "#particle" }
    }
},
{
    "__comment": "Horn",
    "from": [ 15, 11, 8.5 ],
    "to": [ 15.5, 11.5, 9 ],
    "faces": {
        "down":  { "uv": [ 15, 9, 15.5, 8.5 ], "texture": "#particle" },
        "up":    { "uv": [ 15, 8.5, 15.5, 9 ], "texture": "#particle" },
        "north": { "uv": [ 0.5, 4.5, 1, 5 ], "texture": "#particle" },
        "south": { "uv": [ 15, 4.5, 15.5, 5 ], "texture": "#particle" },
        "west":  { "uv": [ 8.5, 4.5, 9, 5 ], "texture": "#particle" },
        "east":  { "uv": [ 7, 4.5, 7.5, 5 ], "texture": "#particle" }
    }
},
{
    "__comment": "Horn",
    "from": [ 15, 11, 7 ],
    "to": [ 15.5, 11.5, 7.5 ],
    "faces": {
        "down":  { "uv": [ 15, 7.5, 15.5, 7 ], "texture": "#particle" },
        "up":    { "uv": [ 15, 7, 15.5, 7.5 ], "texture": "#particle" },
        "north": { "uv": [ 0.5, 4.5, 1, 5 ], "texture": "#particle" },
        "south": { "uv": [ 15, 4.5, 15.5, 5 ], "texture": "#particle" },
        "west":  { "uv": [ 7, 4.5, 7.5, 5 ], "texture": "#particle" },
        "east":  { "uv": [ 8.5, 4.5, 9, 5 ], "texture": "#particle" }
    }
},
{
    "__comment": "Horn",
    "from": [ 14.5, 11, 7.5 ],
    "to": [ 16, 11.5, 8.5 ],
    "faces": {
        "down":  { "uv": [ 14.5, 8.5, 16, 7.5 ], "texture": "#particle" },
        "up":    { "uv": [ 14.5, 7.5, 16, 8.5 ], "texture": "#particle" },
        "north": { "uv": [ 0, 4.5, 1.5, 5 ], "texture": "#particle" },
        "south": { "uv": [ 14.5, 4.5, 16, 5 ], "texture": "#particle" },
        "west":  { "uv": [ 7.5, 4.5, 8.5, 5 ], "texture": "#particle" },
        "east":  { "uv": [ 7.5, 4.5, 8.5, 5 ], "texture": "#particle" }
    }
},
{
    "__comment": "Horn",
    "from": [ 14, 11.5, 7.5 ],
    "to": [ 15.5, 12.5, 8.5 ],
    "faces": {
        "down":  { "uv": [ 14, 8.5, 15.5, 7.5 ], "texture": "#particle" },
        "up":    { "uv": [ 14, 7.5, 15.5, 8.5 ], "texture": "#particle" },
        "north": { "uv": [ 0.5, 3.5, 2, 4.5 ], "texture": "#particle" },
        "south": { "uv": [ 14, 3.5, 15.5, 4.5 ], "texture": "#particle" },
        "west":  { "uv": [ 7.5, 3.5, 8.5, 4.5 ], "texture": "#particle" },
        "east":  { "uv": [ 7.5, 3.5, 8.5, 4.5 ], "texture": "#particle" }
    }
},
{
    "__comment": "Horn",
    "from": [ 14, 10.5, 7 ],
    "to": [ 16, 11, 9 ],
    "faces": {
        "down":  { "uv": [ 14, 9, 16, 7 ], "texture": "#particle" },
        "up":    { "uv": [ 14, 7, 16, 9 ], "texture": "#particle" },
        "north": { "uv": [ 0, 5, 2, 5.5 ], "texture": "#particle" },
        "south": { "uv": [ 14, 5, 16, 5.5 ], "texture": "#particle" },
        "west":  { "uv": [ 7, 5, 9, 5.5 ], "texture": "#particle" },
        "east":  { "uv": [ 7, 5, 9, 5.5 ], "texture": "#particle" }
    }
},
{
    "__comment": "Horn",
    "from": [ 13.5, 9.5, 9 ],
    "to": [ 15, 10, 9.5 ],
    "faces": {
        "down":  { "uv": [ 13.5, 9.5, 15, 9 ], "texture": "#particle" },
        "up":    { "uv": [ 13.5, 9, 15, 9.5 ], "texture": "#particle" },
        "north": { "uv": [ 1, 6, 2.5, 6.5 ], "texture": "#particle" },
        "south": { "uv": [ 13.5, 6, 15, 6.5 ], "texture": "#particle" },
        "west":  { "uv": [ 9, 6, 9.5, 6.5 ], "texture": "#particle" },
        "east":  { "uv": [ 6.5, 6, 7, 6.5 ], "texture": "#particle" }
    }
},
{
    "__comment": "Horn",
    "from": [ 13.5, 10, 8.5 ],
    "to": [ 16, 10.5, 9 ],
    "faces": {
        "down":  { "uv": [ 13.5, 9, 16, 8.5 ], "texture": "#particle" },
        "up":    { "uv": [ 13.5, 8.5, 16, 9 ], "texture": "#particle" },
        "north": { "uv": [ 0, 5.5, 2.5, 6 ], "texture": "#particle" },
        "south": { "uv": [ 13.5, 5.5, 16, 6 ], "texture": "#particle" },
        "west":  { "uv": [ 8.5, 5.5, 9, 6 ], "texture": "#particle" },
        "east":  { "uv": [ 7, 5.5, 7.5, 6 ], "texture": "#particle" }
    }
},
{
    "__comment": "Horn",
    "from": [ 13.5, 10, 7 ],
    "to": [ 16, 10.5, 7.5 ],
    "faces": {
        "down":  { "uv": [ 13.5, 7.5, 16, 7 ], "texture": "#particle" },
        "up":    { "uv": [ 13.5, 7, 16, 7.5 ], "texture": "#particle" },
        "north": { "uv": [ 0, 5.5, 2.5, 6 ], "texture": "#particle" },
        "south": { "uv": [ 13.5, 5.5, 16, 6 ], "texture": "#particle" },
        "west":  { "uv": [ 7, 5.5, 7.5, 6 ], "texture": "#particle" },
        "east":  { "uv": [ 8.5, 5.5, 9, 6 ], "texture": "#particle" }
    }
},
{
    "__comment": "Horn",
    "from": [ 13.5, 9.5, 6.5 ],
    "to": [ 15, 10, 7 ],
    "faces": {
        "down":  { "uv": [ 13.5, 7, 15, 6.5 ], "texture": "#particle" },
        "up":    { "uv": [ 13.5, 6.5, 15, 7 ], "texture": "#particle" },
        "north": { "uv": [ 1, 6, 2.5, 6.5 ], "texture": "#particle" },
        "south": { "uv": [ 13.5, 6, 15, 6.5 ], "texture": "#particle" },
        "west":  { "uv": [ 6.5, 6, 7, 6.5 ], "texture": "#particle" },
        "east":  { "uv": [ 9, 6, 9.5, 6.5 ], "texture": "#particle" }
    }
},
{
    "__comment": "Horn",
    "from": [ 13, 10, 7.5 ],
    "to": [ 16, 10.5, 8.5 ],
    "faces": {
        "down":  { "uv": [ 13, 8.5, 16, 7.5 ], "texture": "#particle" },
        "up":    { "uv": [ 13, 7.5, 16, 8.5 ], "texture": "#particle" },
        "north": { "uv": [ 0, 5.5, 3, 6 ], "texture": "#particle" },
        "south": { "uv": [ 13, 5.5, 16, 6 ], "texture": "#particle" },
        "west":  { "uv": [ 7.5, 5.5, 8.5, 6 ], "texture": "#particle" },
        "east":  { "uv": [ 7.5, 5.5, 8.5, 6 ], "texture": "#particle" }
    }
},
{
    "__comment": "Horn",
    "from": [ 12.5, 9, 9 ],
    "to": [ 15, 9.5, 9.5 ],
    "faces": {
        "down":  { "uv": [ 12.5, 9.5, 15, 9 ], "texture": "#particle" },
        "up":    { "uv": [ 12.5, 9, 15, 9.5 ], "texture": "#particle" },
        "north": { "uv": [ 1, 6.5, 3.5, 7 ], "texture": "#particle" },
        "south": { "uv": [ 12.5, 6.5, 15, 7 ], "texture": "#particle" },
        "west":  { "uv": [ 9, 6.5, 9.5, 7 ], "texture": "#particle" },
        "east":  { "uv": [ 6.5, 6.5, 7, 7 ], "texture": "#particle" }
    }
},
{
    "__comment": "Horn",
    "from": [ 12.5, 9.5, 8.5 ],
    "to": [ 15.5, 10, 9 ],
    "faces": {
        "down":  { "uv": [ 12.5, 9, 15.5, 8.5 ], "texture": "#particle" },
        "up":    { "uv": [ 12.5, 8.5, 15.5, 9 ], "texture": "#particle" },
        "north": { "uv": [ 0.5, 6, 3.5, 6.5 ], "texture": "#particle" },
        "south": { "uv": [ 12.5, 6, 15.5, 6.5 ], "texture": "#particle" },
        "west":  { "uv": [ 8.5, 6, 9, 6.5 ], "texture": "#particle" },
        "east":  { "uv": [ 7, 6, 7.5, 6.5 ], "texture": "#particle" }
    }
},
{
    "__comment": "Dragonslayer",
    "from": [ 12.5, 5, 8 ],
    "to": [ 13, 6.5, 8.5 ],
    "faces": {
        "down":  { "uv": [ 12.5, 8.5, 13, 8 ], "texture": "#texture" },
        "up":    { "uv": [ 12.5, 8, 13, 8.5 ], "texture": "#texture" },
        "north": { "uv": [ 3, 9.5, 3.5, 11 ], "texture": "#texture" },
        "south": { "uv": [ 12.5, 9.5, 13, 11 ], "texture": "#texture" },
        "west":  { "uv": [ 8, 9.5, 8.5, 11 ], "texture": "#texture" },
        "east":  { "uv": [ 7.5, 9.5, 8, 11 ], "texture": "#texture" }
    }
},
{
    "__comment": "Dragonslayer",
    "from": [ 12.5, 4.5, 7.5 ],
    "to": [ 13, 6.5, 8 ],
    "faces": {
        "down":  { "uv": [ 12.5, 8, 13, 7.5 ], "texture": "#texture" },
        "up":    { "uv": [ 12.5, 7.5, 13, 8 ], "texture": "#texture" },
        "north": { "uv": [ 3, 9.5, 3.5, 11.5 ], "texture": "#texture" },
        "south": { "uv": [ 12.5, 9.5, 13, 11.5 ], "texture": "#texture" },
        "west":  { "uv": [ 7.5, 9.5, 8, 11.5 ], "texture": "#texture" },
        "east":  { "uv": [ 8, 9.5, 8.5, 11.5 ], "texture": "#texture" }
    }
},
{
    "__comment": "Horn",
    "from": [ 12.5, 9.5, 7 ],
    "to": [ 15.5, 10, 7.5 ],
    "faces": {
        "down":  { "uv": [ 12.5, 7.5, 15.5, 7 ], "texture": "#particle" },
        "up":    { "uv": [ 12.5, 7, 15.5, 7.5 ], "texture": "#particle" },
        "north": { "uv": [ 0.5, 6, 3.5, 6.5 ], "texture": "#particle" },
        "south": { "uv": [ 12.5, 6, 15.5, 6.5 ], "texture": "#particle" },
        "west":  { "uv": [ 7, 6, 7.5, 6.5 ], "texture": "#particle" },
        "east":  { "uv": [ 8.5, 6, 9, 6.5 ], "texture": "#particle" }
    }
},
{
    "__comment": "Horn",
    "from": [ 12.5, 9, 6.5 ],
    "to": [ 15, 9.5, 7 ],
    "faces": {
        "down":  { "uv": [ 12.5, 7, 15, 6.5 ], "texture": "#particle" },
        "up":    { "uv": [ 12.5, 6.5, 15, 7 ], "texture": "#particle" },
        "north": { "uv": [ 1, 6.5, 3.5, 7 ], "texture": "#particle" },
        "south": { "uv": [ 12.5, 6.5, 15, 7 ], "texture": "#particle" },
        "west":  { "uv": [ 6.5, 6.5, 7, 7 ], "texture": "#particle" },
        "east":  { "uv": [ 9, 6.5, 9.5, 7 ], "texture": "#particle" }
    }
},
{
    "__comment": "Dragonslayer",
    "from": [ 12, 6, 9 ],
    "to": [ 12.5, 7, 9.5 ],
    "faces": {
        "down":  { "uv": [ 12, 9.5, 12.5, 9 ], "texture": "#texture" },
        "up":    { "uv": [ 12, 9, 12.5, 9.5 ], "texture": "#texture" },
        "north": { "uv": [ 3.5, 9, 4, 10 ], "texture": "#texture" },
        "south": { "uv": [ 12, 9, 12.5, 10 ], "texture": "#texture" },
        "west":  { "uv": [ 9, 9, 9.5, 10 ], "texture": "#texture" },
        "east":  { "uv": [ 6.5, 9, 7, 10 ], "texture": "#texture" }
    }
},
{
    "__comment": "Dragonslayer",
    "from": [ 12, 5.5, 8.5 ],
    "to": [ 12.5, 7, 9 ],
    "faces": {
        "down":  { "uv": [ 12, 9, 12.5, 8.5 ], "texture": "#texture" },
        "up":    { "uv": [ 12, 8.5, 12.5, 9 ], "texture": "#texture" },
        "north": { "uv": [ 3.5, 9, 4, 10.5 ], "texture": "#texture" },
        "south": { "uv": [ 12, 9, 12.5, 10.5 ], "texture": "#texture" },
        "west":  { "uv": [ 8.5, 9, 9, 10.5 ], "texture": "#texture" },
        "east":  { "uv": [ 7, 9, 7.5, 10.5 ], "texture": "#texture" }
    }
},
{
    "__comment": "Dragonslayer",
    "from": [ 12, 6, 6 ],
    "to": [ 12.5, 7, 7 ],
    "faces": {
        "down":  { "uv": [ 12, 7, 12.5, 6 ], "texture": "#texture" },
        "up":    { "uv": [ 12, 6, 12.5, 7 ], "texture": "#texture" },
        "north": { "uv": [ 3.5, 9, 4, 10 ], "texture": "#texture" },
        "south": { "uv": [ 12, 9, 12.5, 10 ], "texture": "#texture" },
        "west":  { "uv": [ 6, 9, 7, 10 ], "texture": "#texture" },
        "east":  { "uv": [ 9, 9, 10, 10 ], "texture": "#texture" }
    }
},
{
    "__comment": "Dragonslayer",
    "from": [ 12, 4.5, 5.5 ],
    "to": [ 12.5, 6, 7 ],
    "faces": {
        "down":  { "uv": [ 12, 7, 12.5, 5.5 ], "texture": "#texture" },
        "up":    { "uv": [ 12, 5.5, 12.5, 7 ], "texture": "#texture" },
        "north": { "uv": [ 3.5, 10, 4, 11.5 ], "texture": "#texture" },
        "south": { "uv": [ 12, 10, 12.5, 11.5 ], "texture": "#texture" },
        "west":  { "uv": [ 5.5, 10, 7, 11.5 ], "texture": "#texture" },
        "east":  { "uv": [ 9, 10, 10.5, 11.5 ], "texture": "#texture" }
    }
},
{
    "__comment": "Dragonslayer",
    "from": [ 11.5, 6.5, 10.5 ],
    "to": [ 12, 7, 11 ],
    "faces": {
        "down":  { "uv": [ 11.5, 11, 12, 10.5 ], "texture": "#texture" },
        "up":    { "uv": [ 11.5, 10.5, 12, 11 ], "texture": "#texture" },
        "north": { "uv": [ 4, 9, 4.5, 9.5 ], "texture": "#texture" },
        "south": { "uv": [ 11.5, 9, 12, 9.5 ], "texture": "#texture" },
        "west":  { "uv": [ 10.5, 9, 11, 9.5 ], "texture": "#texture" },
        "east":  { "uv": [ 5, 9, 5.5, 9.5 ], "texture": "#texture" }
    }
},
{
    "__comment": "Dragonslayer",
    "from": [ 11.5, 8, 9.5 ],
    "to": [ 12, 8.5, 10.5 ],
    "faces": {
        "down":  { "uv": [ 11.5, 10.5, 12, 9.5 ], "texture": "#texture" },
        "up":    { "uv": [ 11.5, 9.5, 12, 10.5 ], "texture": "#texture" },
        "north": { "uv": [ 4, 7.5, 4.5, 8 ], "texture": "#texture" },
        "south": { "uv": [ 11.5, 7.5, 12, 8 ], "texture": "#texture" },
        "west":  { "uv": [ 9.5, 7.5, 10.5, 8 ], "texture": "#texture" },
        "east":  { "uv": [ 5.5, 7.5, 6.5, 8 ], "texture": "#texture" }
    }
},
{
    "__comment": "Dragonslayer",
    "from": [ 11.5, 5, 8.5 ],
    "to": [ 12.5, 5.5, 9 ],
    "faces": {
        "down":  { "uv": [ 11.5, 9, 12.5, 8.5 ], "texture": "#texture" },
        "up":    { "uv": [ 11.5, 8.5, 12.5, 9 ], "texture": "#texture" },
        "north": { "uv": [ 3.5, 10.5, 4.5, 11 ], "texture": "#texture" },
        "south": { "uv": [ 11.5, 10.5, 12.5, 11 ], "texture": "#texture" },
        "west":  { "uv": [ 8.5, 10.5, 9, 11 ], "texture": "#texture" },
        "east":  { "uv": [ 7, 10.5, 7.5, 11 ], "texture": "#texture" }
    }
},
{
    "__comment": "Dragonslayer",
    "from": [ 11.5, 4.5, 8 ],
    "to": [ 12.5, 5, 8.5 ],
    "faces": {
        "down":  { "uv": [ 11.5, 8.5, 12.5, 8 ], "texture": "#texture" },
        "up":    { "uv": [ 11.5, 8, 12.5, 8.5 ], "texture": "#texture" },
        "north": { "uv": [ 3.5, 11, 4.5, 11.5 ], "texture": "#texture" },
        "south": { "uv": [ 11.5, 11, 12.5, 11.5 ], "texture": "#texture" },
        "west":  { "uv": [ 8, 11, 8.5, 11.5 ], "texture": "#texture" },
        "east":  { "uv": [ 7.5, 11, 8, 11.5 ], "texture": "#texture" }
    }
},
{
    "__comment": "Horn",
    "from": [ 11.5, 9.5, 7.5 ],
    "to": [ 16, 10, 8.5 ],
    "faces": {
        "down":  { "uv": [ 11.5, 8.5, 16, 7.5 ], "texture": "#particle" },
        "up":    { "uv": [ 11.5, 7.5, 16, 8.5 ], "texture": "#particle" },
        "north": { "uv": [ 0, 6, 4.5, 6.5 ], "texture": "#particle" },
        "south": { "uv": [ 11.5, 6, 16, 6.5 ], "texture": "#particle" },
        "west":  { "uv": [ 7.5, 6, 8.5, 6.5 ], "texture": "#particle" },
        "east":  { "uv": [ 7.5, 6, 8.5, 6.5 ], "texture": "#particle" }
    }
},
{
    "__comment": "Dragonslayer",
    "from": [ 11, 5.5, 8.5 ],
    "to": [ 12, 7, 9.5 ],
    "faces": {
        "down":  { "uv": [ 11, 9.5, 12, 8.5 ], "texture": "#texture" },
        "up":    { "uv": [ 11, 8.5, 12, 9.5 ], "texture": "#texture" },
        "north": { "uv": [ 4, 9, 5, 10.5 ], "texture": "#texture" },
        "south": { "uv": [ 11, 9, 12, 10.5 ], "texture": "#texture" },
        "west":  { "uv": [ 8.5, 9, 9.5, 10.5 ], "texture": "#texture" },
        "east":  { "uv": [ 6.5, 9, 7.5, 10.5 ], "texture": "#texture" }
    }
},
{
    "__comment": "Dragonslayer",
    "from": [ 11, 5, 8 ],
    "to": [ 12.5, 7, 8.5 ],
    "faces": {
        "down":  { "uv": [ 11, 8.5, 12.5, 8 ], "texture": "#texture" },
        "up":    { "uv": [ 11, 8, 12.5, 8.5 ], "texture": "#texture" },
        "north": { "uv": [ 3.5, 9, 5, 11 ], "texture": "#texture" },
        "south": { "uv": [ 11, 9, 12.5, 11 ], "texture": "#texture" },
        "west":  { "uv": [ 8, 9, 8.5, 11 ], "texture": "#texture" },
        "east":  { "uv": [ 7.5, 9, 8, 11 ], "texture": "#texture" }
    }
},
{
    "__comment": "Dragonslayer",
    "from": [ 11, 4.5, 7 ],
    "to": [ 12.5, 7, 8 ],
    "faces": {
        "down":  { "uv": [ 11, 8, 12.5, 7 ], "texture": "#texture" },
        "up":    { "uv": [ 11, 7, 12.5, 8 ], "texture": "#texture" },
        "north": { "uv": [ 3.5, 9, 5, 11.5 ], "texture": "#texture" },
        "south": { "uv": [ 11, 9, 12.5, 11.5 ], "texture": "#texture" },
        "west":  { "uv": [ 7, 9, 8, 11.5 ], "texture": "#texture" },
        "east":  { "uv": [ 8, 9, 9, 11.5 ], "texture": "#texture" }
    }
},
{
    "__comment": "Dragonslayer",
    "from": [ 11, 4, 6.5 ],
    "to": [ 12, 7, 7 ],
    "faces": {
        "down":  { "uv": [ 11, 7, 12, 6.5 ], "texture": "#texture" },
        "up":    { "uv": [ 11, 6.5, 12, 7 ], "texture": "#texture" },
        "north": { "uv": [ 4, 9, 5, 12 ], "texture": "#texture" },
        "south": { "uv": [ 11, 9, 12, 12 ], "texture": "#texture" },
        "west":  { "uv": [ 6.5, 9, 7, 12 ], "texture": "#texture" },
        "east":  { "uv": [ 9, 9, 9.5, 12 ], "texture": "#texture" }
    }
},
{
    "__comment": "Dragonslayer",
    "from": [ 10.5, 6, 9.5 ],
    "to": [ 12.5, 7, 10 ],
    "faces": {
        "down":  { "uv": [ 10.5, 10, 12.5, 9.5 ], "texture": "#texture" },
        "up":    { "uv": [ 10.5, 9.5, 12.5, 10 ], "texture": "#texture" },
        "north": { "uv": [ 3.5, 9, 5.5, 10 ], "texture": "#texture" },
        "south": { "uv": [ 10.5, 9, 12.5, 10 ], "texture": "#texture" },
        "west":  { "uv": [ 9.5, 9, 10, 10 ], "texture": "#texture" },
        "east":  { "uv": [ 6, 9, 6.5, 10 ], "texture": "#texture" }
    }
},
{
    "__comment": "Dragonslayer",
    "from": [ 10.5, 4, 6 ],
    "to": [ 12, 7, 6.5 ],
    "faces": {
        "down":  { "uv": [ 10.5, 6.5, 12, 6 ], "texture": "#texture" },
        "up":    { "uv": [ 10.5, 6, 12, 6.5 ], "texture": "#texture" },
        "north": { "uv": [ 4, 9, 5.5, 12 ], "texture": "#texture" },
        "south": { "uv": [ 10.5, 9, 12, 12 ], "texture": "#texture" },
        "west":  { "uv": [ 6, 9, 6.5, 12 ], "texture": "#texture" },
        "east":  { "uv": [ 9.5, 9, 10, 12 ], "texture": "#texture" }
    }
},
{
    "__comment": "Dragonslayer",
    "from": [ 10, 6, 11 ],
    "to": [ 10.5, 6.5, 11.5 ],
    "faces": {
        "down":  { "uv": [ 10, 11.5, 10.5, 11 ], "texture": "#texture" },
        "up":    { "uv": [ 10, 11, 10.5, 11.5 ], "texture": "#texture" },
        "north": { "uv": [ 5.5, 9.5, 6, 10 ], "texture": "#texture" },
        "south": { "uv": [ 10, 9.5, 10.5, 10 ], "texture": "#texture" },
        "west":  { "uv": [ 11, 9.5, 11.5, 10 ], "texture": "#texture" },
        "east":  { "uv": [ 4.5, 9.5, 5, 10 ], "texture": "#texture" }
    }
},
{
    "__comment": "Dragonslayer",
    "from": [ 10, 6, 10 ],
    "to": [ 12.5, 7, 10.5 ],
    "faces": {
        "down":  { "uv": [ 10, 10.5, 12.5, 10 ], "texture": "#texture" },
        "up":    { "uv": [ 10, 10, 12.5, 10.5 ], "texture": "#texture" },
        "north": { "uv": [ 3.5, 9, 6, 10 ], "texture": "#texture" },
        "south": { "uv": [ 10, 9, 12.5, 10 ], "texture": "#texture" },
        "west":  { "uv": [ 10, 9, 10.5, 10 ], "texture": "#texture" },
        "east":  { "uv": [ 5.5, 9, 6, 10 ], "texture": "#texture" }
    }
},
{
    "__comment": "Dragonslayer",
    "from": [ 10, 4, 5 ],
    "to": [ 12, 6.5, 6 ],
    "faces": {
        "down":  { "uv": [ 10, 6, 12, 5 ], "texture": "#texture" },
        "up":    { "uv": [ 10, 5, 12, 6 ], "texture": "#texture" },
        "north": { "uv": [ 4, 9.5, 6, 12 ], "texture": "#texture" },
        "south": { "uv": [ 10, 9.5, 12, 12 ], "texture": "#texture" },
        "west":  { "uv": [ 5, 9.5, 6, 12 ], "texture": "#texture" },
        "east":  { "uv": [ 10, 9.5, 11, 12 ], "texture": "#texture" }
    }
},
{
    "__comment": "Dragonslayer",
    "from": [ 9.5, 6, 10.5 ],
    "to": [ 11.5, 7, 11 ],
    "faces": {
        "down":  { "uv": [ 9.5, 11, 11.5, 10.5 ], "texture": "#texture" },
        "up":    { "uv": [ 9.5, 10.5, 11.5, 11 ], "texture": "#texture" },
        "north": { "uv": [ 4.5, 9, 6.5, 10 ], "texture": "#texture" },
        "south": { "uv": [ 9.5, 9, 11.5, 10 ], "texture": "#texture" },
        "west":  { "uv": [ 10.5, 9, 11, 10 ], "texture": "#texture" },
        "east":  { "uv": [ 5, 9, 5.5, 10 ], "texture": "#texture" }
    }
},
{
    "__comment": "Dragonslayer",
    "from": [ 8.5, 6, 11 ],
    "to": [ 9, 6.5, 12 ],
    "faces": {
        "down":  { "uv": [ 8.5, 12, 9, 11 ], "texture": "#texture" },
        "up":    { "uv": [ 8.5, 11, 9, 12 ], "texture": "#texture" },
        "north": { "uv": [ 7, 9.5, 7.5, 10 ], "texture": "#texture" },
        "south": { "uv": [ 8.5, 9.5, 9, 10 ], "texture": "#texture" },
        "west":  { "uv": [ 11, 9.5, 12, 10 ], "texture": "#texture" },
        "east":  { "uv": [ 4, 9.5, 5, 10 ], "texture": "#texture" }
    }
},
{
    "__comment": "Dragonslayer",
    "from": [ 7.5, 5, 11.5 ],
    "to": [ 8.5, 6, 12 ],
    "faces": {
        "down":  { "uv": [ 7.5, 12, 8.5, 11.5 ], "texture": "#texture" },
        "up":    { "uv": [ 7.5, 11.5, 8.5, 12 ], "texture": "#texture" },
        "north": { "uv": [ 7.5, 10, 8.5, 11 ], "texture": "#texture" },
        "south": { "uv": [ 7.5, 10, 8.5, 11 ], "texture": "#texture" },
        "west":  { "uv": [ 11.5, 10, 12, 11 ], "texture": "#texture" },
        "east":  { "uv": [ 4, 10, 4.5, 11 ], "texture": "#texture" }
    }
},
{
    "__comment": "Dragonslayer",
    "from": [ 7.5, 4.5, 11 ],
    "to": [ 8.5, 6, 11.5 ],
    "faces": {
        "down":  { "uv": [ 7.5, 11.5, 8.5, 11 ], "texture": "#texture" },
        "up":    { "uv": [ 7.5, 11, 8.5, 11.5 ], "texture": "#texture" },
        "north": { "uv": [ 7.5, 10, 8.5, 11.5 ], "texture": "#texture" },
        "south": { "uv": [ 7.5, 10, 8.5, 11.5 ], "texture": "#texture" },
        "west":  { "uv": [ 11, 10, 11.5, 11.5 ], "texture": "#texture" },
        "east":  { "uv": [ 4.5, 10, 5, 11.5 ], "texture": "#texture" }
    }
},
{
    "__comment": "Dragonslayer",
    "from": [ 7, 6, 11 ],
    "to": [ 8.5, 6.5, 12.5 ],
    "faces": {
        "down":  { "uv": [ 7, 12.5, 8.5, 11 ], "texture": "#texture" },
        "up":    { "uv": [ 7, 11, 8.5, 12.5 ], "texture": "#texture" },
        "north": { "uv": [ 7.5, 9.5, 9, 10 ], "texture": "#texture" },
        "south": { "uv": [ 7, 9.5, 8.5, 10 ], "texture": "#texture" },
        "west":  { "uv": [ 11, 9.5, 12.5, 10 ], "texture": "#texture" },
        "east":  { "uv": [ 3.5, 9.5, 5, 10 ], "texture": "#texture" }
    }
},
{
    "__comment": "Dragonslayer",
    "from": [ 7, 10, 10 ],
    "to": [ 9, 10.5, 10.5 ],
    "faces": {
        "down":  { "uv": [ 7, 10.5, 9, 10 ], "texture": "#texture" },
        "up":    { "uv": [ 7, 10, 9, 10.5 ], "texture": "#texture" },
        "north": { "uv": [ 7, 5.5, 9, 6 ], "texture": "#texture" },
        "south": { "uv": [ 7, 5.5, 9, 6 ], "texture": "#texture" },
        "west":  { "uv": [ 10, 5.5, 10.5, 6 ], "texture": "#texture" },
        "east":  { "uv": [ 5.5, 5.5, 6, 6 ], "texture": "#texture" }
    }
},
{
    "__comment": "Dragonslayer",
    "from": [ 7, 6.5, 6 ],
    "to": [ 9, 7, 6.5 ],
    "faces": {
        "down":  { "uv": [ 7, 6.5, 9, 6 ], "texture": "#texture" },
        "up":    { "uv": [ 7, 6, 9, 6.5 ], "texture": "#texture" },
        "north": { "uv": [ 7, 9, 9, 9.5 ], "texture": "#texture" },
        "south": { "uv": [ 7, 9, 9, 9.5 ], "texture": "#texture" },
        "west":  { "uv": [ 6, 9, 6.5, 9.5 ], "texture": "#texture" },
        "east":  { "uv": [ 9.5, 9, 10, 9.5 ], "texture": "#texture" }
    }
},
{
    "__comment": "Dragonslayer",
    "from": [ 7, 10, 5.5 ],
    "to": [ 9, 10.5, 6 ],
    "faces": {
        "down":  { "uv": [ 7, 6, 9, 5.5 ], "texture": "#texture" },
        "up":    { "uv": [ 7, 5.5, 9, 6 ], "texture": "#texture" },
        "north": { "uv": [ 7, 5.5, 9, 6 ], "texture": "#texture" },
        "south": { "uv": [ 7, 5.5, 9, 6 ], "texture": "#texture" },
        "west":  { "uv": [ 5.5, 5.5, 6, 6 ], "texture": "#texture" },
        "east":  { "uv": [ 10, 5.5, 10.5, 6 ], "texture": "#texture" }
    }
},
{
    "__comment": "Dragonslayer",
    "from": [ 6.5, 10, 9.5 ],
    "to": [ 9.5, 10.5, 10 ],
    "faces": {
        "down":  { "uv": [ 6.5, 10, 9.5, 9.5 ], "texture": "#texture" },
        "up":    { "uv": [ 6.5, 9.5, 9.5, 10 ], "texture": "#texture" },
        "north": { "uv": [ 6.5, 5.5, 9.5, 6 ], "texture": "#texture" },
        "south": { "uv": [ 6.5, 5.5, 9.5, 6 ], "texture": "#texture" },
        "west":  { "uv": [ 9.5, 5.5, 10, 6 ], "texture": "#texture" },
        "east":  { "uv": [ 6, 5.5, 6.5, 6 ], "texture": "#texture" }
    }
},
{
    "__comment": "Dragonslayer",
    "from": [ 6.5, 10, 6 ],
    "to": [ 9.5, 10.5, 6.5 ],
    "faces": {
        "down":  { "uv": [ 6.5, 6.5, 9.5, 6 ], "texture": "#texture" },
        "up":    { "uv": [ 6.5, 6, 9.5, 6.5 ], "texture": "#texture" },
        "north": { "uv": [ 6.5, 5.5, 9.5, 6 ], "texture": "#texture" },
        "south": { "uv": [ 6.5, 5.5, 9.5, 6 ], "texture": "#texture" },
        "west":  { "uv": [ 6, 5.5, 6.5, 6 ], "texture": "#texture" },
        "east":  { "uv": [ 9.5, 5.5, 10, 6 ], "texture": "#texture" }
    }
},
{
    "__comment": "Dragonslayer",
    "from": [ 6.5, 3.5, 3.5 ],
    "to": [ 9.5, 4, 4 ],
    "faces": {
        "down":  { "uv": [ 6.5, 4, 9.5, 3.5 ], "texture": "#texture" },
        "up":    { "uv": [ 6.5, 3.5, 9.5, 4 ], "texture": "#texture" },
        "north": { "uv": [ 6.5, 12, 9.5, 12.5 ], "texture": "#texture" },
        "south": { "uv": [ 6.5, 12, 9.5, 12.5 ], "texture": "#texture" },
        "west":  { "uv": [ 3.5, 12, 4, 12.5 ], "texture": "#texture" },
        "east":  { "uv": [ 12, 12, 12.5, 12.5 ], "texture": "#texture" }
    }
},
{
    "__comment": "Dragonslayer",
    "from": [ 6, 7.5, 12 ],
    "to": [ 10, 8.5, 12.5 ],
    "faces": {
        "down":  { "uv": [ 6, 12.5, 10, 12 ], "texture": "#texture" },
        "up":    { "uv": [ 6, 12, 10, 12.5 ], "texture": "#texture" },
        "north": { "uv": [ 6, 7.5, 10, 8.5 ], "texture": "#texture" },
        "south": { "uv": [ 6, 7.5, 10, 8.5 ], "texture": "#texture" },
        "west":  { "uv": [ 12, 7.5, 12.5, 8.5 ], "texture": "#texture" },
        "east":  { "uv": [ 3.5, 7.5, 4, 8.5 ], "texture": "#texture" }
    }
},
{
    "__comment": "Dragonslayer",
    "from": [ 6, 8.5, 11.5 ],
    "to": [ 10, 9, 12 ],
    "faces": {
        "down":  { "uv": [ 6, 12, 10, 11.5 ], "texture": "#texture" },
        "up":    { "uv": [ 6, 11.5, 10, 12 ], "texture": "#texture" },
        "north": { "uv": [ 6, 7, 10, 7.5 ], "texture": "#texture" },
        "south": { "uv": [ 6, 7, 10, 7.5 ], "texture": "#texture" },
        "west":  { "uv": [ 11.5, 7, 12, 7.5 ], "texture": "#texture" },
        "east":  { "uv": [ 4, 7, 4.5, 7.5 ], "texture": "#texture" }
    }
},
{
    "__comment": "Dragonslayer",
    "from": [ 6, 9, 11 ],
    "to": [ 10, 9.5, 11.5 ],
    "faces": {
        "down":  { "uv": [ 6, 11.5, 10, 11 ], "texture": "#texture" },
        "up":    { "uv": [ 6, 11, 10, 11.5 ], "texture": "#texture" },
        "north": { "uv": [ 6, 6.5, 10, 7 ], "texture": "#texture" },
        "south": { "uv": [ 6, 6.5, 10, 7 ], "texture": "#texture" },
        "west":  { "uv": [ 11, 6.5, 11.5, 7 ], "texture": "#texture" },
        "east":  { "uv": [ 4.5, 6.5, 5, 7 ], "texture": "#texture" }
    }
},
{
    "__comment": "Dragonslayer",
    "from": [ 6, 9.5, 10.5 ],
    "to": [ 10, 10, 11 ],
    "faces": {
        "down":  { "uv": [ 6, 11, 10, 10.5 ], "texture": "#texture" },
        "up":    { "uv": [ 6, 10.5, 10, 11 ], "texture": "#texture" },
        "north": { "uv": [ 6, 6, 10, 6.5 ], "texture": "#texture" },
        "south": { "uv": [ 6, 6, 10, 6.5 ], "texture": "#texture" },
        "west":  { "uv": [ 10.5, 6, 11, 6.5 ], "texture": "#texture" },
        "east":  { "uv": [ 5, 6, 5.5, 6.5 ], "texture": "#texture" }
    }
},
{
    "__comment": "Dragonslayer",
    "from": [ 6, 10, 6.5 ],
    "to": [ 10, 10.5, 9.5 ],
    "faces": {
        "down":  { "uv": [ 6, 9.5, 10, 6.5 ], "texture": "#texture" },
        "up":    { "uv": [ 6, 6.5, 10, 9.5 ], "texture": "#texture" },
        "north": { "uv": [ 6, 5.5, 10, 6 ], "texture": "#texture" },
        "south": { "uv": [ 6, 5.5, 10, 6 ], "texture": "#texture" },
        "west":  { "uv": [ 6.5, 5.5, 9.5, 6 ], "texture": "#texture" },
        "east":  { "uv": [ 6.5, 5.5, 9.5, 6 ], "texture": "#texture" }
    }
},
{
    "__comment": "Dragonslayer",
    "from": [ 6, 8, 5.5 ],
    "to": [ 12, 8.5, 6 ],
    "faces": {
        "down":  { "uv": [ 6, 6, 12, 5.5 ], "texture": "#texture" },
        "up":    { "uv": [ 6, 5.5, 12, 6 ], "texture": "#texture" },
        "north": { "uv": [ 4, 7.5, 10, 8 ], "texture": "#texture" },
        "south": { "uv": [ 6, 7.5, 12, 8 ], "texture": "#texture" },
        "west":  { "uv": [ 5.5, 7.5, 6, 8 ], "texture": "#texture" },
        "east":  { "uv": [ 10, 7.5, 10.5, 8 ], "texture": "#texture" }
    }
},
{
    "__comment": "Dragonslayer",
    "from": [ 6, 9.5, 5 ],
    "to": [ 10, 10, 5.5 ],
    "faces": {
        "down":  { "uv": [ 6, 5.5, 10, 5 ], "texture": "#texture" },
        "up":    { "uv": [ 6, 5, 10, 5.5 ], "texture": "#texture" },
        "north": { "uv": [ 6, 6, 10, 6.5 ], "texture": "#texture" },
        "south": { "uv": [ 6, 6, 10, 6.5 ], "texture": "#texture" },
        "west":  { "uv": [ 5, 6, 5.5, 6.5 ], "texture": "#texture" },
        "east":  { "uv": [ 10.5, 6, 11, 6.5 ], "texture": "#texture" }
    }
},
{
    "__comment": "Dragonslayer",
    "from": [ 6, 6.5, 5 ],
    "to": [ 12, 8, 6 ],
    "faces": {
        "down":  { "uv": [ 6, 6, 12, 5 ], "texture": "#texture" },
        "up":    { "uv": [ 6, 5, 12, 6 ], "texture": "#texture" },
        "north": { "uv": [ 4, 8, 10, 9.5 ], "texture": "#texture" },
        "south": { "uv": [ 6, 8, 12, 9.5 ], "texture": "#texture" },
        "west":  { "uv": [ 5, 8, 6, 9.5 ], "texture": "#texture" },
        "east":  { "uv": [ 10, 8, 11, 9.5 ], "texture": "#texture" }
    }
},
{
    "__comment": "Dragonslayer",
    "from": [ 6, 9, 4.5 ],
    "to": [ 10, 9.5, 5 ],
    "faces": {
        "down":  { "uv": [ 6, 5, 10, 4.5 ], "texture": "#texture" },
        "up":    { "uv": [ 6, 4.5, 10, 5 ], "texture": "#texture" },
        "north": { "uv": [ 6, 6.5, 10, 7 ], "texture": "#texture" },
        "south": { "uv": [ 6, 6.5, 10, 7 ], "texture": "#texture" },
        "west":  { "uv": [ 4.5, 6.5, 5, 7 ], "texture": "#texture" },
        "east":  { "uv": [ 11, 6.5, 11.5, 7 ], "texture": "#texture" }
    }
},
{
    "__comment": "Dragonslayer",
    "from": [ 6, 8.5, 4 ],
    "to": [ 10, 9, 4.5 ],
    "faces": {
        "down":  { "uv": [ 6, 4.5, 10, 4 ], "texture": "#texture" },
        "up":    { "uv": [ 6, 4, 10, 4.5 ], "texture": "#texture" },
        "north": { "uv": [ 6, 7, 10, 7.5 ], "texture": "#texture" },
        "south": { "uv": [ 6, 7, 10, 7.5 ], "texture": "#texture" },
        "west":  { "uv": [ 4, 7, 4.5, 7.5 ], "texture": "#texture" },
        "east":  { "uv": [ 11.5, 7, 12, 7.5 ], "texture": "#texture" }
    }
},
{
    "__comment": "Dragonslayer",
    "from": [ 6, 3.5, 4 ],
    "to": [ 10, 4, 5 ],
    "faces": {
        "down":  { "uv": [ 6, 5, 10, 4 ], "texture": "#texture" },
        "up":    { "uv": [ 6, 4, 10, 5 ], "texture": "#texture" },
        "north": { "uv": [ 6, 12, 10, 12.5 ], "texture": "#texture" },
        "south": { "uv": [ 6, 12, 10, 12.5 ], "texture": "#texture" },
        "west":  { "uv": [ 4, 12, 5, 12.5 ], "texture": "#texture" },
        "east":  { "uv": [ 11, 12, 12, 12.5 ], "texture": "#texture" }
    }
},
{
    "__comment": "Dragonslayer",
    "from": [ 6, 6.5, 3.5 ],
    "to": [ 10, 8.5, 4 ],
    "faces": {
        "down":  { "uv": [ 6, 4, 10, 3.5 ], "texture": "#texture" },
        "up":    { "uv": [ 6, 3.5, 10, 4 ], "texture": "#texture" },
        "north": { "uv": [ 6, 7.5, 10, 9.5 ], "texture": "#texture" },
        "south": { "uv": [ 6, 7.5, 10, 9.5 ], "texture": "#texture" },
        "west":  { "uv": [ 3.5, 7.5, 4, 9.5 ], "texture": "#texture" },
        "east":  { "uv": [ 12, 7.5, 12.5, 9.5 ], "texture": "#texture" }
    }
},
{
    "__comment": "Dragonslayer",
    "from": [ 5.5, 6.5, 12 ],
    "to": [ 10.5, 7.5, 12.5 ],
    "faces": {
        "down":  { "uv": [ 5.5, 12.5, 10.5, 12 ], "texture": "#texture" },
        "up":    { "uv": [ 5.5, 12, 10.5, 12.5 ], "texture": "#texture" },
        "north": { "uv": [ 5.5, 8.5, 10.5, 9.5 ], "texture": "#texture" },
        "south": { "uv": [ 5.5, 8.5, 10.5, 9.5 ], "texture": "#texture" },
        "west":  { "uv": [ 12, 8.5, 12.5, 9.5 ], "texture": "#texture" },
        "east":  { "uv": [ 3.5, 8.5, 4, 9.5 ], "texture": "#texture" }
    }
},
{
    "__comment": "Dragonslayer",
    "from": [ 5.5, 8.5, 11 ],
    "to": [ 10.5, 9, 11.5 ],
    "faces": {
        "down":  { "uv": [ 5.5, 11.5, 10.5, 11 ], "texture": "#texture" },
        "up":    { "uv": [ 5.5, 11, 10.5, 11.5 ], "texture": "#texture" },
        "north": { "uv": [ 5.5, 7, 10.5, 7.5 ], "texture": "#texture" },
        "south": { "uv": [ 5.5, 7, 10.5, 7.5 ], "texture": "#texture" },
        "west":  { "uv": [ 11, 7, 11.5, 7.5 ], "texture": "#texture" },
        "east":  { "uv": [ 4.5, 7, 5, 7.5 ], "texture": "#texture" }
    }
},
{
    "__comment": "Dragonslayer",
    "from": [ 5.5, 9, 10.5 ],
    "to": [ 10.5, 9.5, 11 ],
    "faces": {
        "down":  { "uv": [ 5.5, 11, 10.5, 10.5 ], "texture": "#texture" },
        "up":    { "uv": [ 5.5, 10.5, 10.5, 11 ], "texture": "#texture" },
        "north": { "uv": [ 5.5, 6.5, 10.5, 7 ], "texture": "#texture" },
        "south": { "uv": [ 5.5, 6.5, 10.5, 7 ], "texture": "#texture" },
        "west":  { "uv": [ 10.5, 6.5, 11, 7 ], "texture": "#texture" },
        "east":  { "uv": [ 5, 6.5, 5.5, 7 ], "texture": "#texture" }
    }
},
{
    "__comment": "Dragonslayer",
    "from": [ 5.5, 9.5, 10 ],
    "to": [ 10.5, 10, 10.5 ],
    "faces": {
        "down":  { "uv": [ 5.5, 10.5, 10.5, 10 ], "texture": "#texture" },
        "up":    { "uv": [ 5.5, 10, 10.5, 10.5 ], "texture": "#texture" },
        "north": { "uv": [ 5.5, 6, 10.5, 6.5 ], "texture": "#texture" },
        "south": { "uv": [ 5.5, 6, 10.5, 6.5 ], "texture": "#texture" },
        "west":  { "uv": [ 10, 6, 10.5, 6.5 ], "texture": "#texture" },
        "east":  { "uv": [ 5.5, 6, 6, 6.5 ], "texture": "#texture" }
    }
},
{
    "__comment": "Dragonslayer",
    "from": [ 5.5, 6, 10 ],
    "to": [ 6, 7, 10.5 ],
    "faces": {
        "down":  { "uv": [ 5.5, 10.5, 6, 10 ], "texture": "#texture" },
        "up":    { "uv": [ 5.5, 10, 6, 10.5 ], "texture": "#texture" },
        "north": { "uv": [ 10, 9, 10.5, 10 ], "texture": "#texture" },
        "south": { "uv": [ 5.5, 9, 6, 10 ], "texture": "#texture" },
        "west":  { "uv": [ 10, 9, 10.5, 10 ], "texture": "#texture" },
        "east":  { "uv": [ 5.5, 9, 6, 10 ], "texture": "#texture" }
    }
},
{
    "__comment": "Dragonslayer",
    "from": [ 5.5, 9.5, 5.5 ],
    "to": [ 10.5, 10, 6 ],
    "faces": {
        "down":  { "uv": [ 5.5, 6, 10.5, 5.5 ], "texture": "#texture" },
        "up":    { "uv": [ 5.5, 5.5, 10.5, 6 ], "texture": "#texture" },
        "north": { "uv": [ 5.5, 6, 10.5, 6.5 ], "texture": "#texture" },
        "south": { "uv": [ 5.5, 6, 10.5, 6.5 ], "texture": "#texture" },
        "west":  { "uv": [ 5.5, 6, 6, 6.5 ], "texture": "#texture" },
        "east":  { "uv": [ 10, 6, 10.5, 6.5 ], "texture": "#texture" }
    }
},
{
    "__comment": "Dragonslayer",
    "from": [ 5.5, 4.5, 5.5 ],
    "to": [ 6, 6, 6 ],
    "faces": {
        "down":  { "uv": [ 5.5, 6, 6, 5.5 ], "texture": "#texture" },
        "up":    { "uv": [ 5.5, 5.5, 6, 6 ], "texture": "#texture" },
        "north": { "uv": [ 10, 10, 10.5, 11.5 ], "texture": "#texture" },
        "south": { "uv": [ 5.5, 10, 6, 11.5 ], "texture": "#texture" },
        "west":  { "uv": [ 5.5, 10, 6, 11.5 ], "texture": "#texture" },
        "east":  { "uv": [ 10, 10, 10.5, 11.5 ], "texture": "#texture" }
    }
},
{
    "__comment": "Dragonslayer",
    "from": [ 5.5, 9, 5 ],
    "to": [ 10.5, 9.5, 5.5 ],
    "faces": {
        "down":  { "uv": [ 5.5, 5.5, 10.5, 5 ], "texture": "#texture" },
        "up":    { "uv": [ 5.5, 5, 10.5, 5.5 ], "texture": "#texture" },
        "north": { "uv": [ 5.5, 6.5, 10.5, 7 ], "texture": "#texture" },
        "south": { "uv": [ 5.5, 6.5, 10.5, 7 ], "texture": "#texture" },
        "west":  { "uv": [ 5, 6.5, 5.5, 7 ], "texture": "#texture" },
        "east":  { "uv": [ 10.5, 6.5, 11, 7 ], "texture": "#texture" }
    }
},
{
    "__comment": "Dragonslayer",
    "from": [ 5.5, 4, 5 ],
    "to": [ 6, 4.5, 6 ],
    "faces": {
        "down":  { "uv": [ 5.5, 6, 6, 5 ], "texture": "#texture" },
        "up":    { "uv": [ 5.5, 5, 6, 6 ], "texture": "#texture" },
        "north": { "uv": [ 10, 11.5, 10.5, 12 ], "texture": "#texture" },
        "south": { "uv": [ 5.5, 11.5, 6, 12 ], "texture": "#texture" },
        "west":  { "uv": [ 5, 11.5, 6, 12 ], "texture": "#texture" },
        "east":  { "uv": [ 10, 11.5, 11, 12 ], "texture": "#texture" }
    }
},
{
    "__comment": "Dragonslayer",
    "from": [ 5.5, 8.5, 4.5 ],
    "to": [ 10.5, 9, 5 ],
    "faces": {
        "down":  { "uv": [ 5.5, 5, 10.5, 4.5 ], "texture": "#texture" },
        "up":    { "uv": [ 5.5, 4.5, 10.5, 5 ], "texture": "#texture" },
        "north": { "uv": [ 5.5, 7, 10.5, 7.5 ], "texture": "#texture" },
        "south": { "uv": [ 5.5, 7, 10.5, 7.5 ], "texture": "#texture" },
        "west":  { "uv": [ 4.5, 7, 5, 7.5 ], "texture": "#texture" },
        "east":  { "uv": [ 11, 7, 11.5, 7.5 ], "texture": "#texture" }
    }
},
{
    "__comment": "Dragonslayer",
    "from": [ 5.5, 8, 4 ],
    "to": [ 10.5, 8.5, 4.5 ],
    "faces": {
        "down":  { "uv": [ 5.5, 4.5, 10.5, 4 ], "texture": "#texture" },
        "up":    { "uv": [ 5.5, 4, 10.5, 4.5 ], "texture": "#texture" },
        "north": { "uv": [ 5.5, 7.5, 10.5, 8 ], "texture": "#texture" },
        "south": { "uv": [ 5.5, 7.5, 10.5, 8 ], "texture": "#texture" },
        "west":  { "uv": [ 4, 7.5, 4.5, 8 ], "texture": "#texture" },
        "east":  { "uv": [ 11.5, 7.5, 12, 8 ], "texture": "#texture" }
    }
},
{
    "__comment": "Dragonslayer",
    "from": [ 5.5, 4, 3.5 ],
    "to": [ 10.5, 6.5, 4 ],
    "faces": {
        "down":  { "uv": [ 5.5, 4, 10.5, 3.5 ], "texture": "#texture" },
        "up":    { "uv": [ 5.5, 3.5, 10.5, 4 ], "texture": "#texture" },
        "north": { "uv": [ 5.5, 9.5, 10.5, 12 ], "texture": "#texture" },
        "south": { "uv": [ 5.5, 9.5, 10.5, 12 ], "texture": "#texture" },
        "west":  { "uv": [ 3.5, 9.5, 4, 12 ], "texture": "#texture" },
        "east":  { "uv": [ 12, 9.5, 12.5, 12 ], "texture": "#texture" }
    }
},
{
    "__comment": "Dragonslayer",
    "from": [ 5, 6.5, 11.5 ],
    "to": [ 11, 8.5, 12 ],
    "faces": {
        "down":  { "uv": [ 5, 12, 11, 11.5 ], "texture": "#texture" },
        "up":    { "uv": [ 5, 11.5, 11, 12 ], "texture": "#texture" },
        "north": { "uv": [ 5, 7.5, 11, 9.5 ], "texture": "#texture" },
        "south": { "uv": [ 5, 7.5, 11, 9.5 ], "texture": "#texture" },
        "west":  { "uv": [ 11.5, 7.5, 12, 9.5 ], "texture": "#texture" },
        "east":  { "uv": [ 4, 7.5, 4.5, 9.5 ], "texture": "#texture" }
    }
},
{
    "__comment": "Dragonslayer",
    "from": [ 5, 6, 11 ],
    "to": [ 6, 6.5, 11.5 ],
    "faces": {
        "down":  { "uv": [ 5, 11.5, 6, 11 ], "texture": "#texture" },
        "up":    { "uv": [ 5, 11, 6, 11.5 ], "texture": "#texture" },
        "north": { "uv": [ 10, 9.5, 11, 10 ], "texture": "#texture" },
        "south": { "uv": [ 5, 9.5, 6, 10 ], "texture": "#texture" },
        "west":  { "uv": [ 11, 9.5, 11.5, 10 ], "texture": "#texture" },
        "east":  { "uv": [ 4.5, 9.5, 5, 10 ], "texture": "#texture" }
    }
},
{
    "__comment": "Dragonslayer",
    "from": [ 5, 8.5, 10.5 ],
    "to": [ 11, 9, 11 ],
    "faces": {
        "down":  { "uv": [ 5, 11, 11, 10.5 ], "texture": "#texture" },
        "up":    { "uv": [ 5, 10.5, 11, 11 ], "texture": "#texture" },
        "north": { "uv": [ 5, 7, 11, 7.5 ], "texture": "#texture" },
        "south": { "uv": [ 5, 7, 11, 7.5 ], "texture": "#texture" },
        "west":  { "uv": [ 10.5, 7, 11, 7.5 ], "texture": "#texture" },
        "east":  { "uv": [ 5, 7, 5.5, 7.5 ], "texture": "#texture" }
    }
},
{
    "__comment": "Dragonslayer",
    "from": [ 5, 9, 10 ],
    "to": [ 11, 9.5, 10.5 ],
    "faces": {
        "down":  { "uv": [ 5, 10.5, 11, 10 ], "texture": "#texture" },
        "up":    { "uv": [ 5, 10, 11, 10.5 ], "texture": "#texture" },
        "north": { "uv": [ 5, 6.5, 11, 7 ], "texture": "#texture" },
        "south": { "uv": [ 5, 6.5, 11, 7 ], "texture": "#texture" },
        "west":  { "uv": [ 10, 6.5, 10.5, 7 ], "texture": "#texture" },
        "east":  { "uv": [ 5.5, 6.5, 6, 7 ], "texture": "#texture" }
    }
},
{
    "__comment": "Dragonslayer",
    "from": [ 5, 6, 9.5 ],
    "to": [ 5.5, 7, 10.5 ],
    "faces": {
        "down":  { "uv": [ 5, 10.5, 5.5, 9.5 ], "texture": "#texture" },
        "up":    { "uv": [ 5, 9.5, 5.5, 10.5 ], "texture": "#texture" },
        "north": { "uv": [ 10.5, 9, 11, 10 ], "texture": "#texture" },
        "south": { "uv": [ 5, 9, 5.5, 10 ], "texture": "#texture" },
        "west":  { "uv": [ 9.5, 9, 10.5, 10 ], "texture": "#texture" },
        "east":  { "uv": [ 5.5, 9, 6.5, 10 ], "texture": "#texture" }
    }
},
{
    "__comment": "Dragonslayer",
    "from": [ 5, 9.5, 6 ],
    "to": [ 11, 10, 10 ],
    "faces": {
        "down":  { "uv": [ 5, 10, 11, 6 ], "texture": "#texture" },
        "up":    { "uv": [ 5, 6, 11, 10 ], "texture": "#texture" },
        "north": { "uv": [ 5, 6, 11, 6.5 ], "texture": "#texture" },
        "south": { "uv": [ 5, 6, 11, 6.5 ], "texture": "#texture" },
        "west":  { "uv": [ 6, 6, 10, 6.5 ], "texture": "#texture" },
        "east":  { "uv": [ 6, 6, 10, 6.5 ], "texture": "#texture" }
    }
},
{
    "__comment": "Dragonslayer",
    "from": [ 5, 6, 6 ],
    "to": [ 5.5, 7, 6.5 ],
    "faces": {
        "down":  { "uv": [ 5, 6.5, 5.5, 6 ], "texture": "#texture" },
        "up":    { "uv": [ 5, 6, 5.5, 6.5 ], "texture": "#texture" },
        "north": { "uv": [ 10.5, 9, 11, 10 ], "texture": "#texture" },
        "south": { "uv": [ 5, 9, 5.5, 10 ], "texture": "#texture" },
        "west":  { "uv": [ 6, 9, 6.5, 10 ], "texture": "#texture" },
        "east":  { "uv": [ 9.5, 9, 10, 10 ], "texture": "#texture" }
    }
},
{
    "__comment": "Dragonslayer",
    "from": [ 5, 9, 5.5 ],
    "to": [ 11, 9.5, 6 ],
    "faces": {
        "down":  { "uv": [ 5, 6, 11, 5.5 ], "texture": "#texture" },
        "up":    { "uv": [ 5, 5.5, 11, 6 ], "texture": "#texture" },
        "north": { "uv": [ 5, 6.5, 11, 7 ], "texture": "#texture" },
        "south": { "uv": [ 5, 6.5, 11, 7 ], "texture": "#texture" },
        "west":  { "uv": [ 5.5, 6.5, 6, 7 ], "texture": "#texture" },
        "east":  { "uv": [ 10, 6.5, 10.5, 7 ], "texture": "#texture" }
    }
},
{
    "__comment": "Dragonslayer",
    "from": [ 5, 4.5, 5.5 ],
    "to": [ 5.5, 6, 6.5 ],
    "faces": {
        "down":  { "uv": [ 5, 6.5, 5.5, 5.5 ], "texture": "#texture" },
        "up":    { "uv": [ 5, 5.5, 5.5, 6.5 ], "texture": "#texture" },
        "north": { "uv": [ 10.5, 10, 11, 11.5 ], "texture": "#texture" },
        "south": { "uv": [ 5, 10, 5.5, 11.5 ], "texture": "#texture" },
        "west":  { "uv": [ 5.5, 10, 6.5, 11.5 ], "texture": "#texture" },
        "east":  { "uv": [ 9.5, 10, 10.5, 11.5 ], "texture": "#texture" }
    }
},
{
    "__comment": "Dragonslayer",
    "from": [ 5, 8.5, 5 ],
    "to": [ 11, 9, 5.5 ],
    "faces": {
        "down":  { "uv": [ 5, 5.5, 11, 5 ], "texture": "#texture" },
        "up":    { "uv": [ 5, 5, 11, 5.5 ], "texture": "#texture" },
        "north": { "uv": [ 5, 7, 11, 7.5 ], "texture": "#texture" },
        "south": { "uv": [ 5, 7, 11, 7.5 ], "texture": "#texture" },
        "west":  { "uv": [ 5, 7, 5.5, 7.5 ], "texture": "#texture" },
        "east":  { "uv": [ 10.5, 7, 11, 7.5 ], "texture": "#texture" }
    }
},
{
    "__comment": "Dragonslayer",
    "from": [ 5, 4, 5 ],
    "to": [ 5.5, 4.5, 6.5 ],
    "faces": {
        "down":  { "uv": [ 5, 6.5, 5.5, 5 ], "texture": "#texture" },
        "up":    { "uv": [ 5, 5, 5.5, 6.5 ], "texture": "#texture" },
        "north": { "uv": [ 10.5, 11.5, 11, 12 ], "texture": "#texture" },
        "south": { "uv": [ 5, 11.5, 5.5, 12 ], "texture": "#texture" },
        "west":  { "uv": [ 5, 11.5, 6.5, 12 ], "texture": "#texture" },
        "east":  { "uv": [ 9.5, 11.5, 11, 12 ], "texture": "#texture" }
    }
},
{
    "__comment": "Dragonslayer",
    "from": [ 5, 8, 4.5 ],
    "to": [ 11, 8.5, 5 ],
    "faces": {
        "down":  { "uv": [ 5, 5, 11, 4.5 ], "texture": "#texture" },
        "up":    { "uv": [ 5, 4.5, 11, 5 ], "texture": "#texture" },
        "north": { "uv": [ 5, 7.5, 11, 8 ], "texture": "#texture" },
        "south": { "uv": [ 5, 7.5, 11, 8 ], "texture": "#texture" },
        "west":  { "uv": [ 4.5, 7.5, 5, 8 ], "texture": "#texture" },
        "east":  { "uv": [ 11, 7.5, 11.5, 8 ], "texture": "#texture" }
    }
},
{
    "__comment": "Dragonslayer",
    "from": [ 5, 4, 4 ],
    "to": [ 11, 8, 4.5 ],
    "faces": {
        "down":  { "uv": [ 5, 4.5, 11, 4 ], "texture": "#texture" },
        "up":    { "uv": [ 5, 4, 11, 4.5 ], "texture": "#texture" },
        "north": { "uv": [ 5, 8, 11, 12 ], "texture": "#texture" },
        "south": { "uv": [ 5, 8, 11, 12 ], "texture": "#texture" },
        "west":  { "uv": [ 4, 8, 4.5, 12 ], "texture": "#texture" },
        "east":  { "uv": [ 11.5, 8, 12, 12 ], "texture": "#texture" }
    }
},
{
    "__comment": "Dragonslayer",
    "from": [ 4.5, 6.5, 11 ],
    "to": [ 11.5, 8.5, 11.5 ],
    "faces": {
        "down":  { "uv": [ 4.5, 11.5, 11.5, 11 ], "texture": "#texture" },
        "up":    { "uv": [ 4.5, 11, 11.5, 11.5 ], "texture": "#texture" },
        "north": { "uv": [ 4.5, 7.5, 11.5, 9.5 ], "texture": "#texture" },
        "south": { "uv": [ 4.5, 7.5, 11.5, 9.5 ], "texture": "#texture" },
        "west":  { "uv": [ 11, 7.5, 11.5, 9.5 ], "texture": "#texture" },
        "east":  { "uv": [ 4.5, 7.5, 5, 9.5 ], "texture": "#texture" }
    }
},
{
    "__comment": "Dragonslayer",
    "from": [ 4.5, 8.5, 10 ],
    "to": [ 11.5, 9, 10.5 ],
    "faces": {
        "down":  { "uv": [ 4.5, 10.5, 11.5, 10 ], "texture": "#texture" },
        "up":    { "uv": [ 4.5, 10, 11.5, 10.5 ], "texture": "#texture" },
        "north": { "uv": [ 4.5, 7, 11.5, 7.5 ], "texture": "#texture" },
        "south": { "uv": [ 4.5, 7, 11.5, 7.5 ], "texture": "#texture" },
        "west":  { "uv": [ 10, 7, 10.5, 7.5 ], "texture": "#texture" },
        "east":  { "uv": [ 5.5, 7, 6, 7.5 ], "texture": "#texture" }
    }
},
{
    "__comment": "Dragonslayer",
    "from": [ 4.5, 9, 9 ],
    "to": [ 11.5, 9.5, 10 ],
    "faces": {
        "down":  { "uv": [ 4.5, 10, 11.5, 9 ], "texture": "#texture" },
        "up":    { "uv": [ 4.5, 9, 11.5, 10 ], "texture": "#texture" },
        "north": { "uv": [ 4.5, 6.5, 11.5, 7 ], "texture": "#texture" },
        "south": { "uv": [ 4.5, 6.5, 11.5, 7 ], "texture": "#texture" },
        "west":  { "uv": [ 9, 6.5, 10, 7 ], "texture": "#texture" },
        "east":  { "uv": [ 6, 6.5, 7, 7 ], "texture": "#texture" }
    }
},
{
    "__comment": "Dragonslayer",
    "from": [ 4.5, 5.5, 8.5 ],
    "to": [ 5, 6.5, 9 ],
    "faces": {
        "down":  { "uv": [ 4.5, 9, 5, 8.5 ], "texture": "#texture" },
        "up":    { "uv": [ 4.5, 8.5, 5, 9 ], "texture": "#texture" },
        "north": { "uv": [ 11, 9.5, 11.5, 10.5 ], "texture": "#texture" },
        "south": { "uv": [ 4.5, 9.5, 5, 10.5 ], "texture": "#texture" },
        "west":  { "uv": [ 8.5, 9.5, 9, 10.5 ], "texture": "#texture" },
        "east":  { "uv": [ 7, 9.5, 7.5, 10.5 ], "texture": "#texture" }
    }
},
{
    "__comment": "Horn",
    "from": [ 4.5, 9, 7.5 ],
    "to": [ 16, 9.5, 8.5 ],
    "faces": {
        "down":  { "uv": [ 4.5, 8.5, 16, 7.5 ], "texture": "#particle" },
        "up":    { "uv": [ 4.5, 7.5, 16, 8.5 ], "texture": "#particle" },
        "north": { "uv": [ 0, 6.5, 11.5, 7 ], "texture": "#particle" },
        "south": { "uv": [ 4.5, 6.5, 16, 7 ], "texture": "#particle" },
        "west":  { "uv": [ 7.5, 6.5, 8.5, 7 ], "texture": "#particle" },
        "east":  { "uv": [ 7.5, 6.5, 8.5, 7 ], "texture": "#particle" }
    }
},
{
    "__comment": "Dragonslayer",
    "from": [ 4.5, 4, 7 ],
    "to": [ 5, 4.5, 7.5 ],
    "faces": {
        "down":  { "uv": [ 4.5, 7.5, 5, 7 ], "texture": "#texture" },
        "up":    { "uv": [ 4.5, 7, 5, 7.5 ], "texture": "#texture" },
        "north": { "uv": [ 11, 11.5, 11.5, 12 ], "texture": "#texture" },
        "south": { "uv": [ 4.5, 11.5, 5, 12 ], "texture": "#texture" },
        "west":  { "uv": [ 7, 11.5, 7.5, 12 ], "texture": "#texture" },
        "east":  { "uv": [ 8.5, 11.5, 9, 12 ], "texture": "#texture" }
    }
},
{
    "__comment": "Dragonslayer",
    "from": [ 4.5, 9, 6 ],
    "to": [ 11.5, 9.5, 7 ],
    "faces": {
        "down":  { "uv": [ 4.5, 7, 11.5, 6 ], "texture": "#texture" },
        "up":    { "uv": [ 4.5, 6, 11.5, 7 ], "texture": "#texture" },
        "north": { "uv": [ 4.5, 6.5, 11.5, 7 ], "texture": "#texture" },
        "south": { "uv": [ 4.5, 6.5, 11.5, 7 ], "texture": "#texture" },
        "west":  { "uv": [ 6, 6.5, 7, 7 ], "texture": "#texture" },
        "east":  { "uv": [ 9, 6.5, 10, 7 ], "texture": "#texture" }
    }
},
{
    "__comment": "Dragonslayer",
    "from": [ 4.5, 8.5, 5.5 ],
    "to": [ 11.5, 9, 6 ],
    "faces": {
        "down":  { "uv": [ 4.5, 6, 11.5, 5.5 ], "texture": "#texture" },
        "up":    { "uv": [ 4.5, 5.5, 11.5, 6 ], "texture": "#texture" },
        "north": { "uv": [ 4.5, 7, 11.5, 7.5 ], "texture": "#texture" },
        "south": { "uv": [ 4.5, 7, 11.5, 7.5 ], "texture": "#texture" },
        "west":  { "uv": [ 5.5, 7, 6, 7.5 ], "texture": "#texture" },
        "east":  { "uv": [ 10, 7, 10.5, 7.5 ], "texture": "#texture" }
    }
},
{
    "__comment": "Dragonslayer",
    "from": [ 4.5, 8, 5 ],
    "to": [ 11.5, 8.5, 5.5 ],
    "faces": {
        "down":  { "uv": [ 4.5, 5.5, 11.5, 5 ], "texture": "#texture" },
        "up":    { "uv": [ 4.5, 5, 11.5, 5.5 ], "texture": "#texture" },
        "north": { "uv": [ 4.5, 7.5, 11.5, 8 ], "texture": "#texture" },
        "south": { "uv": [ 4.5, 7.5, 11.5, 8 ], "texture": "#texture" },
        "west":  { "uv": [ 5, 7.5, 5.5, 8 ], "texture": "#texture" },
        "east":  { "uv": [ 10.5, 7.5, 11, 8 ], "texture": "#texture" }
    }
},
{
    "__comment": "Dragonslayer",
    "from": [ 4.5, 4, 4.5 ],
    "to": [ 11.5, 8, 5 ],
    "faces": {
        "down":  { "uv": [ 4.5, 5, 11.5, 4.5 ], "texture": "#texture" },
        "up":    { "uv": [ 4.5, 4.5, 11.5, 5 ], "texture": "#texture" },
        "north": { "uv": [ 4.5, 8, 11.5, 12 ], "texture": "#texture" },
        "south": { "uv": [ 4.5, 8, 11.5, 12 ], "texture": "#texture" },
        "west":  { "uv": [ 4.5, 8, 5, 12 ], "texture": "#texture" },
        "east":  { "uv": [ 11, 8, 11.5, 12 ], "texture": "#texture" }
    }
},
{
    "__comment": "Dragonslayer",
    "from": [ 4, 6, 10.5 ],
    "to": [ 6.5, 7, 11 ],
    "faces": {
        "down":  { "uv": [ 4, 11, 6.5, 10.5 ], "texture": "#texture" },
        "up":    { "uv": [ 4, 10.5, 6.5, 11 ], "texture": "#texture" },
        "north": { "uv": [ 9.5, 9, 12, 10 ], "texture": "#texture" },
        "south": { "uv": [ 4, 9, 6.5, 10 ], "texture": "#texture" },
        "west":  { "uv": [ 10.5, 9, 11, 10 ], "texture": "#texture" },
        "east":  { "uv": [ 5, 9, 5.5, 10 ], "texture": "#texture" }
    }
},
{
    "__comment": "Dragonslayer",
    "from": [ 4, 7, 10 ],
    "to": [ 12, 8, 11 ],
    "faces": {
        "down":  { "uv": [ 4, 11, 12, 10 ], "texture": "#texture" },
        "up":    { "uv": [ 4, 10, 12, 11 ], "texture": "#texture" },
        "north": { "uv": [ 4, 8, 12, 9 ], "texture": "#texture" },
        "south": { "uv": [ 4, 8, 12, 9 ], "texture": "#texture" },
        "west":  { "uv": [ 10, 8, 11, 9 ], "texture": "#texture" },
        "east":  { "uv": [ 5, 8, 6, 9 ], "texture": "#texture" }
    }
},
{
    "__comment": "Dragonslayer",
    "from": [ 4, 8.5, 9.5 ],
    "to": [ 12, 9, 10 ],
    "faces": {
        "down":  { "uv": [ 4, 10, 12, 9.5 ], "texture": "#texture" },
        "up":    { "uv": [ 4, 9.5, 12, 10 ], "texture": "#texture" },
        "north": { "uv": [ 4, 7, 12, 7.5 ], "texture": "#texture" },
        "south": { "uv": [ 4, 7, 12, 7.5 ], "texture": "#texture" },
        "west":  { "uv": [ 9.5, 7, 10, 7.5 ], "texture": "#texture" },
        "east":  { "uv": [ 6, 7, 6.5, 7.5 ], "texture": "#texture" }
    }
},
{
    "__comment": "Dragonslayer",
    "from": [ 4, 8, 9.5 ],
    "to": [ 11.5, 8.5, 11 ],
    "faces": {
        "down":  { "uv": [ 4, 11, 11.5, 9.5 ], "texture": "#texture" },
        "up":    { "uv": [ 4, 9.5, 11.5, 11 ], "texture": "#texture" },
        "north": { "uv": [ 4.5, 7.5, 12, 8 ], "texture": "#texture" },
        "south": { "uv": [ 4, 7.5, 11.5, 8 ], "texture": "#texture" },
        "west":  { "uv": [ 9.5, 7.5, 11, 8 ], "texture": "#texture" },
        "east":  { "uv": [ 5, 7.5, 6.5, 8 ], "texture": "#texture" }
    }
},
{
    "__comment": "Dragonslayer",
    "from": [ 4, 5.5, 9 ],
    "to": [ 5, 6, 9.5 ],
    "faces": {
        "down":  { "uv": [ 4, 9.5, 5, 9 ], "texture": "#texture" },
        "up":    { "uv": [ 4, 9, 5, 9.5 ], "texture": "#texture" },
        "north": { "uv": [ 11, 10, 12, 10.5 ], "texture": "#texture" },
        "south": { "uv": [ 4, 10, 5, 10.5 ], "texture": "#texture" },
        "west":  { "uv": [ 9, 10, 9.5, 10.5 ], "texture": "#texture" },
        "east":  { "uv": [ 6.5, 10, 7, 10.5 ], "texture": "#texture" }
    }
},
{
    "__comment": "Dragonslayer",
    "from": [ 4, 8, 6 ],
    "to": [ 12, 9, 6.5 ],
    "faces": {
        "down":  { "uv": [ 4, 6.5, 12, 6 ], "texture": "#texture" },
        "up":    { "uv": [ 4, 6, 12, 6.5 ], "texture": "#texture" },
        "north": { "uv": [ 4, 7, 12, 8 ], "texture": "#texture" },
        "south": { "uv": [ 4, 7, 12, 8 ], "texture": "#texture" },
        "west":  { "uv": [ 6, 7, 6.5, 8 ], "texture": "#texture" },
        "east":  { "uv": [ 9.5, 7, 10, 8 ], "texture": "#texture" }
    }
},
{
    "__comment": "Dragonslayer",
    "from": [ 4, 6, 5.5 ],
    "to": [ 6, 8.5, 6 ],
    "faces": {
        "down":  { "uv": [ 4, 6, 6, 5.5 ], "texture": "#texture" },
        "up":    { "uv": [ 4, 5.5, 6, 6 ], "texture": "#texture" },
        "north": { "uv": [ 10, 7.5, 12, 10 ], "texture": "#texture" },
        "south": { "uv": [ 4, 7.5, 6, 10 ], "texture": "#texture" },
        "west":  { "uv": [ 5.5, 7.5, 6, 10 ], "texture": "#texture" },
        "east":  { "uv": [ 10, 7.5, 10.5, 10 ], "texture": "#texture" }
    }
},
{
    "__comment": "Dragonslayer",
    "from": [ 4, 4.5, 5 ],
    "to": [ 6, 8, 5.5 ],
    "faces": {
        "down":  { "uv": [ 4, 5.5, 6, 5 ], "texture": "#texture" },
        "up":    { "uv": [ 4, 5, 6, 5.5 ], "texture": "#texture" },
        "north": { "uv": [ 10, 8, 12, 11.5 ], "texture": "#texture" },
        "south": { "uv": [ 4, 8, 6, 11.5 ], "texture": "#texture" },
        "west":  { "uv": [ 5, 8, 5.5, 11.5 ], "texture": "#texture" },
        "east":  { "uv": [ 10.5, 8, 11, 11.5 ], "texture": "#texture" }
    }
},
{
    "__comment": "Dragonslayer",
    "from": [ 4, 4, 5 ],
    "to": [ 5, 4.5, 7 ],
    "faces": {
        "down":  { "uv": [ 4, 7, 5, 5 ], "texture": "#texture" },
        "up":    { "uv": [ 4, 5, 5, 7 ], "texture": "#texture" },
        "north": { "uv": [ 11, 11.5, 12, 12 ], "texture": "#texture" },
        "south": { "uv": [ 4, 11.5, 5, 12 ], "texture": "#texture" },
        "west":  { "uv": [ 5, 11.5, 7, 12 ], "texture": "#texture" },
        "east":  { "uv": [ 9, 11.5, 11, 12 ], "texture": "#texture" }
    }
},
{
    "__comment": "Dragonslayer",
    "from": [ 3.5, 7.5, 9.5 ],
    "to": [ 12.5, 8, 10 ],
    "faces": {
        "down":  { "uv": [ 3.5, 10, 12.5, 9.5 ], "texture": "#texture" },
        "up":    { "uv": [ 3.5, 9.5, 12.5, 10 ], "texture": "#texture" },
        "north": { "uv": [ 3.5, 8, 12.5, 8.5 ], "texture": "#texture" },
        "south": { "uv": [ 3.5, 8, 12.5, 8.5 ], "texture": "#texture" },
        "west":  { "uv": [ 9.5, 8, 10, 8.5 ], "texture": "#texture" },
        "east":  { "uv": [ 6, 8, 6.5, 8.5 ], "texture": "#texture" }
    }
},
{
    "__comment": "Dragonslayer",
    "from": [ 3.5, 7, 9 ],
    "to": [ 12.5, 7.5, 10 ],
    "faces": {
        "down":  { "uv": [ 3.5, 10, 12.5, 9 ], "texture": "#texture" },
        "up":    { "uv": [ 3.5, 9, 12.5, 10 ], "texture": "#texture" },
        "north": { "uv": [ 3.5, 8.5, 12.5, 9 ], "texture": "#texture" },
        "south": { "uv": [ 3.5, 8.5, 12.5, 9 ], "texture": "#texture" },
        "west":  { "uv": [ 9, 8.5, 10, 9 ], "texture": "#texture" },
        "east":  { "uv": [ 6, 8.5, 7, 9 ], "texture": "#texture" }
    }
},
{
    "__comment": "Dragonslayer",
    "from": [ 3.5, 6, 9 ],
    "to": [ 5, 6.5, 10.5 ],
    "faces": {
        "down":  { "uv": [ 3.5, 10.5, 5, 9 ], "texture": "#texture" },
        "up":    { "uv": [ 3.5, 9, 5, 10.5 ], "texture": "#texture" },
        "north": { "uv": [ 11, 9.5, 12.5, 10 ], "texture": "#texture" },
        "south": { "uv": [ 3.5, 9.5, 5, 10 ], "texture": "#texture" },
        "west":  { "uv": [ 9, 9.5, 10.5, 10 ], "texture": "#texture" },
        "east":  { "uv": [ 5.5, 9.5, 7, 10 ], "texture": "#texture" }
    }
},
{
    "__comment": "Horn",
    "from": [ 3.5, 9, 8.5 ],
    "to": [ 15.5, 9.5, 9 ],
    "faces": {
        "down":  { "uv": [ 3.5, 9, 15.5, 8.5 ], "texture": "#particle" },
        "up":    { "uv": [ 3.5, 8.5, 15.5, 9 ], "texture": "#particle" },
        "north": { "uv": [ 0.5, 6.5, 12.5, 7 ], "texture": "#particle" },
        "south": { "uv": [ 3.5, 6.5, 15.5, 7 ], "texture": "#particle" },
        "west":  { "uv": [ 8.5, 6.5, 9, 7 ], "texture": "#particle" },
        "east":  { "uv": [ 7, 6.5, 7.5, 7 ], "texture": "#particle" }
    }
},
{
    "__comment": "Dragonslayer",
    "from": [ 3.5, 5, 8.5 ],
    "to": [ 4.5, 6.5, 9 ],
    "faces": {
        "down":  { "uv": [ 3.5, 9, 4.5, 8.5 ], "texture": "#texture" },
        "up":    { "uv": [ 3.5, 8.5, 4.5, 9 ], "texture": "#texture" },
        "north": { "uv": [ 11.5, 9.5, 12.5, 11 ], "texture": "#texture" },
        "south": { "uv": [ 3.5, 9.5, 4.5, 11 ], "texture": "#texture" },
        "west":  { "uv": [ 8.5, 9.5, 9, 11 ], "texture": "#texture" },
        "east":  { "uv": [ 7, 9.5, 7.5, 11 ], "texture": "#texture" }
    }
},
{
    "__comment": "Dragonslayer",
    "from": [ 3.5, 4.5, 8 ],
    "to": [ 4.5, 5, 8.5 ],
    "faces": {
        "down":  { "uv": [ 3.5, 8.5, 4.5, 8 ], "texture": "#texture" },
        "up":    { "uv": [ 3.5, 8, 4.5, 8.5 ], "texture": "#texture" },
        "north": { "uv": [ 11.5, 11, 12.5, 11.5 ], "texture": "#texture" },
        "south": { "uv": [ 3.5, 11, 4.5, 11.5 ], "texture": "#texture" },
        "west":  { "uv": [ 8, 11, 8.5, 11.5 ], "texture": "#texture" },
        "east":  { "uv": [ 7.5, 11, 8, 11.5 ], "texture": "#texture" }
    }
},
{
    "__comment": "Dragonslayer",
    "from": [ 3.5, 6.5, 7.5 ],
    "to": [ 5, 7, 10.5 ],
    "faces": {
        "down":  { "uv": [ 3.5, 10.5, 5, 7.5 ], "texture": "#texture" },
        "up":    { "uv": [ 3.5, 7.5, 5, 10.5 ], "texture": "#texture" },
        "north": { "uv": [ 11, 9, 12.5, 9.5 ], "texture": "#texture" },
        "south": { "uv": [ 3.5, 9, 5, 9.5 ], "texture": "#texture" },
        "west":  { "uv": [ 7.5, 9, 10.5, 9.5 ], "texture": "#texture" },
        "east":  { "uv": [ 5.5, 9, 8.5, 9.5 ], "texture": "#texture" }
    }
},
{
    "__comment": "Horn",
    "from": [ 3.5, 9, 7 ],
    "to": [ 15.5, 9.5, 7.5 ],
    "faces": {
        "down":  { "uv": [ 3.5, 7.5, 15.5, 7 ], "texture": "#particle" },
        "up":    { "uv": [ 3.5, 7, 15.5, 7.5 ], "texture": "#particle" },
        "north": { "uv": [ 0.5, 6.5, 12.5, 7 ], "texture": "#particle" },
        "south": { "uv": [ 3.5, 6.5, 15.5, 7 ], "texture": "#particle" },
        "west":  { "uv": [ 7, 6.5, 7.5, 7 ], "texture": "#particle" },
        "east":  { "uv": [ 8.5, 6.5, 9, 7 ], "texture": "#particle" }
    }
},
{
    "__comment": "Dragonslayer",
    "from": [ 3.5, 7.5, 6 ],
    "to": [ 12.5, 8, 6.5 ],
    "faces": {
        "down":  { "uv": [ 3.5, 6.5, 12.5, 6 ], "texture": "#texture" },
        "up":    { "uv": [ 3.5, 6, 12.5, 6.5 ], "texture": "#texture" },
        "north": { "uv": [ 3.5, 8, 12.5, 8.5 ], "texture": "#texture" },
        "south": { "uv": [ 3.5, 8, 12.5, 8.5 ], "texture": "#texture" },
        "west":  { "uv": [ 6, 8, 6.5, 8.5 ], "texture": "#texture" },
        "east":  { "uv": [ 9.5, 8, 10, 8.5 ], "texture": "#texture" }
    }
},
{
    "__comment": "Dragonslayer",
    "from": [ 3.5, 7, 6 ],
    "to": [ 12.5, 7.5, 7 ],
    "faces": {
        "down":  { "uv": [ 3.5, 7, 12.5, 6 ], "texture": "#texture" },
        "up":    { "uv": [ 3.5, 6, 12.5, 7 ], "texture": "#texture" },
        "north": { "uv": [ 3.5, 8.5, 12.5, 9 ], "texture": "#texture" },
        "south": { "uv": [ 3.5, 8.5, 12.5, 9 ], "texture": "#texture" },
        "west":  { "uv": [ 6, 8.5, 7, 9 ], "texture": "#texture" },
        "east":  { "uv": [ 9, 8.5, 10, 9 ], "texture": "#texture" }
    }
},
{
    "__comment": "Dragonslayer",
    "from": [ 3.5, 6, 6 ],
    "to": [ 5, 7, 7.5 ],
    "faces": {
        "down":  { "uv": [ 3.5, 7.5, 5, 6 ], "texture": "#texture" },
        "up":    { "uv": [ 3.5, 6, 5, 7.5 ], "texture": "#texture" },
        "north": { "uv": [ 11, 9, 12.5, 10 ], "texture": "#texture" },
        "south": { "uv": [ 3.5, 9, 5, 10 ], "texture": "#texture" },
        "west":  { "uv": [ 6, 9, 7.5, 10 ], "texture": "#texture" },
        "east":  { "uv": [ 8.5, 9, 10, 10 ], "texture": "#texture" }
    }
},
{
    "__comment": "Dragonslayer",
    "from": [ 3.5, 4.5, 5.5 ],
    "to": [ 5, 6, 7.5 ],
    "faces": {
        "down":  { "uv": [ 3.5, 7.5, 5, 5.5 ], "texture": "#texture" },
        "up":    { "uv": [ 3.5, 5.5, 5, 7.5 ], "texture": "#texture" },
        "north": { "uv": [ 11, 10, 12.5, 11.5 ], "texture": "#texture" },
        "south": { "uv": [ 3.5, 10, 5, 11.5 ], "texture": "#texture" },
        "west":  { "uv": [ 5.5, 10, 7.5, 11.5 ], "texture": "#texture" },
        "east":  { "uv": [ 8.5, 10, 10.5, 11.5 ], "texture": "#texture" }
    }
},
{
    "__comment": "Horn",
    "from": [ 3, 7.5, 9 ],
    "to": [ 13, 8, 9.5 ],
    "faces": {
        "down":  { "uv": [ 3, 9.5, 13, 9 ], "texture": "#particle" },
        "up":    { "uv": [ 3, 9, 13, 9.5 ], "texture": "#particle" },
        "north": { "uv": [ 3, 8, 13, 8.5 ], "texture": "#particle" },
        "south": { "uv": [ 3, 8, 13, 8.5 ], "texture": "#particle" },
        "west":  { "uv": [ 9, 8, 9.5, 8.5 ], "texture": "#particle" },
        "east":  { "uv": [ 6.5, 8, 7, 8.5 ], "texture": "#particle" }
    }
},
{
    "__comment": "Horn",
    "from": [ 3, 7, 8.5 ],
    "to": [ 13, 7.5, 9 ],
    "faces": {
        "down":  { "uv": [ 3, 9, 13, 8.5 ], "texture": "#particle" },
        "up":    { "uv": [ 3, 8.5, 13, 9 ], "texture": "#particle" },
        "north": { "uv": [ 3, 8.5, 13, 9 ], "texture": "#particle" },
        "south": { "uv": [ 3, 8.5, 13, 9 ], "texture": "#particle" },
        "west":  { "uv": [ 8.5, 8.5, 9, 9 ], "texture": "#particle" },
        "east":  { "uv": [ 7, 8.5, 7.5, 9 ], "texture": "#particle" }
    }
},
{
    "__comment": "Dragonslayer",
    "from": [ 3, 5, 8 ],
    "to": [ 5, 6.5, 8.5 ],
    "faces": {
        "down":  { "uv": [ 3, 8.5, 5, 8 ], "texture": "#texture" },
        "up":    { "uv": [ 3, 8, 5, 8.5 ], "texture": "#texture" },
        "north": { "uv": [ 11, 9.5, 13, 11 ], "texture": "#texture" },
        "south": { "uv": [ 3, 9.5, 5, 11 ], "texture": "#texture" },
        "west":  { "uv": [ 8, 9.5, 8.5, 11 ], "texture": "#texture" },
        "east":  { "uv": [ 7.5, 9.5, 8, 11 ], "texture": "#texture" }
    }
},
{
    "__comment": "Dragonslayer",
    "from": [ 3, 4.5, 7.5 ],
    "to": [ 5, 6.5, 8 ],
    "faces": {
        "down":  { "uv": [ 3, 8, 5, 7.5 ], "texture": "#texture" },
        "up":    { "uv": [ 3, 7.5, 5, 8 ], "texture": "#texture" },
        "north": { "uv": [ 11, 9.5, 13, 11.5 ], "texture": "#texture" },
        "south": { "uv": [ 3, 9.5, 5, 11.5 ], "texture": "#texture" },
        "west":  { "uv": [ 7.5, 9.5, 8, 11.5 ], "texture": "#texture" },
        "east":  { "uv": [ 8, 9.5, 8.5, 11.5 ], "texture": "#texture" }
    }
},
{
    "__comment": "Horn",
    "from": [ 3, 7, 7 ],
    "to": [ 13, 7.5, 7.5 ],
    "faces": {
        "down":  { "uv": [ 3, 7.5, 13, 7 ], "texture": "#particle" },
        "up":    { "uv": [ 3, 7, 13, 7.5 ], "texture": "#particle" },
        "north": { "uv": [ 3, 8.5, 13, 9 ], "texture": "#particle" },
        "south": { "uv": [ 3, 8.5, 13, 9 ], "texture": "#particle" },
        "west":  { "uv": [ 7, 8.5, 7.5, 9 ], "texture": "#particle" },
        "east":  { "uv": [ 8.5, 8.5, 9, 9 ], "texture": "#particle" }
    }
},
{
    "__comment": "Horn",
    "from": [ 3, 7.5, 6.5 ],
    "to": [ 13, 8, 7 ],
    "faces": {
        "down":  { "uv": [ 3, 7, 13, 6.5 ], "texture": "#particle" },
        "up":    { "uv": [ 3, 6.5, 13, 7 ], "texture": "#particle" },
        "north": { "uv": [ 3, 8, 13, 8.5 ], "texture": "#particle" },
        "south": { "uv": [ 3, 8, 13, 8.5 ], "texture": "#particle" },
        "west":  { "uv": [ 6.5, 8, 7, 8.5 ], "texture": "#particle" },
        "east":  { "uv": [ 9, 8, 9.5, 8.5 ], "texture": "#particle" }
    }
},
{
    "__comment": "Horn",
    "from": [ 2.5, 9, 9 ],
    "to": [ 3.5, 9.5, 9.5 ],
    "faces": {
        "down":  { "uv": [ 2.5, 9.5, 3.5, 9 ], "texture": "#particle" },
        "up":    { "uv": [ 2.5, 9, 3.5, 9.5 ], "texture": "#particle" },
        "north": { "uv": [ 12.5, 6.5, 13.5, 7 ], "texture": "#particle" },
        "south": { "uv": [ 2.5, 6.5, 3.5, 7 ], "texture": "#particle" },
        "west":  { "uv": [ 9, 6.5, 9.5, 7 ], "texture": "#particle" },
        "east":  { "uv": [ 6.5, 6.5, 7, 7 ], "texture": "#particle" }
    }
},
{
    "__comment": "Horn",
    "from": [ 2.5, 8, 9 ],
    "to": [ 13.5, 8.5, 9.5 ],
    "faces": {
        "down":  { "uv": [ 2.5, 9.5, 13.5, 9 ], "texture": "#particle" },
        "up":    { "uv": [ 2.5, 9, 13.5, 9.5 ], "texture": "#particle" },
        "north": { "uv": [ 2.5, 7.5, 13.5, 8 ], "texture": "#particle" },
        "south": { "uv": [ 2.5, 7.5, 13.5, 8 ], "texture": "#particle" },
        "west":  { "uv": [ 9, 7.5, 9.5, 8 ], "texture": "#particle" },
        "east":  { "uv": [ 6.5, 7.5, 7, 8 ], "texture": "#particle" }
    }
},
{
    "__comment": "Horn",
    "from": [ 2.5, 10, 7.5 ],
    "to": [ 3, 10.5, 8.5 ],
    "faces": {
        "down":  { "uv": [ 2.5, 8.5, 3, 7.5 ], "texture": "#particle" },
        "up":    { "uv": [ 2.5, 7.5, 3, 8.5 ], "texture": "#particle" },
        "north": { "uv": [ 13, 5.5, 13.5, 6 ], "texture": "#particle" },
        "south": { "uv": [ 2.5, 5.5, 3, 6 ], "texture": "#particle" },
        "west":  { "uv": [ 7.5, 5.5, 8.5, 6 ], "texture": "#particle" },
        "east":  { "uv": [ 7.5, 5.5, 8.5, 6 ], "texture": "#particle" }
    }
},
{
    "__comment": "Horn",
    "from": [ 2.5, 7, 7.5 ],
    "to": [ 13.5, 7.5, 8.5 ],
    "faces": {
        "down":  { "uv": [ 2.5, 8.5, 13.5, 7.5 ], "texture": "#particle" },
        "up":    { "uv": [ 2.5, 7.5, 13.5, 8.5 ], "texture": "#particle" },
        "north": { "uv": [ 2.5, 8.5, 13.5, 9 ], "texture": "#particle" },
        "south": { "uv": [ 2.5, 8.5, 13.5, 9 ], "texture": "#particle" },
        "west":  { "uv": [ 7.5, 8.5, 8.5, 9 ], "texture": "#particle" },
        "east":  { "uv": [ 7.5, 8.5, 8.5, 9 ], "texture": "#particle" }
    }
},
{
    "__comment": "Horn",
    "from": [ 2.5, 9, 6.5 ],
    "to": [ 3.5, 9.5, 7 ],
    "faces": {
        "down":  { "uv": [ 2.5, 7, 3.5, 6.5 ], "texture": "#particle" },
        "up":    { "uv": [ 2.5, 6.5, 3.5, 7 ], "texture": "#particle" },
        "north": { "uv": [ 12.5, 6.5, 13.5, 7 ], "texture": "#particle" },
        "south": { "uv": [ 2.5, 6.5, 3.5, 7 ], "texture": "#particle" },
        "west":  { "uv": [ 6.5, 6.5, 7, 7 ], "texture": "#particle" },
        "east":  { "uv": [ 9, 6.5, 9.5, 7 ], "texture": "#particle" }
    }
},
{
    "__comment": "Horn",
    "from": [ 2.5, 8, 6.5 ],
    "to": [ 13.5, 8.5, 7 ],
    "faces": {
        "down":  { "uv": [ 2.5, 7, 13.5, 6.5 ], "texture": "#particle" },
        "up":    { "uv": [ 2.5, 6.5, 13.5, 7 ], "texture": "#particle" },
        "north": { "uv": [ 2.5, 7.5, 13.5, 8 ], "texture": "#particle" },
        "south": { "uv": [ 2.5, 7.5, 13.5, 8 ], "texture": "#particle" },
        "west":  { "uv": [ 6.5, 7.5, 7, 8 ], "texture": "#particle" },
        "east":  { "uv": [ 9, 7.5, 9.5, 8 ], "texture": "#particle" }
    }
},
{
    "__comment": "Horn",
    "from": [ 2, 10, 7 ],
    "to": [ 2.5, 10.5, 9 ],
    "faces": {
        "down":  { "uv": [ 2, 9, 2.5, 7 ], "texture": "#particle" },
        "up":    { "uv": [ 2, 7, 2.5, 9 ], "texture": "#particle" },
        "north": { "uv": [ 13.5, 5.5, 14, 6 ], "texture": "#particle" },
        "south": { "uv": [ 2, 5.5, 2.5, 6 ], "texture": "#particle" },
        "west":  { "uv": [ 7, 5.5, 9, 6 ], "texture": "#particle" },
        "east":  { "uv": [ 7, 5.5, 9, 6 ], "texture": "#particle" }
    }
},
{
    "__comment": "Horn",
    "from": [ 2, 7.5, 7 ],
    "to": [ 14, 8, 9 ],
    "faces": {
        "down":  { "uv": [ 2, 9, 14, 7 ], "texture": "#particle" },
        "up":    { "uv": [ 2, 7, 14, 9 ], "texture": "#particle" },
        "north": { "uv": [ 2, 8, 14, 8.5 ], "texture": "#particle" },
        "south": { "uv": [ 2, 8, 14, 8.5 ], "texture": "#particle" },
        "west":  { "uv": [ 7, 8, 9, 8.5 ], "texture": "#particle" },
        "east":  { "uv": [ 7, 8, 9, 8.5 ], "texture": "#particle" }
    }
},
{
    "__comment": "Horn",
    "from": [ 1.5, 8.5, 9 ],
    "to": [ 14.5, 9, 9.5 ],
    "faces": {
        "down":  { "uv": [ 1.5, 9.5, 14.5, 9 ], "texture": "#particle" },
        "up":    { "uv": [ 1.5, 9, 14.5, 9.5 ], "texture": "#particle" },
        "north": { "uv": [ 1.5, 7, 14.5, 7.5 ], "texture": "#particle" },
        "south": { "uv": [ 1.5, 7, 14.5, 7.5 ], "texture": "#particle" },
        "west":  { "uv": [ 9, 7, 9.5, 7.5 ], "texture": "#particle" },
        "east":  { "uv": [ 6.5, 7, 7, 7.5 ], "texture": "#particle" }
    }
},
{
    "__comment": "Horn",
    "from": [ 1.5, 8, 8.5 ],
    "to": [ 14.5, 8.5, 9 ],
    "faces": {
        "down":  { "uv": [ 1.5, 9, 14.5, 8.5 ], "texture": "#particle" },
        "up":    { "uv": [ 1.5, 8.5, 14.5, 9 ], "texture": "#particle" },
        "north": { "uv": [ 1.5, 7.5, 14.5, 8 ], "texture": "#particle" },
        "south": { "uv": [ 1.5, 7.5, 14.5, 8 ], "texture": "#particle" },
        "west":  { "uv": [ 8.5, 7.5, 9, 8 ], "texture": "#particle" },
        "east":  { "uv": [ 7, 7.5, 7.5, 8 ], "texture": "#particle" }
    }
},
{
    "__comment": "Horn",
    "from": [ 1.5, 11.5, 7.5 ],
    "to": [ 2, 12, 8.5 ],
    "faces": {
        "down":  { "uv": [ 1.5, 8.5, 2, 7.5 ], "texture": "#particle" },
        "up":    { "uv": [ 1.5, 7.5, 2, 8.5 ], "texture": "#particle" },
        "north": { "uv": [ 14, 4, 14.5, 4.5 ], "texture": "#particle" },
        "south": { "uv": [ 1.5, 4, 2, 4.5 ], "texture": "#particle" },
        "west":  { "uv": [ 7.5, 4, 8.5, 4.5 ], "texture": "#particle" },
        "east":  { "uv": [ 7.5, 4, 8.5, 4.5 ], "texture": "#particle" }
    }
},
{
    "__comment": "Horn",
    "from": [ 1.5, 8, 7 ],
    "to": [ 14.5, 8.5, 7.5 ],
    "faces": {
        "down":  { "uv": [ 1.5, 7.5, 14.5, 7 ], "texture": "#particle" },
        "up":    { "uv": [ 1.5, 7, 14.5, 7.5 ], "texture": "#particle" },
        "north": { "uv": [ 1.5, 7.5, 14.5, 8 ], "texture": "#particle" },
        "south": { "uv": [ 1.5, 7.5, 14.5, 8 ], "texture": "#particle" },
        "west":  { "uv": [ 7, 7.5, 7.5, 8 ], "texture": "#particle" },
        "east":  { "uv": [ 8.5, 7.5, 9, 8 ], "texture": "#particle" }
    }
},
{
    "__comment": "Horn",
    "from": [ 1.5, 8.5, 6.5 ],
    "to": [ 14.5, 9, 7 ],
    "faces": {
        "down":  { "uv": [ 1.5, 7, 14.5, 6.5 ], "texture": "#particle" },
        "up":    { "uv": [ 1.5, 6.5, 14.5, 7 ], "texture": "#particle" },
        "north": { "uv": [ 1.5, 7, 14.5, 7.5 ], "texture": "#particle" },
        "south": { "uv": [ 1.5, 7, 14.5, 7.5 ], "texture": "#particle" },
        "west":  { "uv": [ 6.5, 7, 7, 7.5 ], "texture": "#particle" },
        "east":  { "uv": [ 9, 7, 9.5, 7.5 ], "texture": "#particle" }
    }
},
{
    "__comment": "Horn",
    "from": [ 1, 9, 9 ],
    "to": [ 2.5, 10, 9.5 ],
    "faces": {
        "down":  { "uv": [ 1, 9.5, 2.5, 9 ], "texture": "#particle" },
        "up":    { "uv": [ 1, 9, 2.5, 9.5 ], "texture": "#particle" },
        "north": { "uv": [ 13.5, 6, 15, 7 ], "texture": "#particle" },
        "south": { "uv": [ 1, 6, 2.5, 7 ], "texture": "#particle" },
        "west":  { "uv": [ 9, 6, 9.5, 7 ], "texture": "#particle" },
        "east":  { "uv": [ 6.5, 6, 7, 7 ], "texture": "#particle" }
    }
},
{
    "__comment": "Horn",
    "from": [ 1, 8, 7.5 ],
    "to": [ 15, 8.5, 8.5 ],
    "faces": {
        "down":  { "uv": [ 1, 8.5, 15, 7.5 ], "texture": "#particle" },
        "up":    { "uv": [ 1, 7.5, 15, 8.5 ], "texture": "#particle" },
        "north": { "uv": [ 1, 7.5, 15, 8 ], "texture": "#particle" },
        "south": { "uv": [ 1, 7.5, 15, 8 ], "texture": "#particle" },
        "west":  { "uv": [ 7.5, 7.5, 8.5, 8 ], "texture": "#particle" },
        "east":  { "uv": [ 7.5, 7.5, 8.5, 8 ], "texture": "#particle" }
    }
},
{
    "__comment": "Horn",
    "from": [ 1, 9, 6.5 ],
    "to": [ 2.5, 10, 7 ],
    "faces": {
        "down":  { "uv": [ 1, 7, 2.5, 6.5 ], "texture": "#particle" },
        "up":    { "uv": [ 1, 6.5, 2.5, 7 ], "texture": "#particle" },
        "north": { "uv": [ 13.5, 6, 15, 7 ], "texture": "#particle" },
        "south": { "uv": [ 1, 6, 2.5, 7 ], "texture": "#particle" },
        "west":  { "uv": [ 6.5, 6, 7, 7 ], "texture": "#particle" },
        "east":  { "uv": [ 9, 6, 9.5, 7 ], "texture": "#particle" }
    }
},
{
    "__comment": "Horn",
    "from": [ 0.5, 11, 8.5 ],
    "to": [ 1, 11.5, 9 ],
    "faces": {
        "down":  { "uv": [ 0.5, 9, 1, 8.5 ], "texture": "#particle" },
        "up":    { "uv": [ 0.5, 8.5, 1, 9 ], "texture": "#particle" },
        "north": { "uv": [ 15, 4.5, 15.5, 5 ], "texture": "#particle" },
        "south": { "uv": [ 0.5, 4.5, 1, 5 ], "texture": "#particle" },
        "west":  { "uv": [ 8.5, 4.5, 9, 5 ], "texture": "#particle" },
        "east":  { "uv": [ 7, 4.5, 7.5, 5 ], "texture": "#particle" }
    }
},
{
    "__comment": "Horn",
    "from": [ 0.5, 9, 8.5 ],
    "to": [ 3.5, 10, 9 ],
    "faces": {
        "down":  { "uv": [ 0.5, 9, 3.5, 8.5 ], "texture": "#particle" },
        "up":    { "uv": [ 0.5, 8.5, 3.5, 9 ], "texture": "#particle" },
        "north": { "uv": [ 12.5, 6, 15.5, 7 ], "texture": "#particle" },
        "south": { "uv": [ 0.5, 6, 3.5, 7 ], "texture": "#particle" },
        "west":  { "uv": [ 8.5, 6, 9, 7 ], "texture": "#particle" },
        "east":  { "uv": [ 7, 6, 7.5, 7 ], "texture": "#particle" }
    }
},
{
    "__comment": "Horn",
    "from": [ 0.5, 12, 7.5 ],
    "to": [ 2, 12.5, 8.5 ],
    "faces": {
        "down":  { "uv": [ 0.5, 8.5, 2, 7.5 ], "texture": "#particle" },
        "up":    { "uv": [ 0.5, 7.5, 2, 8.5 ], "texture": "#particle" },
        "north": { "uv": [ 14, 3.5, 15.5, 4 ], "texture": "#particle" },
        "south": { "uv": [ 0.5, 3.5, 2, 4 ], "texture": "#particle" },
        "west":  { "uv": [ 7.5, 3.5, 8.5, 4 ], "texture": "#particle" },
        "east":  { "uv": [ 7.5, 3.5, 8.5, 4 ], "texture": "#particle" }
    }
},
{
    "__comment": "Horn",
    "from": [ 0.5, 11, 7 ],
    "to": [ 1, 11.5, 7.5 ],
    "faces": {
        "down":  { "uv": [ 0.5, 7.5, 1, 7 ], "texture": "#particle" },
        "up":    { "uv": [ 0.5, 7, 1, 7.5 ], "texture": "#particle" },
        "north": { "uv": [ 15, 4.5, 15.5, 5 ], "texture": "#particle" },
        "south": { "uv": [ 0.5, 4.5, 1, 5 ], "texture": "#particle" },
        "west":  { "uv": [ 7, 4.5, 7.5, 5 ], "texture": "#particle" },
        "east":  { "uv": [ 8.5, 4.5, 9, 5 ], "texture": "#particle" }
    }
},
{
    "__comment": "Horn",
    "from": [ 0.5, 9, 7 ],
    "to": [ 3.5, 10, 7.5 ],
    "faces": {
        "down":  { "uv": [ 0.5, 7.5, 3.5, 7 ], "texture": "#particle" },
        "up":    { "uv": [ 0.5, 7, 3.5, 7.5 ], "texture": "#particle" },
        "north": { "uv": [ 12.5, 6, 15.5, 7 ], "texture": "#particle" },
        "south": { "uv": [ 0.5, 6, 3.5, 7 ], "texture": "#particle" },
        "west":  { "uv": [ 7, 6, 7.5, 7 ], "texture": "#particle" },
        "east":  { "uv": [ 8.5, 6, 9, 7 ], "texture": "#particle" }
    }
},
{
    "__comment": "Horn",
    "from": [ 0.5, 8.5, 7 ],
    "to": [ 15.5, 9, 9 ],
    "faces": {
        "down":  { "uv": [ 0.5, 9, 15.5, 7 ], "texture": "#particle" },
        "up":    { "uv": [ 0.5, 7, 15.5, 9 ], "texture": "#particle" },
        "north": { "uv": [ 0.5, 7, 15.5, 7.5 ], "texture": "#particle" },
        "south": { "uv": [ 0.5, 7, 15.5, 7.5 ], "texture": "#particle" },
        "west":  { "uv": [ 7, 7, 9, 7.5 ], "texture": "#particle" },
        "east":  { "uv": [ 7, 7, 9, 7.5 ], "texture": "#particle" }
    }
},
{
    "__comment": "Horn",
    "from": [ 0, 11, 7.5 ],
    "to": [ 1.5, 12, 8.5 ],
    "faces": {
        "down":  { "uv": [ 0, 8.5, 1.5, 7.5 ], "texture": "#particle" },
        "up":    { "uv": [ 0, 7.5, 1.5, 8.5 ], "texture": "#particle" },
        "north": { "uv": [ 14.5, 4, 16, 5 ], "texture": "#particle" },
        "south": { "uv": [ 0, 4, 1.5, 5 ], "texture": "#particle" },
        "west":  { "uv": [ 7.5, 4, 8.5, 5 ], "texture": "#particle" },
        "east":  { "uv": [ 7.5, 4, 8.5, 5 ], "texture": "#particle" }
    }
},
{
    "__comment": "Horn",
    "from": [ 0, 9, 7.5 ],
    "to": [ 4.5, 10, 8.5 ],
    "faces": {
        "down":  { "uv": [ 0, 8.5, 4.5, 7.5 ], "texture": "#particle" },
        "up":    { "uv": [ 0, 7.5, 4.5, 8.5 ], "texture": "#particle" },
        "north": { "uv": [ 11.5, 6, 16, 7 ], "texture": "#particle" },
        "south": { "uv": [ 0, 6, 4.5, 7 ], "texture": "#particle" },
        "west":  { "uv": [ 7.5, 6, 8.5, 7 ], "texture": "#particle" },
        "east":  { "uv": [ 7.5, 6, 8.5, 7 ], "texture": "#particle" }
    }
},
{
    "__comment": "Horn",
    "from": [ 0, 10, 7 ],
    "to": [ 2, 11, 9 ],
    "faces": {
        "down":  { "uv": [ 0, 9, 2, 7 ], "texture": "#particle" },
        "up":    { "uv": [ 0, 7, 2, 9 ], "texture": "#particle" },
        "north": { "uv": [ 14, 5, 16, 6 ], "texture": "#particle" },
        "south": { "uv": [ 0, 5, 2, 6 ], "texture": "#particle" },
        "west":  { "uv": [ 7, 5, 9, 6 ], "texture": "#particle" },
        "east":  { "uv": [ 7, 5, 9, 6 ], "texture": "#particle" }
    }
}
],
"display": {
    "thirdperson": {
        "rotation": [ -117, 0, 0 ],
        "translation": [ 0, 1.9, -3.6 ],
        "scale": [ 1, 1, 1 ]
    },
    "head": {
        "rotation": [ 0, 180, 0 ],
        "translation": [ 0, 6.3, 0 ],
        "scale": [ 2.3, 2.3, 2.3 ]
    },
    "firstperson": {
        "rotation": [ -15, -18, -6 ],
        "translation": [ 2, 1.1, 0.7 ],
        "scale": [ 2, 2, 2 ]
    },
    "gui": {
        "rotation": [ 0, 90, 0 ],
        "translation": [ 0, 0, 0 ],
        "scale": [ 1, 1, 1 ]
    }
}
}