{
"__comment": "Top Hat",
"__comment": "Not to be reused. Created for the Lords of Minecraft Server",
"textures": {
    "ribbon": "blocks/hats_tophat1",
    "hat": "blocks/hats_tophat2"
},
"elements": [ 
{
    "__comment": "Top_hat",
    "from": [ 13, 12.5, 7.5 ],
    "to": [ 13.5, 13.5, 8.5 ],
    "faces": {
        "down":  { "uv": [ 13, 8.5, 13.5, 7.5 ], "texture": "#hat" },
        "up":    { "uv": [ 13, 7.5, 13.5, 8.5 ], "texture": "#hat" },
        "north": { "uv": [ 2.5, 2.5, 3, 3.5 ], "texture": "#hat" },
        "south": { "uv": [ 13, 2.5, 13.5, 3.5 ], "texture": "#hat" },
        "west":  { "uv": [ 7.5, 2.5, 8.5, 3.5 ], "texture": "#hat" },
        "east":  { "uv": [ 7.5, 2.5, 8.5, 3.5 ], "texture": "#hat" }
    }
},
{
    "__comment": "Top_hat",
    "from": [ 11.5, 2.5, 6.5 ],
    "to": [ 16, 3, 9.5 ],
    "faces": {
        "down":  { "uv": [ 11.5, 9.5, 16, 6.5 ], "texture": "#hat" },
        "up":    { "uv": [ 11.5, 6.5, 16, 9.5 ], "texture": "#hat" },
        "north": { "uv": [ 0, 13, 4.5, 13.5 ], "texture": "#hat" },
        "south": { "uv": [ 11.5, 13, 16, 13.5 ], "texture": "#hat" },
        "west":  { "uv": [ 6.5, 13, 9.5, 13.5 ], "texture": "#hat" },
        "east":  { "uv": [ 6.5, 13, 9.5, 13.5 ], "texture": "#hat" }
    }
},
{
    "__comment": "Top_hat",
    "from": [ 11, 2.5, 9.5 ],
    "to": [ 16, 3, 10 ],
    "faces": {
        "down":  { "uv": [ 11, 10, 16, 9.5 ], "texture": "#hat" },
        "up":    { "uv": [ 11, 9.5, 16, 10 ], "texture": "#hat" },
        "north": { "uv": [ 0, 13, 5, 13.5 ], "texture": "#hat" },
        "south": { "uv": [ 11, 13, 16, 13.5 ], "texture": "#hat" },
        "west":  { "uv": [ 9.5, 13, 10, 13.5 ], "texture": "#hat" },
        "east":  { "uv": [ 6, 13, 6.5, 13.5 ], "texture": "#hat" }
    }
},
{
    "__comment": "Top_hat",
    "from": [ 11, 2.5, 6 ],
    "to": [ 16, 3, 6.5 ],
    "faces": {
        "down":  { "uv": [ 11, 6.5, 16, 6 ], "texture": "#hat" },
        "up":    { "uv": [ 11, 6, 16, 6.5 ], "texture": "#hat" },
        "north": { "uv": [ 0, 13, 5, 13.5 ], "texture": "#hat" },
        "south": { "uv": [ 11, 13, 16, 13.5 ], "texture": "#hat" },
        "west":  { "uv": [ 6, 13, 6.5, 13.5 ], "texture": "#hat" },
        "east":  { "uv": [ 9.5, 13, 10, 13.5 ], "texture": "#hat" }
    }
},
{
    "__comment": "Top_hat",
    "from": [ 10.5, 2.5, 10 ],
    "to": [ 15.5, 3, 10.5 ],
    "faces": {
        "down":  { "uv": [ 10.5, 10.5, 15.5, 10 ], "texture": "#hat" },
        "up":    { "uv": [ 10.5, 10, 15.5, 10.5 ], "texture": "#hat" },
        "north": { "uv": [ 0.5, 13, 5.5, 13.5 ], "texture": "#hat" },
        "south": { "uv": [ 10.5, 13, 15.5, 13.5 ], "texture": "#hat" },
        "west":  { "uv": [ 10, 13, 10.5, 13.5 ], "texture": "#hat" },
        "east":  { "uv": [ 5.5, 13, 6, 13.5 ], "texture": "#hat" }
    }
},
{
    "__comment": "Top_hat",
    "from": [ 10.5, 13, 6.5 ],
    "to": [ 13, 13.5, 9.5 ],
    "faces": {
        "down":  { "uv": [ 10.5, 9.5, 13, 6.5 ], "texture": "#hat" },
        "up":    { "uv": [ 10.5, 6.5, 13, 9.5 ], "texture": "#hat" },
        "north": { "uv": [ 3, 2.5, 5.5, 3 ], "texture": "#hat" },
        "south": { "uv": [ 10.5, 2.5, 13, 3 ], "texture": "#hat" },
        "west":  { "uv": [ 6.5, 2.5, 9.5, 3 ], "texture": "#hat" },
        "east":  { "uv": [ 6.5, 2.5, 9.5, 3 ], "texture": "#hat" }
    }
},
{
    "__comment": "Top_hat",
    "from": [ 10.5, 2.5, 5.5 ],
    "to": [ 15.5, 3, 6 ],
    "faces": {
        "down":  { "uv": [ 10.5, 6, 15.5, 5.5 ], "texture": "#hat" },
        "up":    { "uv": [ 10.5, 5.5, 15.5, 6 ], "texture": "#hat" },
        "north": { "uv": [ 0.5, 13, 5.5, 13.5 ], "texture": "#hat" },
        "south": { "uv": [ 10.5, 13, 15.5, 13.5 ], "texture": "#hat" },
        "west":  { "uv": [ 5.5, 13, 6, 13.5 ], "texture": "#hat" },
        "east":  { "uv": [ 10, 13, 10.5, 13.5 ], "texture": "#hat" }
    }
},
{
    "__comment": "Top_hat",
    "from": [ 10, 2.5, 10.5 ],
    "to": [ 15.5, 3, 11 ],
    "faces": {
        "down":  { "uv": [ 10, 11, 15.5, 10.5 ], "texture": "#hat" },
        "up":    { "uv": [ 10, 10.5, 15.5, 11 ], "texture": "#hat" },
        "north": { "uv": [ 0.5, 13, 6, 13.5 ], "texture": "#hat" },
        "south": { "uv": [ 10, 13, 15.5, 13.5 ], "texture": "#hat" },
        "west":  { "uv": [ 10.5, 13, 11, 13.5 ], "texture": "#hat" },
        "east":  { "uv": [ 5, 13, 5.5, 13.5 ], "texture": "#hat" }
    }
},
{
    "__comment": "Top_hat",
    "from": [ 10, 13, 9.5 ],
    "to": [ 13, 13.5, 10 ],
    "faces": {
        "down":  { "uv": [ 10, 10, 13, 9.5 ], "texture": "#hat" },
        "up":    { "uv": [ 10, 9.5, 13, 10 ], "texture": "#hat" },
        "north": { "uv": [ 3, 2.5, 6, 3 ], "texture": "#hat" },
        "south": { "uv": [ 10, 2.5, 13, 3 ], "texture": "#hat" },
        "west":  { "uv": [ 9.5, 2.5, 10, 3 ], "texture": "#hat" },
        "east":  { "uv": [ 6, 2.5, 6.5, 3 ], "texture": "#hat" }
    }
},
{
    "__comment": "Top_hat",
    "from": [ 10, 13, 6 ],
    "to": [ 13, 13.5, 6.5 ],
    "faces": {
        "down":  { "uv": [ 10, 6.5, 13, 6 ], "texture": "#hat" },
        "up":    { "uv": [ 10, 6, 13, 6.5 ], "texture": "#hat" },
        "north": { "uv": [ 3, 2.5, 6, 3 ], "texture": "#hat" },
        "south": { "uv": [ 10, 2.5, 13, 3 ], "texture": "#hat" },
        "west":  { "uv": [ 6, 2.5, 6.5, 3 ], "texture": "#hat" },
        "east":  { "uv": [ 9.5, 2.5, 10, 3 ], "texture": "#hat" }
    }
},
{
    "__comment": "Top_hat",
    "from": [ 10, 2.5, 5 ],
    "to": [ 15.5, 3, 5.5 ],
    "faces": {
        "down":  { "uv": [ 10, 5.5, 15.5, 5 ], "texture": "#hat" },
        "up":    { "uv": [ 10, 5, 15.5, 5.5 ], "texture": "#hat" },
        "north": { "uv": [ 0.5, 13, 6, 13.5 ], "texture": "#hat" },
        "south": { "uv": [ 10, 13, 15.5, 13.5 ], "texture": "#hat" },
        "west":  { "uv": [ 5, 13, 5.5, 13.5 ], "texture": "#hat" },
        "east":  { "uv": [ 10.5, 13, 11, 13.5 ], "texture": "#hat" }
    }
},
{
    "__comment": "Top_hat",
    "from": [ 9.5, 2.5, 11 ],
    "to": [ 15.5, 3, 11.5 ],
    "faces": {
        "down":  { "uv": [ 9.5, 11.5, 15.5, 11 ], "texture": "#hat" },
        "up":    { "uv": [ 9.5, 11, 15.5, 11.5 ], "texture": "#hat" },
        "north": { "uv": [ 0.5, 13, 6.5, 13.5 ], "texture": "#hat" },
        "south": { "uv": [ 9.5, 13, 15.5, 13.5 ], "texture": "#hat" },
        "west":  { "uv": [ 11, 13, 11.5, 13.5 ], "texture": "#hat" },
        "east":  { "uv": [ 4.5, 13, 5, 13.5 ], "texture": "#hat" }
    }
},
{
    "__comment": "Top_hat",
    "from": [ 9.5, 13, 10 ],
    "to": [ 12.5, 13.5, 10.5 ],
    "faces": {
        "down":  { "uv": [ 9.5, 10.5, 12.5, 10 ], "texture": "#hat" },
        "up":    { "uv": [ 9.5, 10, 12.5, 10.5 ], "texture": "#hat" },
        "north": { "uv": [ 3.5, 2.5, 6.5, 3 ], "texture": "#hat" },
        "south": { "uv": [ 9.5, 2.5, 12.5, 3 ], "texture": "#hat" },
        "west":  { "uv": [ 10, 2.5, 10.5, 3 ], "texture": "#hat" },
        "east":  { "uv": [ 5.5, 2.5, 6, 3 ], "texture": "#hat" }
    }
},
{
    "__comment": "Top_hat",
    "from": [ 9.5, 13, 5.5 ],
    "to": [ 12.5, 13.5, 6 ],
    "faces": {
        "down":  { "uv": [ 9.5, 6, 12.5, 5.5 ], "texture": "#hat" },
        "up":    { "uv": [ 9.5, 5.5, 12.5, 6 ], "texture": "#hat" },
        "north": { "uv": [ 3.5, 2.5, 6.5, 3 ], "texture": "#hat" },
        "south": { "uv": [ 9.5, 2.5, 12.5, 3 ], "texture": "#hat" },
        "west":  { "uv": [ 5.5, 2.5, 6, 3 ], "texture": "#hat" },
        "east":  { "uv": [ 10, 2.5, 10.5, 3 ], "texture": "#hat" }
    }
},
{
    "__comment": "Top_hat",
    "from": [ 9.5, 2.5, 4.5 ],
    "to": [ 15.5, 3, 5 ],
    "faces": {
        "down":  { "uv": [ 9.5, 5, 15.5, 4.5 ], "texture": "#hat" },
        "up":    { "uv": [ 9.5, 4.5, 15.5, 5 ], "texture": "#hat" },
        "north": { "uv": [ 0.5, 13, 6.5, 13.5 ], "texture": "#hat" },
        "south": { "uv": [ 9.5, 13, 15.5, 13.5 ], "texture": "#hat" },
        "west":  { "uv": [ 4.5, 13, 5, 13.5 ], "texture": "#hat" },
        "east":  { "uv": [ 11, 13, 11.5, 13.5 ], "texture": "#hat" }
    }
},
{
    "__comment": "Top_hat",
    "from": [ 7.5, 12.5, 13 ],
    "to": [ 8.5, 13.5, 13.5 ],
    "faces": {
        "down":  { "uv": [ 7.5, 13.5, 8.5, 13 ], "texture": "#hat" },
        "up":    { "uv": [ 7.5, 13, 8.5, 13.5 ], "texture": "#hat" },
        "north": { "uv": [ 7.5, 2.5, 8.5, 3.5 ], "texture": "#hat" },
        "south": { "uv": [ 7.5, 2.5, 8.5, 3.5 ], "texture": "#hat" },
        "west":  { "uv": [ 13, 2.5, 13.5, 3.5 ], "texture": "#hat" },
        "east":  { "uv": [ 2.5, 2.5, 3, 3.5 ], "texture": "#hat" }
    }
},
{
    "__comment": "Ribbon",
    "from": [ 7.5, 4, 13 ],
    "to": [ 8.5, 4.5, 13.5 ],
    "faces": {
        "down":  { "uv": [ 7.5, 13.5, 8.5, 13 ], "texture": "#ribbon" },
        "up":    { "uv": [ 7.5, 13, 8.5, 13.5 ], "texture": "#ribbon" },
        "north": { "uv": [ 7.5, 11.5, 8.5, 12 ], "texture": "#ribbon" },
        "south": { "uv": [ 7.5, 11.5, 8.5, 12 ], "texture": "#ribbon" },
        "west":  { "uv": [ 13, 11.5, 13.5, 12 ], "texture": "#ribbon" },
        "east":  { "uv": [ 2.5, 11.5, 3, 12 ], "texture": "#ribbon" }
    }
},
{
    "__comment": "Top_hat",
    "from": [ 7.5, 4.5, 12.5 ],
    "to": [ 8.5, 6, 13 ],
    "faces": {
        "down":  { "uv": [ 7.5, 13, 8.5, 12.5 ], "texture": "#hat" },
        "up":    { "uv": [ 7.5, 12.5, 8.5, 13 ], "texture": "#hat" },
        "north": { "uv": [ 7.5, 10, 8.5, 11.5 ], "texture": "#hat" },
        "south": { "uv": [ 7.5, 10, 8.5, 11.5 ], "texture": "#hat" },
        "west":  { "uv": [ 12.5, 10, 13, 11.5 ], "texture": "#hat" },
        "east":  { "uv": [ 3, 10, 3.5, 11.5 ], "texture": "#hat" }
    }
},
{
    "__comment": "Top_hat",
    "from": [ 7.5, 4.5, 3 ],
    "to": [ 8.5, 6, 3.5 ],
    "faces": {
        "down":  { "uv": [ 7.5, 3.5, 8.5, 3 ], "texture": "#hat" },
        "up":    { "uv": [ 7.5, 3, 8.5, 3.5 ], "texture": "#hat" },
        "north": { "uv": [ 7.5, 10, 8.5, 11.5 ], "texture": "#hat" },
        "south": { "uv": [ 7.5, 10, 8.5, 11.5 ], "texture": "#hat" },
        "west":  { "uv": [ 3, 10, 3.5, 11.5 ], "texture": "#hat" },
        "east":  { "uv": [ 12.5, 10, 13, 11.5 ], "texture": "#hat" }
    }
},
{
    "__comment": "Top_hat",
    "from": [ 7.5, 12.5, 2.5 ],
    "to": [ 8.5, 13.5, 3 ],
    "faces": {
        "down":  { "uv": [ 7.5, 3, 8.5, 2.5 ], "texture": "#hat" },
        "up":    { "uv": [ 7.5, 2.5, 8.5, 3 ], "texture": "#hat" },
        "north": { "uv": [ 7.5, 2.5, 8.5, 3.5 ], "texture": "#hat" },
        "south": { "uv": [ 7.5, 2.5, 8.5, 3.5 ], "texture": "#hat" },
        "west":  { "uv": [ 2.5, 2.5, 3, 3.5 ], "texture": "#hat" },
        "east":  { "uv": [ 13, 2.5, 13.5, 3.5 ], "texture": "#hat" }
    }
},
{
    "__comment": "Ribbon",
    "from": [ 7.5, 4, 2.5 ],
    "to": [ 8.5, 4.5, 3 ],
    "faces": {
        "down":  { "uv": [ 7.5, 3, 8.5, 2.5 ], "texture": "#ribbon" },
        "up":    { "uv": [ 7.5, 2.5, 8.5, 3 ], "texture": "#ribbon" },
        "north": { "uv": [ 7.5, 11.5, 8.5, 12 ], "texture": "#ribbon" },
        "south": { "uv": [ 7.5, 11.5, 8.5, 12 ], "texture": "#ribbon" },
        "west":  { "uv": [ 2.5, 11.5, 3, 12 ], "texture": "#ribbon" },
        "east":  { "uv": [ 13, 11.5, 13.5, 12 ], "texture": "#ribbon" }
    }
},
{
    "__comment": "Top_hat",
    "from": [ 7, 6, 12.5 ],
    "to": [ 9, 8.5, 13 ],
    "faces": {
        "down":  { "uv": [ 7, 13, 9, 12.5 ], "texture": "#hat" },
        "up":    { "uv": [ 7, 12.5, 9, 13 ], "texture": "#hat" },
        "north": { "uv": [ 7, 7.5, 9, 10 ], "texture": "#hat" },
        "south": { "uv": [ 7, 7.5, 9, 10 ], "texture": "#hat" },
        "west":  { "uv": [ 12.5, 7.5, 13, 10 ], "texture": "#hat" },
        "east":  { "uv": [ 3, 7.5, 3.5, 10 ], "texture": "#hat" }
    }
},
{
    "__comment": "Top_hat",
    "from": [ 7, 6, 3 ],
    "to": [ 9, 8.5, 3.5 ],
    "faces": {
        "down":  { "uv": [ 7, 3.5, 9, 3 ], "texture": "#hat" },
        "up":    { "uv": [ 7, 3, 9, 3.5 ], "texture": "#hat" },
        "north": { "uv": [ 7, 7.5, 9, 10 ], "texture": "#hat" },
        "south": { "uv": [ 7, 7.5, 9, 10 ], "texture": "#hat" },
        "west":  { "uv": [ 3, 7.5, 3.5, 10 ], "texture": "#hat" },
        "east":  { "uv": [ 12.5, 7.5, 13, 10 ], "texture": "#hat" }
    }
},
{
    "__comment": "Top_hat",
    "from": [ 6.5, 8.5, 12.5 ],
    "to": [ 9.5, 11, 13 ],
    "faces": {
        "down":  { "uv": [ 6.5, 13, 9.5, 12.5 ], "texture": "#hat" },
        "up":    { "uv": [ 6.5, 12.5, 9.5, 13 ], "texture": "#hat" },
        "north": { "uv": [ 6.5, 5, 9.5, 7.5 ], "texture": "#hat" },
        "south": { "uv": [ 6.5, 5, 9.5, 7.5 ], "texture": "#hat" },
        "west":  { "uv": [ 12.5, 5, 13, 7.5 ], "texture": "#hat" },
        "east":  { "uv": [ 3, 5, 3.5, 7.5 ], "texture": "#hat" }
    }
},
{
    "__comment": "Top_hat",
    "from": [ 6.5, 13, 10.5 ],
    "to": [ 12.5, 13.5, 11 ],
    "faces": {
        "down":  { "uv": [ 6.5, 11, 12.5, 10.5 ], "texture": "#hat" },
        "up":    { "uv": [ 6.5, 10.5, 12.5, 11 ], "texture": "#hat" },
        "north": { "uv": [ 3.5, 2.5, 9.5, 3 ], "texture": "#hat" },
        "south": { "uv": [ 6.5, 2.5, 12.5, 3 ], "texture": "#hat" },
        "west":  { "uv": [ 10.5, 2.5, 11, 3 ], "texture": "#hat" },
        "east":  { "uv": [ 5, 2.5, 5.5, 3 ], "texture": "#hat" }
    }
},
{
    "__comment": "Top_hat",
    "from": [ 6.5, 11, 10 ],
    "to": [ 12.5, 13, 11 ],
    "faces": {
        "down":  { "uv": [ 6.5, 11, 12.5, 10 ], "texture": "#hat" },
        "up":    { "uv": [ 6.5, 10, 12.5, 11 ], "texture": "#hat" },
        "north": { "uv": [ 3.5, 3, 9.5, 5 ], "texture": "#hat" },
        "south": { "uv": [ 6.5, 3, 12.5, 5 ], "texture": "#hat" },
        "west":  { "uv": [ 10, 3, 11, 5 ], "texture": "#hat" },
        "east":  { "uv": [ 5, 3, 6, 5 ], "texture": "#hat" }
    }
},
{
    "__comment": "Top_hat",
    "from": [ 6.5, 13, 5 ],
    "to": [ 12.5, 13.5, 5.5 ],
    "faces": {
        "down":  { "uv": [ 6.5, 5.5, 12.5, 5 ], "texture": "#hat" },
        "up":    { "uv": [ 6.5, 5, 12.5, 5.5 ], "texture": "#hat" },
        "north": { "uv": [ 3.5, 2.5, 9.5, 3 ], "texture": "#hat" },
        "south": { "uv": [ 6.5, 2.5, 12.5, 3 ], "texture": "#hat" },
        "west":  { "uv": [ 5, 2.5, 5.5, 3 ], "texture": "#hat" },
        "east":  { "uv": [ 10.5, 2.5, 11, 3 ], "texture": "#hat" }
    }
},
{
    "__comment": "Top_hat",
    "from": [ 6.5, 11, 5 ],
    "to": [ 12.5, 13, 6 ],
    "faces": {
        "down":  { "uv": [ 6.5, 6, 12.5, 5 ], "texture": "#hat" },
        "up":    { "uv": [ 6.5, 5, 12.5, 6 ], "texture": "#hat" },
        "north": { "uv": [ 3.5, 3, 9.5, 5 ], "texture": "#hat" },
        "south": { "uv": [ 6.5, 3, 12.5, 5 ], "texture": "#hat" },
        "west":  { "uv": [ 5, 3, 6, 5 ], "texture": "#hat" },
        "east":  { "uv": [ 10, 3, 11, 5 ], "texture": "#hat" }
    }
},
{
    "__comment": "Top_hat",
    "from": [ 6.5, 3, 4.5 ],
    "to": [ 15.5, 3.5, 5 ],
    "faces": {
        "down":  { "uv": [ 6.5, 5, 15.5, 4.5 ], "texture": "#hat" },
        "up":    { "uv": [ 6.5, 4.5, 15.5, 5 ], "texture": "#hat" },
        "north": { "uv": [ 0.5, 12.5, 9.5, 13 ], "texture": "#hat" },
        "south": { "uv": [ 6.5, 12.5, 15.5, 13 ], "texture": "#hat" },
        "west":  { "uv": [ 4.5, 12.5, 5, 13 ], "texture": "#hat" },
        "east":  { "uv": [ 11, 12.5, 11.5, 13 ], "texture": "#hat" }
    }
},
{
    "__comment": "Top_hat",
    "from": [ 6.5, 8.5, 3 ],
    "to": [ 9.5, 11, 3.5 ],
    "faces": {
        "down":  { "uv": [ 6.5, 3.5, 9.5, 3 ], "texture": "#hat" },
        "up":    { "uv": [ 6.5, 3, 9.5, 3.5 ], "texture": "#hat" },
        "north": { "uv": [ 6.5, 5, 9.5, 7.5 ], "texture": "#hat" },
        "south": { "uv": [ 6.5, 5, 9.5, 7.5 ], "texture": "#hat" },
        "west":  { "uv": [ 3, 5, 3.5, 7.5 ], "texture": "#hat" },
        "east":  { "uv": [ 12.5, 5, 13, 7.5 ], "texture": "#hat" }
    }
},
{
    "__comment": "Top_hat",
    "from": [ 6, 2.5, 15.5 ],
    "to": [ 10, 3.5, 16 ],
    "faces": {
        "down":  { "uv": [ 6, 16, 10, 15.5 ], "texture": "#hat" },
        "up":    { "uv": [ 6, 15.5, 10, 16 ], "texture": "#hat" },
        "north": { "uv": [ 6, 12.5, 10, 13.5 ], "texture": "#hat" },
        "south": { "uv": [ 6, 12.5, 10, 13.5 ], "texture": "#hat" },
        "west":  { "uv": [ 15.5, 12.5, 16, 13.5 ], "texture": "#hat" },
        "east":  { "uv": [ 0, 12.5, 0.5, 13.5 ], "texture": "#hat" }
    }
},
{
    "__comment": "Top_hat",
    "from": [ 6, 3.5, 15 ],
    "to": [ 10, 4, 15.5 ],
    "faces": {
        "down":  { "uv": [ 6, 15.5, 10, 15 ], "texture": "#hat" },
        "up":    { "uv": [ 6, 15, 10, 15.5 ], "texture": "#hat" },
        "north": { "uv": [ 6, 12, 10, 12.5 ], "texture": "#hat" },
        "south": { "uv": [ 6, 12, 10, 12.5 ], "texture": "#hat" },
        "west":  { "uv": [ 15, 12, 15.5, 12.5 ], "texture": "#hat" },
        "east":  { "uv": [ 0.5, 12, 1, 12.5 ], "texture": "#hat" }
    }
},
{
    "__comment": "Top_hat",
    "from": [ 6, 11, 12.5 ],
    "to": [ 10, 13.5, 13 ],
    "faces": {
        "down":  { "uv": [ 6, 13, 10, 12.5 ], "texture": "#hat" },
        "up":    { "uv": [ 6, 12.5, 10, 13 ], "texture": "#hat" },
        "north": { "uv": [ 6, 2.5, 10, 5 ], "texture": "#hat" },
        "south": { "uv": [ 6, 2.5, 10, 5 ], "texture": "#hat" },
        "west":  { "uv": [ 12.5, 2.5, 13, 5 ], "texture": "#hat" },
        "east":  { "uv": [ 3, 2.5, 3.5, 5 ], "texture": "#hat" }
    }
},
{
    "__comment": "Ribbon",
    "from": [ 6, 4, 12.5 ],
    "to": [ 10, 4.5, 13 ],
    "faces": {
        "down":  { "uv": [ 6, 13, 10, 12.5 ], "texture": "#ribbon" },
        "up":    { "uv": [ 6, 12.5, 10, 13 ], "texture": "#ribbon" },
        "north": { "uv": [ 6, 11.5, 10, 12 ], "texture": "#ribbon" },
        "south": { "uv": [ 6, 11.5, 10, 12 ], "texture": "#ribbon" },
        "west":  { "uv": [ 12.5, 11.5, 13, 12 ], "texture": "#ribbon" },
        "east":  { "uv": [ 3, 11.5, 3.5, 12 ], "texture": "#ribbon" }
    }
},
{
    "__comment": "Top_hat",
    "from": [ 6, 2.5, 11 ],
    "to": [ 6.5, 3, 11.5 ],
    "faces": {
        "down":  { "uv": [ 6, 11.5, 6.5, 11 ], "texture": "#hat" },
        "up":    { "uv": [ 6, 11, 6.5, 11.5 ], "texture": "#hat" },
        "north": { "uv": [ 9.5, 13, 10, 13.5 ], "texture": "#hat" },
        "south": { "uv": [ 6, 13, 6.5, 13.5 ], "texture": "#hat" },
        "west":  { "uv": [ 11, 13, 11.5, 13.5 ], "texture": "#hat" },
        "east":  { "uv": [ 4.5, 13, 5, 13.5 ], "texture": "#hat" }
    }
},
{
    "__comment": "Top_hat",
    "from": [ 6, 3, 5 ],
    "to": [ 15.5, 3.5, 5.5 ],
    "faces": {
        "down":  { "uv": [ 6, 5.5, 15.5, 5 ], "texture": "#hat" },
        "up":    { "uv": [ 6, 5, 15.5, 5.5 ], "texture": "#hat" },
        "north": { "uv": [ 0.5, 12.5, 10, 13 ], "texture": "#hat" },
        "south": { "uv": [ 6, 12.5, 15.5, 13 ], "texture": "#hat" },
        "west":  { "uv": [ 5, 12.5, 5.5, 13 ], "texture": "#hat" },
        "east":  { "uv": [ 10.5, 12.5, 11, 13 ], "texture": "#hat" }
    }
},
{
    "__comment": "Top_hat",
    "from": [ 6, 2.5, 4.5 ],
    "to": [ 6.5, 3.5, 5 ],
    "faces": {
        "down":  { "uv": [ 6, 5, 6.5, 4.5 ], "texture": "#hat" },
        "up":    { "uv": [ 6, 4.5, 6.5, 5 ], "texture": "#hat" },
        "north": { "uv": [ 9.5, 12.5, 10, 13.5 ], "texture": "#hat" },
        "south": { "uv": [ 6, 12.5, 6.5, 13.5 ], "texture": "#hat" },
        "west":  { "uv": [ 4.5, 12.5, 5, 13.5 ], "texture": "#hat" },
        "east":  { "uv": [ 11, 12.5, 11.5, 13.5 ], "texture": "#hat" }
    }
},
{
    "__comment": "Top_hat",
    "from": [ 6, 11, 3 ],
    "to": [ 10, 13.5, 3.5 ],
    "faces": {
        "down":  { "uv": [ 6, 3.5, 10, 3 ], "texture": "#hat" },
        "up":    { "uv": [ 6, 3, 10, 3.5 ], "texture": "#hat" },
        "north": { "uv": [ 6, 2.5, 10, 5 ], "texture": "#hat" },
        "south": { "uv": [ 6, 2.5, 10, 5 ], "texture": "#hat" },
        "west":  { "uv": [ 3, 2.5, 3.5, 5 ], "texture": "#hat" },
        "east":  { "uv": [ 12.5, 2.5, 13, 5 ], "texture": "#hat" }
    }
},
{
    "__comment": "Ribbon",
    "from": [ 6, 4, 3 ],
    "to": [ 10, 4.5, 3.5 ],
    "faces": {
        "down":  { "uv": [ 6, 3.5, 10, 3 ], "texture": "#ribbon" },
        "up":    { "uv": [ 6, 3, 10, 3.5 ], "texture": "#ribbon" },
        "north": { "uv": [ 6, 11.5, 10, 12 ], "texture": "#ribbon" },
        "south": { "uv": [ 6, 11.5, 10, 12 ], "texture": "#ribbon" },
        "west":  { "uv": [ 3, 11.5, 3.5, 12 ], "texture": "#ribbon" },
        "east":  { "uv": [ 12.5, 11.5, 13, 12 ], "texture": "#ribbon" }
    }
},
{
    "__comment": "Top_hat",
    "from": [ 6, 3.5, 0.5 ],
    "to": [ 10, 4, 1 ],
    "faces": {
        "down":  { "uv": [ 6, 1, 10, 0.5 ], "texture": "#hat" },
        "up":    { "uv": [ 6, 0.5, 10, 1 ], "texture": "#hat" },
        "north": { "uv": [ 6, 12, 10, 12.5 ], "texture": "#hat" },
        "south": { "uv": [ 6, 12, 10, 12.5 ], "texture": "#hat" },
        "west":  { "uv": [ 0.5, 12, 1, 12.5 ], "texture": "#hat" },
        "east":  { "uv": [ 15, 12, 15.5, 12.5 ], "texture": "#hat" }
    }
},
{
    "__comment": "Top_hat",
    "from": [ 6, 2.5, 0 ],
    "to": [ 10, 3.5, 0.5 ],
    "faces": {
        "down":  { "uv": [ 6, 0.5, 10, 0 ], "texture": "#hat" },
        "up":    { "uv": [ 6, 0, 10, 0.5 ], "texture": "#hat" },
        "north": { "uv": [ 6, 12.5, 10, 13.5 ], "texture": "#hat" },
        "south": { "uv": [ 6, 12.5, 10, 13.5 ], "texture": "#hat" },
        "west":  { "uv": [ 0, 12.5, 0.5, 13.5 ], "texture": "#hat" },
        "east":  { "uv": [ 15.5, 12.5, 16, 13.5 ], "texture": "#hat" }
    }
},
{
    "__comment": "Top_hat",
    "from": [ 5.5, 4.5, 12 ],
    "to": [ 10.5, 8.5, 12.5 ],
    "faces": {
        "down":  { "uv": [ 5.5, 12.5, 10.5, 12 ], "texture": "#hat" },
        "up":    { "uv": [ 5.5, 12, 10.5, 12.5 ], "texture": "#hat" },
        "north": { "uv": [ 5.5, 7.5, 10.5, 11.5 ], "texture": "#hat" },
        "south": { "uv": [ 5.5, 7.5, 10.5, 11.5 ], "texture": "#hat" },
        "west":  { "uv": [ 12, 7.5, 12.5, 11.5 ], "texture": "#hat" },
        "east":  { "uv": [ 3.5, 7.5, 4, 11.5 ], "texture": "#hat" }
    }
},
{
    "__comment": "Top_hat",
    "from": [ 5.5, 2.5, 10.5 ],
    "to": [ 6, 3, 11.5 ],
    "faces": {
        "down":  { "uv": [ 5.5, 11.5, 6, 10.5 ], "texture": "#hat" },
        "up":    { "uv": [ 5.5, 10.5, 6, 11.5 ], "texture": "#hat" },
        "north": { "uv": [ 10, 13, 10.5, 13.5 ], "texture": "#hat" },
        "south": { "uv": [ 5.5, 13, 6, 13.5 ], "texture": "#hat" },
        "west":  { "uv": [ 10.5, 13, 11.5, 13.5 ], "texture": "#hat" },
        "east":  { "uv": [ 4.5, 13, 5.5, 13.5 ], "texture": "#hat" }
    }
},
{
    "__comment": "Top_hat",
    "from": [ 5.5, 3, 10 ],
    "to": [ 15.5, 3.5, 11.5 ],
    "faces": {
        "down":  { "uv": [ 5.5, 11.5, 15.5, 10 ], "texture": "#hat" },
        "up":    { "uv": [ 5.5, 10, 15.5, 11.5 ], "texture": "#hat" },
        "north": { "uv": [ 0.5, 12.5, 10.5, 13 ], "texture": "#hat" },
        "south": { "uv": [ 5.5, 12.5, 15.5, 13 ], "texture": "#hat" },
        "west":  { "uv": [ 10, 12.5, 11.5, 13 ], "texture": "#hat" },
        "east":  { "uv": [ 4.5, 12.5, 6, 13 ], "texture": "#hat" }
    }
},
{
    "__comment": "Top_hat",
    "from": [ 5.5, 13, 9.5 ],
    "to": [ 6, 13.5, 10 ],
    "faces": {
        "down":  { "uv": [ 5.5, 10, 6, 9.5 ], "texture": "#hat" },
        "up":    { "uv": [ 5.5, 9.5, 6, 10 ], "texture": "#hat" },
        "north": { "uv": [ 10, 2.5, 10.5, 3 ], "texture": "#hat" },
        "south": { "uv": [ 5.5, 2.5, 6, 3 ], "texture": "#hat" },
        "west":  { "uv": [ 9.5, 2.5, 10, 3 ], "texture": "#hat" },
        "east":  { "uv": [ 6, 2.5, 6.5, 3 ], "texture": "#hat" }
    }
},
{
    "__comment": "Top_hat",
    "from": [ 5.5, 13, 6 ],
    "to": [ 6, 13.5, 6.5 ],
    "faces": {
        "down":  { "uv": [ 5.5, 6.5, 6, 6 ], "texture": "#hat" },
        "up":    { "uv": [ 5.5, 6, 6, 6.5 ], "texture": "#hat" },
        "north": { "uv": [ 10, 2.5, 10.5, 3 ], "texture": "#hat" },
        "south": { "uv": [ 5.5, 2.5, 6, 3 ], "texture": "#hat" },
        "west":  { "uv": [ 6, 2.5, 6.5, 3 ], "texture": "#hat" },
        "east":  { "uv": [ 9.5, 2.5, 10, 3 ], "texture": "#hat" }
    }
},
{
    "__comment": "Top_hat",
    "from": [ 5.5, 12.5, 6 ],
    "to": [ 13, 13, 10 ],
    "faces": {
        "down":  { "uv": [ 5.5, 10, 13, 6 ], "texture": "#hat" },
        "up":    { "uv": [ 5.5, 6, 13, 10 ], "texture": "#hat" },
        "north": { "uv": [ 3, 3, 10.5, 3.5 ], "texture": "#hat" },
        "south": { "uv": [ 5.5, 3, 13, 3.5 ], "texture": "#hat" },
        "west":  { "uv": [ 6, 3, 10, 3.5 ], "texture": "#hat" },
        "east":  { "uv": [ 6, 3, 10, 3.5 ], "texture": "#hat" }
    }
},
{
    "__comment": "Top_hat",
    "from": [ 5.5, 3, 5.5 ],
    "to": [ 15.5, 3.5, 6 ],
    "faces": {
        "down":  { "uv": [ 5.5, 6, 15.5, 5.5 ], "texture": "#hat" },
        "up":    { "uv": [ 5.5, 5.5, 15.5, 6 ], "texture": "#hat" },
        "north": { "uv": [ 0.5, 12.5, 10.5, 13 ], "texture": "#hat" },
        "south": { "uv": [ 5.5, 12.5, 15.5, 13 ], "texture": "#hat" },
        "west":  { "uv": [ 5.5, 12.5, 6, 13 ], "texture": "#hat" },
        "east":  { "uv": [ 10, 12.5, 10.5, 13 ], "texture": "#hat" }
    }
},
{
    "__comment": "Top_hat",
    "from": [ 5.5, 2.5, 4.5 ],
    "to": [ 6, 3.5, 5.5 ],
    "faces": {
        "down":  { "uv": [ 5.5, 5.5, 6, 4.5 ], "texture": "#hat" },
        "up":    { "uv": [ 5.5, 4.5, 6, 5.5 ], "texture": "#hat" },
        "north": { "uv": [ 10, 12.5, 10.5, 13.5 ], "texture": "#hat" },
        "south": { "uv": [ 5.5, 12.5, 6, 13.5 ], "texture": "#hat" },
        "west":  { "uv": [ 4.5, 12.5, 5.5, 13.5 ], "texture": "#hat" },
        "east":  { "uv": [ 10.5, 12.5, 11.5, 13.5 ], "texture": "#hat" }
    }
},
{
    "__comment": "Top_hat",
    "from": [ 5.5, 4.5, 3.5 ],
    "to": [ 10.5, 8.5, 4 ],
    "faces": {
        "down":  { "uv": [ 5.5, 4, 10.5, 3.5 ], "texture": "#hat" },
        "up":    { "uv": [ 5.5, 3.5, 10.5, 4 ], "texture": "#hat" },
        "north": { "uv": [ 5.5, 7.5, 10.5, 11.5 ], "texture": "#hat" },
        "south": { "uv": [ 5.5, 7.5, 10.5, 11.5 ], "texture": "#hat" },
        "west":  { "uv": [ 3.5, 7.5, 4, 11.5 ], "texture": "#hat" },
        "east":  { "uv": [ 12, 7.5, 12.5, 11.5 ], "texture": "#hat" }
    }
},
{
    "__comment": "Top_hat",
    "from": [ 5, 8.5, 12 ],
    "to": [ 11, 13.5, 12.5 ],
    "faces": {
        "down":  { "uv": [ 5, 12.5, 11, 12 ], "texture": "#hat" },
        "up":    { "uv": [ 5, 12, 11, 12.5 ], "texture": "#hat" },
        "north": { "uv": [ 5, 2.5, 11, 7.5 ], "texture": "#hat" },
        "south": { "uv": [ 5, 2.5, 11, 7.5 ], "texture": "#hat" },
        "west":  { "uv": [ 12, 2.5, 12.5, 7.5 ], "texture": "#hat" },
        "east":  { "uv": [ 3.5, 2.5, 4, 7.5 ], "texture": "#hat" }
    }
},
{
    "__comment": "Ribbon",
    "from": [ 5, 4, 12 ],
    "to": [ 11, 4.5, 12.5 ],
    "faces": {
        "down":  { "uv": [ 5, 12.5, 11, 12 ], "texture": "#ribbon" },
        "up":    { "uv": [ 5, 12, 11, 12.5 ], "texture": "#ribbon" },
        "north": { "uv": [ 5, 11.5, 11, 12 ], "texture": "#ribbon" },
        "south": { "uv": [ 5, 11.5, 11, 12 ], "texture": "#ribbon" },
        "west":  { "uv": [ 12, 11.5, 12.5, 12 ], "texture": "#ribbon" },
        "east":  { "uv": [ 3.5, 11.5, 4, 12 ], "texture": "#ribbon" }
    }
},
{
    "__comment": "Top_hat",
    "from": [ 5, 4.5, 11.5 ],
    "to": [ 11, 8.5, 12 ],
    "faces": {
        "down":  { "uv": [ 5, 12, 11, 11.5 ], "texture": "#hat" },
        "up":    { "uv": [ 5, 11.5, 11, 12 ], "texture": "#hat" },
        "north": { "uv": [ 5, 7.5, 11, 11.5 ], "texture": "#hat" },
        "south": { "uv": [ 5, 7.5, 11, 11.5 ], "texture": "#hat" },
        "west":  { "uv": [ 11.5, 7.5, 12, 11.5 ], "texture": "#hat" },
        "east":  { "uv": [ 4, 7.5, 4.5, 11.5 ], "texture": "#hat" }
    }
},
{
    "__comment": "Top_hat",
    "from": [ 5, 3, 6 ],
    "to": [ 16, 3.5, 6.5 ],
    "faces": {
        "down":  { "uv": [ 5, 6.5, 16, 6 ], "texture": "#hat" },
        "up":    { "uv": [ 5, 6, 16, 6.5 ], "texture": "#hat" },
        "north": { "uv": [ 0, 12.5, 11, 13 ], "texture": "#hat" },
        "south": { "uv": [ 5, 12.5, 16, 13 ], "texture": "#hat" },
        "west":  { "uv": [ 6, 12.5, 6.5, 13 ], "texture": "#hat" },
        "east":  { "uv": [ 9.5, 12.5, 10, 13 ], "texture": "#hat" }
    }
},
{
    "__comment": "Top_hat",
    "from": [ 5, 4.5, 4 ],
    "to": [ 11, 8.5, 4.5 ],
    "faces": {
        "down":  { "uv": [ 5, 4.5, 11, 4 ], "texture": "#hat" },
        "up":    { "uv": [ 5, 4, 11, 4.5 ], "texture": "#hat" },
        "north": { "uv": [ 5, 7.5, 11, 11.5 ], "texture": "#hat" },
        "south": { "uv": [ 5, 7.5, 11, 11.5 ], "texture": "#hat" },
        "west":  { "uv": [ 4, 7.5, 4.5, 11.5 ], "texture": "#hat" },
        "east":  { "uv": [ 11.5, 7.5, 12, 11.5 ], "texture": "#hat" }
    }
},
{
    "__comment": "Top_hat",
    "from": [ 5, 8.5, 3.5 ],
    "to": [ 11, 13.5, 4 ],
    "faces": {
        "down":  { "uv": [ 5, 4, 11, 3.5 ], "texture": "#hat" },
        "up":    { "uv": [ 5, 3.5, 11, 4 ], "texture": "#hat" },
        "north": { "uv": [ 5, 2.5, 11, 7.5 ], "texture": "#hat" },
        "south": { "uv": [ 5, 2.5, 11, 7.5 ], "texture": "#hat" },
        "west":  { "uv": [ 3.5, 2.5, 4, 7.5 ], "texture": "#hat" },
        "east":  { "uv": [ 12, 2.5, 12.5, 7.5 ], "texture": "#hat" }
    }
},
{
    "__comment": "Ribbon",
    "from": [ 5, 4, 3.5 ],
    "to": [ 11, 4.5, 4 ],
    "faces": {
        "down":  { "uv": [ 5, 4, 11, 3.5 ], "texture": "#ribbon" },
        "up":    { "uv": [ 5, 3.5, 11, 4 ], "texture": "#ribbon" },
        "north": { "uv": [ 5, 11.5, 11, 12 ], "texture": "#ribbon" },
        "south": { "uv": [ 5, 11.5, 11, 12 ], "texture": "#ribbon" },
        "west":  { "uv": [ 3.5, 11.5, 4, 12 ], "texture": "#ribbon" },
        "east":  { "uv": [ 12, 11.5, 12.5, 12 ], "texture": "#ribbon" }
    }
},
{
    "__comment": "Top_hat",
    "from": [ 4.5, 2.5, 15 ],
    "to": [ 11.5, 3.5, 15.5 ],
    "faces": {
        "down":  { "uv": [ 4.5, 15.5, 11.5, 15 ], "texture": "#hat" },
        "up":    { "uv": [ 4.5, 15, 11.5, 15.5 ], "texture": "#hat" },
        "north": { "uv": [ 4.5, 12.5, 11.5, 13.5 ], "texture": "#hat" },
        "south": { "uv": [ 4.5, 12.5, 11.5, 13.5 ], "texture": "#hat" },
        "west":  { "uv": [ 15, 12.5, 15.5, 13.5 ], "texture": "#hat" },
        "east":  { "uv": [ 0.5, 12.5, 1, 13.5 ], "texture": "#hat" }
    }
},
{
    "__comment": "Top_hat",
    "from": [ 4.5, 8.5, 11.5 ],
    "to": [ 11.5, 13.5, 12 ],
    "faces": {
        "down":  { "uv": [ 4.5, 12, 11.5, 11.5 ], "texture": "#hat" },
        "up":    { "uv": [ 4.5, 11.5, 11.5, 12 ], "texture": "#hat" },
        "north": { "uv": [ 4.5, 2.5, 11.5, 7.5 ], "texture": "#hat" },
        "south": { "uv": [ 4.5, 2.5, 11.5, 7.5 ], "texture": "#hat" },
        "west":  { "uv": [ 11.5, 2.5, 12, 7.5 ], "texture": "#hat" },
        "east":  { "uv": [ 4, 2.5, 4.5, 7.5 ], "texture": "#hat" }
    }
},
{
    "__comment": "Ribbon",
    "from": [ 4.5, 4, 11.5 ],
    "to": [ 11.5, 4.5, 12 ],
    "faces": {
        "down":  { "uv": [ 4.5, 12, 11.5, 11.5 ], "texture": "#ribbon" },
        "up":    { "uv": [ 4.5, 11.5, 11.5, 12 ], "texture": "#ribbon" },
        "north": { "uv": [ 4.5, 11.5, 11.5, 12 ], "texture": "#ribbon" },
        "south": { "uv": [ 4.5, 11.5, 11.5, 12 ], "texture": "#ribbon" },
        "west":  { "uv": [ 11.5, 11.5, 12, 12 ], "texture": "#ribbon" },
        "east":  { "uv": [ 4, 11.5, 4.5, 12 ], "texture": "#ribbon" }
    }
},
{
    "__comment": "Top_hat",
    "from": [ 4.5, 4.5, 11 ],
    "to": [ 11.5, 8.5, 11.5 ],
    "faces": {
        "down":  { "uv": [ 4.5, 11.5, 11.5, 11 ], "texture": "#hat" },
        "up":    { "uv": [ 4.5, 11, 11.5, 11.5 ], "texture": "#hat" },
        "north": { "uv": [ 4.5, 7.5, 11.5, 11.5 ], "texture": "#hat" },
        "south": { "uv": [ 4.5, 7.5, 11.5, 11.5 ], "texture": "#hat" },
        "west":  { "uv": [ 11, 7.5, 11.5, 11.5 ], "texture": "#hat" },
        "east":  { "uv": [ 4.5, 7.5, 5, 11.5 ], "texture": "#hat" }
    }
},
{
    "__comment": "Top_hat",
    "from": [ 4.5, 2.5, 9.5 ],
    "to": [ 5, 3, 10 ],
    "faces": {
        "down":  { "uv": [ 4.5, 10, 5, 9.5 ], "texture": "#hat" },
        "up":    { "uv": [ 4.5, 9.5, 5, 10 ], "texture": "#hat" },
        "north": { "uv": [ 11, 13, 11.5, 13.5 ], "texture": "#hat" },
        "south": { "uv": [ 4.5, 13, 5, 13.5 ], "texture": "#hat" },
        "west":  { "uv": [ 9.5, 13, 10, 13.5 ], "texture": "#hat" },
        "east":  { "uv": [ 6, 13, 6.5, 13.5 ], "texture": "#hat" }
    }
},
{
    "__comment": "Top_hat",
    "from": [ 4.5, 3, 6.5 ],
    "to": [ 16, 3.5, 10 ],
    "faces": {
        "down":  { "uv": [ 4.5, 10, 16, 6.5 ], "texture": "#hat" },
        "up":    { "uv": [ 4.5, 6.5, 16, 10 ], "texture": "#hat" },
        "north": { "uv": [ 0, 12.5, 11.5, 13 ], "texture": "#hat" },
        "south": { "uv": [ 4.5, 12.5, 16, 13 ], "texture": "#hat" },
        "west":  { "uv": [ 6.5, 12.5, 10, 13 ], "texture": "#hat" },
        "east":  { "uv": [ 6, 12.5, 9.5, 13 ], "texture": "#hat" }
    }
},
{
    "__comment": "Top_hat",
    "from": [ 4.5, 2.5, 6 ],
    "to": [ 5, 3.5, 6.5 ],
    "faces": {
        "down":  { "uv": [ 4.5, 6.5, 5, 6 ], "texture": "#hat" },
        "up":    { "uv": [ 4.5, 6, 5, 6.5 ], "texture": "#hat" },
        "north": { "uv": [ 11, 12.5, 11.5, 13.5 ], "texture": "#hat" },
        "south": { "uv": [ 4.5, 12.5, 5, 13.5 ], "texture": "#hat" },
        "west":  { "uv": [ 6, 12.5, 6.5, 13.5 ], "texture": "#hat" },
        "east":  { "uv": [ 9.5, 12.5, 10, 13.5 ], "texture": "#hat" }
    }
},
{
    "__comment": "Top_hat",
    "from": [ 4.5, 4.5, 4.5 ],
    "to": [ 11.5, 8.5, 5 ],
    "faces": {
        "down":  { "uv": [ 4.5, 5, 11.5, 4.5 ], "texture": "#hat" },
        "up":    { "uv": [ 4.5, 4.5, 11.5, 5 ], "texture": "#hat" },
        "north": { "uv": [ 4.5, 7.5, 11.5, 11.5 ], "texture": "#hat" },
        "south": { "uv": [ 4.5, 7.5, 11.5, 11.5 ], "texture": "#hat" },
        "west":  { "uv": [ 4.5, 7.5, 5, 11.5 ], "texture": "#hat" },
        "east":  { "uv": [ 11, 7.5, 11.5, 11.5 ], "texture": "#hat" }
    }
},
{
    "__comment": "Top_hat",
    "from": [ 4.5, 8.5, 4 ],
    "to": [ 11.5, 13.5, 4.5 ],
    "faces": {
        "down":  { "uv": [ 4.5, 4.5, 11.5, 4 ], "texture": "#hat" },
        "up":    { "uv": [ 4.5, 4, 11.5, 4.5 ], "texture": "#hat" },
        "north": { "uv": [ 4.5, 2.5, 11.5, 7.5 ], "texture": "#hat" },
        "south": { "uv": [ 4.5, 2.5, 11.5, 7.5 ], "texture": "#hat" },
        "west":  { "uv": [ 4, 2.5, 4.5, 7.5 ], "texture": "#hat" },
        "east":  { "uv": [ 11.5, 2.5, 12, 7.5 ], "texture": "#hat" }
    }
},
{
    "__comment": "Ribbon",
    "from": [ 4.5, 4, 4 ],
    "to": [ 11.5, 4.5, 4.5 ],
    "faces": {
        "down":  { "uv": [ 4.5, 4.5, 11.5, 4 ], "texture": "#ribbon" },
        "up":    { "uv": [ 4.5, 4, 11.5, 4.5 ], "texture": "#ribbon" },
        "north": { "uv": [ 4.5, 11.5, 11.5, 12 ], "texture": "#ribbon" },
        "south": { "uv": [ 4.5, 11.5, 11.5, 12 ], "texture": "#ribbon" },
        "west":  { "uv": [ 4, 11.5, 4.5, 12 ], "texture": "#ribbon" },
        "east":  { "uv": [ 11.5, 11.5, 12, 12 ], "texture": "#ribbon" }
    }
},
{
    "__comment": "Top_hat",
    "from": [ 4.5, 2.5, 0.5 ],
    "to": [ 11.5, 3.5, 1 ],
    "faces": {
        "down":  { "uv": [ 4.5, 1, 11.5, 0.5 ], "texture": "#hat" },
        "up":    { "uv": [ 4.5, 0.5, 11.5, 1 ], "texture": "#hat" },
        "north": { "uv": [ 4.5, 12.5, 11.5, 13.5 ], "texture": "#hat" },
        "south": { "uv": [ 4.5, 12.5, 11.5, 13.5 ], "texture": "#hat" },
        "west":  { "uv": [ 0.5, 12.5, 1, 13.5 ], "texture": "#hat" },
        "east":  { "uv": [ 15, 12.5, 15.5, 13.5 ], "texture": "#hat" }
    }
},
{
    "__comment": "Top_hat",
    "from": [ 4, 3.5, 14.5 ],
    "to": [ 12, 4, 15 ],
    "faces": {
        "down":  { "uv": [ 4, 15, 12, 14.5 ], "texture": "#hat" },
        "up":    { "uv": [ 4, 14.5, 12, 15 ], "texture": "#hat" },
        "north": { "uv": [ 4, 12, 12, 12.5 ], "texture": "#hat" },
        "south": { "uv": [ 4, 12, 12, 12.5 ], "texture": "#hat" },
        "west":  { "uv": [ 14.5, 12, 15, 12.5 ], "texture": "#hat" },
        "east":  { "uv": [ 1, 12, 1.5, 12.5 ], "texture": "#hat" }
    }
},
{
    "__comment": "Top_hat",
    "from": [ 4, 8.5, 11 ],
    "to": [ 12, 13.5, 11.5 ],
    "faces": {
        "down":  { "uv": [ 4, 11.5, 12, 11 ], "texture": "#hat" },
        "up":    { "uv": [ 4, 11, 12, 11.5 ], "texture": "#hat" },
        "north": { "uv": [ 4, 2.5, 12, 7.5 ], "texture": "#hat" },
        "south": { "uv": [ 4, 2.5, 12, 7.5 ], "texture": "#hat" },
        "west":  { "uv": [ 11, 2.5, 11.5, 7.5 ], "texture": "#hat" },
        "east":  { "uv": [ 4.5, 2.5, 5, 7.5 ], "texture": "#hat" }
    }
},
{
    "__comment": "Ribbon",
    "from": [ 4, 4, 11 ],
    "to": [ 12, 4.5, 11.5 ],
    "faces": {
        "down":  { "uv": [ 4, 11.5, 12, 11 ], "texture": "#ribbon" },
        "up":    { "uv": [ 4, 11, 12, 11.5 ], "texture": "#ribbon" },
        "north": { "uv": [ 4, 11.5, 12, 12 ], "texture": "#ribbon" },
        "south": { "uv": [ 4, 11.5, 12, 12 ], "texture": "#ribbon" },
        "west":  { "uv": [ 11, 11.5, 11.5, 12 ], "texture": "#ribbon" },
        "east":  { "uv": [ 4.5, 11.5, 5, 12 ], "texture": "#ribbon" }
    }
},
{
    "__comment": "Top_hat",
    "from": [ 4, 4.5, 10.5 ],
    "to": [ 12, 8.5, 11 ],
    "faces": {
        "down":  { "uv": [ 4, 11, 12, 10.5 ], "texture": "#hat" },
        "up":    { "uv": [ 4, 10.5, 12, 11 ], "texture": "#hat" },
        "north": { "uv": [ 4, 7.5, 12, 11.5 ], "texture": "#hat" },
        "south": { "uv": [ 4, 7.5, 12, 11.5 ], "texture": "#hat" },
        "west":  { "uv": [ 10.5, 7.5, 11, 11.5 ], "texture": "#hat" },
        "east":  { "uv": [ 5, 7.5, 5.5, 11.5 ], "texture": "#hat" }
    }
},
{
    "__comment": "Top_hat",
    "from": [ 4, 4.5, 5 ],
    "to": [ 12, 8.5, 5.5 ],
    "faces": {
        "down":  { "uv": [ 4, 5.5, 12, 5 ], "texture": "#hat" },
        "up":    { "uv": [ 4, 5, 12, 5.5 ], "texture": "#hat" },
        "north": { "uv": [ 4, 7.5, 12, 11.5 ], "texture": "#hat" },
        "south": { "uv": [ 4, 7.5, 12, 11.5 ], "texture": "#hat" },
        "west":  { "uv": [ 5, 7.5, 5.5, 11.5 ], "texture": "#hat" },
        "east":  { "uv": [ 10.5, 7.5, 11, 11.5 ], "texture": "#hat" }
    }
},
{
    "__comment": "Top_hat",
    "from": [ 4, 8.5, 4.5 ],
    "to": [ 12, 13.5, 5 ],
    "faces": {
        "down":  { "uv": [ 4, 5, 12, 4.5 ], "texture": "#hat" },
        "up":    { "uv": [ 4, 4.5, 12, 5 ], "texture": "#hat" },
        "north": { "uv": [ 4, 2.5, 12, 7.5 ], "texture": "#hat" },
        "south": { "uv": [ 4, 2.5, 12, 7.5 ], "texture": "#hat" },
        "west":  { "uv": [ 4.5, 2.5, 5, 7.5 ], "texture": "#hat" },
        "east":  { "uv": [ 11, 2.5, 11.5, 7.5 ], "texture": "#hat" }
    }
},
{
    "__comment": "Ribbon",
    "from": [ 4, 4, 4.5 ],
    "to": [ 12, 4.5, 5 ],
    "faces": {
        "down":  { "uv": [ 4, 5, 12, 4.5 ], "texture": "#ribbon" },
        "up":    { "uv": [ 4, 4.5, 12, 5 ], "texture": "#ribbon" },
        "north": { "uv": [ 4, 11.5, 12, 12 ], "texture": "#ribbon" },
        "south": { "uv": [ 4, 11.5, 12, 12 ], "texture": "#ribbon" },
        "west":  { "uv": [ 4.5, 11.5, 5, 12 ], "texture": "#ribbon" },
        "east":  { "uv": [ 11, 11.5, 11.5, 12 ], "texture": "#ribbon" }
    }
},
{
    "__comment": "Top_hat",
    "from": [ 4, 3.5, 1 ],
    "to": [ 12, 4, 1.5 ],
    "faces": {
        "down":  { "uv": [ 4, 1.5, 12, 1 ], "texture": "#hat" },
        "up":    { "uv": [ 4, 1, 12, 1.5 ], "texture": "#hat" },
        "north": { "uv": [ 4, 12, 12, 12.5 ], "texture": "#hat" },
        "south": { "uv": [ 4, 12, 12, 12.5 ], "texture": "#hat" },
        "west":  { "uv": [ 1, 12, 1.5, 12.5 ], "texture": "#hat" },
        "east":  { "uv": [ 14.5, 12, 15, 12.5 ], "texture": "#hat" }
    }
},
{
    "__comment": "Top_hat",
    "from": [ 3.5, 2.5, 14.5 ],
    "to": [ 12.5, 3.5, 15 ],
    "faces": {
        "down":  { "uv": [ 3.5, 15, 12.5, 14.5 ], "texture": "#hat" },
        "up":    { "uv": [ 3.5, 14.5, 12.5, 15 ], "texture": "#hat" },
        "north": { "uv": [ 3.5, 12.5, 12.5, 13.5 ], "texture": "#hat" },
        "south": { "uv": [ 3.5, 12.5, 12.5, 13.5 ], "texture": "#hat" },
        "west":  { "uv": [ 14.5, 12.5, 15, 13.5 ], "texture": "#hat" },
        "east":  { "uv": [ 1, 12.5, 1.5, 13.5 ], "texture": "#hat" }
    }
},
{
    "__comment": "Top_hat",
    "from": [ 3.5, 3.5, 14 ],
    "to": [ 12.5, 4, 14.5 ],
    "faces": {
        "down":  { "uv": [ 3.5, 14.5, 12.5, 14 ], "texture": "#hat" },
        "up":    { "uv": [ 3.5, 14, 12.5, 14.5 ], "texture": "#hat" },
        "north": { "uv": [ 3.5, 12, 12.5, 12.5 ], "texture": "#hat" },
        "south": { "uv": [ 3.5, 12, 12.5, 12.5 ], "texture": "#hat" },
        "west":  { "uv": [ 14, 12, 14.5, 12.5 ], "texture": "#hat" },
        "east":  { "uv": [ 1.5, 12, 2, 12.5 ], "texture": "#hat" }
    }
},
{
    "__comment": "Top_hat",
    "from": [ 3.5, 11, 10 ],
    "to": [ 6.5, 13.5, 11 ],
    "faces": {
        "down":  { "uv": [ 3.5, 11, 6.5, 10 ], "texture": "#hat" },
        "up":    { "uv": [ 3.5, 10, 6.5, 11 ], "texture": "#hat" },
        "north": { "uv": [ 9.5, 2.5, 12.5, 5 ], "texture": "#hat" },
        "south": { "uv": [ 3.5, 2.5, 6.5, 5 ], "texture": "#hat" },
        "west":  { "uv": [ 10, 2.5, 11, 5 ], "texture": "#hat" },
        "east":  { "uv": [ 5, 2.5, 6, 5 ], "texture": "#hat" }
    }
},
{
    "__comment": "Ribbon",
    "from": [ 3.5, 4, 10 ],
    "to": [ 12.5, 4.5, 11 ],
    "faces": {
        "down":  { "uv": [ 3.5, 11, 12.5, 10 ], "texture": "#ribbon" },
        "up":    { "uv": [ 3.5, 10, 12.5, 11 ], "texture": "#ribbon" },
        "north": { "uv": [ 3.5, 11.5, 12.5, 12 ], "texture": "#ribbon" },
        "south": { "uv": [ 3.5, 11.5, 12.5, 12 ], "texture": "#ribbon" },
        "west":  { "uv": [ 10, 11.5, 11, 12 ], "texture": "#ribbon" },
        "east":  { "uv": [ 5, 11.5, 6, 12 ], "texture": "#ribbon" }
    }
},
{
    "__comment": "Top_hat",
    "from": [ 3.5, 8.5, 9.5 ],
    "to": [ 12.5, 11, 11 ],
    "faces": {
        "down":  { "uv": [ 3.5, 11, 12.5, 9.5 ], "texture": "#hat" },
        "up":    { "uv": [ 3.5, 9.5, 12.5, 11 ], "texture": "#hat" },
        "north": { "uv": [ 3.5, 5, 12.5, 7.5 ], "texture": "#hat" },
        "south": { "uv": [ 3.5, 5, 12.5, 7.5 ], "texture": "#hat" },
        "west":  { "uv": [ 9.5, 5, 11, 7.5 ], "texture": "#hat" },
        "east":  { "uv": [ 5, 5, 6.5, 7.5 ], "texture": "#hat" }
    }
},
{
    "__comment": "Top_hat",
    "from": [ 3.5, 6, 9 ],
    "to": [ 12.5, 8.5, 10.5 ],
    "faces": {
        "down":  { "uv": [ 3.5, 10.5, 12.5, 9 ], "texture": "#hat" },
        "up":    { "uv": [ 3.5, 9, 12.5, 10.5 ], "texture": "#hat" },
        "north": { "uv": [ 3.5, 7.5, 12.5, 10 ], "texture": "#hat" },
        "south": { "uv": [ 3.5, 7.5, 12.5, 10 ], "texture": "#hat" },
        "west":  { "uv": [ 9, 7.5, 10.5, 10 ], "texture": "#hat" },
        "east":  { "uv": [ 5.5, 7.5, 7, 10 ], "texture": "#hat" }
    }
},
{
    "__comment": "Top_hat",
    "from": [ 3.5, 4.5, 8.5 ],
    "to": [ 12.5, 6, 10.5 ],
    "faces": {
        "down":  { "uv": [ 3.5, 10.5, 12.5, 8.5 ], "texture": "#hat" },
        "up":    { "uv": [ 3.5, 8.5, 12.5, 10.5 ], "texture": "#hat" },
        "north": { "uv": [ 3.5, 10, 12.5, 11.5 ], "texture": "#hat" },
        "south": { "uv": [ 3.5, 10, 12.5, 11.5 ], "texture": "#hat" },
        "west":  { "uv": [ 8.5, 10, 10.5, 11.5 ], "texture": "#hat" },
        "east":  { "uv": [ 5.5, 10, 7.5, 11.5 ], "texture": "#hat" }
    }
},
{
    "__comment": "Top_hat",
    "from": [ 3.5, 6, 5.5 ],
    "to": [ 12.5, 8.5, 7 ],
    "faces": {
        "down":  { "uv": [ 3.5, 7, 12.5, 5.5 ], "texture": "#hat" },
        "up":    { "uv": [ 3.5, 5.5, 12.5, 7 ], "texture": "#hat" },
        "north": { "uv": [ 3.5, 7.5, 12.5, 10 ], "texture": "#hat" },
        "south": { "uv": [ 3.5, 7.5, 12.5, 10 ], "texture": "#hat" },
        "west":  { "uv": [ 5.5, 7.5, 7, 10 ], "texture": "#hat" },
        "east":  { "uv": [ 9, 7.5, 10.5, 10 ], "texture": "#hat" }
    }
},
{
    "__comment": "Top_hat",
    "from": [ 3.5, 4.5, 5.5 ],
    "to": [ 12.5, 6, 7.5 ],
    "faces": {
        "down":  { "uv": [ 3.5, 7.5, 12.5, 5.5 ], "texture": "#hat" },
        "up":    { "uv": [ 3.5, 5.5, 12.5, 7.5 ], "texture": "#hat" },
        "north": { "uv": [ 3.5, 10, 12.5, 11.5 ], "texture": "#hat" },
        "south": { "uv": [ 3.5, 10, 12.5, 11.5 ], "texture": "#hat" },
        "west":  { "uv": [ 5.5, 10, 7.5, 11.5 ], "texture": "#hat" },
        "east":  { "uv": [ 8.5, 10, 10.5, 11.5 ], "texture": "#hat" }
    }
},
{
    "__comment": "Top_hat",
    "from": [ 3.5, 11, 5 ],
    "to": [ 6.5, 13.5, 6 ],
    "faces": {
        "down":  { "uv": [ 3.5, 6, 6.5, 5 ], "texture": "#hat" },
        "up":    { "uv": [ 3.5, 5, 6.5, 6 ], "texture": "#hat" },
        "north": { "uv": [ 9.5, 2.5, 12.5, 5 ], "texture": "#hat" },
        "south": { "uv": [ 3.5, 2.5, 6.5, 5 ], "texture": "#hat" },
        "west":  { "uv": [ 5, 2.5, 6, 5 ], "texture": "#hat" },
        "east":  { "uv": [ 10, 2.5, 11, 5 ], "texture": "#hat" }
    }
},
{
    "__comment": "Top_hat",
    "from": [ 3.5, 8.5, 5 ],
    "to": [ 12.5, 11, 6.5 ],
    "faces": {
        "down":  { "uv": [ 3.5, 6.5, 12.5, 5 ], "texture": "#hat" },
        "up":    { "uv": [ 3.5, 5, 12.5, 6.5 ], "texture": "#hat" },
        "north": { "uv": [ 3.5, 5, 12.5, 7.5 ], "texture": "#hat" },
        "south": { "uv": [ 3.5, 5, 12.5, 7.5 ], "texture": "#hat" },
        "west":  { "uv": [ 5, 5, 6.5, 7.5 ], "texture": "#hat" },
        "east":  { "uv": [ 9.5, 5, 11, 7.5 ], "texture": "#hat" }
    }
},
{
    "__comment": "Ribbon",
    "from": [ 3.5, 4, 5 ],
    "to": [ 12.5, 4.5, 6 ],
    "faces": {
        "down":  { "uv": [ 3.5, 6, 12.5, 5 ], "texture": "#ribbon" },
        "up":    { "uv": [ 3.5, 5, 12.5, 6 ], "texture": "#ribbon" },
        "north": { "uv": [ 3.5, 11.5, 12.5, 12 ], "texture": "#ribbon" },
        "south": { "uv": [ 3.5, 11.5, 12.5, 12 ], "texture": "#ribbon" },
        "west":  { "uv": [ 5, 11.5, 6, 12 ], "texture": "#ribbon" },
        "east":  { "uv": [ 10, 11.5, 11, 12 ], "texture": "#ribbon" }
    }
},
{
    "__comment": "Top_hat",
    "from": [ 3.5, 3.5, 1.5 ],
    "to": [ 12.5, 4, 2 ],
    "faces": {
        "down":  { "uv": [ 3.5, 2, 12.5, 1.5 ], "texture": "#hat" },
        "up":    { "uv": [ 3.5, 1.5, 12.5, 2 ], "texture": "#hat" },
        "north": { "uv": [ 3.5, 12, 12.5, 12.5 ], "texture": "#hat" },
        "south": { "uv": [ 3.5, 12, 12.5, 12.5 ], "texture": "#hat" },
        "west":  { "uv": [ 1.5, 12, 2, 12.5 ], "texture": "#hat" },
        "east":  { "uv": [ 14, 12, 14.5, 12.5 ], "texture": "#hat" }
    }
},
{
    "__comment": "Top_hat",
    "from": [ 3.5, 2.5, 1 ],
    "to": [ 12.5, 3.5, 1.5 ],
    "faces": {
        "down":  { "uv": [ 3.5, 1.5, 12.5, 1 ], "texture": "#hat" },
        "up":    { "uv": [ 3.5, 1, 12.5, 1.5 ], "texture": "#hat" },
        "north": { "uv": [ 3.5, 12.5, 12.5, 13.5 ], "texture": "#hat" },
        "south": { "uv": [ 3.5, 12.5, 12.5, 13.5 ], "texture": "#hat" },
        "west":  { "uv": [ 1, 12.5, 1.5, 13.5 ], "texture": "#hat" },
        "east":  { "uv": [ 14.5, 12.5, 15, 13.5 ], "texture": "#hat" }
    }
},
{
    "__comment": "Top_hat",
    "from": [ 3, 2.5, 14 ],
    "to": [ 13, 3.5, 14.5 ],
    "faces": {
        "down":  { "uv": [ 3, 14.5, 13, 14 ], "texture": "#hat" },
        "up":    { "uv": [ 3, 14, 13, 14.5 ], "texture": "#hat" },
        "north": { "uv": [ 3, 12.5, 13, 13.5 ], "texture": "#hat" },
        "south": { "uv": [ 3, 12.5, 13, 13.5 ], "texture": "#hat" },
        "west":  { "uv": [ 14, 12.5, 14.5, 13.5 ], "texture": "#hat" },
        "east":  { "uv": [ 1.5, 12.5, 2, 13.5 ], "texture": "#hat" }
    }
},
{
    "__comment": "Top_hat",
    "from": [ 3, 3.5, 13.5 ],
    "to": [ 13, 4, 14 ],
    "faces": {
        "down":  { "uv": [ 3, 14, 13, 13.5 ], "texture": "#hat" },
        "up":    { "uv": [ 3, 13.5, 13, 14 ], "texture": "#hat" },
        "north": { "uv": [ 3, 12, 13, 12.5 ], "texture": "#hat" },
        "south": { "uv": [ 3, 12, 13, 12.5 ], "texture": "#hat" },
        "west":  { "uv": [ 13.5, 12, 14, 12.5 ], "texture": "#hat" },
        "east":  { "uv": [ 2, 12, 2.5, 12.5 ], "texture": "#hat" }
    }
},
{
    "__comment": "Top_hat",
    "from": [ 3, 12.5, 8.5 ],
    "to": [ 5.5, 13.5, 10 ],
    "faces": {
        "down":  { "uv": [ 3, 10, 5.5, 8.5 ], "texture": "#hat" },
        "up":    { "uv": [ 3, 8.5, 5.5, 10 ], "texture": "#hat" },
        "north": { "uv": [ 10.5, 2.5, 13, 3.5 ], "texture": "#hat" },
        "south": { "uv": [ 3, 2.5, 5.5, 3.5 ], "texture": "#hat" },
        "west":  { "uv": [ 8.5, 2.5, 10, 3.5 ], "texture": "#hat" },
        "east":  { "uv": [ 6, 2.5, 7.5, 3.5 ], "texture": "#hat" }
    }
},
{
    "__comment": "Ribbon",
    "from": [ 3, 4, 8.5 ],
    "to": [ 13, 4.5, 10 ],
    "faces": {
        "down":  { "uv": [ 3, 10, 13, 8.5 ], "texture": "#ribbon" },
        "up":    { "uv": [ 3, 8.5, 13, 10 ], "texture": "#ribbon" },
        "north": { "uv": [ 3, 11.5, 13, 12 ], "texture": "#ribbon" },
        "south": { "uv": [ 3, 11.5, 13, 12 ], "texture": "#ribbon" },
        "west":  { "uv": [ 8.5, 11.5, 10, 12 ], "texture": "#ribbon" },
        "east":  { "uv": [ 6, 11.5, 7.5, 12 ], "texture": "#ribbon" }
    }
},
{
    "__comment": "Top_hat",
    "from": [ 3, 4.5, 7.5 ],
    "to": [ 13, 6, 8.5 ],
    "faces": {
        "down":  { "uv": [ 3, 8.5, 13, 7.5 ], "texture": "#hat" },
        "up":    { "uv": [ 3, 7.5, 13, 8.5 ], "texture": "#hat" },
        "north": { "uv": [ 3, 10, 13, 11.5 ], "texture": "#hat" },
        "south": { "uv": [ 3, 10, 13, 11.5 ], "texture": "#hat" },
        "west":  { "uv": [ 7.5, 10, 8.5, 11.5 ], "texture": "#hat" },
        "east":  { "uv": [ 7.5, 10, 8.5, 11.5 ], "texture": "#hat" }
    }
},
{
    "__comment": "Top_hat",
    "from": [ 3, 6, 7 ],
    "to": [ 13, 8.5, 9 ],
    "faces": {
        "down":  { "uv": [ 3, 9, 13, 7 ], "texture": "#hat" },
        "up":    { "uv": [ 3, 7, 13, 9 ], "texture": "#hat" },
        "north": { "uv": [ 3, 7.5, 13, 10 ], "texture": "#hat" },
        "south": { "uv": [ 3, 7.5, 13, 10 ], "texture": "#hat" },
        "west":  { "uv": [ 7, 7.5, 9, 10 ], "texture": "#hat" },
        "east":  { "uv": [ 7, 7.5, 9, 10 ], "texture": "#hat" }
    }
},
{
    "__comment": "Top_hat",
    "from": [ 3, 8.5, 6.5 ],
    "to": [ 13, 11, 9.5 ],
    "faces": {
        "down":  { "uv": [ 3, 9.5, 13, 6.5 ], "texture": "#hat" },
        "up":    { "uv": [ 3, 6.5, 13, 9.5 ], "texture": "#hat" },
        "north": { "uv": [ 3, 5, 13, 7.5 ], "texture": "#hat" },
        "south": { "uv": [ 3, 5, 13, 7.5 ], "texture": "#hat" },
        "west":  { "uv": [ 6.5, 5, 9.5, 7.5 ], "texture": "#hat" },
        "east":  { "uv": [ 6.5, 5, 9.5, 7.5 ], "texture": "#hat" }
    }
},
{
    "__comment": "Top_hat",
    "from": [ 3, 12.5, 6 ],
    "to": [ 5.5, 13.5, 7.5 ],
    "faces": {
        "down":  { "uv": [ 3, 7.5, 5.5, 6 ], "texture": "#hat" },
        "up":    { "uv": [ 3, 6, 5.5, 7.5 ], "texture": "#hat" },
        "north": { "uv": [ 10.5, 2.5, 13, 3.5 ], "texture": "#hat" },
        "south": { "uv": [ 3, 2.5, 5.5, 3.5 ], "texture": "#hat" },
        "west":  { "uv": [ 6, 2.5, 7.5, 3.5 ], "texture": "#hat" },
        "east":  { "uv": [ 8.5, 2.5, 10, 3.5 ], "texture": "#hat" }
    }
},
{
    "__comment": "Top_hat",
    "from": [ 3, 11, 6 ],
    "to": [ 13, 12.5, 10 ],
    "faces": {
        "down":  { "uv": [ 3, 10, 13, 6 ], "texture": "#hat" },
        "up":    { "uv": [ 3, 6, 13, 10 ], "texture": "#hat" },
        "north": { "uv": [ 3, 3.5, 13, 5 ], "texture": "#hat" },
        "south": { "uv": [ 3, 3.5, 13, 5 ], "texture": "#hat" },
        "west":  { "uv": [ 6, 3.5, 10, 5 ], "texture": "#hat" },
        "east":  { "uv": [ 6, 3.5, 10, 5 ], "texture": "#hat" }
    }
},
{
    "__comment": "Ribbon",
    "from": [ 3, 4, 6 ],
    "to": [ 13, 4.5, 7.5 ],
    "faces": {
        "down":  { "uv": [ 3, 7.5, 13, 6 ], "texture": "#ribbon" },
        "up":    { "uv": [ 3, 6, 13, 7.5 ], "texture": "#ribbon" },
        "north": { "uv": [ 3, 11.5, 13, 12 ], "texture": "#ribbon" },
        "south": { "uv": [ 3, 11.5, 13, 12 ], "texture": "#ribbon" },
        "west":  { "uv": [ 6, 11.5, 7.5, 12 ], "texture": "#ribbon" },
        "east":  { "uv": [ 8.5, 11.5, 10, 12 ], "texture": "#ribbon" }
    }
},
{
    "__comment": "Top_hat",
    "from": [ 3, 3.5, 2 ],
    "to": [ 13, 4, 2.5 ],
    "faces": {
        "down":  { "uv": [ 3, 2.5, 13, 2 ], "texture": "#hat" },
        "up":    { "uv": [ 3, 2, 13, 2.5 ], "texture": "#hat" },
        "north": { "uv": [ 3, 12, 13, 12.5 ], "texture": "#hat" },
        "south": { "uv": [ 3, 12, 13, 12.5 ], "texture": "#hat" },
        "west":  { "uv": [ 2, 12, 2.5, 12.5 ], "texture": "#hat" },
        "east":  { "uv": [ 13.5, 12, 14, 12.5 ], "texture": "#hat" }
    }
},
{
    "__comment": "Top_hat",
    "from": [ 3, 2.5, 1.5 ],
    "to": [ 13, 3.5, 2 ],
    "faces": {
        "down":  { "uv": [ 3, 2, 13, 1.5 ], "texture": "#hat" },
        "up":    { "uv": [ 3, 1.5, 13, 2 ], "texture": "#hat" },
        "north": { "uv": [ 3, 12.5, 13, 13.5 ], "texture": "#hat" },
        "south": { "uv": [ 3, 12.5, 13, 13.5 ], "texture": "#hat" },
        "west":  { "uv": [ 1.5, 12.5, 2, 13.5 ], "texture": "#hat" },
        "east":  { "uv": [ 14, 12.5, 14.5, 13.5 ], "texture": "#hat" }
    }
},
{
    "__comment": "Top_hat",
    "from": [ 2.5, 2.5, 13.5 ],
    "to": [ 13.5, 3.5, 14 ],
    "faces": {
        "down":  { "uv": [ 2.5, 14, 13.5, 13.5 ], "texture": "#hat" },
        "up":    { "uv": [ 2.5, 13.5, 13.5, 14 ], "texture": "#hat" },
        "north": { "uv": [ 2.5, 12.5, 13.5, 13.5 ], "texture": "#hat" },
        "south": { "uv": [ 2.5, 12.5, 13.5, 13.5 ], "texture": "#hat" },
        "west":  { "uv": [ 13.5, 12.5, 14, 13.5 ], "texture": "#hat" },
        "east":  { "uv": [ 2, 12.5, 2.5, 13.5 ], "texture": "#hat" }
    }
},
{
    "__comment": "Top_hat",
    "from": [ 2.5, 3.5, 13 ],
    "to": [ 13.5, 4, 13.5 ],
    "faces": {
        "down":  { "uv": [ 2.5, 13.5, 13.5, 13 ], "texture": "#hat" },
        "up":    { "uv": [ 2.5, 13, 13.5, 13.5 ], "texture": "#hat" },
        "north": { "uv": [ 2.5, 12, 13.5, 12.5 ], "texture": "#hat" },
        "south": { "uv": [ 2.5, 12, 13.5, 12.5 ], "texture": "#hat" },
        "west":  { "uv": [ 13, 12, 13.5, 12.5 ], "texture": "#hat" },
        "east":  { "uv": [ 2.5, 12, 3, 12.5 ], "texture": "#hat" }
    }
},
{
    "__comment": "Top_hat",
    "from": [ 2.5, 12.5, 7.5 ],
    "to": [ 5.5, 13.5, 8.5 ],
    "faces": {
        "down":  { "uv": [ 2.5, 8.5, 5.5, 7.5 ], "texture": "#hat" },
        "up":    { "uv": [ 2.5, 7.5, 5.5, 8.5 ], "texture": "#hat" },
        "north": { "uv": [ 10.5, 2.5, 13.5, 3.5 ], "texture": "#hat" },
        "south": { "uv": [ 2.5, 2.5, 5.5, 3.5 ], "texture": "#hat" },
        "west":  { "uv": [ 7.5, 2.5, 8.5, 3.5 ], "texture": "#hat" },
        "east":  { "uv": [ 7.5, 2.5, 8.5, 3.5 ], "texture": "#hat" }
    }
},
{
    "__comment": "Ribbon",
    "from": [ 2.5, 4, 7.5 ],
    "to": [ 13.5, 4.5, 8.5 ],
    "faces": {
        "down":  { "uv": [ 2.5, 8.5, 13.5, 7.5 ], "texture": "#ribbon" },
        "up":    { "uv": [ 2.5, 7.5, 13.5, 8.5 ], "texture": "#ribbon" },
        "north": { "uv": [ 2.5, 11.5, 13.5, 12 ], "texture": "#ribbon" },
        "south": { "uv": [ 2.5, 11.5, 13.5, 12 ], "texture": "#ribbon" },
        "west":  { "uv": [ 7.5, 11.5, 8.5, 12 ], "texture": "#ribbon" },
        "east":  { "uv": [ 7.5, 11.5, 8.5, 12 ], "texture": "#ribbon" }
    }
},
{
    "__comment": "Top_hat",
    "from": [ 2.5, 3.5, 2.5 ],
    "to": [ 13.5, 4, 3 ],
    "faces": {
        "down":  { "uv": [ 2.5, 3, 13.5, 2.5 ], "texture": "#hat" },
        "up":    { "uv": [ 2.5, 2.5, 13.5, 3 ], "texture": "#hat" },
        "north": { "uv": [ 2.5, 12, 13.5, 12.5 ], "texture": "#hat" },
        "south": { "uv": [ 2.5, 12, 13.5, 12.5 ], "texture": "#hat" },
        "west":  { "uv": [ 2.5, 12, 3, 12.5 ], "texture": "#hat" },
        "east":  { "uv": [ 13, 12, 13.5, 12.5 ], "texture": "#hat" }
    }
},
{
    "__comment": "Top_hat",
    "from": [ 2.5, 2.5, 2 ],
    "to": [ 13.5, 3.5, 2.5 ],
    "faces": {
        "down":  { "uv": [ 2.5, 2.5, 13.5, 2 ], "texture": "#hat" },
        "up":    { "uv": [ 2.5, 2, 13.5, 2.5 ], "texture": "#hat" },
        "north": { "uv": [ 2.5, 12.5, 13.5, 13.5 ], "texture": "#hat" },
        "south": { "uv": [ 2.5, 12.5, 13.5, 13.5 ], "texture": "#hat" },
        "west":  { "uv": [ 2, 12.5, 2.5, 13.5 ], "texture": "#hat" },
        "east":  { "uv": [ 13.5, 12.5, 14, 13.5 ], "texture": "#hat" }
    }
},
{
    "__comment": "Top_hat",
    "from": [ 2, 2.5, 13 ],
    "to": [ 14, 3.5, 13.5 ],
    "faces": {
        "down":  { "uv": [ 2, 13.5, 14, 13 ], "texture": "#hat" },
        "up":    { "uv": [ 2, 13, 14, 13.5 ], "texture": "#hat" },
        "north": { "uv": [ 2, 12.5, 14, 13.5 ], "texture": "#hat" },
        "south": { "uv": [ 2, 12.5, 14, 13.5 ], "texture": "#hat" },
        "west":  { "uv": [ 13, 12.5, 13.5, 13.5 ], "texture": "#hat" },
        "east":  { "uv": [ 2.5, 12.5, 3, 13.5 ], "texture": "#hat" }
    }
},
{
    "__comment": "Top_hat",
    "from": [ 2, 3.5, 12.5 ],
    "to": [ 14, 4, 13 ],
    "faces": {
        "down":  { "uv": [ 2, 13, 14, 12.5 ], "texture": "#hat" },
        "up":    { "uv": [ 2, 12.5, 14, 13 ], "texture": "#hat" },
        "north": { "uv": [ 2, 12, 14, 12.5 ], "texture": "#hat" },
        "south": { "uv": [ 2, 12, 14, 12.5 ], "texture": "#hat" },
        "west":  { "uv": [ 12.5, 12, 13, 12.5 ], "texture": "#hat" },
        "east":  { "uv": [ 3, 12, 3.5, 12.5 ], "texture": "#hat" }
    }
},
{
    "__comment": "Top_hat",
    "from": [ 2, 3.5, 3 ],
    "to": [ 14, 4, 3.5 ],
    "faces": {
        "down":  { "uv": [ 2, 3.5, 14, 3 ], "texture": "#hat" },
        "up":    { "uv": [ 2, 3, 14, 3.5 ], "texture": "#hat" },
        "north": { "uv": [ 2, 12, 14, 12.5 ], "texture": "#hat" },
        "south": { "uv": [ 2, 12, 14, 12.5 ], "texture": "#hat" },
        "west":  { "uv": [ 3, 12, 3.5, 12.5 ], "texture": "#hat" },
        "east":  { "uv": [ 12.5, 12, 13, 12.5 ], "texture": "#hat" }
    }
},
{
    "__comment": "Top_hat",
    "from": [ 2, 2.5, 2.5 ],
    "to": [ 14, 3.5, 3 ],
    "faces": {
        "down":  { "uv": [ 2, 3, 14, 2.5 ], "texture": "#hat" },
        "up":    { "uv": [ 2, 2.5, 14, 3 ], "texture": "#hat" },
        "north": { "uv": [ 2, 12.5, 14, 13.5 ], "texture": "#hat" },
        "south": { "uv": [ 2, 12.5, 14, 13.5 ], "texture": "#hat" },
        "west":  { "uv": [ 2.5, 12.5, 3, 13.5 ], "texture": "#hat" },
        "east":  { "uv": [ 13, 12.5, 13.5, 13.5 ], "texture": "#hat" }
    }
},
{
    "__comment": "Top_hat",
    "from": [ 1.5, 2.5, 12.5 ],
    "to": [ 14.5, 3.5, 13 ],
    "faces": {
        "down":  { "uv": [ 1.5, 13, 14.5, 12.5 ], "texture": "#hat" },
        "up":    { "uv": [ 1.5, 12.5, 14.5, 13 ], "texture": "#hat" },
        "north": { "uv": [ 1.5, 12.5, 14.5, 13.5 ], "texture": "#hat" },
        "south": { "uv": [ 1.5, 12.5, 14.5, 13.5 ], "texture": "#hat" },
        "west":  { "uv": [ 12.5, 12.5, 13, 13.5 ], "texture": "#hat" },
        "east":  { "uv": [ 3, 12.5, 3.5, 13.5 ], "texture": "#hat" }
    }
},
{
    "__comment": "Top_hat",
    "from": [ 1.5, 3.5, 12 ],
    "to": [ 14.5, 4, 12.5 ],
    "faces": {
        "down":  { "uv": [ 1.5, 12.5, 14.5, 12 ], "texture": "#hat" },
        "up":    { "uv": [ 1.5, 12, 14.5, 12.5 ], "texture": "#hat" },
        "north": { "uv": [ 1.5, 12, 14.5, 12.5 ], "texture": "#hat" },
        "south": { "uv": [ 1.5, 12, 14.5, 12.5 ], "texture": "#hat" },
        "west":  { "uv": [ 12, 12, 12.5, 12.5 ], "texture": "#hat" },
        "east":  { "uv": [ 3.5, 12, 4, 12.5 ], "texture": "#hat" }
    }
},
{
    "__comment": "Top_hat",
    "from": [ 1.5, 3.5, 3.5 ],
    "to": [ 14.5, 4, 4 ],
    "faces": {
        "down":  { "uv": [ 1.5, 4, 14.5, 3.5 ], "texture": "#hat" },
        "up":    { "uv": [ 1.5, 3.5, 14.5, 4 ], "texture": "#hat" },
        "north": { "uv": [ 1.5, 12, 14.5, 12.5 ], "texture": "#hat" },
        "south": { "uv": [ 1.5, 12, 14.5, 12.5 ], "texture": "#hat" },
        "west":  { "uv": [ 3.5, 12, 4, 12.5 ], "texture": "#hat" },
        "east":  { "uv": [ 12, 12, 12.5, 12.5 ], "texture": "#hat" }
    }
},
{
    "__comment": "Top_hat",
    "from": [ 1.5, 2.5, 3 ],
    "to": [ 14.5, 3.5, 3.5 ],
    "faces": {
        "down":  { "uv": [ 1.5, 3.5, 14.5, 3 ], "texture": "#hat" },
        "up":    { "uv": [ 1.5, 3, 14.5, 3.5 ], "texture": "#hat" },
        "north": { "uv": [ 1.5, 12.5, 14.5, 13.5 ], "texture": "#hat" },
        "south": { "uv": [ 1.5, 12.5, 14.5, 13.5 ], "texture": "#hat" },
        "west":  { "uv": [ 3, 12.5, 3.5, 13.5 ], "texture": "#hat" },
        "east":  { "uv": [ 12.5, 12.5, 13, 13.5 ], "texture": "#hat" }
    }
},
{
    "__comment": "Top_hat",
    "from": [ 1, 2.5, 11.5 ],
    "to": [ 15, 3.5, 12.5 ],
    "faces": {
        "down":  { "uv": [ 1, 12.5, 15, 11.5 ], "texture": "#hat" },
        "up":    { "uv": [ 1, 11.5, 15, 12.5 ], "texture": "#hat" },
        "north": { "uv": [ 1, 12.5, 15, 13.5 ], "texture": "#hat" },
        "south": { "uv": [ 1, 12.5, 15, 13.5 ], "texture": "#hat" },
        "west":  { "uv": [ 11.5, 12.5, 12.5, 13.5 ], "texture": "#hat" },
        "east":  { "uv": [ 3.5, 12.5, 4.5, 13.5 ], "texture": "#hat" }
    }
},
{
    "__comment": "Top_hat",
    "from": [ 1, 3.5, 10 ],
    "to": [ 15, 4, 12 ],
    "faces": {
        "down":  { "uv": [ 1, 12, 15, 10 ], "texture": "#hat" },
        "up":    { "uv": [ 1, 10, 15, 12 ], "texture": "#hat" },
        "north": { "uv": [ 1, 12, 15, 12.5 ], "texture": "#hat" },
        "south": { "uv": [ 1, 12, 15, 12.5 ], "texture": "#hat" },
        "west":  { "uv": [ 10, 12, 12, 12.5 ], "texture": "#hat" },
        "east":  { "uv": [ 4, 12, 6, 12.5 ], "texture": "#hat" }
    }
},
{
    "__comment": "Top_hat",
    "from": [ 1, 3.5, 4 ],
    "to": [ 15, 4, 6 ],
    "faces": {
        "down":  { "uv": [ 1, 6, 15, 4 ], "texture": "#hat" },
        "up":    { "uv": [ 1, 4, 15, 6 ], "texture": "#hat" },
        "north": { "uv": [ 1, 12, 15, 12.5 ], "texture": "#hat" },
        "south": { "uv": [ 1, 12, 15, 12.5 ], "texture": "#hat" },
        "west":  { "uv": [ 4, 12, 6, 12.5 ], "texture": "#hat" },
        "east":  { "uv": [ 10, 12, 12, 12.5 ], "texture": "#hat" }
    }
},
{
    "__comment": "Top_hat",
    "from": [ 1, 2.5, 3.5 ],
    "to": [ 15, 3.5, 4.5 ],
    "faces": {
        "down":  { "uv": [ 1, 4.5, 15, 3.5 ], "texture": "#hat" },
        "up":    { "uv": [ 1, 3.5, 15, 4.5 ], "texture": "#hat" },
        "north": { "uv": [ 1, 12.5, 15, 13.5 ], "texture": "#hat" },
        "south": { "uv": [ 1, 12.5, 15, 13.5 ], "texture": "#hat" },
        "west":  { "uv": [ 3.5, 12.5, 4.5, 13.5 ], "texture": "#hat" },
        "east":  { "uv": [ 11.5, 12.5, 12.5, 13.5 ], "texture": "#hat" }
    }
},
{
    "__comment": "Top_hat",
    "from": [ 0.5, 2.5, 10 ],
    "to": [ 5.5, 3.5, 11.5 ],
    "faces": {
        "down":  { "uv": [ 0.5, 11.5, 5.5, 10 ], "texture": "#hat" },
        "up":    { "uv": [ 0.5, 10, 5.5, 11.5 ], "texture": "#hat" },
        "north": { "uv": [ 10.5, 12.5, 15.5, 13.5 ], "texture": "#hat" },
        "south": { "uv": [ 0.5, 12.5, 5.5, 13.5 ], "texture": "#hat" },
        "west":  { "uv": [ 10, 12.5, 11.5, 13.5 ], "texture": "#hat" },
        "east":  { "uv": [ 4.5, 12.5, 6, 13.5 ], "texture": "#hat" }
    }
},
{
    "__comment": "Top_hat",
    "from": [ 0.5, 3.5, 6 ],
    "to": [ 15.5, 4, 10 ],
    "faces": {
        "down":  { "uv": [ 0.5, 10, 15.5, 6 ], "texture": "#hat" },
        "up":    { "uv": [ 0.5, 6, 15.5, 10 ], "texture": "#hat" },
        "north": { "uv": [ 0.5, 12, 15.5, 12.5 ], "texture": "#hat" },
        "south": { "uv": [ 0.5, 12, 15.5, 12.5 ], "texture": "#hat" },
        "west":  { "uv": [ 6, 12, 10, 12.5 ], "texture": "#hat" },
        "east":  { "uv": [ 6, 12, 10, 12.5 ], "texture": "#hat" }
    }
},
{
    "__comment": "Top_hat",
    "from": [ 0.5, 2.5, 4.5 ],
    "to": [ 5.5, 3.5, 6 ],
    "faces": {
        "down":  { "uv": [ 0.5, 6, 5.5, 4.5 ], "texture": "#hat" },
        "up":    { "uv": [ 0.5, 4.5, 5.5, 6 ], "texture": "#hat" },
        "north": { "uv": [ 10.5, 12.5, 15.5, 13.5 ], "texture": "#hat" },
        "south": { "uv": [ 0.5, 12.5, 5.5, 13.5 ], "texture": "#hat" },
        "west":  { "uv": [ 4.5, 12.5, 6, 13.5 ], "texture": "#hat" },
        "east":  { "uv": [ 10, 12.5, 11.5, 13.5 ], "texture": "#hat" }
    }
},
{
    "__comment": "Top_hat",
    "from": [ 0, 2.5, 6 ],
    "to": [ 4.5, 3.5, 10 ],
    "faces": {
        "down":  { "uv": [ 0, 10, 4.5, 6 ], "texture": "#hat" },
        "up":    { "uv": [ 0, 6, 4.5, 10 ], "texture": "#hat" },
        "north": { "uv": [ 11.5, 12.5, 16, 13.5 ], "texture": "#hat" },
        "south": { "uv": [ 0, 12.5, 4.5, 13.5 ], "texture": "#hat" },
        "west":  { "uv": [ 6, 12.5, 10, 13.5 ], "texture": "#hat" },
        "east":  { "uv": [ 6, 12.5, 10, 13.5 ], "texture": "#hat" }
    }
}
],
"display": {
    "thirdperson": {
        "rotation": [ -90, 90, 8 ],
        "translation": [ 0.2, 1.1, -3.1 ],
        "scale": [ 0.5, 0.5, 0.5 ]
    },
    "head": {
        "rotation": [ 0, -90, 0 ],
        "translation": [ 0, 13.7, 0.7 ],
        "scale": [ 1.5, 1.5, 1.5 ]
    },
    "firstperson": {
        "rotation": [ 0, 0, 0 ],
        "translation": [ 3.3, 2.4, -2.2 ],
        "scale": [ 2, 2, 2 ]
    },
    "gui": {
        "rotation": [ 0, 178, 0 ],
        "translation": [ -0.1, 0.8, 0 ],
        "scale": [ 1, 1, 1 ]
    }
}
}