{
"__comment": "Wizard Hat",
"__comment": "Not to be reused. Created for the Buffalo Wizard Servers",
"textures": {
    "texture": "block/hats/hats_wizard1"
},
"elements": [ 
{
    "__comment": "Hat",
    "from": [ 15.5, 8.5, 8 ],
    "to": [ 16, 9, 8.5 ],
    "faces": {
        "down":  { "uv": [ 15.5, 8.5, 16, 8 ], "texture": "#texture" },
        "north": { "uv": [ 0, 7, 0.5, 7.5 ], "texture": "#texture" },
        "south": { "uv": [ 15.5, 7, 16, 7.5 ], "texture": "#texture" },
        "west":  { "uv": [ 8, 7, 8.5, 7.5 ], "texture": "#texture" },
        "east":  { "uv": [ 7.5, 7, 8, 7.5 ], "texture": "#texture" }
    }
},
{
    "__comment": "Hat",
    "from": [ 15, 9.5, 7.5 ],
    "to": [ 15.5, 10, 8 ],
    "faces": {
        "north": { "uv": [ 0.5, 6, 1, 6.5 ], "texture": "#texture" },
        "west":  { "uv": [ 7.5, 6, 8, 6.5 ], "texture": "#texture" },
        "east":  { "uv": [ 8, 6, 8.5, 6.5 ], "texture": "#texture" }
    }
},
{
    "__comment": "Hat",
    "from": [ 15, 9, 7.5 ],
    "to": [ 16, 9.5, 8.5 ],
    "faces": {
        "down":  { "uv": [ 15, 8.5, 16, 7.5 ], "texture": "#texture" },
        "up":    { "uv": [ 15, 7.5, 16, 8.5 ], "texture": "#texture" },
        "north": { "uv": [ 0, 6.5, 1, 7 ], "texture": "#texture" },
        "south": { "uv": [ 15, 6.5, 16, 7 ], "texture": "#texture" },
        "west":  { "uv": [ 7.5, 6.5, 8.5, 7 ], "texture": "#texture" },
        "east":  { "uv": [ 7.5, 6.5, 8.5, 7 ], "texture": "#texture" }
    }
},
{
    "__comment": "Hat",
    "from": [ 14.5, 9.5, 8 ],
    "to": [ 16, 10, 8.5 ],
    "faces": {
        "down":  { "uv": [ 14.5, 8.5, 16, 8 ], "texture": "#texture" },
        "up":    { "uv": [ 14.5, 8, 16, 8.5 ], "texture": "#texture" },
        "north": { "uv": [ 0, 6, 1.5, 6.5 ], "texture": "#texture" },
        "south": { "uv": [ 14.5, 6, 16, 6.5 ], "texture": "#texture" },
        "west":  { "uv": [ 8, 6, 8.5, 6.5 ], "texture": "#texture" },
        "east":  { "uv": [ 7.5, 6, 8, 6.5 ], "texture": "#texture" }
    }
},
{
    "__comment": "Hat",
    "from": [ 14, 10.5, 7.5 ],
    "to": [ 15.5, 11, 8.5 ],
    "faces": {
        "down":  { "uv": [ 14, 8.5, 15.5, 7.5 ], "texture": "#texture" },
        "up":    { "uv": [ 14, 7.5, 15.5, 8.5 ], "texture": "#texture" },
        "north": { "uv": [ 0.5, 5, 2, 5.5 ], "texture": "#texture" },
        "south": { "uv": [ 14, 5, 15.5, 5.5 ], "texture": "#texture" },
        "east":  { "uv": [ 7.5, 5, 8.5, 5.5 ], "texture": "#texture" }
    }
},
{
    "__comment": "Hat",
    "from": [ 13.5, 10, 7.5 ],
    "to": [ 15.5, 10.5, 8 ],
    "faces": {
        "down":  { "uv": [ 13.5, 8, 15.5, 7.5 ], "texture": "#texture" },
        "up":    { "uv": [ 13.5, 7.5, 15.5, 8 ], "texture": "#texture" },
        "north": { "uv": [ 0.5, 5.5, 2.5, 6 ], "texture": "#texture" },
        "west":  { "uv": [ 7.5, 5.5, 8, 6 ], "texture": "#texture" },
        "east":  { "uv": [ 8, 5.5, 8.5, 6 ], "texture": "#texture" }
    }
},
{
    "__comment": "Hat",
    "from": [ 13, 10, 8 ],
    "to": [ 15.5, 10.5, 8.5 ],
    "faces": {
        "down":  { "uv": [ 13, 8.5, 15.5, 8 ], "texture": "#texture" },
        "up":    { "uv": [ 13, 8, 15.5, 8.5 ], "texture": "#texture" },
        "north": { "uv": [ 0.5, 5.5, 3, 6 ], "texture": "#texture" },
        "south": { "uv": [ 13, 5.5, 15.5, 6 ], "texture": "#texture" },
        "east":  { "uv": [ 7.5, 5.5, 8, 6 ], "texture": "#texture" }
    }
},
{
    "__comment": "Hat",
    "from": [ 12, 10, 7.5 ],
    "to": [ 13, 10.5, 8.5 ],
    "faces": {
        "down":  { "uv": [ 12, 8.5, 13, 7.5 ], "texture": "#texture" },
        "north": { "uv": [ 3, 5.5, 4, 6 ], "texture": "#texture" },
        "south": { "uv": [ 12, 5.5, 13, 6 ], "texture": "#texture" },
        "east":  { "uv": [ 7.5, 5.5, 8.5, 6 ], "texture": "#texture" }
    }
},
{
    "__comment": "Hat",
    "from": [ 12, 3.5, 6.5 ],
    "to": [ 12.5, 4, 9.5 ],
    "faces": {
        "down":  { "uv": [ 12, 9.5, 12.5, 6.5 ], "texture": "#texture" },
        "north": { "uv": [ 3.5, 12, 4, 12.5 ], "texture": "#texture" },
        "south": { "uv": [ 12, 12, 12.5, 12.5 ], "texture": "#texture" },
        "east":  { "uv": [ 6.5, 12, 9.5, 12.5 ], "texture": "#texture" }
    }
},
{
    "__comment": "Hat",
    "from": [ 11.5, 4.5, 10.5 ],
    "to": [ 12, 5, 11 ],
    "faces": {
        "up":    { "uv": [ 11.5, 10.5, 12, 11 ], "texture": "#texture" },
        "south": { "uv": [ 11.5, 11, 12, 11.5 ], "texture": "#texture" },
        "east":  { "uv": [ 5, 11, 5.5, 11.5 ], "texture": "#texture" }
    }
},
{
    "__comment": "Hat",
    "from": [ 11.5, 3.5, 10.5 ],
    "to": [ 12, 4, 11 ],
    "faces": {
        "down":  { "uv": [ 11.5, 11, 12, 10.5 ], "texture": "#texture" },
        "south": { "uv": [ 11.5, 12, 12, 12.5 ], "texture": "#texture" },
        "east":  { "uv": [ 5, 12, 5.5, 12.5 ], "texture": "#texture" }
    }
},
{
    "__comment": "Hat",
    "from": [ 11.5, 3.5, 5 ],
    "to": [ 12, 4, 5.5 ],
    "faces": {
        "down":  { "uv": [ 11.5, 5.5, 12, 5 ], "texture": "#texture" },
        "north": { "uv": [ 4, 12, 4.5, 12.5 ], "texture": "#texture" },
        "east":  { "uv": [ 10.5, 12, 11, 12.5 ], "texture": "#texture" }
    }
},
{
    "__comment": "Hat",
    "from": [ 11, 5, 7.5 ],
    "to": [ 11.5, 5.5, 8.5 ],
    "faces": {
        "up":    { "uv": [ 11, 7.5, 11.5, 8.5 ], "texture": "#texture" },
        "north": { "uv": [ 4.5, 10.5, 5, 11 ], "texture": "#texture" },
        "south": { "uv": [ 11, 10.5, 11.5, 11 ], "texture": "#texture" },
        "east":  { "uv": [ 7.5, 10.5, 8.5, 11 ], "texture": "#texture" }
    }
},
{
    "__comment": "Hat",
    "from": [ 11, 3.5, 6 ],
    "to": [ 12, 4, 10 ],
    "faces": {
        "down":  { "uv": [ 11, 10, 12, 6 ], "texture": "#texture" },
        "up":    { "uv": [ 11, 6, 12, 10 ], "texture": "#texture" },
        "west":  { "uv": [ 6, 12, 10, 12.5 ], "texture": "#texture" },
        "east":  { "uv": [ 6, 12, 10, 12.5 ], "texture": "#texture" }
    }
},
{
    "__comment": "Hat",
    "from": [ 10.5, 3.5, 10 ],
    "to": [ 12, 4, 10.5 ],
    "faces": {
        "down":  { "uv": [ 10.5, 10.5, 12, 10 ], "texture": "#texture" },
        "north": { "uv": [ 4, 12, 5.5, 12.5 ], "texture": "#texture" },
        "south": { "uv": [ 10.5, 12, 12, 12.5 ], "texture": "#texture" },
        "west":  { "uv": [ 10, 12, 10.5, 12.5 ], "texture": "#texture" },
        "east":  { "uv": [ 5.5, 12, 6, 12.5 ], "texture": "#texture" }
    }
},
{
    "__comment": "Hat",
    "from": [ 10.5, 9, 7.5 ],
    "to": [ 11, 9.5, 8.5 ],
    "faces": {
        "down":  { "uv": [ 10.5, 8.5, 11, 7.5 ], "texture": "#texture" },
        "north": { "uv": [ 5, 6.5, 5.5, 7 ], "texture": "#texture" },
        "south": { "uv": [ 10.5, 6.5, 11, 7 ], "texture": "#texture" },
        "east":  { "uv": [ 7.5, 6.5, 8.5, 7 ], "texture": "#texture" }
    }
},
{
    "__comment": "Hat",
    "from": [ 10.5, 5.5, 7.5 ],
    "to": [ 11, 6, 8.5 ],
    "faces": {
        "up":    { "uv": [ 10.5, 7.5, 11, 8.5 ], "texture": "#texture" },
        "north": { "uv": [ 5, 10, 5.5, 10.5 ], "texture": "#texture" },
        "south": { "uv": [ 10.5, 10, 11, 10.5 ], "texture": "#texture" },
        "east":  { "uv": [ 7.5, 10, 8.5, 10.5 ], "texture": "#texture" }
    }
},
{
    "__comment": "Hat",
    "from": [ 10.5, 9.5, 7 ],
    "to": [ 11, 10, 9 ],
    "faces": {
        "down":  { "uv": [ 10.5, 9, 11, 7 ], "texture": "#texture" },
        "north": { "uv": [ 5, 6, 5.5, 6.5 ], "texture": "#texture" },
        "south": { "uv": [ 10.5, 6, 11, 6.5 ], "texture": "#texture" },
        "east":  { "uv": [ 7, 6, 9, 6.5 ], "texture": "#texture" }
    }
},
{
    "__comment": "Hat",
    "from": [ 10.5, 3.5, 5.5 ],
    "to": [ 12, 4, 6 ],
    "faces": {
        "down":  { "uv": [ 10.5, 6, 12, 5.5 ], "texture": "#texture" },
        "north": { "uv": [ 4, 12, 5.5, 12.5 ], "texture": "#texture" },
        "south": { "uv": [ 10.5, 12, 12, 12.5 ], "texture": "#texture" },
        "west":  { "uv": [ 5.5, 12, 6, 12.5 ], "texture": "#texture" },
        "east":  { "uv": [ 10, 12, 10.5, 12.5 ], "texture": "#texture" }
    }
},
{
    "__comment": "Hat",
    "from": [ 10.5, 4.5, 5 ],
    "to": [ 12, 5, 5.5 ],
    "faces": {
        "up":    { "uv": [ 10.5, 5, 12, 5.5 ], "texture": "#texture" },
        "north": { "uv": [ 4, 11, 5.5, 11.5 ], "texture": "#texture" },
        "east":  { "uv": [ 10.5, 11, 11, 11.5 ], "texture": "#texture" }
    }
},
{
    "__comment": "Hat",
    "from": [ 10, 5, 10.5 ],
    "to": [ 10.5, 5.5, 11 ],
    "faces": {
        "up":    { "uv": [ 10, 10.5, 10.5, 11 ], "texture": "#texture" },
        "south": { "uv": [ 10, 10.5, 10.5, 11 ], "texture": "#texture" },
        "east":  { "uv": [ 5, 10.5, 5.5, 11 ], "texture": "#texture" }
    }
},
{
    "__comment": "Hat",
    "from": [ 10, 4.5, 10.5 ],
    "to": [ 11.5, 5, 11.5 ],
    "faces": {
        "down":  { "uv": [ 10, 11.5, 11.5, 10.5 ], "texture": "#texture" },
        "up":    { "uv": [ 10, 10.5, 11.5, 11.5 ], "texture": "#texture" },
        "east":  { "uv": [ 4.5, 11, 5.5, 11.5 ], "texture": "#texture" }
    }
},
{
    "__comment": "Hat",
    "from": [ 10, 3.5, 10.5 ],
    "to": [ 11.5, 4, 11.5 ],
    "faces": {
        "down":  { "uv": [ 10, 11.5, 11.5, 10.5 ], "texture": "#texture" },
        "up":    { "uv": [ 10, 10.5, 11.5, 11.5 ], "texture": "#texture" },
        "north": { "uv": [ 4.5, 12, 6, 12.5 ], "texture": "#texture" },
        "west":  { "uv": [ 10.5, 12, 11.5, 12.5 ], "texture": "#texture" },
        "east":  { "uv": [ 4.5, 12, 5.5, 12.5 ], "texture": "#texture" }
    }
},
{
    "__comment": "Hat",
    "from": [ 10, 5.5, 9.5 ],
    "to": [ 10.5, 6, 10 ],
    "faces": {
        "south": { "uv": [ 10, 10, 10.5, 10.5 ], "texture": "#texture" },
        "east":  { "uv": [ 6, 10, 6.5, 10.5 ], "texture": "#texture" }
    }
},
{
    "__comment": "Hat",
    "from": [ 10, 9.5, 9 ],
    "to": [ 10.5, 10, 9.5 ],
    "faces": {
        "south": { "uv": [ 10, 6, 10.5, 6.5 ], "texture": "#texture" },
        "east":  { "uv": [ 6.5, 6, 7, 6.5 ], "texture": "#texture" }
    }
},
{
    "__comment": "Hat",
    "from": [ 10, 6, 9 ],
    "to": [ 10.5, 6.5, 10 ],
    "faces": {
        "down":  { "uv": [ 10, 10, 10.5, 9 ], "texture": "#texture" },
        "up":    { "uv": [ 10, 9, 10.5, 10 ], "texture": "#texture" },
        "south": { "uv": [ 10, 9.5, 10.5, 10 ], "texture": "#texture" },
        "east":  { "uv": [ 6, 9.5, 7, 10 ], "texture": "#texture" }
    }
},
{
    "__comment": "Hat",
    "from": [ 10, 7, 7.5 ],
    "to": [ 10.5, 7.5, 8.5 ],
    "faces": {
        "up":    { "uv": [ 10, 7.5, 10.5, 8.5 ], "texture": "#texture" },
        "north": { "uv": [ 5.5, 8.5, 6, 9 ], "texture": "#texture" },
        "south": { "uv": [ 10, 8.5, 10.5, 9 ], "texture": "#texture" },
        "east":  { "uv": [ 7.5, 8.5, 8.5, 9 ], "texture": "#texture" }
    }
},
{
    "__comment": "Hat",
    "from": [ 10, 8.5, 7 ],
    "to": [ 10.5, 9, 9 ],
    "faces": {
        "down":  { "uv": [ 10, 9, 10.5, 7 ], "texture": "#texture" },
        "north": { "uv": [ 5.5, 7, 6, 7.5 ], "texture": "#texture" },
        "south": { "uv": [ 10, 7, 10.5, 7.5 ], "texture": "#texture" },
        "east":  { "uv": [ 7, 7, 9, 7.5 ], "texture": "#texture" }
    }
},
{
    "__comment": "Hat",
    "from": [ 10, 4, 6.5 ],
    "to": [ 12.5, 4.5, 9.5 ],
    "faces": {
        "down":  { "uv": [ 10, 9.5, 12.5, 6.5 ], "texture": "#texture" },
        "up":    { "uv": [ 10, 6.5, 12.5, 9.5 ], "texture": "#texture" },
        "north": { "uv": [ 3.5, 11.5, 6, 12 ], "texture": "#texture" },
        "south": { "uv": [ 10, 11.5, 12.5, 12 ], "texture": "#texture" },
        "west":  { "uv": [ 6.5, 11.5, 9.5, 12 ], "texture": "#texture" },
        "east":  { "uv": [ 6.5, 11.5, 9.5, 12 ], "texture": "#texture" }
    }
},
{
    "__comment": "Hat",
    "from": [ 10, 5.5, 6 ],
    "to": [ 10.5, 6.5, 6.5 ],
    "faces": {
        "up":    { "uv": [ 10, 6, 10.5, 6.5 ], "texture": "#texture" },
        "north": { "uv": [ 5.5, 9.5, 6, 10.5 ], "texture": "#texture" },
        "south": { "uv": [ 10, 9.5, 10.5, 10.5 ], "texture": "#texture" },
        "east":  { "uv": [ 9.5, 9.5, 10, 10.5 ], "texture": "#texture" }
    }
},
{
    "__comment": "Hat",
    "from": [ 10, 3.5, 4.5 ],
    "to": [ 11.5, 4, 5.5 ],
    "faces": {
        "down":  { "uv": [ 10, 5.5, 11.5, 4.5 ], "texture": "#texture" },
        "up":    { "uv": [ 10, 4.5, 11.5, 5.5 ], "texture": "#texture" },
        "south": { "uv": [ 10, 12, 11.5, 12.5 ], "texture": "#texture" },
        "west":  { "uv": [ 4.5, 12, 5.5, 12.5 ], "texture": "#texture" },
        "east":  { "uv": [ 10.5, 12, 11.5, 12.5 ], "texture": "#texture" }
    }
},
{
    "__comment": "Hat",
    "from": [ 9.5, 4, 9.5 ],
    "to": [ 12, 4.5, 10 ],
    "faces": {
        "down":  { "uv": [ 9.5, 10, 12, 9.5 ], "texture": "#texture" },
        "north": { "uv": [ 4, 11.5, 6.5, 12 ], "texture": "#texture" },
        "west":  { "uv": [ 9.5, 11.5, 10, 12 ], "texture": "#texture" },
        "east":  { "uv": [ 6, 11.5, 6.5, 12 ], "texture": "#texture" }
    }
},
{
    "__comment": "Hat",
    "from": [ 9.5, 11.5, 9 ],
    "to": [ 10, 12, 9.5 ],
    "faces": {
        "up":    { "uv": [ 9.5, 9, 10, 9.5 ], "texture": "#texture" },
        "south": { "uv": [ 9.5, 4, 10, 4.5 ], "texture": "#texture" },
        "west":  { "uv": [ 9, 4, 9.5, 4.5 ], "texture": "#texture" },
        "east":  { "uv": [ 6.5, 4, 7, 4.5 ], "texture": "#texture" }
    }
},
{
    "__comment": "Hat",
    "from": [ 9.5, 7.5, 8.5 ],
    "to": [ 10, 8, 9.5 ],
    "faces": {
        "south": { "uv": [ 9.5, 8, 10, 8.5 ], "texture": "#texture" },
        "east":  { "uv": [ 6.5, 8, 7.5, 8.5 ], "texture": "#texture" }
    }
},
{
    "__comment": "Hat",
    "from": [ 9.5, 11.5, 6.5 ],
    "to": [ 10, 12, 7 ],
    "faces": {
        "up":    { "uv": [ 9.5, 6.5, 10, 7 ], "texture": "#texture" },
        "north": { "uv": [ 6, 4, 6.5, 4.5 ], "texture": "#texture" },
        "west":  { "uv": [ 6.5, 4, 7, 4.5 ], "texture": "#texture" },
        "east":  { "uv": [ 9, 4, 9.5, 4.5 ], "texture": "#texture" }
    }
},
{
    "__comment": "Hat",
    "from": [ 9.5, 7.5, 6.5 ],
    "to": [ 10, 8, 7.5 ],
    "faces": {
        "north": { "uv": [ 6, 8, 6.5, 8.5 ], "texture": "#texture" },
        "east":  { "uv": [ 8.5, 8, 9.5, 8.5 ], "texture": "#texture" }
    }
},
{
    "__comment": "Hat",
    "from": [ 9.5, 4, 6 ],
    "to": [ 12, 4.5, 6.5 ],
    "faces": {
        "down":  { "uv": [ 9.5, 6.5, 12, 6 ], "texture": "#texture" },
        "south": { "uv": [ 9.5, 11.5, 12, 12 ], "texture": "#texture" },
        "west":  { "uv": [ 6, 11.5, 6.5, 12 ], "texture": "#texture" },
        "east":  { "uv": [ 9.5, 11.5, 10, 12 ], "texture": "#texture" }
    }
},
{
    "__comment": "Hat",
    "from": [ 9.5, 5, 4.5 ],
    "to": [ 10, 5.5, 5 ],
    "faces": {
        "up":    { "uv": [ 9.5, 4.5, 10, 5 ], "texture": "#texture" },
        "north": { "uv": [ 6, 10.5, 6.5, 11 ], "texture": "#texture" },
        "east":  { "uv": [ 11, 10.5, 11.5, 11 ], "texture": "#texture" }
    }
},
{
    "__comment": "Hat",
    "from": [ 9, 3.5, 11.5 ],
    "to": [ 11.5, 4, 12 ],
    "faces": {
        "down":  { "uv": [ 9, 12, 11.5, 11.5 ], "texture": "#texture" },
        "north": { "uv": [ 4.5, 12, 7, 12.5 ], "texture": "#texture" },
        "south": { "uv": [ 9, 12, 11.5, 12.5 ], "texture": "#texture" },
        "west":  { "uv": [ 11.5, 12, 12, 12.5 ], "texture": "#texture" },
        "east":  { "uv": [ 4, 12, 4.5, 12.5 ], "texture": "#texture" }
    }
},
{
    "__comment": "Hat",
    "from": [ 9, 4, 10 ],
    "to": [ 12, 4.5, 10.5 ],
    "faces": {
        "down":  { "uv": [ 9, 10.5, 12, 10 ], "texture": "#texture" },
        "north": { "uv": [ 4, 11.5, 7, 12 ], "texture": "#texture" },
        "west":  { "uv": [ 10, 11.5, 10.5, 12 ], "texture": "#texture" },
        "east":  { "uv": [ 5.5, 11.5, 6, 12 ], "texture": "#texture" }
    }
},
{
    "__comment": "Hat",
    "from": [ 9, 12, 7.5 ],
    "to": [ 13.5, 12.5, 8.5 ],
    "faces": {
        "up":    { "uv": [ 9, 7.5, 13.5, 8.5 ], "texture": "#texture" },
        "north": { "uv": [ 2.5, 3.5, 7, 4 ], "texture": "#texture" },
        "south": { "uv": [ 9, 3.5, 13.5, 4 ], "texture": "#texture" },
        "west":  { "uv": [ 7.5, 3.5, 8.5, 4 ], "texture": "#texture" },
        "east":  { "uv": [ 7.5, 3.5, 8.5, 4 ], "texture": "#texture" }
    }
},
{
    "__comment": "Hat",
    "from": [ 9, 4, 5.5 ],
    "to": [ 12, 4.5, 6 ],
    "faces": {
        "down":  { "uv": [ 9, 6, 12, 5.5 ], "texture": "#texture" },
        "south": { "uv": [ 9, 11.5, 12, 12 ], "texture": "#texture" },
        "west":  { "uv": [ 5.5, 11.5, 6, 12 ], "texture": "#texture" },
        "east":  { "uv": [ 10, 11.5, 10.5, 12 ], "texture": "#texture" }
    }
},
{
    "__comment": "Hat",
    "from": [ 9, 3.5, 4 ],
    "to": [ 11.5, 4, 4.5 ],
    "faces": {
        "down":  { "uv": [ 9, 4.5, 11.5, 4 ], "texture": "#texture" },
        "north": { "uv": [ 4.5, 12, 7, 12.5 ], "texture": "#texture" },
        "south": { "uv": [ 9, 12, 11.5, 12.5 ], "texture": "#texture" },
        "west":  { "uv": [ 4, 12, 4.5, 12.5 ], "texture": "#texture" },
        "east":  { "uv": [ 11.5, 12, 12, 12.5 ], "texture": "#texture" }
    }
},
{
    "__comment": "Hat",
    "from": [ 8.5, 3.5, 12 ],
    "to": [ 11, 4, 12.5 ],
    "faces": {
        "down":  { "uv": [ 8.5, 12.5, 11, 12 ], "texture": "#texture" },
        "north": { "uv": [ 5, 12, 7.5, 12.5 ], "texture": "#texture" },
        "south": { "uv": [ 8.5, 12, 11, 12.5 ], "texture": "#texture" },
        "west":  { "uv": [ 12, 12, 12.5, 12.5 ], "texture": "#texture" },
        "east":  { "uv": [ 3.5, 12, 4, 12.5 ], "texture": "#texture" }
    }
},
{
    "__comment": "Hat",
    "from": [ 8.5, 4, 10.5 ],
    "to": [ 12, 4.5, 11 ],
    "faces": {
        "down":  { "uv": [ 8.5, 11, 12, 10.5 ], "texture": "#texture" },
        "up":    { "uv": [ 8.5, 10.5, 12, 11 ], "texture": "#texture" },
        "north": { "uv": [ 4, 11.5, 7.5, 12 ], "texture": "#texture" },
        "south": { "uv": [ 8.5, 11.5, 12, 12 ], "texture": "#texture" },
        "west":  { "uv": [ 10.5, 11.5, 11, 12 ], "texture": "#texture" },
        "east":  { "uv": [ 5, 11.5, 5.5, 12 ], "texture": "#texture" }
    }
},
{
    "__comment": "Hat",
    "from": [ 8.5, 11.5, 8.5 ],
    "to": [ 13.5, 12, 9 ],
    "faces": {
        "up":    { "uv": [ 8.5, 8.5, 13.5, 9 ], "texture": "#texture" },
        "south": { "uv": [ 8.5, 4, 13.5, 4.5 ], "texture": "#texture" },
        "west":  { "uv": [ 8.5, 4, 9, 4.5 ], "texture": "#texture" },
        "east":  { "uv": [ 7, 4, 7.5, 4.5 ], "texture": "#texture" }
    }
},
{
    "__comment": "Hat",
    "from": [ 8.5, 11.5, 7 ],
    "to": [ 13.5, 12, 7.5 ],
    "faces": {
        "up":    { "uv": [ 8.5, 7, 13.5, 7.5 ], "texture": "#texture" },
        "north": { "uv": [ 2.5, 4, 7.5, 4.5 ], "texture": "#texture" },
        "west":  { "uv": [ 7, 4, 7.5, 4.5 ], "texture": "#texture" },
        "east":  { "uv": [ 8.5, 4, 9, 4.5 ], "texture": "#texture" }
    }
},
{
    "__comment": "Hat",
    "from": [ 8.5, 4, 5 ],
    "to": [ 12, 4.5, 5.5 ],
    "faces": {
        "down":  { "uv": [ 8.5, 5.5, 12, 5 ], "texture": "#texture" },
        "up":    { "uv": [ 8.5, 5, 12, 5.5 ], "texture": "#texture" },
        "north": { "uv": [ 4, 11.5, 7.5, 12 ], "texture": "#texture" },
        "south": { "uv": [ 8.5, 11.5, 12, 12 ], "texture": "#texture" },
        "west":  { "uv": [ 5, 11.5, 5.5, 12 ], "texture": "#texture" },
        "east":  { "uv": [ 10.5, 11.5, 11, 12 ], "texture": "#texture" }
    }
},
{
    "__comment": "Hat",
    "from": [ 8.5, 3.5, 3.5 ],
    "to": [ 11, 4, 4 ],
    "faces": {
        "down":  { "uv": [ 8.5, 4, 11, 3.5 ], "texture": "#texture" },
        "north": { "uv": [ 5, 12, 7.5, 12.5 ], "texture": "#texture" },
        "south": { "uv": [ 8.5, 12, 11, 12.5 ], "texture": "#texture" },
        "west":  { "uv": [ 3.5, 12, 4, 12.5 ], "texture": "#texture" },
        "east":  { "uv": [ 12, 12, 12.5, 12.5 ], "texture": "#texture" }
    }
},
{
    "__comment": "Hat",
    "from": [ 8, 4, 11 ],
    "to": [ 11.5, 4.5, 11.5 ],
    "faces": {
        "down":  { "uv": [ 8, 11.5, 11.5, 11 ], "texture": "#texture" },
        "up":    { "uv": [ 8, 11, 11.5, 11.5 ], "texture": "#texture" },
        "north": { "uv": [ 4.5, 11.5, 8, 12 ], "texture": "#texture" },
        "west":  { "uv": [ 11, 11.5, 11.5, 12 ], "texture": "#texture" },
        "east":  { "uv": [ 4.5, 11.5, 5, 12 ], "texture": "#texture" }
    }
},
{
    "__comment": "Hat",
    "from": [ 8, 10.5, 9.5 ],
    "to": [ 9.5, 11, 10 ],
    "faces": {
        "up":    { "uv": [ 8, 9.5, 9.5, 10 ], "texture": "#texture" },
        "south": { "uv": [ 8, 5, 9.5, 5.5 ], "texture": "#texture" },
        "west":  { "uv": [ 9.5, 5, 10, 5.5 ], "texture": "#texture" },
        "east":  { "uv": [ 6, 5, 6.5, 5.5 ], "texture": "#texture" }
    }
},
{
    "__comment": "Hat",
    "from": [ 8, 11, 9 ],
    "to": [ 11, 11.5, 9.5 ],
    "faces": {
        "up":    { "uv": [ 8, 9, 11, 9.5 ], "texture": "#texture" },
        "south": { "uv": [ 8, 4.5, 11, 5 ], "texture": "#texture" },
        "west":  { "uv": [ 9, 4.5, 9.5, 5 ], "texture": "#texture" },
        "east":  { "uv": [ 6.5, 4.5, 7, 5 ], "texture": "#texture" }
    }
},
{
    "__comment": "Hat",
    "from": [ 8, 11.5, 7.5 ],
    "to": [ 14, 12, 8.5 ],
    "faces": {
        "up":    { "uv": [ 8, 7.5, 14, 8.5 ], "texture": "#texture" },
        "north": { "uv": [ 2, 4, 8, 4.5 ], "texture": "#texture" },
        "south": { "uv": [ 8, 4, 14, 4.5 ], "texture": "#texture" },
        "west":  { "uv": [ 7.5, 4, 8.5, 4.5 ], "texture": "#texture" },
        "east":  { "uv": [ 7.5, 4, 8.5, 4.5 ], "texture": "#texture" }
    }
},
{
    "__comment": "Hat",
    "from": [ 8, 11, 6.5 ],
    "to": [ 11.5, 11.5, 7 ],
    "faces": {
        "down":  { "uv": [ 8, 7, 11.5, 6.5 ], "texture": "#texture" },
        "up":    { "uv": [ 8, 6.5, 11.5, 7 ], "texture": "#texture" },
        "north": { "uv": [ 4.5, 4.5, 8, 5 ], "texture": "#texture" },
        "west":  { "uv": [ 6.5, 4.5, 7, 5 ], "texture": "#texture" },
        "east":  { "uv": [ 9, 4.5, 9.5, 5 ], "texture": "#texture" }
    }
},
{
    "__comment": "Hat",
    "from": [ 8, 4, 4.5 ],
    "to": [ 11.5, 4.5, 5 ],
    "faces": {
        "down":  { "uv": [ 8, 5, 11.5, 4.5 ], "texture": "#texture" },
        "south": { "uv": [ 8, 11.5, 11.5, 12 ], "texture": "#texture" },
        "west":  { "uv": [ 4.5, 11.5, 5, 12 ], "texture": "#texture" },
        "east":  { "uv": [ 11, 11.5, 11.5, 12 ], "texture": "#texture" }
    }
},
{
    "__comment": "Hat",
    "from": [ 7.5, 3.5, 12.5 ],
    "to": [ 10.5, 4, 13 ],
    "faces": {
        "down":  { "uv": [ 7.5, 13, 10.5, 12.5 ], "texture": "#texture" },
        "north": { "uv": [ 5.5, 12, 8.5, 12.5 ], "texture": "#texture" },
        "south": { "uv": [ 7.5, 12, 10.5, 12.5 ], "texture": "#texture" },
        "west":  { "uv": [ 12.5, 12, 13, 12.5 ], "texture": "#texture" },
        "east":  { "uv": [ 3, 12, 3.5, 12.5 ], "texture": "#texture" }
    }
},
{
    "__comment": "Hat",
    "from": [ 7.5, 11, 8.5 ],
    "to": [ 14, 11.5, 9 ],
    "faces": {
        "up":    { "uv": [ 7.5, 8.5, 14, 9 ], "texture": "#texture" },
        "south": { "uv": [ 7.5, 4.5, 14, 5 ], "texture": "#texture" },
        "west":  { "uv": [ 8.5, 4.5, 9, 5 ], "texture": "#texture" },
        "east":  { "uv": [ 7, 4.5, 7.5, 5 ], "texture": "#texture" }
    }
},
{
    "__comment": "Hat",
    "from": [ 7.5, 11, 7 ],
    "to": [ 14, 11.5, 7.5 ],
    "faces": {
        "up":    { "uv": [ 7.5, 7, 14, 7.5 ], "texture": "#texture" },
        "north": { "uv": [ 2, 4.5, 8.5, 5 ], "texture": "#texture" },
        "west":  { "uv": [ 7, 4.5, 7.5, 5 ], "texture": "#texture" },
        "east":  { "uv": [ 8.5, 4.5, 9, 5 ], "texture": "#texture" }
    }
},
{
    "__comment": "Hat",
    "from": [ 7.5, 4.5, 7 ],
    "to": [ 12.5, 5, 9 ],
    "faces": {
        "down":  { "uv": [ 7.5, 9, 12.5, 7 ], "texture": "#texture" },
        "up":    { "uv": [ 7.5, 7, 12.5, 9 ], "texture": "#texture" },
        "west":  { "uv": [ 7, 11, 9, 11.5 ], "texture": "#texture" },
        "east":  { "uv": [ 7, 11, 9, 11.5 ], "texture": "#texture" }
    }
},
{
    "__comment": "Hat",
    "from": [ 7.5, 10.5, 6 ],
    "to": [ 9.5, 11, 6.5 ],
    "faces": {
        "up":    { "uv": [ 7.5, 6, 9.5, 6.5 ], "texture": "#texture" },
        "north": { "uv": [ 6.5, 5, 8.5, 5.5 ], "texture": "#texture" },
        "west":  { "uv": [ 6, 5, 6.5, 5.5 ], "texture": "#texture" },
        "east":  { "uv": [ 9.5, 5, 10, 5.5 ], "texture": "#texture" }
    }
},
{
    "__comment": "Hat",
    "from": [ 7.5, 3.5, 3 ],
    "to": [ 10.5, 4, 3.5 ],
    "faces": {
        "down":  { "uv": [ 7.5, 3.5, 10.5, 3 ], "texture": "#texture" },
        "north": { "uv": [ 5.5, 12, 8.5, 12.5 ], "texture": "#texture" },
        "south": { "uv": [ 7.5, 12, 10.5, 12.5 ], "texture": "#texture" },
        "west":  { "uv": [ 3, 12, 3.5, 12.5 ], "texture": "#texture" },
        "east":  { "uv": [ 12.5, 12, 13, 12.5 ], "texture": "#texture" }
    }
},
{
    "__comment": "Hat",
    "from": [ 7, 4, 11.5 ],
    "to": [ 11.5, 4.5, 12 ],
    "faces": {
        "down":  { "uv": [ 7, 12, 11.5, 11.5 ], "texture": "#texture" },
        "north": { "uv": [ 4.5, 11.5, 9, 12 ], "texture": "#texture" },
        "south": { "uv": [ 7, 11.5, 11.5, 12 ], "texture": "#texture" },
        "west":  { "uv": [ 11.5, 11.5, 12, 12 ], "texture": "#texture" },
        "east":  { "uv": [ 4, 11.5, 4.5, 12 ], "texture": "#texture" }
    }
},
{
    "__comment": "Hat",
    "from": [ 7, 10.5, 9 ],
    "to": [ 11, 11, 9.5 ],
    "faces": {
        "up":    { "uv": [ 7, 9, 11, 9.5 ], "texture": "#texture" },
        "south": { "uv": [ 7, 5, 11, 5.5 ], "texture": "#texture" },
        "west":  { "uv": [ 9, 5, 9.5, 5.5 ], "texture": "#texture" },
        "east":  { "uv": [ 6.5, 5, 7, 5.5 ], "texture": "#texture" }
    }
},
{
    "__comment": "Hat",
    "from": [ 7, 4.5, 9 ],
    "to": [ 12.5, 5, 9.5 ],
    "faces": {
        "down":  { "uv": [ 7, 9.5, 12.5, 9 ], "texture": "#texture" },
        "up":    { "uv": [ 7, 9, 12.5, 9.5 ], "texture": "#texture" },
        "north": { "uv": [ 3.5, 11, 9, 11.5 ], "texture": "#texture" },
        "south": { "uv": [ 7, 11, 12.5, 11.5 ], "texture": "#texture" },
        "west":  { "uv": [ 9, 11, 9.5, 11.5 ], "texture": "#texture" },
        "east":  { "uv": [ 6.5, 11, 7, 11.5 ], "texture": "#texture" }
    }
},
{
    "__comment": "Hat",
    "from": [ 7, 11, 7.5 ],
    "to": [ 14.5, 11.5, 8.5 ],
    "faces": {
        "down":  { "uv": [ 7, 8.5, 14.5, 7.5 ], "texture": "#texture" },
        "up":    { "uv": [ 7, 7.5, 14.5, 8.5 ], "texture": "#texture" },
        "north": { "uv": [ 1.5, 4.5, 9, 5 ], "texture": "#texture" },
        "south": { "uv": [ 7, 4.5, 14.5, 5 ], "texture": "#texture" },
        "west":  { "uv": [ 7.5, 4.5, 8.5, 5 ], "texture": "#texture" },
        "east":  { "uv": [ 7.5, 4.5, 8.5, 5 ], "texture": "#texture" }
    }
},
{
    "__comment": "Hat",
    "from": [ 7, 10.5, 6.5 ],
    "to": [ 11, 11, 7 ],
    "faces": {
        "up":    { "uv": [ 7, 6.5, 11, 7 ], "texture": "#texture" },
        "north": { "uv": [ 5, 5, 9, 5.5 ], "texture": "#texture" },
        "west":  { "uv": [ 6.5, 5, 7, 5.5 ], "texture": "#texture" },
        "east":  { "uv": [ 9, 5, 9.5, 5.5 ], "texture": "#texture" }
    }
},
{
    "__comment": "Hat",
    "from": [ 7, 4.5, 6.5 ],
    "to": [ 12.5, 5, 7 ],
    "faces": {
        "down":  { "uv": [ 7, 7, 12.5, 6.5 ], "texture": "#texture" },
        "up":    { "uv": [ 7, 6.5, 12.5, 7 ], "texture": "#texture" },
        "north": { "uv": [ 3.5, 11, 9, 11.5 ], "texture": "#texture" },
        "south": { "uv": [ 7, 11, 12.5, 11.5 ], "texture": "#texture" },
        "west":  { "uv": [ 6.5, 11, 7, 11.5 ], "texture": "#texture" },
        "east":  { "uv": [ 9, 11, 9.5, 11.5 ], "texture": "#texture" }
    }
},
{
    "__comment": "Hat",
    "from": [ 7, 4, 4 ],
    "to": [ 11.5, 4.5, 4.5 ],
    "faces": {
        "down":  { "uv": [ 7, 4.5, 11.5, 4 ], "texture": "#texture" },
        "north": { "uv": [ 4.5, 11.5, 9, 12 ], "texture": "#texture" },
        "south": { "uv": [ 7, 11.5, 11.5, 12 ], "texture": "#texture" },
        "west":  { "uv": [ 4, 11.5, 4.5, 12 ], "texture": "#texture" },
        "east":  { "uv": [ 11.5, 11.5, 12, 12 ], "texture": "#texture" }
    }
},
{
    "__comment": "Hat",
    "from": [ 6.5, 9, 10.5 ],
    "to": [ 7, 9.5, 11 ],
    "faces": {
        "up":    { "uv": [ 6.5, 10.5, 7, 11 ], "texture": "#texture" },
        "south": { "uv": [ 6.5, 6.5, 7, 7 ], "texture": "#texture" },
        "west":  { "uv": [ 10.5, 6.5, 11, 7 ], "texture": "#texture" },
        "east":  { "uv": [ 5, 6.5, 5.5, 7 ], "texture": "#texture" }
    }
},
{
    "__comment": "Hat",
    "from": [ 6.5, 10, 9.5 ],
    "to": [ 10, 10.5, 10 ],
    "faces": {
        "up":    { "uv": [ 6.5, 9.5, 10, 10 ], "texture": "#texture" },
        "south": { "uv": [ 6.5, 5.5, 10, 6 ], "texture": "#texture" },
        "west":  { "uv": [ 9.5, 5.5, 10, 6 ], "texture": "#texture" },
        "east":  { "uv": [ 6, 5.5, 6.5, 6 ], "texture": "#texture" }
    }
},
{
    "__comment": "Hat",
    "from": [ 6.5, 10.5, 7 ],
    "to": [ 14, 11, 9 ],
    "faces": {
        "down":  { "uv": [ 6.5, 9, 14, 7 ], "texture": "#texture" },
        "up":    { "uv": [ 6.5, 7, 14, 9 ], "texture": "#texture" },
        "north": { "uv": [ 2, 5, 9.5, 5.5 ], "texture": "#texture" },
        "south": { "uv": [ 6.5, 5, 14, 5.5 ], "texture": "#texture" },
        "west":  { "uv": [ 7, 5, 9, 5.5 ], "texture": "#texture" },
        "east":  { "uv": [ 7, 5, 9, 5.5 ], "texture": "#texture" }
    }
},
{
    "__comment": "Hat",
    "from": [ 6.5, 10, 6 ],
    "to": [ 10, 10.5, 6.5 ],
    "faces": {
        "up":    { "uv": [ 6.5, 6, 10, 6.5 ], "texture": "#texture" },
        "north": { "uv": [ 6, 5.5, 9.5, 6 ], "texture": "#texture" },
        "west":  { "uv": [ 6, 5.5, 6.5, 6 ], "texture": "#texture" },
        "east":  { "uv": [ 9.5, 5.5, 10, 6 ], "texture": "#texture" }
    }
},
{
    "__comment": "Hat",
    "from": [ 6, 9.5, 10 ],
    "to": [ 9, 10, 10.5 ],
    "faces": {
        "up":    { "uv": [ 6, 10, 9, 10.5 ], "texture": "#texture" },
        "south": { "uv": [ 6, 6, 9, 6.5 ], "texture": "#texture" },
        "west":  { "uv": [ 10, 6, 10.5, 6.5 ], "texture": "#texture" },
        "east":  { "uv": [ 5.5, 6, 6, 6.5 ], "texture": "#texture" }
    }
},
{
    "__comment": "Hat",
    "from": [ 6, 10, 9 ],
    "to": [ 11, 10.5, 9.5 ],
    "faces": {
        "down":  { "uv": [ 6, 9.5, 11, 9 ], "texture": "#texture" },
        "up":    { "uv": [ 6, 9, 11, 9.5 ], "texture": "#texture" },
        "south": { "uv": [ 6, 5.5, 11, 6 ], "texture": "#texture" },
        "west":  { "uv": [ 9, 5.5, 9.5, 6 ], "texture": "#texture" },
        "east":  { "uv": [ 6.5, 5.5, 7, 6 ], "texture": "#texture" }
    }
},
{
    "__comment": "Hat",
    "from": [ 6, 10, 6.5 ],
    "to": [ 11, 10.5, 7 ],
    "faces": {
        "down":  { "uv": [ 6, 7, 11, 6.5 ], "texture": "#texture" },
        "up":    { "uv": [ 6, 6.5, 11, 7 ], "texture": "#texture" },
        "north": { "uv": [ 5, 5.5, 10, 6 ], "texture": "#texture" },
        "west":  { "uv": [ 6.5, 5.5, 7, 6 ], "texture": "#texture" },
        "east":  { "uv": [ 9, 5.5, 9.5, 6 ], "texture": "#texture" }
    }
},
{
    "__comment": "Hat",
    "from": [ 6, 9.5, 5.5 ],
    "to": [ 9, 10, 6 ],
    "faces": {
        "up":    { "uv": [ 6, 5.5, 9, 6 ], "texture": "#texture" },
        "north": { "uv": [ 7, 6, 10, 6.5 ], "texture": "#texture" },
        "west":  { "uv": [ 5.5, 6, 6, 6.5 ], "texture": "#texture" },
        "east":  { "uv": [ 10, 6, 10.5, 6.5 ], "texture": "#texture" }
    }
},
{
    "__comment": "Hat",
    "from": [ 6, 9, 5 ],
    "to": [ 7.5, 9.5, 5.5 ],
    "faces": {
        "up":    { "uv": [ 6, 5, 7.5, 5.5 ], "texture": "#texture" },
        "north": { "uv": [ 8.5, 6.5, 10, 7 ], "texture": "#texture" },
        "west":  { "uv": [ 5, 6.5, 5.5, 7 ], "texture": "#texture" },
        "east":  { "uv": [ 10.5, 6.5, 11, 7 ], "texture": "#texture" }
    }
},
{
    "__comment": "Hat",
    "from": [ 5.5, 4.5, 11.5 ],
    "to": [ 11.5, 5, 12 ],
    "faces": {
        "down":  { "uv": [ 5.5, 12, 11.5, 11.5 ], "texture": "#texture" },
        "up":    { "uv": [ 5.5, 11.5, 11.5, 12 ], "texture": "#texture" },
        "north": { "uv": [ 4.5, 11, 10.5, 11.5 ], "texture": "#texture" },
        "south": { "uv": [ 5.5, 11, 11.5, 11.5 ], "texture": "#texture" },
        "east":  { "uv": [ 4, 11, 4.5, 11.5 ], "texture": "#texture" }
    }
},
{
    "__comment": "Hat",
    "from": [ 5.5, 8, 11 ],
    "to": [ 7.5, 8.5, 11.5 ],
    "faces": {
        "up":    { "uv": [ 5.5, 11, 7.5, 11.5 ], "texture": "#texture" },
        "south": { "uv": [ 5.5, 7.5, 7.5, 8 ], "texture": "#texture" },
        "west":  { "uv": [ 11, 7.5, 11.5, 8 ], "texture": "#texture" },
        "east":  { "uv": [ 4.5, 7.5, 5, 8 ], "texture": "#texture" }
    }
},
{
    "__comment": "Hat",
    "from": [ 5.5, 4.5, 9.5 ],
    "to": [ 12, 5, 10.5 ],
    "faces": {
        "down":  { "uv": [ 5.5, 10.5, 12, 9.5 ], "texture": "#texture" },
        "up":    { "uv": [ 5.5, 9.5, 12, 10.5 ], "texture": "#texture" },
        "north": { "uv": [ 4, 11, 10.5, 11.5 ], "texture": "#texture" },
        "south": { "uv": [ 5.5, 11, 12, 11.5 ], "texture": "#texture" },
        "east":  { "uv": [ 5.5, 11, 6.5, 11.5 ], "texture": "#texture" }
    }
},
{
    "__comment": "Hat",
    "from": [ 5.5, 10, 7 ],
    "to": [ 12, 10.5, 9 ],
    "faces": {
        "down":  { "uv": [ 5.5, 9, 12, 7 ], "texture": "#texture" },
        "up":    { "uv": [ 5.5, 7, 12, 9 ], "texture": "#texture" },
        "north": { "uv": [ 4, 5.5, 10.5, 6 ], "texture": "#texture" },
        "south": { "uv": [ 5.5, 5.5, 12, 6 ], "texture": "#texture" },
        "west":  { "uv": [ 7, 5.5, 9, 6 ], "texture": "#texture" },
        "east":  { "uv": [ 7, 5.5, 9, 6 ], "texture": "#texture" }
    }
},
{
    "__comment": "Hat",
    "from": [ 5.5, 8, 4.5 ],
    "to": [ 7.5, 8.5, 5 ],
    "faces": {
        "up":    { "uv": [ 5.5, 4.5, 7.5, 5 ], "texture": "#texture" },
        "north": { "uv": [ 8.5, 7.5, 10.5, 8 ], "texture": "#texture" },
        "west":  { "uv": [ 4.5, 7.5, 5, 8 ], "texture": "#texture" },
        "east":  { "uv": [ 11, 7.5, 11.5, 8 ], "texture": "#texture" }
    }
},
{
    "__comment": "Hat",
    "from": [ 5.5, 4.5, 4 ],
    "to": [ 11.5, 5, 4.5 ],
    "faces": {
        "down":  { "uv": [ 5.5, 4.5, 11.5, 4 ], "texture": "#texture" },
        "up":    { "uv": [ 5.5, 4, 11.5, 4.5 ], "texture": "#texture" },
        "north": { "uv": [ 4.5, 11, 10.5, 11.5 ], "texture": "#texture" },
        "east":  { "uv": [ 11.5, 11, 12, 11.5 ], "texture": "#texture" }
    }
},
{
    "__comment": "Hat",
    "from": [ 5, 4, 12.5 ],
    "to": [ 10.5, 5, 13 ],
    "faces": {
        "down":  { "uv": [ 5, 13, 10.5, 12.5 ], "texture": "#texture" },
        "up":    { "uv": [ 5, 12.5, 10.5, 13 ], "texture": "#texture" },
        "south": { "uv": [ 5, 11, 10.5, 12 ], "texture": "#texture" },
        "east":  { "uv": [ 3, 11, 3.5, 12 ], "texture": "#texture" }
    }
},
{
    "__comment": "Hat",
    "from": [ 5, 7, 11.5 ],
    "to": [ 7.5, 7.5, 12 ],
    "faces": {
        "up":    { "uv": [ 5, 11.5, 7.5, 12 ], "texture": "#texture" },
        "south": { "uv": [ 5, 8.5, 7.5, 9 ], "texture": "#texture" },
        "west":  { "uv": [ 11.5, 8.5, 12, 9 ], "texture": "#texture" },
        "east":  { "uv": [ 4, 8.5, 4.5, 9 ], "texture": "#texture" }
    }
},
{
    "__comment": "Hat",
    "from": [ 5, 8.5, 10.5 ],
    "to": [ 8, 9, 11 ],
    "faces": {
        "up":    { "uv": [ 5, 10.5, 8, 11 ], "texture": "#texture" },
        "south": { "uv": [ 5, 7, 8, 7.5 ], "texture": "#texture" },
        "west":  { "uv": [ 10.5, 7, 11, 7.5 ], "texture": "#texture" },
        "east":  { "uv": [ 5, 7, 5.5, 7.5 ], "texture": "#texture" }
    }
},
{
    "__comment": "Hat",
    "from": [ 5, 9, 10 ],
    "to": [ 9, 9.5, 10.5 ],
    "faces": {
        "up":    { "uv": [ 5, 10, 9, 10.5 ], "texture": "#texture" },
        "south": { "uv": [ 5, 6.5, 9, 7 ], "texture": "#texture" },
        "west":  { "uv": [ 10, 6.5, 10.5, 7 ], "texture": "#texture" },
        "east":  { "uv": [ 5.5, 6.5, 6, 7 ], "texture": "#texture" }
    }
},
{
    "__comment": "Hat",
    "from": [ 5, 9.5, 9 ],
    "to": [ 10, 10, 10 ],
    "faces": {
        "down":  { "uv": [ 5, 10, 10, 9 ], "texture": "#texture" },
        "up":    { "uv": [ 5, 9, 10, 10 ], "texture": "#texture" },
        "south": { "uv": [ 5, 6, 10, 6.5 ], "texture": "#texture" },
        "west":  { "uv": [ 9, 6, 10, 6.5 ], "texture": "#texture" },
        "east":  { "uv": [ 6, 6, 7, 6.5 ], "texture": "#texture" }
    }
},
{
    "__comment": "Hat",
    "from": [ 5, 4.5, 9 ],
    "to": [ 5.5, 5, 10.5 ],
    "faces": {
        "down":  { "uv": [ 5, 10.5, 5.5, 9 ], "texture": "#texture" },
        "up":    { "uv": [ 5, 9, 5.5, 10.5 ], "texture": "#texture" },
        "north": { "uv": [ 10.5, 11, 11, 11.5 ], "texture": "#texture" },
        "east":  { "uv": [ 5.5, 11, 7, 11.5 ], "texture": "#texture" }
    }
},
{
    "__comment": "Hat",
    "from": [ 5, 4.5, 6.5 ],
    "to": [ 5.5, 5, 7 ],
    "faces": {
        "down":  { "uv": [ 5, 7, 5.5, 6.5 ], "texture": "#texture" },
        "south": { "uv": [ 5, 11, 5.5, 11.5 ], "texture": "#texture" },
        "east":  { "uv": [ 9, 11, 9.5, 11.5 ], "texture": "#texture" }
    }
},
{
    "__comment": "Hat",
    "from": [ 5, 9.5, 6 ],
    "to": [ 10, 10, 6.5 ],
    "faces": {
        "up":    { "uv": [ 5, 6, 10, 6.5 ], "texture": "#texture" },
        "north": { "uv": [ 6, 6, 11, 6.5 ], "texture": "#texture" },
        "west":  { "uv": [ 6, 6, 6.5, 6.5 ], "texture": "#texture" },
        "east":  { "uv": [ 9.5, 6, 10, 6.5 ], "texture": "#texture" }
    }
},
{
    "__comment": "Hat",
    "from": [ 5, 9, 5.5 ],
    "to": [ 9, 9.5, 6 ],
    "faces": {
        "up":    { "uv": [ 5, 5.5, 9, 6 ], "texture": "#texture" },
        "north": { "uv": [ 7, 6.5, 11, 7 ], "texture": "#texture" },
        "west":  { "uv": [ 5.5, 6.5, 6, 7 ], "texture": "#texture" },
        "east":  { "uv": [ 10, 6.5, 10.5, 7 ], "texture": "#texture" }
    }
},
{
    "__comment": "Hat",
    "from": [ 5, 8.5, 5 ],
    "to": [ 8, 9, 5.5 ],
    "faces": {
        "up":    { "uv": [ 5, 5, 8, 5.5 ], "texture": "#texture" },
        "north": { "uv": [ 8, 7, 11, 7.5 ], "texture": "#texture" },
        "west":  { "uv": [ 5, 7, 5.5, 7.5 ], "texture": "#texture" },
        "east":  { "uv": [ 10.5, 7, 11, 7.5 ], "texture": "#texture" }
    }
},
{
    "__comment": "Hat",
    "from": [ 5, 7, 4 ],
    "to": [ 7.5, 7.5, 4.5 ],
    "faces": {
        "up":    { "uv": [ 5, 4, 7.5, 4.5 ], "texture": "#texture" },
        "north": { "uv": [ 8.5, 8.5, 11, 9 ], "texture": "#texture" },
        "west":  { "uv": [ 4, 8.5, 4.5, 9 ], "texture": "#texture" },
        "east":  { "uv": [ 11.5, 8.5, 12, 9 ], "texture": "#texture" }
    }
},
{
    "__comment": "Hat",
    "from": [ 5, 4, 3 ],
    "to": [ 10.5, 5, 3.5 ],
    "faces": {
        "down":  { "uv": [ 5, 3.5, 10.5, 3 ], "texture": "#texture" },
        "up":    { "uv": [ 5, 3, 10.5, 3.5 ], "texture": "#texture" },
        "north": { "uv": [ 5.5, 11, 11, 12 ], "texture": "#texture" },
        "east":  { "uv": [ 12.5, 11, 13, 12 ], "texture": "#texture" }
    }
},
{
    "__comment": "Hat",
    "from": [ 4.5, 6, 12 ],
    "to": [ 8, 6.5, 12.5 ],
    "faces": {
        "up":    { "uv": [ 4.5, 12, 8, 12.5 ], "texture": "#texture" },
        "south": { "uv": [ 4.5, 9.5, 8, 10 ], "texture": "#texture" },
        "west":  { "uv": [ 12, 9.5, 12.5, 10 ], "texture": "#texture" },
        "east":  { "uv": [ 3.5, 9.5, 4, 10 ], "texture": "#texture" }
    }
},
{
    "__comment": "Hat",
    "from": [ 4.5, 7.5, 11 ],
    "to": [ 8, 8, 11.5 ],
    "faces": {
        "up":    { "uv": [ 4.5, 11, 8, 11.5 ], "texture": "#texture" },
        "south": { "uv": [ 4.5, 8, 8, 8.5 ], "texture": "#texture" },
        "west":  { "uv": [ 11, 8, 11.5, 8.5 ], "texture": "#texture" },
        "east":  { "uv": [ 4.5, 8, 5, 8.5 ], "texture": "#texture" }
    }
},
{
    "__comment": "Hat",
    "from": [ 4.5, 8, 10.5 ],
    "to": [ 8.5, 8.5, 11 ],
    "faces": {
        "up":    { "uv": [ 4.5, 10.5, 8.5, 11 ], "texture": "#texture" },
        "south": { "uv": [ 4.5, 7.5, 8.5, 8 ], "texture": "#texture" },
        "west":  { "uv": [ 10.5, 7.5, 11, 8 ], "texture": "#texture" },
        "east":  { "uv": [ 5, 7.5, 5.5, 8 ], "texture": "#texture" }
    }
},
{
    "__comment": "Hat",
    "from": [ 4.5, 8.5, 10 ],
    "to": [ 9, 9, 10.5 ],
    "faces": {
        "up":    { "uv": [ 4.5, 10, 9, 10.5 ], "texture": "#texture" },
        "south": { "uv": [ 4.5, 7, 9, 7.5 ], "texture": "#texture" },
        "west":  { "uv": [ 10, 7, 10.5, 7.5 ], "texture": "#texture" },
        "east":  { "uv": [ 5.5, 7, 6, 7.5 ], "texture": "#texture" }
    }
},
{
    "__comment": "Hat",
    "from": [ 4.5, 9, 9.5 ],
    "to": [ 10, 9.5, 10 ],
    "faces": {
        "down":  { "uv": [ 4.5, 10, 10, 9.5 ], "texture": "#texture" },
        "up":    { "uv": [ 4.5, 9.5, 10, 10 ], "texture": "#texture" },
        "south": { "uv": [ 4.5, 6.5, 10, 7 ], "texture": "#texture" },
        "west":  { "uv": [ 9.5, 6.5, 10, 7 ], "texture": "#texture" },
        "east":  { "uv": [ 6, 6.5, 6.5, 7 ], "texture": "#texture" }
    }
},
{
    "__comment": "Hat",
    "from": [ 4.5, 4.5, 8.5 ],
    "to": [ 5, 5, 10.5 ],
    "faces": {
        "down":  { "uv": [ 4.5, 10.5, 5, 8.5 ], "texture": "#texture" },
        "up":    { "uv": [ 4.5, 8.5, 5, 10.5 ], "texture": "#texture" },
        "north": { "uv": [ 11, 11, 11.5, 11.5 ], "texture": "#texture" },
        "east":  { "uv": [ 5.5, 11, 7.5, 11.5 ], "texture": "#texture" }
    }
},
{
    "__comment": "Hat",
    "from": [ 4.5, 9.5, 6.5 ],
    "to": [ 10.5, 10, 9 ],
    "faces": {
        "up":    { "uv": [ 4.5, 6.5, 10.5, 9 ], "texture": "#texture" },
        "north": { "uv": [ 5.5, 6, 11.5, 6.5 ], "texture": "#texture" },
        "south": { "uv": [ 4.5, 6, 10.5, 6.5 ], "texture": "#texture" },
        "west":  { "uv": [ 6.5, 6, 9, 6.5 ], "texture": "#texture" },
        "east":  { "uv": [ 7, 6, 9.5, 6.5 ], "texture": "#texture" }
    }
},
{
    "__comment": "Hat",
    "from": [ 4.5, 4.5, 6.5 ],
    "to": [ 5, 5, 7.5 ],
    "faces": {
        "down":  { "uv": [ 4.5, 7.5, 5, 6.5 ], "texture": "#texture" },
        "south": { "uv": [ 4.5, 11, 5, 11.5 ], "texture": "#texture" },
        "east":  { "uv": [ 8.5, 11, 9.5, 11.5 ], "texture": "#texture" }
    }
},
{
    "__comment": "Hat",
    "from": [ 4.5, 9, 6 ],
    "to": [ 10, 9.5, 6.5 ],
    "faces": {
        "down":  { "uv": [ 4.5, 6.5, 10, 6 ], "texture": "#texture" },
        "up":    { "uv": [ 4.5, 6, 10, 6.5 ], "texture": "#texture" },
        "north": { "uv": [ 6, 6.5, 11.5, 7 ], "texture": "#texture" },
        "west":  { "uv": [ 6, 6.5, 6.5, 7 ], "texture": "#texture" },
        "east":  { "uv": [ 9.5, 6.5, 10, 7 ], "texture": "#texture" }
    }
},
{
    "__comment": "Hat",
    "from": [ 4.5, 8.5, 5.5 ],
    "to": [ 9, 9, 6 ],
    "faces": {
        "up":    { "uv": [ 4.5, 5.5, 9, 6 ], "texture": "#texture" },
        "north": { "uv": [ 7, 7, 11.5, 7.5 ], "texture": "#texture" },
        "west":  { "uv": [ 5.5, 7, 6, 7.5 ], "texture": "#texture" },
        "east":  { "uv": [ 10, 7, 10.5, 7.5 ], "texture": "#texture" }
    }
},
{
    "__comment": "Hat",
    "from": [ 4.5, 8, 5 ],
    "to": [ 8.5, 8.5, 5.5 ],
    "faces": {
        "up":    { "uv": [ 4.5, 5, 8.5, 5.5 ], "texture": "#texture" },
        "north": { "uv": [ 7.5, 7.5, 11.5, 8 ], "texture": "#texture" },
        "west":  { "uv": [ 5, 7.5, 5.5, 8 ], "texture": "#texture" },
        "east":  { "uv": [ 10.5, 7.5, 11, 8 ], "texture": "#texture" }
    }
},
{
    "__comment": "Hat",
    "from": [ 4.5, 7.5, 4.5 ],
    "to": [ 8, 8, 5 ],
    "faces": {
        "up":    { "uv": [ 4.5, 4.5, 8, 5 ], "texture": "#texture" },
        "north": { "uv": [ 8, 8, 11.5, 8.5 ], "texture": "#texture" },
        "west":  { "uv": [ 4.5, 8, 5, 8.5 ], "texture": "#texture" },
        "east":  { "uv": [ 11, 8, 11.5, 8.5 ], "texture": "#texture" }
    }
},
{
    "__comment": "Hat",
    "from": [ 4.5, 6, 3.5 ],
    "to": [ 8, 6.5, 4 ],
    "faces": {
        "up":    { "uv": [ 4.5, 3.5, 8, 4 ], "texture": "#texture" },
        "north": { "uv": [ 8, 9.5, 11.5, 10 ], "texture": "#texture" },
        "west":  { "uv": [ 3.5, 9.5, 4, 10 ], "texture": "#texture" },
        "east":  { "uv": [ 12, 9.5, 12.5, 10 ], "texture": "#texture" }
    }
},
{
    "__comment": "Hat",
    "from": [ 4, 5, 12.5 ],
    "to": [ 8, 5.5, 13 ],
    "faces": {
        "down":  { "uv": [ 4, 13, 8, 12.5 ], "texture": "#texture" },
        "up":    { "uv": [ 4, 12.5, 8, 13 ], "texture": "#texture" },
        "south": { "uv": [ 4, 10.5, 8, 11 ], "texture": "#texture" },
        "west":  { "uv": [ 12.5, 10.5, 13, 11 ], "texture": "#texture" },
        "east":  { "uv": [ 3, 10.5, 3.5, 11 ], "texture": "#texture" }
    }
},
{
    "__comment": "Hat",
    "from": [ 4, 5.5, 12 ],
    "to": [ 8, 6, 12.5 ],
    "faces": {
        "up":    { "uv": [ 4, 12, 8, 12.5 ], "texture": "#texture" },
        "south": { "uv": [ 4, 10, 8, 10.5 ], "texture": "#texture" },
        "west":  { "uv": [ 12, 10, 12.5, 10.5 ], "texture": "#texture" },
        "east":  { "uv": [ 3.5, 10, 4, 10.5 ], "texture": "#texture" }
    }
},
{
    "__comment": "Hat",
    "from": [ 4, 6.5, 11.5 ],
    "to": [ 8.5, 7, 12 ],
    "faces": {
        "up":    { "uv": [ 4, 11.5, 8.5, 12 ], "texture": "#texture" },
        "south": { "uv": [ 4, 9, 8.5, 9.5 ], "texture": "#texture" },
        "west":  { "uv": [ 11.5, 9, 12, 9.5 ], "texture": "#texture" },
        "east":  { "uv": [ 4, 9, 4.5, 9.5 ], "texture": "#texture" }
    }
},
{
    "__comment": "Hat",
    "from": [ 4, 7, 11 ],
    "to": [ 8.5, 7.5, 11.5 ],
    "faces": {
        "up":    { "uv": [ 4, 11, 8.5, 11.5 ], "texture": "#texture" },
        "south": { "uv": [ 4, 8.5, 8.5, 9 ], "texture": "#texture" },
        "west":  { "uv": [ 11, 8.5, 11.5, 9 ], "texture": "#texture" },
        "east":  { "uv": [ 4.5, 8.5, 5, 9 ], "texture": "#texture" }
    }
},
{
    "__comment": "Hat",
    "from": [ 4, 7.5, 10.5 ],
    "to": [ 9, 8, 11 ],
    "faces": {
        "up":    { "uv": [ 4, 10.5, 9, 11 ], "texture": "#texture" },
        "south": { "uv": [ 4, 8, 9, 8.5 ], "texture": "#texture" },
        "west":  { "uv": [ 10.5, 8, 11, 8.5 ], "texture": "#texture" },
        "east":  { "uv": [ 5, 8, 5.5, 8.5 ], "texture": "#texture" }
    }
},
{
    "__comment": "Hat",
    "from": [ 4, 8, 10 ],
    "to": [ 9, 8.5, 10.5 ],
    "faces": {
        "up":    { "uv": [ 4, 10, 9, 10.5 ], "texture": "#texture" },
        "south": { "uv": [ 4, 7.5, 9, 8 ], "texture": "#texture" },
        "west":  { "uv": [ 10, 7.5, 10.5, 8 ], "texture": "#texture" },
        "east":  { "uv": [ 5.5, 7.5, 6, 8 ], "texture": "#texture" }
    }
},
{
    "__comment": "Hat",
    "from": [ 4, 8.5, 9.5 ],
    "to": [ 9.5, 9, 10 ],
    "faces": {
        "up":    { "uv": [ 4, 9.5, 9.5, 10 ], "texture": "#texture" },
        "south": { "uv": [ 4, 7, 9.5, 7.5 ], "texture": "#texture" },
        "west":  { "uv": [ 9.5, 7, 10, 7.5 ], "texture": "#texture" },
        "east":  { "uv": [ 6, 7, 6.5, 7.5 ], "texture": "#texture" }
    }
},
{
    "__comment": "Hat",
    "from": [ 4, 9, 6.5 ],
    "to": [ 10.5, 9.5, 9.5 ],
    "faces": {
        "down":  { "uv": [ 4, 9.5, 10.5, 6.5 ], "texture": "#texture" },
        "up":    { "uv": [ 4, 6.5, 10.5, 9.5 ], "texture": "#texture" },
        "north": { "uv": [ 5.5, 6.5, 12, 7 ], "texture": "#texture" },
        "south": { "uv": [ 4, 6.5, 10.5, 7 ], "texture": "#texture" },
        "west":  { "uv": [ 6.5, 6.5, 9.5, 7 ], "texture": "#texture" },
        "east":  { "uv": [ 6.5, 6.5, 9.5, 7 ], "texture": "#texture" }
    }
},
{
    "__comment": "Hat",
    "from": [ 4, 8.5, 6 ],
    "to": [ 9.5, 9, 6.5 ],
    "faces": {
        "up":    { "uv": [ 4, 6, 9.5, 6.5 ], "texture": "#texture" },
        "north": { "uv": [ 6.5, 7, 12, 7.5 ], "texture": "#texture" },
        "west":  { "uv": [ 6, 7, 6.5, 7.5 ], "texture": "#texture" },
        "east":  { "uv": [ 9.5, 7, 10, 7.5 ], "texture": "#texture" }
    }
},
{
    "__comment": "Hat",
    "from": [ 4, 8, 5.5 ],
    "to": [ 9, 8.5, 6 ],
    "faces": {
        "up":    { "uv": [ 4, 5.5, 9, 6 ], "texture": "#texture" },
        "north": { "uv": [ 7, 7.5, 12, 8 ], "texture": "#texture" },
        "west":  { "uv": [ 5.5, 7.5, 6, 8 ], "texture": "#texture" },
        "east":  { "uv": [ 10, 7.5, 10.5, 8 ], "texture": "#texture" }
    }
},
{
    "__comment": "Hat",
    "from": [ 4, 7.5, 5 ],
    "to": [ 9, 8, 5.5 ],
    "faces": {
        "up":    { "uv": [ 4, 5, 9, 5.5 ], "texture": "#texture" },
        "north": { "uv": [ 7, 8, 12, 8.5 ], "texture": "#texture" },
        "west":  { "uv": [ 5, 8, 5.5, 8.5 ], "texture": "#texture" },
        "east":  { "uv": [ 10.5, 8, 11, 8.5 ], "texture": "#texture" }
    }
},
{
    "__comment": "Hat",
    "from": [ 4, 7, 4.5 ],
    "to": [ 8.5, 7.5, 5 ],
    "faces": {
        "up":    { "uv": [ 4, 4.5, 8.5, 5 ], "texture": "#texture" },
        "north": { "uv": [ 7.5, 8.5, 12, 9 ], "texture": "#texture" },
        "west":  { "uv": [ 4.5, 8.5, 5, 9 ], "texture": "#texture" },
        "east":  { "uv": [ 11, 8.5, 11.5, 9 ], "texture": "#texture" }
    }
},
{
    "__comment": "Hat",
    "from": [ 4, 4.5, 4.5 ],
    "to": [ 11.5, 5, 5 ],
    "faces": {
        "down":  { "uv": [ 4, 5, 11.5, 4.5 ], "texture": "#texture" },
        "up":    { "uv": [ 4, 4.5, 11.5, 5 ], "texture": "#texture" },
        "north": { "uv": [ 4.5, 11, 12, 11.5 ], "texture": "#texture" },
        "south": { "uv": [ 4, 11, 11.5, 11.5 ], "texture": "#texture" },
        "east":  { "uv": [ 11, 11, 11.5, 11.5 ], "texture": "#texture" }
    }
},
{
    "__comment": "Hat",
    "from": [ 4, 6.5, 4 ],
    "to": [ 8.5, 7, 4.5 ],
    "faces": {
        "up":    { "uv": [ 4, 4, 8.5, 4.5 ], "texture": "#texture" },
        "north": { "uv": [ 7.5, 9, 12, 9.5 ], "texture": "#texture" },
        "west":  { "uv": [ 4, 9, 4.5, 9.5 ], "texture": "#texture" },
        "east":  { "uv": [ 11.5, 9, 12, 9.5 ], "texture": "#texture" }
    }
},
{
    "__comment": "Hat",
    "from": [ 4, 5.5, 3.5 ],
    "to": [ 8, 6, 4 ],
    "faces": {
        "up":    { "uv": [ 4, 3.5, 8, 4 ], "texture": "#texture" },
        "north": { "uv": [ 8, 10, 12, 10.5 ], "texture": "#texture" },
        "west":  { "uv": [ 3.5, 10, 4, 10.5 ], "texture": "#texture" },
        "east":  { "uv": [ 12, 10, 12.5, 10.5 ], "texture": "#texture" }
    }
},
{
    "__comment": "Hat",
    "from": [ 4, 5, 3 ],
    "to": [ 8, 5.5, 3.5 ],
    "faces": {
        "down":  { "uv": [ 4, 3.5, 8, 3 ], "texture": "#texture" },
        "up":    { "uv": [ 4, 3, 8, 3.5 ], "texture": "#texture" },
        "north": { "uv": [ 8, 10.5, 12, 11 ], "texture": "#texture" },
        "west":  { "uv": [ 3, 10.5, 3.5, 11 ], "texture": "#texture" },
        "east":  { "uv": [ 12.5, 10.5, 13, 11 ], "texture": "#texture" }
    }
},
{
    "__comment": "Hat",
    "from": [ 3.5, 3.5, 13.5 ],
    "to": [ 9, 5, 14 ],
    "faces": {
        "down":  { "uv": [ 3.5, 14, 9, 13.5 ], "texture": "#texture" },
        "up":    { "uv": [ 3.5, 13.5, 9, 14 ], "texture": "#texture" },
        "south": { "uv": [ 3.5, 11, 9, 12.5 ], "texture": "#texture" },
        "west":  { "uv": [ 13.5, 11, 14, 12.5 ], "texture": "#texture" },
        "east":  { "uv": [ 2, 11, 2.5, 12.5 ], "texture": "#texture" }
    }
},
{
    "__comment": "Hat",
    "from": [ 3.5, 4, 12 ],
    "to": [ 11, 5, 12.5 ],
    "faces": {
        "down":  { "uv": [ 3.5, 12.5, 11, 12 ], "texture": "#texture" },
        "up":    { "uv": [ 3.5, 12, 11, 12.5 ], "texture": "#texture" },
        "north": { "uv": [ 5, 11, 12.5, 12 ], "texture": "#texture" },
        "south": { "uv": [ 3.5, 11, 11, 12 ], "texture": "#texture" },
        "east":  { "uv": [ 3.5, 11, 4, 12 ], "texture": "#texture" }
    }
},
{
    "__comment": "Hat",
    "from": [ 3.5, 5.5, 11.5 ],
    "to": [ 9, 6.5, 12 ],
    "faces": {
        "up":    { "uv": [ 3.5, 11.5, 9, 12 ], "texture": "#texture" },
        "south": { "uv": [ 3.5, 9.5, 9, 10.5 ], "texture": "#texture" },
        "west":  { "uv": [ 11.5, 9.5, 12, 10.5 ], "texture": "#texture" },
        "east":  { "uv": [ 4, 9.5, 4.5, 10.5 ], "texture": "#texture" }
    }
},
{
    "__comment": "Hat",
    "from": [ 3.5, 6.5, 11 ],
    "to": [ 9, 7, 11.5 ],
    "faces": {
        "up":    { "uv": [ 3.5, 11, 9, 11.5 ], "texture": "#texture" },
        "south": { "uv": [ 3.5, 9, 9, 9.5 ], "texture": "#texture" },
        "west":  { "uv": [ 11, 9, 11.5, 9.5 ], "texture": "#texture" },
        "east":  { "uv": [ 4.5, 9, 5, 9.5 ], "texture": "#texture" }
    }
},
{
    "__comment": "Hat",
    "from": [ 3.5, 4, 11 ],
    "to": [ 4, 4.5, 11.5 ],
    "faces": {
        "down":  { "uv": [ 3.5, 11.5, 4, 11 ], "texture": "#texture" },
        "north": { "uv": [ 12, 11.5, 12.5, 12 ], "texture": "#texture" },
        "east":  { "uv": [ 4.5, 11.5, 5, 12 ], "texture": "#texture" }
    }
},
{
    "__comment": "Hat",
    "from": [ 3.5, 7, 10.5 ],
    "to": [ 9, 7.5, 11 ],
    "faces": {
        "up":    { "uv": [ 3.5, 10.5, 9, 11 ], "texture": "#texture" },
        "south": { "uv": [ 3.5, 8.5, 9, 9 ], "texture": "#texture" },
        "west":  { "uv": [ 10.5, 8.5, 11, 9 ], "texture": "#texture" },
        "east":  { "uv": [ 5, 8.5, 5.5, 9 ], "texture": "#texture" }
    }
},
{
    "__comment": "Hat",
    "from": [ 3.5, 4.5, 10.5 ],
    "to": [ 10, 5.5, 11.5 ],
    "faces": {
        "down":  { "uv": [ 3.5, 11.5, 10, 10.5 ], "texture": "#texture" },
        "up":    { "uv": [ 3.5, 10.5, 10, 11.5 ], "texture": "#texture" },
        "north": { "uv": [ 6, 10.5, 12.5, 11.5 ], "texture": "#texture" },
        "south": { "uv": [ 3.5, 10.5, 10, 11.5 ], "texture": "#texture" },
        "east":  { "uv": [ 4.5, 10.5, 5.5, 11.5 ], "texture": "#texture" }
    }
},
{
    "__comment": "Hat",
    "from": [ 3.5, 7.5, 10 ],
    "to": [ 9.5, 8, 10.5 ],
    "faces": {
        "up":    { "uv": [ 3.5, 10, 9.5, 10.5 ], "texture": "#texture" },
        "south": { "uv": [ 3.5, 8, 9.5, 8.5 ], "texture": "#texture" },
        "west":  { "uv": [ 10, 8, 10.5, 8.5 ], "texture": "#texture" },
        "east":  { "uv": [ 5.5, 8, 6, 8.5 ], "texture": "#texture" }
    }
},
{
    "__comment": "Hat",
    "from": [ 3.5, 8, 9.5 ],
    "to": [ 9.5, 8.5, 10 ],
    "faces": {
        "up":    { "uv": [ 3.5, 9.5, 9.5, 10 ], "texture": "#texture" },
        "south": { "uv": [ 3.5, 7.5, 9.5, 8 ], "texture": "#texture" },
        "west":  { "uv": [ 9.5, 7.5, 10, 8 ], "texture": "#texture" },
        "east":  { "uv": [ 6, 7.5, 6.5, 8 ], "texture": "#texture" }
    }
},
{
    "__comment": "Hat",
    "from": [ 3.5, 8.5, 6.5 ],
    "to": [ 10, 9, 9.5 ],
    "faces": {
        "up":    { "uv": [ 3.5, 6.5, 10, 9.5 ], "texture": "#texture" },
        "north": { "uv": [ 6, 7, 12.5, 7.5 ], "texture": "#texture" },
        "south": { "uv": [ 3.5, 7, 10, 7.5 ], "texture": "#texture" },
        "west":  { "uv": [ 6.5, 7, 9.5, 7.5 ], "texture": "#texture" },
        "east":  { "uv": [ 6.5, 7, 9.5, 7.5 ], "texture": "#texture" }
    }
},
{
    "__comment": "Hat",
    "from": [ 3.5, 8, 6 ],
    "to": [ 9.5, 8.5, 6.5 ],
    "faces": {
        "up":    { "uv": [ 3.5, 6, 9.5, 6.5 ], "texture": "#texture" },
        "north": { "uv": [ 6.5, 7.5, 12.5, 8 ], "texture": "#texture" },
        "west":  { "uv": [ 6, 7.5, 6.5, 8 ], "texture": "#texture" },
        "east":  { "uv": [ 9.5, 7.5, 10, 8 ], "texture": "#texture" }
    }
},
{
    "__comment": "Hat",
    "from": [ 3.5, 7.5, 5.5 ],
    "to": [ 9.5, 8, 6 ],
    "faces": {
        "up":    { "uv": [ 3.5, 5.5, 9.5, 6 ], "texture": "#texture" },
        "north": { "uv": [ 6.5, 8, 12.5, 8.5 ], "texture": "#texture" },
        "west":  { "uv": [ 5.5, 8, 6, 8.5 ], "texture": "#texture" },
        "east":  { "uv": [ 10, 8, 10.5, 8.5 ], "texture": "#texture" }
    }
},
{
    "__comment": "Hat",
    "from": [ 3.5, 7, 5 ],
    "to": [ 9, 7.5, 5.5 ],
    "faces": {
        "up":    { "uv": [ 3.5, 5, 9, 5.5 ], "texture": "#texture" },
        "north": { "uv": [ 7, 8.5, 12.5, 9 ], "texture": "#texture" },
        "west":  { "uv": [ 5, 8.5, 5.5, 9 ], "texture": "#texture" },
        "east":  { "uv": [ 10.5, 8.5, 11, 9 ], "texture": "#texture" }
    }
},
{
    "__comment": "Hat",
    "from": [ 3.5, 4.5, 5 ],
    "to": [ 10.5, 5.5, 5.5 ],
    "faces": {
        "down":  { "uv": [ 3.5, 5.5, 10.5, 5 ], "texture": "#texture" },
        "up":    { "uv": [ 3.5, 5, 10.5, 5.5 ], "texture": "#texture" },
        "north": { "uv": [ 5.5, 10.5, 12.5, 11.5 ], "texture": "#texture" },
        "south": { "uv": [ 3.5, 10.5, 10.5, 11.5 ], "texture": "#texture" },
        "east":  { "uv": [ 10.5, 10.5, 11, 11.5 ], "texture": "#texture" }
    }
},
{
    "__comment": "Hat",
    "from": [ 3.5, 6.5, 4.5 ],
    "to": [ 9, 7, 5 ],
    "faces": {
        "up":    { "uv": [ 3.5, 4.5, 9, 5 ], "texture": "#texture" },
        "north": { "uv": [ 7, 9, 12.5, 9.5 ], "texture": "#texture" },
        "west":  { "uv": [ 4.5, 9, 5, 9.5 ], "texture": "#texture" },
        "east":  { "uv": [ 11, 9, 11.5, 9.5 ], "texture": "#texture" }
    }
},
{
    "__comment": "Hat",
    "from": [ 3.5, 5.5, 4 ],
    "to": [ 9, 6.5, 4.5 ],
    "faces": {
        "up":    { "uv": [ 3.5, 4, 9, 4.5 ], "texture": "#texture" },
        "north": { "uv": [ 7, 9.5, 12.5, 10.5 ], "texture": "#texture" },
        "west":  { "uv": [ 4, 9.5, 4.5, 10.5 ], "texture": "#texture" },
        "east":  { "uv": [ 11.5, 9.5, 12, 10.5 ], "texture": "#texture" }
    }
},
{
    "__comment": "Hat",
    "from": [ 3.5, 4, 3.5 ],
    "to": [ 11, 5, 4 ],
    "faces": {
        "down":  { "uv": [ 3.5, 4, 11, 3.5 ], "texture": "#texture" },
        "up":    { "uv": [ 3.5, 3.5, 11, 4 ], "texture": "#texture" },
        "north": { "uv": [ 5, 11, 12.5, 12 ], "texture": "#texture" },
        "south": { "uv": [ 3.5, 11, 11, 12 ], "texture": "#texture" },
        "east":  { "uv": [ 12, 11, 12.5, 12 ], "texture": "#texture" }
    }
},
{
    "__comment": "Hat",
    "from": [ 3.5, 3.5, 2 ],
    "to": [ 9, 5, 2.5 ],
    "faces": {
        "down":  { "uv": [ 3.5, 2.5, 9, 2 ], "texture": "#texture" },
        "up":    { "uv": [ 3.5, 2, 9, 2.5 ], "texture": "#texture" },
        "north": { "uv": [ 7, 11, 12.5, 12.5 ], "texture": "#texture" },
        "west":  { "uv": [ 2, 11, 2.5, 12.5 ], "texture": "#texture" },
        "east":  { "uv": [ 13.5, 11, 14, 12.5 ], "texture": "#texture" }
    }
},
{
    "__comment": "Hat",
    "from": [ 3, 5, 12 ],
    "to": [ 9, 5.5, 12.5 ],
    "faces": {
        "down":  { "uv": [ 3, 12.5, 9, 12 ], "texture": "#texture" },
        "up":    { "uv": [ 3, 12, 9, 12.5 ], "texture": "#texture" },
        "south": { "uv": [ 3, 10.5, 9, 11 ], "texture": "#texture" },
        "west":  { "uv": [ 12, 10.5, 12.5, 11 ], "texture": "#texture" },
        "east":  { "uv": [ 3.5, 10.5, 4, 11 ], "texture": "#texture" }
    }
},
{
    "__comment": "Hat",
    "from": [ 3, 4, 11.5 ],
    "to": [ 5.5, 5, 12 ],
    "faces": {
        "down":  { "uv": [ 3, 12, 5.5, 11.5 ], "texture": "#texture" },
        "north": { "uv": [ 10.5, 11, 13, 12 ], "texture": "#texture" },
        "south": { "uv": [ 3, 11, 5.5, 12 ], "texture": "#texture" },
        "east":  { "uv": [ 4, 11, 4.5, 12 ], "texture": "#texture" }
    }
},
{
    "__comment": "Hat",
    "from": [ 3, 5.5, 11 ],
    "to": [ 9.5, 6.5, 11.5 ],
    "faces": {
        "down":  { "uv": [ 3, 11.5, 9.5, 11 ], "texture": "#texture" },
        "up":    { "uv": [ 3, 11, 9.5, 11.5 ], "texture": "#texture" },
        "south": { "uv": [ 3, 9.5, 9.5, 10.5 ], "texture": "#texture" },
        "west":  { "uv": [ 11, 9.5, 11.5, 10.5 ], "texture": "#texture" },
        "east":  { "uv": [ 4.5, 9.5, 5, 10.5 ], "texture": "#texture" }
    }
},
{
    "__comment": "Hat",
    "from": [ 3, 6.5, 10.5 ],
    "to": [ 9.5, 7, 11 ],
    "faces": {
        "up":    { "uv": [ 3, 10.5, 9.5, 11 ], "texture": "#texture" },
        "south": { "uv": [ 3, 9, 9.5, 9.5 ], "texture": "#texture" },
        "west":  { "uv": [ 10.5, 9, 11, 9.5 ], "texture": "#texture" },
        "east":  { "uv": [ 5, 9, 5.5, 9.5 ], "texture": "#texture" }
    }
},
{
    "__comment": "Hat",
    "from": [ 3, 7, 10 ],
    "to": [ 9.5, 7.5, 10.5 ],
    "faces": {
        "up":    { "uv": [ 3, 10, 9.5, 10.5 ], "texture": "#texture" },
        "south": { "uv": [ 3, 8.5, 9.5, 9 ], "texture": "#texture" },
        "west":  { "uv": [ 10, 8.5, 10.5, 9 ], "texture": "#texture" },
        "east":  { "uv": [ 5.5, 8.5, 6, 9 ], "texture": "#texture" }
    }
},
{
    "__comment": "Hat",
    "from": [ 3, 7.5, 8.5 ],
    "to": [ 9.5, 8, 10 ],
    "faces": {
        "up":    { "uv": [ 3, 8.5, 9.5, 10 ], "texture": "#texture" },
        "south": { "uv": [ 3, 8, 9.5, 8.5 ], "texture": "#texture" },
        "west":  { "uv": [ 8.5, 8, 10, 8.5 ], "texture": "#texture" },
        "east":  { "uv": [ 6, 8, 7.5, 8.5 ], "texture": "#texture" }
    }
},
{
    "__comment": "Hat",
    "from": [ 3, 8, 6.5 ],
    "to": [ 10, 8.5, 9.5 ],
    "faces": {
        "down":  { "uv": [ 3, 9.5, 10, 6.5 ], "texture": "#texture" },
        "up":    { "uv": [ 3, 6.5, 10, 9.5 ], "texture": "#texture" },
        "north": { "uv": [ 6, 7.5, 13, 8 ], "texture": "#texture" },
        "south": { "uv": [ 3, 7.5, 10, 8 ], "texture": "#texture" },
        "west":  { "uv": [ 6.5, 7.5, 9.5, 8 ], "texture": "#texture" },
        "east":  { "uv": [ 6.5, 7.5, 9.5, 8 ], "texture": "#texture" }
    }
},
{
    "__comment": "Hat",
    "from": [ 3, 7.5, 6 ],
    "to": [ 9.5, 8, 7.5 ],
    "faces": {
        "up":    { "uv": [ 3, 6, 9.5, 7.5 ], "texture": "#texture" },
        "north": { "uv": [ 6.5, 8, 13, 8.5 ], "texture": "#texture" },
        "west":  { "uv": [ 6, 8, 7.5, 8.5 ], "texture": "#texture" },
        "east":  { "uv": [ 8.5, 8, 10, 8.5 ], "texture": "#texture" }
    }
},
{
    "__comment": "Hat",
    "from": [ 3, 7, 5.5 ],
    "to": [ 9.5, 7.5, 6 ],
    "faces": {
        "up":    { "uv": [ 3, 5.5, 9.5, 6 ], "texture": "#texture" },
        "north": { "uv": [ 6.5, 8.5, 13, 9 ], "texture": "#texture" },
        "west":  { "uv": [ 5.5, 8.5, 6, 9 ], "texture": "#texture" },
        "east":  { "uv": [ 10, 8.5, 10.5, 9 ], "texture": "#texture" }
    }
},
{
    "__comment": "Hat",
    "from": [ 3, 5, 5.5 ],
    "to": [ 11, 5.5, 6 ],
    "faces": {
        "up":    { "uv": [ 3, 5.5, 11, 6 ], "texture": "#texture" },
        "north": { "uv": [ 5, 10.5, 13, 11 ], "texture": "#texture" },
        "east":  { "uv": [ 10, 10.5, 10.5, 11 ], "texture": "#texture" }
    }
},
{
    "__comment": "Hat",
    "from": [ 3, 4.5, 5.5 ],
    "to": [ 12, 5, 6.5 ],
    "faces": {
        "down":  { "uv": [ 3, 6.5, 12, 5.5 ], "texture": "#texture" },
        "up":    { "uv": [ 3, 5.5, 12, 6.5 ], "texture": "#texture" },
        "north": { "uv": [ 4, 11, 13, 11.5 ], "texture": "#texture" },
        "south": { "uv": [ 3, 11, 12, 11.5 ], "texture": "#texture" },
        "west":  { "uv": [ 5.5, 11, 6.5, 11.5 ], "texture": "#texture" },
        "east":  { "uv": [ 9.5, 11, 10.5, 11.5 ], "texture": "#texture" }
    }
},
{
    "__comment": "Hat",
    "from": [ 3, 6.5, 5 ],
    "to": [ 9.5, 7, 5.5 ],
    "faces": {
        "up":    { "uv": [ 3, 5, 9.5, 5.5 ], "texture": "#texture" },
        "north": { "uv": [ 6.5, 9, 13, 9.5 ], "texture": "#texture" },
        "west":  { "uv": [ 5, 9, 5.5, 9.5 ], "texture": "#texture" },
        "east":  { "uv": [ 10.5, 9, 11, 9.5 ], "texture": "#texture" }
    }
},
{
    "__comment": "Hat",
    "from": [ 3, 4, 5 ],
    "to": [ 3.5, 5.5, 5.5 ],
    "faces": {
        "down":  { "uv": [ 3, 5.5, 3.5, 5 ], "texture": "#texture" },
        "north": { "uv": [ 12.5, 10.5, 13, 12 ], "texture": "#texture" },
        "south": { "uv": [ 3, 10.5, 3.5, 12 ], "texture": "#texture" },
        "east":  { "uv": [ 10.5, 10.5, 11, 12 ], "texture": "#texture" }
    }
},
{
    "__comment": "Hat",
    "from": [ 3, 5.5, 4.5 ],
    "to": [ 9.5, 6.5, 5 ],
    "faces": {
        "up":    { "uv": [ 3, 4.5, 9.5, 5 ], "texture": "#texture" },
        "north": { "uv": [ 6.5, 9.5, 13, 10.5 ], "texture": "#texture" },
        "west":  { "uv": [ 4.5, 9.5, 5, 10.5 ], "texture": "#texture" },
        "east":  { "uv": [ 11, 9.5, 11.5, 10.5 ], "texture": "#texture" }
    }
},
{
    "__comment": "Hat",
    "from": [ 3, 4, 4 ],
    "to": [ 5.5, 5, 4.5 ],
    "faces": {
        "down":  { "uv": [ 3, 4.5, 5.5, 4 ], "texture": "#texture" },
        "north": { "uv": [ 10.5, 11, 13, 12 ], "texture": "#texture" },
        "south": { "uv": [ 3, 11, 5.5, 12 ], "texture": "#texture" },
        "east":  { "uv": [ 11.5, 11, 12, 12 ], "texture": "#texture" }
    }
},
{
    "__comment": "Hat",
    "from": [ 3, 5, 3.5 ],
    "to": [ 9, 5.5, 4 ],
    "faces": {
        "down":  { "uv": [ 3, 4, 9, 3.5 ], "texture": "#texture" },
        "up":    { "uv": [ 3, 3.5, 9, 4 ], "texture": "#texture" },
        "north": { "uv": [ 7, 10.5, 13, 11 ], "texture": "#texture" },
        "west":  { "uv": [ 3.5, 10.5, 4, 11 ], "texture": "#texture" },
        "east":  { "uv": [ 12, 10.5, 12.5, 11 ], "texture": "#texture" }
    }
},
{
    "__comment": "Hat",
    "from": [ 2.5, 3.5, 13 ],
    "to": [ 9.5, 5, 13.5 ],
    "faces": {
        "down":  { "uv": [ 2.5, 13.5, 9.5, 13 ], "texture": "#texture" },
        "up":    { "uv": [ 2.5, 13, 9.5, 13.5 ], "texture": "#texture" },
        "north": { "uv": [ 6.5, 11, 13.5, 12.5 ], "texture": "#texture" },
        "south": { "uv": [ 2.5, 11, 9.5, 12.5 ], "texture": "#texture" },
        "west":  { "uv": [ 13, 11, 13.5, 12.5 ], "texture": "#texture" },
        "east":  { "uv": [ 2.5, 11, 3, 12.5 ], "texture": "#texture" }
    }
},
{
    "__comment": "Hat",
    "from": [ 2.5, 5, 11.5 ],
    "to": [ 9.5, 5.5, 12 ],
    "faces": {
        "down":  { "uv": [ 2.5, 12, 9.5, 11.5 ], "texture": "#texture" },
        "up":    { "uv": [ 2.5, 11.5, 9.5, 12 ], "texture": "#texture" },
        "north": { "uv": [ 6.5, 10.5, 13.5, 11 ], "texture": "#texture" },
        "south": { "uv": [ 2.5, 10.5, 9.5, 11 ], "texture": "#texture" },
        "west":  { "uv": [ 11.5, 10.5, 12, 11 ], "texture": "#texture" },
        "east":  { "uv": [ 4, 10.5, 4.5, 11 ], "texture": "#texture" }
    }
},
{
    "__comment": "Hat",
    "from": [ 2.5, 5.5, 10.5 ],
    "to": [ 10, 6.5, 11 ],
    "faces": {
        "down":  { "uv": [ 2.5, 11, 10, 10.5 ], "texture": "#texture" },
        "up":    { "uv": [ 2.5, 10.5, 10, 11 ], "texture": "#texture" },
        "north": { "uv": [ 6, 9.5, 13.5, 10.5 ], "texture": "#texture" },
        "south": { "uv": [ 2.5, 9.5, 10, 10.5 ], "texture": "#texture" },
        "west":  { "uv": [ 10.5, 9.5, 11, 10.5 ], "texture": "#texture" },
        "east":  { "uv": [ 5, 9.5, 5.5, 10.5 ], "texture": "#texture" }
    }
},
{
    "__comment": "Hat",
    "from": [ 2.5, 6.5, 9.5 ],
    "to": [ 10, 7, 10.5 ],
    "faces": {
        "up":    { "uv": [ 2.5, 9.5, 10, 10.5 ], "texture": "#texture" },
        "south": { "uv": [ 2.5, 9, 10, 9.5 ], "texture": "#texture" },
        "west":  { "uv": [ 9.5, 9, 10.5, 9.5 ], "texture": "#texture" },
        "east":  { "uv": [ 5.5, 9, 6.5, 9.5 ], "texture": "#texture" }
    }
},
{
    "__comment": "Hat",
    "from": [ 2.5, 4, 9.5 ],
    "to": [ 3, 4.5, 10.5 ],
    "faces": {
        "down":  { "uv": [ 2.5, 10.5, 3, 9.5 ], "texture": "#texture" },
        "north": { "uv": [ 13, 11.5, 13.5, 12 ], "texture": "#texture" },
        "east":  { "uv": [ 5.5, 11.5, 6.5, 12 ], "texture": "#texture" }
    }
},
{
    "__comment": "Hat",
    "from": [ 2.5, 7.5, 7.5 ],
    "to": [ 10, 8, 8.5 ],
    "faces": {
        "up":    { "uv": [ 2.5, 7.5, 10, 8.5 ], "texture": "#texture" },
        "north": { "uv": [ 6, 8, 13.5, 8.5 ], "texture": "#texture" },
        "south": { "uv": [ 2.5, 8, 10, 8.5 ], "texture": "#texture" },
        "west":  { "uv": [ 7.5, 8, 8.5, 8.5 ], "texture": "#texture" },
        "east":  { "uv": [ 7.5, 8, 8.5, 8.5 ], "texture": "#texture" }
    }
},
{
    "__comment": "Hat",
    "from": [ 2.5, 4.5, 6.5 ],
    "to": [ 4.5, 5, 10.5 ],
    "faces": {
        "down":  { "uv": [ 2.5, 10.5, 4.5, 6.5 ], "texture": "#texture" },
        "up":    { "uv": [ 2.5, 6.5, 4.5, 10.5 ], "texture": "#texture" },
        "north": { "uv": [ 11.5, 11, 13.5, 11.5 ], "texture": "#texture" },
        "south": { "uv": [ 2.5, 11, 4.5, 11.5 ], "texture": "#texture" },
        "west":  { "uv": [ 6.5, 11, 10.5, 11.5 ], "texture": "#texture" },
        "east":  { "uv": [ 5.5, 11, 9.5, 11.5 ], "texture": "#texture" }
    }
},
{
    "__comment": "Hat",
    "from": [ 2.5, 7, 6 ],
    "to": [ 10, 7.5, 10 ],
    "faces": {
        "down":  { "uv": [ 2.5, 10, 10, 6 ], "texture": "#texture" },
        "up":    { "uv": [ 2.5, 6, 10, 10 ], "texture": "#texture" },
        "north": { "uv": [ 6, 8.5, 13.5, 9 ], "texture": "#texture" },
        "south": { "uv": [ 2.5, 8.5, 10, 9 ], "texture": "#texture" },
        "west":  { "uv": [ 6, 8.5, 10, 9 ], "texture": "#texture" },
        "east":  { "uv": [ 6, 8.5, 10, 9 ], "texture": "#texture" }
    }
},
{
    "__comment": "Hat",
    "from": [ 2.5, 4, 6 ],
    "to": [ 3, 5, 6.5 ],
    "faces": {
        "down":  { "uv": [ 2.5, 6.5, 3, 6 ], "texture": "#texture" },
        "south": { "uv": [ 2.5, 11, 3, 12 ], "texture": "#texture" },
        "east":  { "uv": [ 9.5, 11, 10, 12 ], "texture": "#texture" }
    }
},
{
    "__comment": "Hat",
    "from": [ 2.5, 6.5, 5.5 ],
    "to": [ 10, 7, 6.5 ],
    "faces": {
        "up":    { "uv": [ 2.5, 5.5, 10, 6.5 ], "texture": "#texture" },
        "north": { "uv": [ 6, 9, 13.5, 9.5 ], "texture": "#texture" },
        "west":  { "uv": [ 5.5, 9, 6.5, 9.5 ], "texture": "#texture" },
        "east":  { "uv": [ 9.5, 9, 10.5, 9.5 ], "texture": "#texture" }
    }
},
{
    "__comment": "Hat",
    "from": [ 2.5, 5.5, 5 ],
    "to": [ 10, 6.5, 5.5 ],
    "faces": {
        "down":  { "uv": [ 2.5, 5.5, 10, 5 ], "texture": "#texture" },
        "up":    { "uv": [ 2.5, 5, 10, 5.5 ], "texture": "#texture" },
        "north": { "uv": [ 6, 9.5, 13.5, 10.5 ], "texture": "#texture" },
        "west":  { "uv": [ 5, 9.5, 5.5, 10.5 ], "texture": "#texture" },
        "east":  { "uv": [ 10.5, 9.5, 11, 10.5 ], "texture": "#texture" }
    }
},
{
    "__comment": "Hat",
    "from": [ 2.5, 4, 4.5 ],
    "to": [ 4, 5, 5 ],
    "faces": {
        "down":  { "uv": [ 2.5, 5, 4, 4.5 ], "texture": "#texture" },
        "north": { "uv": [ 12, 11, 13.5, 12 ], "texture": "#texture" },
        "south": { "uv": [ 2.5, 11, 4, 12 ], "texture": "#texture" },
        "east":  { "uv": [ 11, 11, 11.5, 12 ], "texture": "#texture" }
    }
},
{
    "__comment": "Hat",
    "from": [ 2.5, 5, 4 ],
    "to": [ 9.5, 5.5, 5 ],
    "faces": {
        "down":  { "uv": [ 2.5, 5, 9.5, 4 ], "texture": "#texture" },
        "up":    { "uv": [ 2.5, 4, 9.5, 5 ], "texture": "#texture" },
        "north": { "uv": [ 6.5, 10.5, 13.5, 11 ], "texture": "#texture" },
        "south": { "uv": [ 2.5, 10.5, 9.5, 11 ], "texture": "#texture" },
        "west":  { "uv": [ 4, 10.5, 5, 11 ], "texture": "#texture" },
        "east":  { "uv": [ 11, 10.5, 12, 11 ], "texture": "#texture" }
    }
},
{
    "__comment": "Hat",
    "from": [ 2.5, 3.5, 2.5 ],
    "to": [ 9.5, 5, 3 ],
    "faces": {
        "down":  { "uv": [ 2.5, 3, 9.5, 2.5 ], "texture": "#texture" },
        "up":    { "uv": [ 2.5, 2.5, 9.5, 3 ], "texture": "#texture" },
        "north": { "uv": [ 6.5, 11, 13.5, 12.5 ], "texture": "#texture" },
        "south": { "uv": [ 2.5, 11, 9.5, 12.5 ], "texture": "#texture" },
        "west":  { "uv": [ 2.5, 11, 3, 12.5 ], "texture": "#texture" },
        "east":  { "uv": [ 13, 11, 13.5, 12.5 ], "texture": "#texture" }
    }
},
{
    "__comment": "Hat",
    "from": [ 2, 3.5, 12.5 ],
    "to": [ 5, 5, 13 ],
    "faces": {
        "down":  { "uv": [ 2, 13, 5, 12.5 ], "texture": "#texture" },
        "up":    { "uv": [ 2, 12.5, 5, 13 ], "texture": "#texture" },
        "north": { "uv": [ 11, 11, 14, 12.5 ], "texture": "#texture" },
        "south": { "uv": [ 2, 11, 5, 12.5 ], "texture": "#texture" },
        "west":  { "uv": [ 12.5, 11, 13, 12.5 ], "texture": "#texture" },
        "east":  { "uv": [ 3, 11, 3.5, 12.5 ], "texture": "#texture" }
    }
},
{
    "__comment": "Hat",
    "from": [ 2, 3.5, 11 ],
    "to": [ 2.5, 4, 11.5 ],
    "faces": {
        "down":  { "uv": [ 2, 11.5, 2.5, 11 ], "texture": "#texture" },
        "north": { "uv": [ 13.5, 12, 14, 12.5 ], "texture": "#texture" },
        "east":  { "uv": [ 4.5, 12, 5, 12.5 ], "texture": "#texture" }
    }
},
{
    "__comment": "Hat",
    "from": [ 2, 4, 10.5 ],
    "to": [ 3.5, 5.5, 11.5 ],
    "faces": {
        "down":  { "uv": [ 2, 11.5, 3.5, 10.5 ], "texture": "#texture" },
        "up":    { "uv": [ 2, 10.5, 3.5, 11.5 ], "texture": "#texture" },
        "north": { "uv": [ 12.5, 10.5, 14, 12 ], "texture": "#texture" },
        "south": { "uv": [ 2, 10.5, 3.5, 12 ], "texture": "#texture" },
        "west":  { "uv": [ 10.5, 10.5, 11.5, 12 ], "texture": "#texture" },
        "east":  { "uv": [ 4.5, 10.5, 5.5, 12 ], "texture": "#texture" }
    }
},
{
    "__comment": "Hat",
    "from": [ 2, 5.5, 9.5 ],
    "to": [ 10, 6, 10.5 ],
    "faces": {
        "south": { "uv": [ 2, 10, 10, 10.5 ], "texture": "#texture" },
        "west":  { "uv": [ 9.5, 10, 10.5, 10.5 ], "texture": "#texture" },
        "east":  { "uv": [ 5.5, 10, 6.5, 10.5 ], "texture": "#texture" }
    }
},
{
    "__comment": "Hat",
    "from": [ 2, 6, 9 ],
    "to": [ 10, 6.5, 10.5 ],
    "faces": {
        "down":  { "uv": [ 2, 10.5, 10, 9 ], "texture": "#texture" },
        "up":    { "uv": [ 2, 9, 10, 10.5 ], "texture": "#texture" },
        "south": { "uv": [ 2, 9.5, 10, 10 ], "texture": "#texture" },
        "west":  { "uv": [ 9, 9.5, 10.5, 10 ], "texture": "#texture" },
        "east":  { "uv": [ 5.5, 9.5, 7, 10 ], "texture": "#texture" }
    }
},
{
    "__comment": "Hat",
    "from": [ 2, 6.5, 7 ],
    "to": [ 10.5, 7, 9.5 ],
    "faces": {
        "down":  { "uv": [ 2, 9.5, 10.5, 7 ], "texture": "#texture" },
        "up":    { "uv": [ 2, 7, 10.5, 9.5 ], "texture": "#texture" },
        "south": { "uv": [ 2, 9, 10.5, 9.5 ], "texture": "#texture" },
        "west":  { "uv": [ 7, 9, 9.5, 9.5 ], "texture": "#texture" },
        "east":  { "uv": [ 6.5, 9, 9, 9.5 ], "texture": "#texture" }
    }
},
{
    "__comment": "Hat",
    "from": [ 2, 6, 6.5 ],
    "to": [ 10.5, 7, 7 ],
    "faces": {
        "up":    { "uv": [ 2, 6.5, 10.5, 7 ], "texture": "#texture" },
        "north": { "uv": [ 5.5, 9, 14, 10 ], "texture": "#texture" },
        "south": { "uv": [ 2, 9, 10.5, 10 ], "texture": "#texture" },
        "west":  { "uv": [ 6.5, 9, 7, 10 ], "texture": "#texture" },
        "east":  { "uv": [ 9, 9, 9.5, 10 ], "texture": "#texture" }
    }
},
{
    "__comment": "Hat",
    "from": [ 2, 5.5, 5.5 ],
    "to": [ 10, 6.5, 6.5 ],
    "faces": {
        "down":  { "uv": [ 2, 6.5, 10, 5.5 ], "texture": "#texture" },
        "up":    { "uv": [ 2, 5.5, 10, 6.5 ], "texture": "#texture" },
        "north": { "uv": [ 6, 9.5, 14, 10.5 ], "texture": "#texture" },
        "south": { "uv": [ 2, 9.5, 10, 10.5 ], "texture": "#texture" },
        "west":  { "uv": [ 5.5, 9.5, 6.5, 10.5 ], "texture": "#texture" },
        "east":  { "uv": [ 9.5, 9.5, 10.5, 10.5 ], "texture": "#texture" }
    }
},
{
    "__comment": "Hat",
    "from": [ 2, 4, 5 ],
    "to": [ 3, 5.5, 6 ],
    "faces": {
        "down":  { "uv": [ 2, 6, 3, 5 ], "texture": "#texture" },
        "up":    { "uv": [ 2, 5, 3, 6 ], "texture": "#texture" },
        "north": { "uv": [ 13, 10.5, 14, 12 ], "texture": "#texture" },
        "south": { "uv": [ 2, 10.5, 3, 12 ], "texture": "#texture" },
        "west":  { "uv": [ 5, 10.5, 6, 12 ], "texture": "#texture" },
        "east":  { "uv": [ 10, 10.5, 11, 12 ], "texture": "#texture" }
    }
},
{
    "__comment": "Hat",
    "from": [ 2, 3.5, 4.5 ],
    "to": [ 2.5, 5.5, 5 ],
    "faces": {
        "down":  { "uv": [ 2, 5, 2.5, 4.5 ], "texture": "#texture" },
        "up":    { "uv": [ 2, 4.5, 2.5, 5 ], "texture": "#texture" },
        "north": { "uv": [ 13.5, 10.5, 14, 12.5 ], "texture": "#texture" },
        "south": { "uv": [ 2, 10.5, 2.5, 12.5 ], "texture": "#texture" },
        "west":  { "uv": [ 4.5, 10.5, 5, 12.5 ], "texture": "#texture" },
        "east":  { "uv": [ 11, 10.5, 11.5, 12.5 ], "texture": "#texture" }
    }
},
{
    "__comment": "Hat",
    "from": [ 2, 3.5, 3 ],
    "to": [ 5, 5, 3.5 ],
    "faces": {
        "down":  { "uv": [ 2, 3.5, 5, 3 ], "texture": "#texture" },
        "up":    { "uv": [ 2, 3, 5, 3.5 ], "texture": "#texture" },
        "north": { "uv": [ 11, 11, 14, 12.5 ], "texture": "#texture" },
        "south": { "uv": [ 2, 11, 5, 12.5 ], "texture": "#texture" },
        "west":  { "uv": [ 3, 11, 3.5, 12.5 ], "texture": "#texture" },
        "east":  { "uv": [ 12.5, 11, 13, 12.5 ], "texture": "#texture" }
    }
},
{
    "__comment": "Hat",
    "from": [ 1.5, 3.5, 12 ],
    "to": [ 3.5, 5, 12.5 ],
    "faces": {
        "down":  { "uv": [ 1.5, 12.5, 3.5, 12 ], "texture": "#texture" },
        "up":    { "uv": [ 1.5, 12, 3.5, 12.5 ], "texture": "#texture" },
        "north": { "uv": [ 12.5, 11, 14.5, 12.5 ], "texture": "#texture" },
        "south": { "uv": [ 1.5, 11, 3.5, 12.5 ], "texture": "#texture" },
        "west":  { "uv": [ 12, 11, 12.5, 12.5 ], "texture": "#texture" },
        "east":  { "uv": [ 3.5, 11, 4, 12.5 ], "texture": "#texture" }
    }
},
{
    "__comment": "Hat",
    "from": [ 1.5, 3.5, 10 ],
    "to": [ 2, 4, 10.5 ],
    "faces": {
        "down":  { "uv": [ 1.5, 10.5, 2, 10 ], "texture": "#texture" },
        "north": { "uv": [ 14, 12, 14.5, 12.5 ], "texture": "#texture" },
        "east":  { "uv": [ 5.5, 12, 6, 12.5 ], "texture": "#texture" }
    }
},
{
    "__comment": "Hat",
    "from": [ 1.5, 5, 9.5 ],
    "to": [ 11, 5.5, 10.5 ],
    "faces": {
        "down":  { "uv": [ 1.5, 10.5, 11, 9.5 ], "texture": "#texture" },
        "up":    { "uv": [ 1.5, 9.5, 11, 10.5 ], "texture": "#texture" },
        "south": { "uv": [ 1.5, 10.5, 11, 11 ], "texture": "#texture" },
        "west":  { "uv": [ 9.5, 10.5, 10.5, 11 ], "texture": "#texture" },
        "east":  { "uv": [ 5.5, 10.5, 6.5, 11 ], "texture": "#texture" }
    }
},
{
    "__comment": "Hat",
    "from": [ 1.5, 6, 7 ],
    "to": [ 10.5, 6.5, 9 ],
    "faces": {
        "up":    { "uv": [ 1.5, 7, 10.5, 9 ], "texture": "#texture" },
        "north": { "uv": [ 5.5, 9.5, 14.5, 10 ], "texture": "#texture" },
        "south": { "uv": [ 1.5, 9.5, 10.5, 10 ], "texture": "#texture" },
        "west":  { "uv": [ 7, 9.5, 9, 10 ], "texture": "#texture" },
        "east":  { "uv": [ 7, 9.5, 9, 10 ], "texture": "#texture" }
    }
},
{
    "__comment": "Hat",
    "from": [ 1.5, 5.5, 6.5 ],
    "to": [ 10.5, 6, 9.5 ],
    "faces": {
        "up":    { "uv": [ 1.5, 6.5, 10.5, 9.5 ], "texture": "#texture" },
        "north": { "uv": [ 5.5, 10, 14.5, 10.5 ], "texture": "#texture" },
        "south": { "uv": [ 1.5, 10, 10.5, 10.5 ], "texture": "#texture" },
        "west":  { "uv": [ 6.5, 10, 9.5, 10.5 ], "texture": "#texture" },
        "east":  { "uv": [ 6.5, 10, 9.5, 10.5 ], "texture": "#texture" }
    }
},
{
    "__comment": "Hat",
    "from": [ 1.5, 5, 6 ],
    "to": [ 11, 5.5, 6.5 ],
    "faces": {
        "down":  { "uv": [ 1.5, 6.5, 11, 6 ], "texture": "#texture" },
        "up":    { "uv": [ 1.5, 6, 11, 6.5 ], "texture": "#texture" },
        "north": { "uv": [ 5, 10.5, 14.5, 11 ], "texture": "#texture" },
        "west":  { "uv": [ 6, 10.5, 6.5, 11 ], "texture": "#texture" },
        "east":  { "uv": [ 9.5, 10.5, 10, 11 ], "texture": "#texture" }
    }
},
{
    "__comment": "Hat",
    "from": [ 1.5, 4, 6 ],
    "to": [ 2.5, 5, 7.5 ],
    "faces": {
        "down":  { "uv": [ 1.5, 7.5, 2.5, 6 ], "texture": "#texture" },
        "up":    { "uv": [ 1.5, 6, 2.5, 7.5 ], "texture": "#texture" },
        "north": { "uv": [ 13.5, 11, 14.5, 12 ], "texture": "#texture" },
        "east":  { "uv": [ 8.5, 11, 10, 12 ], "texture": "#texture" }
    }
},
{
    "__comment": "Hat",
    "from": [ 1.5, 3.5, 5.5 ],
    "to": [ 2, 5.5, 6 ],
    "faces": {
        "down":  { "uv": [ 1.5, 6, 2, 5.5 ], "texture": "#texture" },
        "up":    { "uv": [ 1.5, 5.5, 2, 6 ], "texture": "#texture" },
        "north": { "uv": [ 14, 10.5, 14.5, 12.5 ], "texture": "#texture" },
        "south": { "uv": [ 1.5, 10.5, 2, 12.5 ], "texture": "#texture" },
        "west":  { "uv": [ 5.5, 10.5, 6, 12.5 ], "texture": "#texture" },
        "east":  { "uv": [ 10, 10.5, 10.5, 12.5 ], "texture": "#texture" }
    }
},
{
    "__comment": "Hat",
    "from": [ 1.5, 3.5, 3.5 ],
    "to": [ 3.5, 5, 4 ],
    "faces": {
        "down":  { "uv": [ 1.5, 4, 3.5, 3.5 ], "texture": "#texture" },
        "up":    { "uv": [ 1.5, 3.5, 3.5, 4 ], "texture": "#texture" },
        "north": { "uv": [ 12.5, 11, 14.5, 12.5 ], "texture": "#texture" },
        "south": { "uv": [ 1.5, 11, 3.5, 12.5 ], "texture": "#texture" },
        "west":  { "uv": [ 3.5, 11, 4, 12.5 ], "texture": "#texture" },
        "east":  { "uv": [ 12, 11, 12.5, 12.5 ], "texture": "#texture" }
    }
},
{
    "__comment": "Hat",
    "from": [ 1, 3.5, 11.5 ],
    "to": [ 3, 5, 12 ],
    "faces": {
        "down":  { "uv": [ 1, 12, 3, 11.5 ], "texture": "#texture" },
        "up":    { "uv": [ 1, 11.5, 3, 12 ], "texture": "#texture" },
        "north": { "uv": [ 13, 11, 15, 12.5 ], "texture": "#texture" },
        "south": { "uv": [ 1, 11, 3, 12.5 ], "texture": "#texture" },
        "west":  { "uv": [ 11.5, 11, 12, 12.5 ], "texture": "#texture" },
        "east":  { "uv": [ 4, 11, 4.5, 12.5 ], "texture": "#texture" }
    }
},
{
    "__comment": "Hat",
    "from": [ 1, 3.5, 8.5 ],
    "to": [ 1.5, 4, 10.5 ],
    "faces": {
        "down":  { "uv": [ 1, 10.5, 1.5, 8.5 ], "texture": "#texture" },
        "north": { "uv": [ 14.5, 12, 15, 12.5 ], "texture": "#texture" },
        "east":  { "uv": [ 5.5, 12, 7.5, 12.5 ], "texture": "#texture" }
    }
},
{
    "__comment": "Hat",
    "from": [ 1, 4, 7.5 ],
    "to": [ 2.5, 5, 10.5 ],
    "faces": {
        "down":  { "uv": [ 1, 10.5, 2.5, 7.5 ], "texture": "#texture" },
        "up":    { "uv": [ 1, 7.5, 2.5, 10.5 ], "texture": "#texture" },
        "north": { "uv": [ 13.5, 11, 15, 12 ], "texture": "#texture" },
        "south": { "uv": [ 1, 11, 2.5, 12 ], "texture": "#texture" },
        "east":  { "uv": [ 5.5, 11, 8.5, 12 ], "texture": "#texture" }
    }
},
{
    "__comment": "Hat",
    "from": [ 1, 5, 6.5 ],
    "to": [ 11, 5.5, 9.5 ],
    "faces": {
        "down":  { "uv": [ 1, 9.5, 11, 6.5 ], "texture": "#texture" },
        "up":    { "uv": [ 1, 6.5, 11, 9.5 ], "texture": "#texture" },
        "north": { "uv": [ 5, 10.5, 15, 11 ], "texture": "#texture" },
        "south": { "uv": [ 1, 10.5, 11, 11 ], "texture": "#texture" },
        "west":  { "uv": [ 6.5, 10.5, 9.5, 11 ], "texture": "#texture" },
        "east":  { "uv": [ 6.5, 10.5, 9.5, 11 ], "texture": "#texture" }
    }
},
{
    "__comment": "Hat",
    "from": [ 1, 3.5, 5.5 ],
    "to": [ 1.5, 5, 7.5 ],
    "faces": {
        "down":  { "uv": [ 1, 7.5, 1.5, 5.5 ], "texture": "#texture" },
        "up":    { "uv": [ 1, 5.5, 1.5, 7.5 ], "texture": "#texture" },
        "south": { "uv": [ 1, 11, 1.5, 12.5 ], "texture": "#texture" },
        "east":  { "uv": [ 8.5, 11, 10.5, 12.5 ], "texture": "#texture" }
    }
},
{
    "__comment": "Hat",
    "from": [ 1, 3.5, 4 ],
    "to": [ 3, 5, 4.5 ],
    "faces": {
        "down":  { "uv": [ 1, 4.5, 3, 4 ], "texture": "#texture" },
        "up":    { "uv": [ 1, 4, 3, 4.5 ], "texture": "#texture" },
        "north": { "uv": [ 13, 11, 15, 12.5 ], "texture": "#texture" },
        "south": { "uv": [ 1, 11, 3, 12.5 ], "texture": "#texture" },
        "west":  { "uv": [ 4, 11, 4.5, 12.5 ], "texture": "#texture" },
        "east":  { "uv": [ 11.5, 11, 12, 12.5 ], "texture": "#texture" }
    }
},
{
    "__comment": "Hat",
    "from": [ 0.5, 3.5, 10.5 ],
    "to": [ 2, 5, 11.5 ],
    "faces": {
        "down":  { "uv": [ 0.5, 11.5, 2, 10.5 ], "texture": "#texture" },
        "up":    { "uv": [ 0.5, 10.5, 2, 11.5 ], "texture": "#texture" },
        "north": { "uv": [ 14, 11, 15.5, 12.5 ], "texture": "#texture" },
        "south": { "uv": [ 0.5, 11, 2, 12.5 ], "texture": "#texture" },
        "west":  { "uv": [ 10.5, 11, 11.5, 12.5 ], "texture": "#texture" },
        "east":  { "uv": [ 4.5, 11, 5.5, 12.5 ], "texture": "#texture" }
    }
},
{
    "__comment": "Hat",
    "from": [ 0.5, 3.5, 4.5 ],
    "to": [ 2, 5, 5.5 ],
    "faces": {
        "down":  { "uv": [ 0.5, 5.5, 2, 4.5 ], "texture": "#texture" },
        "up":    { "uv": [ 0.5, 4.5, 2, 5.5 ], "texture": "#texture" },
        "north": { "uv": [ 14, 11, 15.5, 12.5 ], "texture": "#texture" },
        "south": { "uv": [ 0.5, 11, 2, 12.5 ], "texture": "#texture" },
        "west":  { "uv": [ 4.5, 11, 5.5, 12.5 ], "texture": "#texture" },
        "east":  { "uv": [ 10.5, 11, 11.5, 12.5 ], "texture": "#texture" }
    }
},
{
    "__comment": "Hat",
    "from": [ 0, 3.5, 5.5 ],
    "to": [ 1, 5, 10.5 ],
    "faces": {
        "down":  { "uv": [ 16, 10.5, 15, 5.5 ], "texture": "#texture" },
        "up":    { "uv": [ 0, 5.5, 1, 10.5 ], "texture": "#texture" },
        "north": { "uv": [ 15, 11, 16, 12.5 ], "texture": "#texture" },
        "south": { "uv": [ 0, 11, 1, 12.5 ], "texture": "#texture" },
        "west":  { "uv": [ 5.5, 11, 10.5, 12.5 ], "texture": "#texture" },
        "east":  { "uv": [ 5.5, 11, 10.5, 12.5 ], "texture": "#texture" }
    }
}
],
"display": {
    "thirdperson": {
        "rotation": [ 0, 90, -116 ],
        "translation": [ 0.2, 1.5, -2.5 ],
        "scale": [ 0.75, 0.75, 0.75 ]
    },
    "head": {
        "rotation": [ 0, -90, 0 ],
        "translation": [ 0, -8, 1.25 ],
        "scale": [ 1.2, 1.2, 1.2 ]
    },
    "fixed": {
        "rotation": [ 0, 0, 0 ],
        "translation": [ 0, 0, 0 ],
        "scale": [ 2, 2, 2 ]
    },
    "firstperson": {
        "rotation": [ 0, -123, 0 ],
        "translation": [ 3.3, 2, 0 ],
        "scale": [ 1.5, 1.5, 1.5 ]
    },
    "gui": {
        "rotation": [ 0, 178, 0 ],
        "translation": [ -0.1, 0.8, 0 ],
        "scale": [ 1, 1, 1 ]
    }
}
}