{
	"credit": "Made with Blockbench By Astraliyte",
	"textures": {
		"3": "item/food/models/cooked_chicken",
		"particle": "item/food/models/cooked_chicken"
	},
	"elements": [
		{
			"from": [7, 7, 7],
			"to": [9, 9, 9],
			"faces": {
				"north": {"uv": [10, 8, 12, 10], "texture": "#3"},
				"east": {"uv": [8, 8, 10, 10], "texture": "#3"},
				"south": {"uv": [14, 8, 16, 10], "texture": "#3"},
				"west": {"uv": [12, 8, 14, 10], "texture": "#3"},
				"up": {"uv": [12, 8, 10, 6], "texture": "#3"},
				"down": {"uv": [14, 6, 12, 8], "texture": "#3"}
			}
		},
		{
			"from": [7, 7, 10],
			"to": [9, 9, 12],
			"faces": {
				"north": {"uv": [10, 2, 12, 4], "texture": "#3"},
				"east": {"uv": [8, 2, 10, 4], "texture": "#3"},
				"south": {"uv": [14, 2, 16, 4], "texture": "#3"},
				"west": {"uv": [12, 2, 14, 4], "texture": "#3"},
				"up": {"uv": [12, 2, 10, 0], "texture": "#3"},
				"down": {"uv": [14, 0, 12, 2], "texture": "#3"}
			}
		},
		{
			"from": [7.5, 5.5, 10.5],
			"to": [8.5, 7.5, 11.5],
			"faces": {
				"north": {"uv": [1, 12, 2, 14], "texture": "#3"},
				"east": {"uv": [0, 12, 1, 14], "texture": "#3"},
				"south": {"uv": [3, 12, 4, 14], "texture": "#3"},
				"west": {"uv": [2, 12, 3, 14], "texture": "#3"},
				"up": {"uv": [2, 12, 1, 11], "texture": "#3"},
				"down": {"uv": [3, 11, 2, 12], "texture": "#3"}
			}
		},
		{
			"from": [7.5, 5.5, 7.5],
			"to": [8.5, 7.5, 8.5],
			"faces": {
				"north": {"uv": [1, 1, 2, 3], "texture": "#3"},
				"east": {"uv": [0, 1, 1, 3], "texture": "#3"},
				"south": {"uv": [3, 1, 4, 3], "texture": "#3"},
				"west": {"uv": [2, 1, 3, 3], "texture": "#3"},
				"up": {"uv": [2, 1, 1, 0], "texture": "#3"},
				"down": {"uv": [3, 0, 2, 1], "texture": "#3"}
			}
		},
		{
			"from": [7, 10, 7.5],
			"to": [9, 12, 11.5],
			"faces": {
				"north": {"uv": [4, 4, 6, 6], "texture": "#3"},
				"east": {"uv": [0, 4, 4, 6], "texture": "#3"},
				"south": {"uv": [10, 4, 12, 6], "texture": "#3"},
				"west": {"uv": [6, 4, 10, 6], "texture": "#3"},
				"up": {"uv": [6, 4, 4, 0], "texture": "#3"},
				"down": {"uv": [8, 0, 6, 4], "texture": "#3"}
			}
		},
		{
			"from": [7, 8, 9],
			"to": [9, 9, 10],
			"faces": {
				"north": {"uv": [8, 11, 10, 12], "texture": "#3"},
				"east": {"uv": [7, 11, 8, 12], "texture": "#3"},
				"south": {"uv": [11, 11, 13, 12], "texture": "#3"},
				"west": {"uv": [10, 11, 11, 12], "texture": "#3"},
				"up": {"uv": [10, 11, 8, 10], "texture": "#3"},
				"down": {"uv": [12, 10, 10, 11], "texture": "#3"}
			}
		},
		{
			"from": [7.5, 9, 8],
			"to": [8.5, 11, 11],
			"faces": {
				"north": {"uv": [3, 9, 4, 11], "texture": "#3"},
				"east": {"uv": [0, 9, 3, 11], "texture": "#3"},
				"south": {"uv": [7, 9, 8, 11], "texture": "#3"},
				"west": {"uv": [4, 9, 7, 11], "texture": "#3"},
				"up": {"uv": [4, 9, 3, 6], "texture": "#3"},
				"down": {"uv": [5, 6, 4, 9], "texture": "#3"}
			}
		}
	],
	"gui_light": "front",
	"display": {
		"firstperson_righthand": {
			"translation": [0, 1.5, 0]
		},
		"firstperson_lefthand": {
			"translation": [0, 1.5, 0]
		},
		"ground": {
			"translation": [0, -1, 0]
		},
		"gui": {
			"rotation": [90, 51, -90],
			"translation": [-3.25, 0.75, 0],
			"scale": [2, 2, 2]
		},
		"head": {
			"translation": [0, 8.75, 0]
		},
		"fixed": {
			"rotation": [0, 90, 0],
			"translation": [-3.5, -1.5, -1.75],
			"scale": [2, 2, 2]
		}
	}
}