{
	"credit": "Made with Blockbench By Astraliyte",
	"textures": {
		"0": "item/food/models/cooked_rabbit",
		"particle": "item/food/models/cooked_rabbit"
	},
	"elements": [
		{
			"from": [6, 7, 7],
			"to": [10, 8, 9],
			"faces": {
				"north": {"uv": [2, 5, 6, 6], "texture": "#0"},
				"east": {"uv": [0, 5, 2, 6], "texture": "#0"},
				"south": {"uv": [8, 5, 12, 6], "texture": "#0"},
				"west": {"uv": [6, 5, 8, 6], "texture": "#0"},
				"up": {"uv": [6, 5, 2, 3], "texture": "#0"},
				"down": {"uv": [10, 3, 6, 5], "texture": "#0"}
			}
		},
		{
			"from": [6, 9, 7],
			"to": [10, 10, 9],
			"faces": {
				"north": {"uv": [2, 2, 6, 3], "texture": "#0"},
				"east": {"uv": [0, 2, 2, 3], "texture": "#0"},
				"south": {"uv": [8, 2, 12, 3], "texture": "#0"},
				"west": {"uv": [6, 2, 8, 3], "texture": "#0"},
				"up": {"uv": [6, 2, 2, 0], "texture": "#0"},
				"down": {"uv": [10, 0, 6, 2], "texture": "#0"}
			}
		},
		{
			"from": [9, 10, 7],
			"to": [10, 11, 9],
			"faces": {
				"north": {"uv": [6, 12, 7, 13], "texture": "#0"},
				"east": {"uv": [4, 12, 6, 13], "texture": "#0"},
				"south": {"uv": [9, 12, 10, 13], "texture": "#0"},
				"west": {"uv": [7, 12, 9, 13], "texture": "#0"},
				"up": {"uv": [7, 12, 6, 10], "texture": "#0"},
				"down": {"uv": [8, 10, 7, 12], "texture": "#0"}
			}
		},
		{
			"from": [6, 10, 7],
			"to": [7, 11, 9],
			"faces": {
				"north": {"uv": [12, 3, 13, 4], "texture": "#0"},
				"east": {"uv": [10, 3, 12, 4], "texture": "#0"},
				"south": {"uv": [15, 3, 16, 4], "texture": "#0"},
				"west": {"uv": [13, 3, 15, 4], "texture": "#0"},
				"up": {"uv": [13, 3, 12, 1], "texture": "#0"},
				"down": {"uv": [14, 1, 13, 3], "texture": "#0"}
			}
		},
		{
			"from": [7, 8, 7.5],
			"to": [9, 9, 8.5],
			"faces": {
				"north": {"uv": [2, 8, 4, 9], "texture": "#0"},
				"east": {"uv": [1, 8, 2, 9], "texture": "#0"},
				"south": {"uv": [5, 8, 7, 9], "texture": "#0"},
				"west": {"uv": [4, 8, 5, 9], "texture": "#0"},
				"up": {"uv": [4, 8, 2, 7], "texture": "#0"},
				"down": {"uv": [6, 7, 4, 8], "texture": "#0"}
			}
		},
		{
			"from": [9, 6, 7],
			"to": [10, 7, 9],
			"faces": {
				"north": {"uv": [2, 11, 3, 12], "texture": "#0"},
				"east": {"uv": [0, 11, 2, 12], "texture": "#0"},
				"south": {"uv": [5, 11, 6, 12], "texture": "#0"},
				"west": {"uv": [3, 11, 5, 12], "texture": "#0"},
				"up": {"uv": [3, 11, 2, 9], "texture": "#0"},
				"down": {"uv": [4, 9, 3, 11], "texture": "#0"}
			}
		},
		{
			"from": [6, 6, 7],
			"to": [7, 7, 9],
			"faces": {
				"north": {"uv": [8, 9, 9, 10], "texture": "#0"},
				"east": {"uv": [6, 9, 8, 10], "texture": "#0"},
				"south": {"uv": [11, 9, 12, 10], "texture": "#0"},
				"west": {"uv": [9, 9, 11, 10], "texture": "#0"},
				"up": {"uv": [9, 9, 8, 7], "texture": "#0"},
				"down": {"uv": [10, 7, 9, 9], "texture": "#0"}
			}
		},
		{
			"from": [8.5, 5, 7.5],
			"to": [9.5, 7, 8.5],
			"faces": {
				"north": {"uv": [11, 11, 12, 13], "texture": "#0"},
				"east": {"uv": [10, 11, 11, 13], "texture": "#0"},
				"south": {"uv": [13, 11, 14, 13], "texture": "#0"},
				"west": {"uv": [12, 11, 13, 13], "texture": "#0"},
				"up": {"uv": [12, 11, 11, 10], "texture": "#0"},
				"down": {"uv": [13, 10, 12, 11], "texture": "#0"}
			}
		},
		{
			"from": [6.5, 5, 7.5],
			"to": [7.5, 7, 8.5],
			"faces": {
				"north": {"uv": [11, 7, 12, 9], "texture": "#0"},
				"east": {"uv": [10, 7, 11, 9], "texture": "#0"},
				"south": {"uv": [13, 7, 14, 9], "texture": "#0"},
				"west": {"uv": [12, 7, 13, 9], "texture": "#0"},
				"up": {"uv": [12, 7, 11, 6], "texture": "#0"},
				"down": {"uv": [13, 6, 12, 7], "texture": "#0"}
			}
		},
		{
			"from": [7.5, 10, 7.5],
			"to": [8.5, 11, 8.5],
			"faces": {
				"north": {"uv": [1, 13, 2, 14], "texture": "#0"},
				"east": {"uv": [0, 13, 1, 14], "texture": "#0"},
				"south": {"uv": [3, 13, 4, 14], "texture": "#0"},
				"west": {"uv": [2, 13, 3, 14], "texture": "#0"},
				"up": {"uv": [2, 13, 1, 12], "texture": "#0"},
				"down": {"uv": [3, 12, 2, 13], "texture": "#0"}
			}
		}
	],
	"gui_light": "front",
	"display": {
		"thirdperson_righthand": {
			"translation": [0.25, 1, 0]
		},
		"thirdperson_lefthand": {
			"translation": [0.25, 0.75, -0.25]
		},
		"firstperson_righthand": {
			"rotation": [0, -90, 0],
			"translation": [1.25, 2, 0],
			"scale": [1.25, 1.25, 1.25]
		},
		"firstperson_lefthand": {
			"rotation": [0, -90, 0],
			"translation": [1.25, 2, 0],
			"scale": [1.25, 1.25, 1.25]
		},
		"ground": {
			"translation": [0, -0.5, 0]
		},
		"gui": {
			"rotation": [8, 25.19, -18],
			"translation": [0, -0.25, 0],
			"scale": [2, 2, 2]
		},
		"head": {
			"translation": [0, 9.5, 0]
		},
		"fixed": {
			"scale": [2, 2, 2]
		}
	}
}