{
	"credit": "Made with Blockbench By Astraliyte",
	"texture_size": [32, 32],
	"textures": {
		"0": "item/food/models/cooked_salmon",
		"particle": "item/food/models/cooked_salmon"
	},
	"elements": [
		{
			"from": [6.25, 2, 8.25],
			"to": [9.25, 7, 16.25],
			"rotation": {"angle": 0, "axis": "y", "origin": [8.75, 6.25, 8]},
			"faces": {
				"north": {"uv": [4, 4, 5.5, 6.5], "texture": "#0"},
				"east": {"uv": [0, 4, 4, 6.5], "texture": "#0"},
				"south": {"uv": [9.5, 4, 11, 6.5], "texture": "#0"},
				"west": {"uv": [5.5, 4, 9.5, 6.5], "texture": "#0"},
				"up": {"uv": [5.5, 4, 4, 0], "texture": "#0"},
				"down": {"uv": [7, 0, 5.5, 4], "texture": "#0"}
			}
		},
		{
			"from": [6.75, 3, -2.75],
			"to": [8.75, 7, 0.25],
			"rotation": {"angle": 0, "axis": "y", "origin": [8.75, 6.25, 8]},
			"faces": {
				"north": {"uv": [12, 1.5, 13, 3.5], "texture": "#0"},
				"east": {"uv": [10.5, 1.5, 12, 3.5], "texture": "#0"},
				"south": {"uv": [14.5, 1.5, 15.5, 3.5], "texture": "#0"},
				"west": {"uv": [13, 1.5, 14.5, 3.5], "texture": "#0"},
				"up": {"uv": [13, 1.5, 12, 0], "texture": "#0"},
				"down": {"uv": [14, 0, 13, 1.5], "texture": "#0"}
			}
		},
		{
			"from": [7.75, 7, 6.25],
			"to": [7.75, 9, 11.25],
			"rotation": {"angle": 0, "axis": "y", "origin": [8.75, 6.25, 8]},
			"faces": {
				"north": {"uv": [13.5, 6.5, 13.5, 7.5], "texture": "#0"},
				"east": {"uv": [11, 6.5, 13.5, 7.5], "texture": "#0"},
				"south": {"uv": [16, 6.5, 16, 7.5], "texture": "#0"},
				"west": {"uv": [13.5, 6.5, 16, 7.5], "texture": "#0"},
				"up": {"uv": [13.5, 6.5, 13.5, 4], "texture": "#0"},
				"down": {"uv": [13.5, 4, 13.5, 6.5], "texture": "#0"}
			}
		},
		{
			"from": [7.75, 2, 16.25],
			"to": [7.75, 7, 22.25],
			"rotation": {"angle": 0, "axis": "y", "origin": [8.75, 6.25, 8]},
			"faces": {
				"north": {"uv": [13, 8, 13, 10.5], "texture": "#0"},
				"east": {"uv": [10, 8, 13, 10.5], "texture": "#0"},
				"south": {"uv": [16, 8, 16, 10.5], "texture": "#0"},
				"west": {"uv": [13, 8, 16, 10.5], "texture": "#0"},
				"up": {"uv": [13, 8, 13, 5], "texture": "#0"},
				"down": {"uv": [13, 5, 13, 8], "texture": "#0"}
			}
		},
		{
			"from": [6.25, 2, 0.25],
			"to": [9.25, 7, 8.25],
			"rotation": {"angle": 0, "axis": "y", "origin": [8.75, 6.25, 8]},
			"faces": {
				"north": {"uv": [4, 10.5, 5.5, 13], "texture": "#0"},
				"east": {"uv": [0, 10.5, 4, 13], "texture": "#0"},
				"south": {"uv": [9.5, 10.5, 11, 13], "texture": "#0"},
				"west": {"uv": [5.5, 10.5, 9.5, 13], "texture": "#0"},
				"up": {"uv": [5.5, 10.5, 4, 6.5], "texture": "#0"},
				"down": {"uv": [7, 6.5, 5.5, 10.5], "texture": "#0"}
			}
		}
	],
	"gui_light": "front",
	"display": {
		"thirdperson_righthand": {
			"rotation": [0, 70, 0],
			"translation": [-0.75, 0.75, -0.25],
			"scale": [0.6, 0.6, 0.6]
		},
		"thirdperson_lefthand": {
			"rotation": [0, 70, 0],
			"translation": [-0.25, 0.75, 0],
			"scale": [0.6, 0.6, 0.6]
		},
		"firstperson_righthand": {
			"rotation": [0, 1, -20],
			"translation": [6.75, 1.75, 1.5]
		},
		"firstperson_lefthand": {
			"rotation": [0, 1, -20],
			"translation": [6.75, 1.75, 1.5]
		},
		"ground": {
			"rotation": [90, 90, 0],
			"translation": [0, -2.25, 0],
			"scale": [0.5, 0.5, 0.5]
		},
		"gui": {
			"rotation": [90, 135, -90],
			"translation": [-1.75, 1.5, 0],
			"scale": [0.7, 0.7, 0.7]
		},
		"head": {
			"translation": [0, 12.25, 0]
		},
		"fixed": {
			"rotation": [90, 135, -90],
			"translation": [-1.75, 1.5, 0],
			"scale": [0.7, 0.7, 0.7]
		}
	}
}