{
	"credit": "Made with Blockbench By Astraliyte",
	"texture_size": [32, 32],
	"textures": {
		"0": "item/food/models/cooked_porkchop",
		"particle": "item/food/models/cooked_porkchop"
	},
	"elements": [
		{
			"from": [7, 5, 7],
			"to": [9, 9, 12],
			"faces": {
				"north": {"uv": [2.5, 7, 3.5, 9], "texture": "#0"},
				"east": {"uv": [0, 7, 2.5, 9], "texture": "#0"},
				"south": {"uv": [6, 7, 7, 9], "texture": "#0"},
				"west": {"uv": [3.5, 7, 6, 9], "texture": "#0"},
				"up": {"uv": [3.5, 7, 2.5, 4.5], "texture": "#0"},
				"down": {"uv": [4.5, 4.5, 3.5, 7], "texture": "#0"}
			}
		},
		{
			"from": [6, 6, 8],
			"to": [10, 8, 11],
			"faces": {
				"north": {"uv": [6, 6, 8, 7], "texture": "#0"},
				"east": {"uv": [4.5, 6, 6, 7], "texture": "#0"},
				"south": {"uv": [9.5, 6, 11.5, 7], "texture": "#0"},
				"west": {"uv": [8, 6, 9.5, 7], "texture": "#0"},
				"up": {"uv": [8, 6, 6, 4.5], "texture": "#0"},
				"down": {"uv": [10, 4.5, 8, 6], "texture": "#0"}
			}
		},
		{
			"from": [6, 6, 11],
			"to": [7, 8, 12],
			"faces": {
				"north": {"uv": [7, 9, 7.5, 10], "texture": "#0"},
				"east": {"uv": [6.5, 9, 7, 10], "texture": "#0"},
				"south": {"uv": [8, 9, 8.5, 10], "texture": "#0"},
				"west": {"uv": [7.5, 9, 8, 10], "texture": "#0"},
				"up": {"uv": [7.5, 9, 7, 8.5], "texture": "#0"},
				"down": {"uv": [8, 8.5, 7.5, 9], "texture": "#0"}
			}
		},
		{
			"from": [9, 6, 11],
			"to": [10, 8, 12],
			"faces": {
				"north": {"uv": [8, 2.5, 8.5, 3.5], "texture": "#0"},
				"east": {"uv": [7.5, 2.5, 8, 3.5], "texture": "#0"},
				"south": {"uv": [9, 2.5, 9.5, 3.5], "texture": "#0"},
				"west": {"uv": [8.5, 2.5, 9, 3.5], "texture": "#0"},
				"up": {"uv": [8.5, 2.5, 8, 2], "texture": "#0"},
				"down": {"uv": [9, 2, 8.5, 2.5], "texture": "#0"}
			}
		},
		{
			"from": [6, 6, 7],
			"to": [7, 8, 8],
			"faces": {
				"north": {"uv": [7.5, 7.5, 8, 8.5], "texture": "#0"},
				"east": {"uv": [7, 7.5, 7.5, 8.5], "texture": "#0"},
				"south": {"uv": [8.5, 7.5, 9, 8.5], "texture": "#0"},
				"west": {"uv": [8, 7.5, 8.5, 8.5], "texture": "#0"},
				"up": {"uv": [8, 7.5, 7.5, 7], "texture": "#0"},
				"down": {"uv": [8.5, 7, 8, 7.5], "texture": "#0"}
			}
		},
		{
			"from": [9, 6, 7],
			"to": [10, 8, 8],
			"faces": {
				"north": {"uv": [0.5, 5, 1, 6], "texture": "#0"},
				"east": {"uv": [0, 5, 0.5, 6], "texture": "#0"},
				"south": {"uv": [1.5, 5, 2, 6], "texture": "#0"},
				"west": {"uv": [1, 5, 1.5, 6], "texture": "#0"},
				"up": {"uv": [1, 5, 0.5, 4.5], "texture": "#0"},
				"down": {"uv": [1.5, 4.5, 1, 5], "texture": "#0"}
			}
		},
		{
			"from": [9, 8, 8],
			"to": [10, 9, 11],
			"faces": {
				"north": {"uv": [6.5, 3.5, 7, 4], "texture": "#0"},
				"east": {"uv": [5, 3.5, 6.5, 4], "texture": "#0"},
				"south": {"uv": [8.5, 3.5, 9, 4], "texture": "#0"},
				"west": {"uv": [7, 3.5, 8.5, 4], "texture": "#0"},
				"up": {"uv": [7, 3.5, 6.5, 2], "texture": "#0"},
				"down": {"uv": [7.5, 2, 7, 3.5], "texture": "#0"}
			}
		},
		{
			"from": [6, 8, 8],
			"to": [7, 9, 11],
			"faces": {
				"north": {"uv": [6.5, 1.5, 7, 2], "texture": "#0"},
				"east": {"uv": [5, 1.5, 6.5, 2], "texture": "#0"},
				"south": {"uv": [8.5, 1.5, 9, 2], "texture": "#0"},
				"west": {"uv": [7, 1.5, 8.5, 2], "texture": "#0"},
				"up": {"uv": [7, 1.5, 6.5, 0], "texture": "#0"},
				"down": {"uv": [7.5, 0, 7, 1.5], "texture": "#0"}
			}
		},
		{
			"from": [9, 5, 8],
			"to": [10, 6, 11],
			"faces": {
				"north": {"uv": [1.5, 3.5, 2, 4], "texture": "#0"},
				"east": {"uv": [0, 3.5, 1.5, 4], "texture": "#0"},
				"south": {"uv": [3.5, 3.5, 4, 4], "texture": "#0"},
				"west": {"uv": [2, 3.5, 3.5, 4], "texture": "#0"},
				"up": {"uv": [2, 3.5, 1.5, 2], "texture": "#0"},
				"down": {"uv": [2.5, 2, 2, 3.5], "texture": "#0"}
			}
		},
		{
			"from": [6, 5, 8],
			"to": [7, 6, 11],
			"faces": {
				"north": {"uv": [1.5, 1.5, 2, 2], "texture": "#0"},
				"east": {"uv": [0, 1.5, 1.5, 2], "texture": "#0"},
				"south": {"uv": [3.5, 1.5, 4, 2], "texture": "#0"},
				"west": {"uv": [2, 1.5, 3.5, 2], "texture": "#0"},
				"up": {"uv": [2, 1.5, 1.5, 0], "texture": "#0"},
				"down": {"uv": [2.5, 0, 2, 1.5], "texture": "#0"}
			}
		},
		{
			"from": [7.5, 6.5, 6.5],
			"to": [8.5, 7.5, 12.5],
			"faces": {
				"north": {"uv": [4, 4, 4.5, 4.5], "texture": "#0"},
				"east": {"uv": [1, 4, 4, 4.5], "texture": "#0"},
				"south": {"uv": [7.5, 4, 8, 4.5], "texture": "#0"},
				"west": {"uv": [4.5, 4, 7.5, 4.5], "texture": "#0"},
				"up": {"uv": [4.5, 4, 4, 1], "texture": "#0"},
				"down": {"uv": [5, 1, 4.5, 4], "texture": "#0"}
			}
		}
	],
	"display": {
	"gui_light": "front",
		"thirdperson_righthand": {
			"rotation": [-90, 90, 0],
			"translation": [-1.5, 1, -0.5]
		},
		"thirdperson_lefthand": {
			"rotation": [-90, 90, 0],
			"translation": [-1.5, 1, -0.5]
		},
		"firstperson_righthand": {
			"rotation": [0, 35, 0],
			"translation": [-2, 3.75, 0]
		},
		"firstperson_lefthand": {
			"rotation": [0, 35, 0],
			"translation": [-1.75, 3.75, 0]
		},
		"gui": {
			"rotation": [0, 124, 30],
			"translation": [-1.75, 1.5, 0],
			"scale": [2, 2, 2]
		},
		"head": {
			"translation": [0, 9.5, -1.25]
		},
		"fixed": {
			"rotation": [-90, 0, 0],
			"translation": [0, -2.5, -6],
			"scale": [2, 2, 2]
		}
	}
}