{
	"credit": "Made with Blockbench By Astraliyte",
	"textures": {
		"0": "item/food/models/cooked_mutton",
		"particle": "item/food/models/cooked_mutton"
	},
	"elements": [
		{
			"from": [8.5, 4.95, 7],
			"to": [9.5, 8.95, 8],
			"rotation": {"angle": 0, "axis": "z", "origin": [6.5, 11.5, 8.5]},
			"faces": {
				"north": {"uv": [5, 10, 6, 14], "texture": "#0"},
				"east": {"uv": [4, 10, 5, 14], "texture": "#0"},
				"south": {"uv": [7, 10, 8, 14], "texture": "#0"},
				"west": {"uv": [6, 10, 7, 14], "texture": "#0"},
				"up": {"uv": [6, 10, 5, 9], "texture": "#0"},
				"down": {"uv": [7, 9, 6, 10], "texture": "#0"}
			}
		},
		{
			"from": [5.5, 5.95, 7],
			"to": [6.5, 9.95, 8],
			"rotation": {"angle": 0, "axis": "z", "origin": [6.5, 11.5, 8.5]},
			"faces": {
				"north": {"uv": [1, 9, 2, 13], "texture": "#0"},
				"east": {"uv": [0, 9, 1, 13], "texture": "#0"},
				"south": {"uv": [3, 9, 4, 13], "texture": "#0"},
				"west": {"uv": [2, 9, 3, 13], "texture": "#0"},
				"up": {"uv": [2, 9, 1, 8], "texture": "#0"},
				"down": {"uv": [3, 8, 2, 9], "texture": "#0"}
			}
		},
		{
			"from": [5, 3.95, 6.5],
			"to": [11, 5.95, 8.5],
			"rotation": {"angle": 0, "axis": "z", "origin": [6.5, 11.5, 8.5]},
			"faces": {
				"north": {"uv": [2, 2, 8, 4], "texture": "#0"},
				"east": {"uv": [0, 2, 2, 4], "texture": "#0"},
				"south": {"uv": [10, 2, 16, 4], "texture": "#0"},
				"west": {"uv": [8, 2, 10, 4], "texture": "#0"},
				"up": {"uv": [8, 2, 2, 0], "texture": "#0"},
				"down": {"uv": [14, 0, 8, 2], "texture": "#0"}
			}
		},
		{
			"from": [5, 5.95, 6.5],
			"to": [7, 7.95, 8.5],
			"rotation": {"angle": 0, "axis": "z", "origin": [6.5, 11.5, 8.5]},
			"faces": {
				"north": {"uv": [2, 6, 4, 8], "texture": "#0"},
				"east": {"uv": [0, 6, 2, 8], "texture": "#0"},
				"south": {"uv": [6, 6, 8, 8], "texture": "#0"},
				"west": {"uv": [4, 6, 6, 8], "texture": "#0"},
				"up": {"uv": [4, 6, 2, 4], "texture": "#0"},
				"down": {"uv": [6, 4, 4, 6], "texture": "#0"}
			}
		},
		{
			"from": [8, 5.95, 6.5],
			"to": [10, 6.95, 8.5],
			"rotation": {"angle": 0, "axis": "z", "origin": [6.5, 11.5, 8.5]},
			"faces": {
				"north": {"uv": [8, 8, 10, 9], "texture": "#0"},
				"east": {"uv": [6, 8, 8, 9], "texture": "#0"},
				"south": {"uv": [12, 8, 14, 9], "texture": "#0"},
				"west": {"uv": [10, 8, 12, 9], "texture": "#0"},
				"up": {"uv": [10, 8, 8, 6], "texture": "#0"},
				"down": {"uv": [12, 6, 10, 8], "texture": "#0"}
			}
		}
	],
	"gui_light": "front",
	"display": {
		"thirdperson_righthand": {
			"rotation": [0, 90, 180],
			"translation": [0.5, -0.5, 2]
		},
		"thirdperson_lefthand": {
			"rotation": [0, -90, 180],
			"translation": [-0.5, -0.5, 2]
		},
		"firstperson_righthand": {
			"rotation": [0, 90, 180],
			"translation": [1.75, 0.25, 1],
			"scale": [1.2, 1.2, 1.2]
		},
		"firstperson_lefthand": {
			"rotation": [0, -90, 180],
			"translation": [0.75, 0.25, 1],
			"scale": [1.2, 1.2, 1.2]
		},
		"gui": {
			"rotation": [25, -25, 0],
			"translation": [-0.25, 1.75, 0],
			"scale": [2, 2, 2]
		},
		"head": {
			"translation": [0, 10.5, 0]
		},
		"fixed": {
			"translation": [0.25, 2.5, -1],
			"scale": [2, 2, 2]
		}
	}
}