{
	"credit": "Made with Blockbench By Astraliyte",
	"texture_size": [32, 32],
	"textures": {
		"2": "item/food/models/cooked_cod",
		"particle": "item/food/models/cooked_cod"
	},
	"elements": [
		{
			"from": [7, 4, 3],
			"to": [9, 7, 4],
			"faces": {
				"north": {"uv": [0.5, 0.5, 1.5, 2], "texture": "#2"},
				"east": {"uv": [0, 0.5, 0.5, 2], "texture": "#2"},
				"south": {"uv": [2, 0.5, 3, 2], "texture": "#2"},
				"west": {"uv": [1.5, 0.5, 2, 2], "texture": "#2"},
				"up": {"uv": [1.5, 0.5, 0.5, 0], "texture": "#2"},
				"down": {"uv": [2.5, 0, 1.5, 0.5], "texture": "#2"}
			}
		},
		{
			"from": [7, 3, 4],
			"to": [9, 7, 7],
			"faces": {
				"north": {"uv": [7, 1.5, 8, 3.5], "texture": "#2"},
				"east": {"uv": [5.5, 1.5, 7, 3.5], "texture": "#2"},
				"south": {"uv": [9.5, 1.5, 10.5, 3.5], "texture": "#2"},
				"west": {"uv": [8, 1.5, 9.5, 3.5], "texture": "#2"},
				"up": {"uv": [8, 1.5, 7, 0], "texture": "#2"},
				"down": {"uv": [9, 0, 8, 1.5], "texture": "#2"}
			}
		},
		{
			"from": [7, 3, 7],
			"to": [9, 7, 14],
			"faces": {
				"north": {"uv": [3.5, 3.5, 4.5, 5.5], "texture": "#2"},
				"east": {"uv": [0, 3.5, 3.5, 5.5], "texture": "#2"},
				"south": {"uv": [8, 3.5, 9, 5.5], "texture": "#2"},
				"west": {"uv": [4.5, 3.5, 8, 5.5], "texture": "#2"},
				"up": {"uv": [4.5, 3.5, 3.5, 0], "texture": "#2"},
				"down": {"uv": [5.5, 0, 4.5, 3.5], "texture": "#2"}
			}
		},
		{
			"from": [8, 3, 14],
			"to": [8, 7, 20],
			"faces": {
				"north": {"uv": [13, 3.5, 13, 5.5], "texture": "#2"},
				"east": {"uv": [10, 3.5, 13, 5.5], "texture": "#2"},
				"south": {"uv": [16, 3.5, 16, 5.5], "texture": "#2"},
				"west": {"uv": [13, 3.5, 16, 5.5], "texture": "#2"},
				"up": {"uv": [13, 3.5, 13, 0.5], "texture": "#2"},
				"down": {"uv": [13, 0.5, 13, 3.5], "texture": "#2"}
			}
		},
		{
			"from": [8, 5, 6],
			"to": [8, 8, 12],
			"faces": {
				"north": {"uv": [13, 0, 13, 1.5], "texture": "#2"},
				"east": {"uv": [10, 0, 13, 1.5], "texture": "#2"},
				"south": {"uv": [16, 0, 16, 1.5], "texture": "#2"},
				"west": {"uv": [13, 0, 16, 1.5], "texture": "#2"},
				"up": {"uv": [13, 0, 13, -3], "texture": "#2"},
				"down": {"uv": [13, -3, 13, 0], "texture": "#2"}
			}
		}
	],
	"gui_light": "front",
	"display": {
		"thirdperson_righthand": {
			"rotation": [0, 70, 0],
			"translation": [-1.25, 1.5, -0.25],
			"scale": [0.6, 0.6, 0.6]
		},
		"thirdperson_lefthand": {
			"rotation": [0, 70, 0],
			"translation": [-1.25, 1.5, -0.25],
			"scale": [0.6, 0.6, 0.6]
		},
		"firstperson_righthand": {
			"rotation": [0, -1, -20],
			"translation": [3.75, 4, 0.5],
			"scale": [0.8, 0.8, 0.8]
		},
		"firstperson_lefthand": {
			"rotation": [0, -1, -20],
			"translation": [3.75, 4, 0.5],
			"scale": [0.8, 0.8, 0.8]
		},
		"ground": {
			"rotation": [0, 0, 90],
			"translation": [0, -2.75, 0],
			"scale": [0.5, 0.5, 0.5]
		},
		"gui": {
			"rotation": [-90, 45, 90],
			"translation": [-3.75, 0.25, 0]
		},
		"head": {
			"translation": [0, 11.5, -0.75]
		},
		"fixed": {
			"rotation": [-90, 45, 90],
			"translation": [-3.75, 0.25, 0]
		}
	}
}