{
	"credit": "Made with Blockbench By Astraliyte",
	"texture_size": [32, 32],
	"textures": {
		"0": "item/food/models/golden_apple",
		"particle": "item/food/models/golden_apple"
	},
	"elements": [
		{
			"from": [5.5, 9, 5.5],
			"to": [9.5, 11, 9.5],
			"rotation": {"angle": 0, "axis": "y", "origin": [0.5, 0, 0.5]},
			"faces": {
				"north": {"uv": [2, 2, 4, 3], "texture": "#0"},
				"east": {"uv": [0, 2, 2, 3], "texture": "#0"},
				"south": {"uv": [6, 2, 8, 3], "texture": "#0"},
				"west": {"uv": [4, 2, 6, 3], "texture": "#0"},
				"up": {"uv": [4, 2, 2, 0], "texture": "#0"},
				"down": {"uv": [6, 0, 4, 2], "texture": "#0"}
			}
		},
		{
			"from": [6.5, 8, 6.5],
			"to": [8.5, 9, 8.5],
			"rotation": {"angle": 0, "axis": "y", "origin": [0.5, 0, 0.5]},
			"faces": {
				"north": {"uv": [1, 5.5, 2, 6], "texture": "#0"},
				"east": {"uv": [0, 5.5, 1, 6], "texture": "#0"},
				"south": {"uv": [3, 5.5, 4, 6], "texture": "#0"},
				"west": {"uv": [2, 5.5, 3, 6], "texture": "#0"},
				"up": {"uv": [2, 5.5, 1, 4.5], "texture": "#0"},
				"down": {"uv": [3, 4.5, 2, 5.5], "texture": "#0"}
			}
		},
		{
			"from": [5.5, 11, 6.5],
			"to": [9.5, 12, 8.5],
			"rotation": {"angle": 0, "axis": "y", "origin": [0.5, 0, 0.5]},
			"faces": {
				"north": {"uv": [1, 4, 3, 4.5], "texture": "#0"},
				"east": {"uv": [0, 4, 1, 4.5], "texture": "#0"},
				"south": {"uv": [4, 4, 6, 4.5], "texture": "#0"},
				"west": {"uv": [3, 4, 4, 4.5], "texture": "#0"},
				"up": {"uv": [3, 4, 1, 3], "texture": "#0"},
				"down": {"uv": [5, 3, 3, 4], "texture": "#0"}
			}
		},
		{
			"from": [6.5, 8, 8.5],
			"to": [8.5, 9, 9.5],
			"rotation": {"angle": 0, "axis": "y", "origin": [0.5, 0, 0.5]},
			"faces": {
				"north": {"uv": [6.5, 0.5, 7.5, 1], "texture": "#0"},
				"east": {"uv": [6, 0.5, 6.5, 1], "texture": "#0"},
				"south": {"uv": [8, 0.5, 9, 1], "texture": "#0"},
				"west": {"uv": [7.5, 0.5, 8, 1], "texture": "#0"},
				"up": {"uv": [7.5, 0.5, 6.5, 0], "texture": "#0"},
				"down": {"uv": [8.5, 0, 7.5, 0.5], "texture": "#0"}
			}
		},
		{
			"from": [6.5, 11, 5.5],
			"to": [7.5, 12, 6.5],
			"rotation": {"angle": 0, "axis": "y", "origin": [0.5, 0, 0.5]},
			"faces": {
				"north": {"uv": [0.5, 6.5, 1, 7], "texture": "#0"},
				"east": {"uv": [0, 6.5, 0.5, 7], "texture": "#0"},
				"south": {"uv": [1.5, 6.5, 2, 7], "texture": "#0"},
				"west": {"uv": [1, 6.5, 1.5, 7], "texture": "#0"},
				"up": {"uv": [1, 6.5, 0.5, 6], "texture": "#0"},
				"down": {"uv": [1.5, 6, 1, 6.5], "texture": "#0"}
			}
		},
		{
			"from": [6.5, 11, 8.5],
			"to": [8.5, 12, 9.5],
			"rotation": {"angle": 0, "axis": "y", "origin": [0.5, 0, 0.5]},
			"faces": {
				"north": {"uv": [5.5, 3.5, 6.5, 4], "texture": "#0"},
				"east": {"uv": [5, 3.5, 5.5, 4], "texture": "#0"},
				"south": {"uv": [7, 3.5, 8, 4], "texture": "#0"},
				"west": {"uv": [6.5, 3.5, 7, 4], "texture": "#0"},
				"up": {"uv": [6.5, 3.5, 5.5, 3], "texture": "#0"},
				"down": {"uv": [7.5, 3, 6.5, 3.5], "texture": "#0"}
			}
		},
		{
			"from": [8.5, 8, 6.5],
			"to": [9.5, 9, 8.5],
			"rotation": {"angle": 0, "axis": "y", "origin": [0.5, 0, 0.5]},
			"faces": {
				"north": {"uv": [5, 5.5, 5.5, 6], "texture": "#0"},
				"east": {"uv": [4, 5.5, 5, 6], "texture": "#0"},
				"south": {"uv": [6.5, 5.5, 7, 6], "texture": "#0"},
				"west": {"uv": [5.5, 5.5, 6.5, 6], "texture": "#0"},
				"up": {"uv": [5.5, 5.5, 5, 4.5], "texture": "#0"},
				"down": {"uv": [6, 4.5, 5.5, 5.5], "texture": "#0"}
			}
		},
		{
			"from": [7.5, 8, 5.5],
			"to": [8.5, 9, 6.5],
			"rotation": {"angle": 0, "axis": "y", "origin": [0.5, 0, 0.5]},
			"faces": {
				"north": {"uv": [3.5, 5, 4, 5.5], "texture": "#0"},
				"east": {"uv": [3, 5, 3.5, 5.5], "texture": "#0"},
				"south": {"uv": [4.5, 5, 5, 5.5], "texture": "#0"},
				"west": {"uv": [4, 5, 4.5, 5.5], "texture": "#0"},
				"up": {"uv": [4, 5, 3.5, 4.5], "texture": "#0"},
				"down": {"uv": [4.5, 4.5, 4, 5], "texture": "#0"}
			}
		},
		{
			"from": [5.5, 8, 6.5],
			"to": [6.5, 9, 7.5],
			"rotation": {"angle": 0, "axis": "y", "origin": [0.5, 0, 0.5]},
			"faces": {
				"north": {"uv": [3.5, 6.5, 4, 7], "texture": "#0"},
				"east": {"uv": [3, 6.5, 3.5, 7], "texture": "#0"},
				"south": {"uv": [4.5, 6.5, 5, 7], "texture": "#0"},
				"west": {"uv": [4, 6.5, 4.5, 7], "texture": "#0"},
				"up": {"uv": [4, 6.5, 3.5, 6], "texture": "#0"},
				"down": {"uv": [4.5, 6, 4, 6.5], "texture": "#0"}
			}
		},
		{
			"from": [11, 7.675, 6.95],
			"to": [12, 9.675, 7.95],
			"rotation": {"angle": 22.5, "axis": "z", "origin": [0.5, 0, 0.5]},
			"faces": {
				"north": {"uv": [0.5, 0.5, 1, 1.5], "texture": "#0"},
				"east": {"uv": [0, 0.5, 0.5, 1.5], "texture": "#0"},
				"south": {"uv": [1.5, 0.5, 2, 1.5], "texture": "#0"},
				"west": {"uv": [1, 0.5, 1.5, 1.5], "texture": "#0"},
				"up": {"uv": [1, 0.5, 0.5, 0], "texture": "#0"},
				"down": {"uv": [1.5, 0, 1, 0.5], "texture": "#0"}
			}
		}
	],
	"gui_light": "front",
	"display": {
		"thirdperson_righthand": {
			"translation": [0.25, -0.5, 1.25],
			"scale": [1.1, 1.1, 1.1]
		},
		"thirdperson_lefthand": {
			"translation": [-1, -0.5, 1.25],
			"scale": [1.1, 1.1, 1.1]
		},
		"firstperson_righthand": {
			"translation": [0.75, 0.5, 1.5],
			"scale": [1.2, 1.2, 1.2]
		},
		"firstperson_lefthand": {
			"translation": [0.75, 0.5, 1.5],
			"scale": [1.2, 1.2, 1.2]
		},
		"ground": {
			"translation": [0, -3.5, 0]
		},
		"gui": {
			"rotation": [20, 45, 0],
			"translation": [1.75, -4.25, 0],
			"scale": [2, 2, 2]
		},
		"head": {
			"rotation": [0, -45, 0],
			"translation": [0, 6.5, 0.75],
			"scale": [1.4, 1.4, 1.4]
		},
		"fixed": {
			"rotation": [0, -135, 0],
			"translation": [-1.5, -4.25, -0.5],
			"scale": [2, 2, 2]
		}
	}
}